seed,steps,n,topology,num_communities,p_in,p_out,bridge_fraction,delay_steps,k,alarm_threshold,influence_weight,learning,regulator,regulator_force,enable_content,enable_noise,bridge_multiplier,name,condition,L_mean_tail,L_max,L_amp_tail,L_std_tail,M_mean_tail,M_max,M_amp_tail,M_std_tail,R_mean_tail,R_max,R_amp_tail,R_std_tail,alarm_true_mean_tail,alarm_true_max,alarm_true_amp_tail,alarm_true_std_tail,alarm_delayed_mean_tail,alarm_delayed_max,alarm_delayed_amp_tail,alarm_delayed_std_tail,avg_repression_mean_tail,avg_repression_max,avg_repression_amp_tail,avg_repression_std_tail,punished_fraction_mean_tail,punished_fraction_max,punished_fraction_amp_tail,punished_fraction_std_tail,usefulness_mean_tail,usefulness_max,usefulness_amp_tail,usefulness_std_tail,regulator_force_mean_tail,regulator_force_max,regulator_force_amp_tail,regulator_force_std_tail,bridge_radical_fraction_mean_tail,bridge_radical_fraction_max,bridge_radical_fraction_amp_tail,bridge_radical_fraction_std_tail,dangerous_radical_bridge_fraction_mean_tail,dangerous_radical_bridge_fraction_max,dangerous_radical_bridge_fraction_amp_tail,dangerous_radical_bridge_fraction_std_tail,false_positive_rate_mean_tail,false_positive_rate_max,false_positive_rate_amp_tail,false_positive_rate_std_tail,false_negative_rate_mean_tail,false_negative_rate_max,false_negative_rate_amp_tail,false_negative_rate_std_tail,false_positive_bridge_rate_mean_tail,false_positive_bridge_rate_max,false_positive_bridge_rate_amp_tail,false_positive_bridge_rate_std_tail,false_negative_bridge_rate_mean_tail,false_negative_bridge_rate_max,false_negative_bridge_rate_amp_tail,false_negative_bridge_rate_std_tail,regime_fixed,regime
1,500,240,modular,6,0.08,0.004,0.12,0,20.0,0.72,0.22,True,static,1.0,False,False,1.0,default,default,0.3377166666666667,0.8333333333333334,0.13749999999999996,0.0245151937015032,0.4142,0.5041666666666667,0.15833333333333333,0.025669350509032275,0.24808333333333332,0.3875,0.12500000000000003,0.021820129595296993,0.6736657803594199,0.8350143278851493,0.18637219928409443,0.03157155091966272,0.6738442408868434,0.8350143278851493,0.18637219928409443,0.031688869190238875,0.22463943549536486,0.681347769291795,0.47349374432711605,0.0936350604803307,0.22518333333333335,0.65,0.5375,0.10337650845332319,2.18575432452438,2.370716128961089,0.2559776827718512,0.04385294400455275,1.0,1.0,0.0,0.0,0.30857142857142855,0.5357142857142857,0.35714285714285715,0.0695319629922169,0.0,0.0,0.0,0.0,0.0,0.0,0.0,0.0,0.0,0.0,0.0,0.0,0.0,0.0,0.0,0.0,0.0,0.0,0.0,0.0,stable,oscillatory
2,500,240,modular,6,0.08,0.004,0.12,0,20.0,0.72,0.22,True,static,1.0,False,False,1.0,default,default,0.35095000000000004,0.7875,0.125,0.023342266147246476,0.3977166666666667,0.4666666666666667,0.14166666666666666,0.02415218531635503,0.25133333333333335,0.3541666666666667,0.1,0.021019831905449038,0.6612019436982748,0.7931353903153742,0.14990965984182691,0.029079787927713527,0.6613627960241701,0.7931353903153742,0.14990965984182691,0.02902501012343817,0.18433781338522487,0.5958874891924791,0.36431854830223714,0.07501761269770377,0.18348333333333336,0.6541666666666667,0.3875,0.0791766116560524,2.1604909919481767,2.338089224511075,0.22374717790110044,0.04204577389588332,1.0,1.0,0.0,0.0,0.3167142857142857,0.5357142857142857,0.4642857142857143,0.07265532271187945,0.0,0.0,0.0,0.0,0.0,0.0,0.0,0.0,0.0,0.0,0.0,0.0,0.0,0.0,0.0,0.0,0.0,0.0,0.0,0.0,stable,stable
3,500,240,modular,6,0.08,0.004,0.12,0,20.0,0.72,0.22,True,static,1.0,False,False,1.0,default,default,0.3567166666666667,0.8,0.125,0.022890688305752433,0.3894666666666666,0.4791666666666667,0.15000000000000002,0.025879399786960543,0.2538166666666667,0.3625,0.14583333333333334,0.022040423720468213,0.6540053611069586,0.7715743451004692,0.1771001479451797,0.027713937407130018,0.6542543788746064,0.7715743451004692,0.1771001479451797,0.027678284330736592,0.16516931692272943,0.5403903117006521,0.3924555385681926,0.06904196027709104,0.16533333333333333,0.5166666666666667,0.4083333333333333,0.07216127770487438,2.17170272040975,2.3240117813033434,0.2475648785292046,0.04133032359591775,1.0,1.0,0.0,0.0,0.21128571428571427,0.4642857142857143,0.3214285714285714,0.060408304605460685,0.0,0.0,0.0,0.0,0.0,0.0,0.0,0.0,0.0,0.0,0.0,0.0,0.0,0.0,0.0,0.0,0.0,0.0,0.0,0.0,stable,oscillatory
4,500,240,modular,6,0.08,0.004,0.12,0,20.0,0.72,0.22,True,static,1.0,False,False,1.0,default,default,0.3790666666666667,0.7791666666666667,0.1166666666666667,0.022375979184036717,0.3943,0.4708333333333333,0.14166666666666666,0.023324617419751555,0.22663333333333333,0.3541666666666667,0.09166666666666665,0.017727850029449894,0.6160431436575662,0.7480166264711727,0.11892910766626574,0.02499595641185931,0.6163401899372725,0.7480166264711727,0.11892910766626574,0.0251066670462659,0.08974265988250213,0.4708007381443939,0.18951937004098493,0.03922791465730775,0.09215000000000001,0.4708333333333333,0.22916666666666666,0.045694969939565316,2.128451055834508,2.2806447604471463,0.20152986521465488,0.03859561383171138,1.0,1.0,0.0,0.0,0.20785714285714282,0.42857142857142855,0.3571428571428571,0.05919959321426705,0.0,0.0,0.0,0.0,0.0,0.0,0.0,0.0,0.0,0.0,0.0,0.0,0.0,0.0,0.0,0.0,0.0,0.0,0.0,0.0,stable,stable
5,500,240,modular,6,0.08,0.004,0.12,0,20.0,0.72,0.22,True,static,1.0,False,False,1.0,default,default,0.3323833333333333,0.7666666666666667,0.12083333333333335,0.021956402508405408,0.4168333333333334,0.5,0.15000000000000002,0.024001736048322283,0.25078333333333336,0.36666666666666664,0.11249999999999999,0.02179794205373016,0.6667557595014382,0.7767582969587788,0.15738077205248568,0.027511582350872404,0.6667647627500612,0.7767582969587788,0.15738077205248568,0.027507783288900575,0.1965887929905299,0.5526811392244861,0.40252765241887845,0.07529862932404527,0.19793333333333335,0.6041666666666666,0.44166666666666665,0.07934562929921779,2.175737260119646,2.3058217965088357,0.2327283814505643,0.04007920760503755,1.0,1.0,0.0,0.0,0.28771428571428564,0.4642857142857143,0.35714285714285715,0.06566830689619038,0.0,0.0,0.0,0.0,0.0,0.0,0.0,0.0,0.0,0.0,0.0,0.0,0.0,0.0,0.0,0.0,0.0,0.0,0.0,0.0,stable,stable
6,500,240,modular,6,0.08,0.004,0.12,0,20.0,0.72,0.22,True,static,1.0,False,False,1.0,default,default,0.3495,0.7958333333333333,0.12916666666666665,0.02375570107012911,0.4032,0.48333333333333334,0.125,0.021334869736341647,0.2473,0.3416666666666667,0.12500000000000003,0.02148162005063864,0.6500454662406645,0.7267339214540447,0.18046733690724825,0.029204548537865433,0.6498755048530229,0.7267339214540447,0.18046733690724825,0.029253649517127667,0.15564069091687754,0.39068357420742195,0.36868888463970517,0.06927997669875993,0.15246666666666667,0.4041666666666667,0.375,0.07177336243729672,2.158254489487817,2.2776976343813624,0.2664092495907391,0.04414595023535437,1.0,1.0,0.0,0.0,0.2768571428571429,0.5,0.35714285714285715,0.0701537669723313,0.0,0.0,0.0,0.0,0.0,0.0,0.0,0.0,0.0,0.0,0.0,0.0,0.0,0.0,0.0,0.0,0.0,0.0,0.0,0.0,stable,oscillatory
7,500,240,modular,6,0.08,0.004,0.12,0,20.0,0.72,0.22,True,static,1.0,False,False,1.0,default,default,0.37823333333333337,0.8416666666666667,0.11249999999999999,0.023093192840219292,0.3641166666666667,0.42916666666666664,0.125,0.024197342599733735,0.25765,0.3375,0.10833333333333331,0.021275762161566753,0.6462361599544907,0.7406914663163682,0.14799727383211503,0.0285409910706992,0.6463197526338962,0.7406914663163682,0.14799727383211503,0.02857973558277235,0.15173195726927355,0.45460736710159144,0.31092092975790286,0.06364005422211924,0.15328333333333333,0.5083333333333333,0.33333333333333337,0.0679643309227552,2.1428933620736967,2.259849927786519,0.21993297251523458,0.04293131114880314,1.0,1.0,0.0,0.0,0.3157142857142857,0.6428571428571429,0.42857142857142855,0.06945854732081838,0.0,0.0,0.0,0.0,0.0,0.0,0.0,0.0,0.0,0.0,0.0,0.0,0.0,0.0,0.0,0.0,0.0,0.0,0.0,0.0,stable,stable
8,500,240,modular,6,0.08,0.004,0.12,0,20.0,0.72,0.22,True,static,1.0,False,False,1.0,default,default,0.3755833333333333,0.8,0.13333333333333336,0.023552689159980583,0.3574166666666666,0.425,0.1333333333333333,0.022756104187179705,0.267,0.3458333333333333,0.12916666666666668,0.024754909726265525,0.6552978226546582,0.7386511527962404,0.17131330548848867,0.032297709357183006,0.6554329033890138,0.7386511527962404,0.17131330548848867,0.03228911769404363,0.17439949027527038,0.44172571649880754,0.4001378041211902,0.08029733560267226,0.17168333333333333,0.4583333333333333,0.4083333333333333,0.08121242549976915,2.1100245238261484,2.2286170988452847,0.25210610736678163,0.04442111137227457,1.0,1.0,0.0,0.0,0.27928571428571436,0.5,0.39285714285714285,0.06987233255833712,0.0,0.0,0.0,0.0,0.0,0.0,0.0,0.0,0.0,0.0,0.0,0.0,0.0,0.0,0.0,0.0,0.0,0.0,0.0,0.0,stable,oscillatory
9,500,240,modular,6,0.08,0.004,0.12,0,20.0,0.72,0.22,True,static,1.0,False,False,1.0,default,default,0.34291666666666665,0.7583333333333333,0.125,0.023585688928293408,0.40066666666666667,0.49583333333333335,0.1875,0.02423782626850482,0.2564166666666666,0.35833333333333334,0.13333333333333336,0.022629411785943042,0.6594083227224108,0.7662516776320595,0.16175130053254005,0.03045148904205282,0.6592334768860088,0.7662516776320595,0.16175130053254005,0.03043690952357758,0.18123040036260984,0.5300311175164178,0.40617871903307473,0.08057930785908086,0.17995,0.5333333333333333,0.44166666666666665,0.08474642077004393,2.189266676747653,2.311106640423739,0.23414540106192483,0.04499513880009214,1.0,1.0,0.0,0.0,0.32742857142857146,0.5714285714285714,0.3214285714285714,0.0641643298452481,0.0,0.0,0.0,0.0,0.0,0.0,0.0,0.0,0.0,0.0,0.0,0.0,0.0,0.0,0.0,0.0,0.0,0.0,0.0,0.0,stable,oscillatory
10,500,240,modular,6,0.08,0.004,0.12,0,20.0,0.72,0.22,True,static,1.0,False,False,1.0,default,default,0.3828666666666667,0.7875,0.13333333333333336,0.022234332811117936,0.3647833333333333,0.42916666666666664,0.13749999999999996,0.022918824140867263,0.25234999999999996,0.3625,0.10416666666666669,0.019592154041860738,0.6469818345236431,0.815522468549318,0.153086101761453,0.026378052857993852,0.6468154146453817,0.815522468549318,0.153086101761453,0.02635860821829459,0.15045410073795096,0.654038766763373,0.33903541452207864,0.061985512440481845,0.15289999999999998,0.7041666666666667,0.3458333333333333,0.0652340316774066,2.1271725227961538,2.343472810830723,0.22579462610878664,0.04018106318671066,1.0,1.0,0.0,0.0,0.3178571428571429,0.5357142857142857,0.32142857142857145,0.06071428571428572,0.0,0.0,0.0,0.0,0.0,0.0,0.0,0.0,0.0,0.0,0.0,0.0,0.0,0.0,0.0,0.0,0.0,0.0,0.0,0.0,stable,stable
11,500,240,modular,6,0.08,0.004,0.12,0,20.0,0.72,0.22,True,static,1.0,False,False,1.0,default,default,0.3552,0.8166666666666667,0.14583333333333331,0.023796918568027528,0.38939999999999997,0.4666666666666667,0.1333333333333333,0.025124711164730057,0.25539999999999996,0.3541666666666667,0.13333333333333333,0.02346702177761616,0.6532291511618126,0.7784575645813919,0.1701233403311182,0.030473786407757098,0.653185835882904,0.7784575645813919,0.1701233403311182,0.030445206951875713,0.16559515289866408,0.563090314934962,0.3931968585014082,0.07473586825845235,0.1643166666666667,0.5791666666666667,0.42083333333333334,0.08014114111990171,2.160250666680842,2.306508943047645,0.248334977808903,0.04474454379808385,1.0,1.0,0.0,0.0,0.23185714285714284,0.42857142857142855,0.3571428571428571,0.06310357537009924,0.0,0.0,0.0,0.0,0.0,0.0,0.0,0.0,0.0,0.0,0.0,0.0,0.0,0.0,0.0,0.0,0.0,0.0,0.0,0.0,stable,oscillatory
12,500,240,modular,6,0.08,0.004,0.12,0,20.0,0.72,0.22,True,static,1.0,False,False,1.0,default,default,0.3402,0.7708333333333334,0.1333333333333333,0.025422846243312553,0.40464999999999995,0.475,0.12916666666666665,0.024255062472720114,0.25515000000000004,0.3541666666666667,0.13749999999999998,0.021687611671182237,0.6704559095574182,0.7955409454417819,0.17020015314897274,0.03131777084021495,0.670430287048982,0.7955409454417819,0.17020015314897274,0.03134656279253394,0.21292480101188113,0.6089473258788047,0.44354188452438725,0.09027886495474455,0.21316666666666667,0.6041666666666666,0.4708333333333334,0.09586868913026586,2.163545065258411,2.3332627275577367,0.23557652557594766,0.04500714764999073,1.0,1.0,0.0,0.0,0.2911428571428571,0.5,0.4285714285714286,0.06445311537569501,0.0,0.0,0.0,0.0,0.0,0.0,0.0,0.0,0.0,0.0,0.0,0.0,0.0,0.0,0.0,0.0,0.0,0.0,0.0,0.0,stable,oscillatory
13,500,240,modular,6,0.08,0.004,0.12,0,20.0,0.72,0.22,True,static,1.0,False,False,1.0,default,default,0.3547166666666666,0.8291666666666667,0.1333333333333333,0.023547593649174997,0.38730000000000003,0.4708333333333333,0.14583333333333331,0.023960940437859835,0.25798333333333334,0.3375,0.1416666666666667,0.022793206834006003,0.6640533142571312,0.7572439581392909,0.18237804836124138,0.03016121632589505,0.6642046419377994,0.7572439581392909,0.18237804836124138,0.030101848511799128,0.19548058257347628,0.5056184785674526,0.46682724679727866,0.08201624197808141,0.19526666666666664,0.575,0.5458333333333333,0.08699112981601438,2.1916036252018376,2.3264283704214743,0.2677151395222821,0.04440150663414325,1.0,1.0,0.0,0.0,0.29128571428571426,0.5357142857142857,0.39285714285714285,0.06928630338482993,0.0,0.0,0.0,0.0,0.0,0.0,0.0,0.0,0.0,0.0,0.0,0.0,0.0,0.0,0.0,0.0,0.0,0.0,0.0,0.0,stable,oscillatory
14,500,240,modular,6,0.08,0.004,0.12,0,20.0,0.72,0.22,True,static,1.0,False,False,1.0,default,default,0.33229999999999993,0.7708333333333334,0.22500000000000003,0.02597624983625534,0.39261666666666667,0.4666666666666667,0.14583333333333331,0.024759964324153082,0.27508333333333335,0.37083333333333335,0.19166666666666665,0.02453299931837841,0.6827787659040805,0.7910707297724838,0.297093276485821,0.032599671539343074,0.6826504081643152,0.7910707297724838,0.297093276485821,0.032384875286194784,0.24713422500584709,0.5932909783414416,0.5031857540999193,0.08789812282827492,0.24885000000000002,0.575,0.525,0.09264251633744268,2.185669651805999,2.30843226506241,0.43095980570971926,0.04882804897054314,1.0,1.0,0.0,0.0,0.31885714285714284,0.5714285714285714,0.42857142857142855,0.06816486616719669,0.0,0.0,0.0,0.0,0.0,0.0,0.0,0.0,0.0,0.0,0.0,0.0,0.0,0.0,0.0,0.0,0.0,0.0,0.0,0.0,oscillatory,oscillatory
15,500,240,modular,6,0.08,0.004,0.12,0,20.0,0.72,0.22,True,static,1.0,False,False,1.0,default,default,0.3528166666666667,0.7791666666666667,0.15000000000000002,0.026667651023498697,0.38880000000000003,0.45416666666666666,0.12916666666666665,0.027428776454260183,0.2583833333333333,0.4041666666666667,0.12916666666666668,0.021706636210052345,0.658084067935029,0.8505958521323673,0.16148882371462003,0.02933719988881219,0.6581909722725646,0.8505958521323673,0.16148882371462003,0.02945720428672353,0.17710107307732956,0.686825560911922,0.3907917441751692,0.0770367308370892,0.1782166666666667,0.7333333333333333,0.45,0.08292567120285758,2.1853232267673577,2.396806703455779,0.24060486503965794,0.04651318229738119,1.0,1.0,0.0,0.0,0.2911428571428571,0.5,0.35714285714285715,0.06948146133601218,0.0,0.0,0.0,0.0,0.0,0.0,0.0,0.0,0.0,0.0,0.0,0.0,0.0,0.0,0.0,0.0,0.0,0.0,0.0,0.0,stable,runaway
16,500,240,modular,6,0.08,0.004,0.12,0,20.0,0.72,0.22,True,static,1.0,False,False,1.0,default,default,0.37445000000000006,0.7875,0.14166666666666666,0.025433251419702076,0.3523666666666666,0.44166666666666665,0.14583333333333331,0.024516638341248082,0.27318333333333333,0.4083333333333333,0.11250000000000002,0.02213198414562558,0.6689193966971254,0.8465921628026379,0.1482435928588537,0.03160338531784153,0.6689556483255816,0.8465921628026379,0.1482435928588537,0.03159333760303706,0.21066824901329886,0.6933523455030818,0.39500196961496437,0.08921402151025358,0.21080000000000002,0.6583333333333333,0.46249999999999997,0.08980162705776674,2.188918455642731,2.422682421350523,0.24697629301713375,0.047338423692913766,1.0,1.0,0.0,0.0,0.303,0.5357142857142857,0.42857142857142855,0.07383226992062925,0.0,0.0,0.0,0.0,0.0,0.0,0.0,0.0,0.0,0.0,0.0,0.0,0.0,0.0,0.0,0.0,0.0,0.0,0.0,0.0,stable,runaway
17,500,240,modular,6,0.08,0.004,0.12,0,20.0,0.72,0.22,True,static,1.0,False,False,1.0,default,default,0.36895000000000006,0.8166666666666667,0.13333333333333336,0.021052058490006787,0.38905,0.4791666666666667,0.11249999999999999,0.020840672040774288,0.242,0.35,0.11666666666666667,0.019965943225625202,0.6252941626471766,0.7352752783507338,0.17215862370492752,0.02726950416497522,0.6254473477197641,0.7352752783507338,0.17215862370492752,0.027315423487032482,0.10334965417168686,0.4152212122024804,0.3261310587335087,0.04991398203765302,0.10433333333333335,0.4375,0.32916666666666666,0.05361747227661271,2.1677403147767444,2.314742264971753,0.257708954933594,0.04068833515513868,1.0,1.0,0.0,0.0,0.36171428571428565,0.6428571428571429,0.5,0.07255905406309134,0.0,0.0,0.0,0.0,0.0,0.0,0.0,0.0,0.0,0.0,0.0,0.0,0.0,0.0,0.0,0.0,0.0,0.0,0.0,0.0,stable,stable
18,500,240,modular,6,0.08,0.004,0.12,0,20.0,0.72,0.22,True,static,1.0,False,False,1.0,default,default,0.3851,0.875,0.10833333333333334,0.019928789894689207,0.3716333333333333,0.4375,0.11666666666666664,0.020181096765702965,0.24326666666666666,0.39166666666666666,0.12500000000000003,0.01994286282803394,0.6364787772487173,0.8196644571767255,0.16566834674275288,0.02698260160875422,0.6366744676741487,0.8196644571767255,0.16566834674275288,0.026862876751003427,0.1283238213520081,0.6587769909603833,0.4032395367972743,0.057182266245949076,0.12796666666666667,0.675,0.41250000000000003,0.0597839071620077,2.1221971180710915,2.3213388015774683,0.20840781010627163,0.037554111849490215,1.0,1.0,0.0,0.0,0.2818571428571428,0.5357142857142857,0.35714285714285715,0.06507781840980528,0.0,0.0,0.0,0.0,0.0,0.0,0.0,0.0,0.0,0.0,0.0,0.0,0.0,0.0,0.0,0.0,0.0,0.0,0.0,0.0,stable,oscillatory
19,500,240,modular,6,0.08,0.004,0.12,0,20.0,0.72,0.22,True,static,1.0,False,False,1.0,default,default,0.3719166666666666,0.8166666666666667,0.14583333333333331,0.023187191147988003,0.3725,0.4375,0.14166666666666666,0.024315632831575656,0.25558333333333333,0.38333333333333336,0.11249999999999999,0.021647587753732645,0.6457495496216232,0.7862036919566096,0.16677727058860436,0.028258427629986784,0.6457938903632869,0.7862036919566096,0.16677727058860436,0.028217194328327512,0.1463326081550031,0.5808352972072601,0.3502806151322292,0.06202888414618349,0.14606666666666665,0.5583333333333333,0.3416666666666666,0.06372533073886535,2.1731212354186877,2.3243036569134947,0.2514322147980197,0.04221075828812055,1.0,1.0,0.0,0.0,0.37685714285714284,0.6071428571428571,0.4285714285714285,0.07184961619200743,0.0,0.0,0.0,0.0,0.0,0.0,0.0,0.0,0.0,0.0,0.0,0.0,0.0,0.0,0.0,0.0,0.0,0.0,0.0,0.0,stable,stable
20,500,240,modular,6,0.08,0.004,0.12,0,20.0,0.72,0.22,True,static,1.0,False,False,1.0,default,default,0.3656333333333333,0.7833333333333333,0.14583333333333337,0.02721904970175606,0.37026666666666663,0.44583333333333336,0.14166666666666672,0.024657903848912668,0.26409999999999995,0.4583333333333333,0.13749999999999998,0.026094294821324877,0.6603963727430601,0.8855635714287019,0.2120891499502312,0.03674684778815515,0.6602325024436332,0.8855635714287019,0.2120891499502312,0.036468071103606566,0.18962371813515347,0.7194441861011162,0.4787804829061412,0.0979271460864829,0.19093333333333332,0.7291666666666666,0.5,0.10287609051669878,2.134050912861582,2.3973638279831317,0.29183356338377187,0.05142702879055569,1.0,1.0,0.0,0.0,0.26042857142857145,0.5,0.39285714285714285,0.0625024081168731,0.0,0.0,0.0,0.0,0.0,0.0,0.0,0.0,0.0,0.0,0.0,0.0,0.0,0.0,0.0,0.0,0.0,0.0,0.0,0.0,runaway,runaway
21,500,240,modular,6,0.08,0.004,0.12,0,20.0,0.72,0.22,True,static,1.0,False,False,1.0,default,default,0.3484333333333334,0.7958333333333333,0.15416666666666667,0.022398933506357445,0.4211833333333333,0.5041666666666667,0.16249999999999998,0.025247711667484726,0.23038333333333333,0.3333333333333333,0.11250000000000002,0.021460046857150875,0.6530847332202864,0.7484162938303114,0.1479602220296069,0.0273844521845103,0.6529837866254802,0.7484162938303114,0.1479602220296069,0.02748543635201337,0.16401570251205516,0.47379139965461775,0.364346023160532,0.06974988982555386,0.16621666666666668,0.49583333333333335,0.35833333333333334,0.07458593291558997,2.1692292097216157,2.314237876430658,0.23583376064687434,0.039498491276608434,1.0,1.0,0.0,0.0,0.24985714285714286,0.4642857142857143,0.3928571428571429,0.06328571428571428,0.0,0.0,0.0,0.0,0.0,0.0,0.0,0.0,0.0,0.0,0.0,0.0,0.0,0.0,0.0,0.0,0.0,0.0,0.0,0.0,stable,stable
22,500,240,modular,6,0.08,0.004,0.12,0,20.0,0.72,0.22,True,static,1.0,False,False,1.0,default,default,0.32766666666666666,0.7583333333333333,0.125,0.022915302989729616,0.4328166666666667,0.5125,0.13749999999999996,0.025540213389868144,0.23951666666666668,0.3458333333333333,0.1166666666666667,0.021922267978777502,0.6618127371043097,0.7530856180554696,0.16202848962248706,0.02803165708858264,0.6619842437858547,0.7530856180554696,0.16202848962248706,0.028094942581082423,0.18400293502716197,0.48097426747156086,0.3900809475445166,0.07433547734033776,0.18316666666666664,0.49583333333333335,0.36250000000000004,0.0747744757402031,2.193196152144103,2.3168658461933216,0.23176835825148645,0.04099886995091998,1.0,1.0,0.0,0.0,0.2234285714285714,0.39285714285714285,0.3214285714285714,0.06176056465851633,0.0,0.0,0.0,0.0,0.0,0.0,0.0,0.0,0.0,0.0,0.0,0.0,0.0,0.0,0.0,0.0,0.0,0.0,0.0,0.0,stable,stable
23,500,240,modular,6,0.08,0.004,0.12,0,20.0,0.72,0.22,True,static,1.0,False,False,1.0,default,default,0.35290000000000005,0.8333333333333334,0.1333333333333333,0.024334041085597672,0.3828,0.4625,0.14583333333333337,0.02491918047519933,0.26430000000000003,0.3458333333333333,0.11250000000000002,0.022116082634840897,0.6600270455376365,0.7701943619618875,0.15337463201400425,0.029827790766424517,0.6599571540794693,0.7701943619618875,0.15337463201400425,0.029838695942291382,0.17973442783560045,0.5328201816711885,0.3777494364868428,0.0779706993475258,0.18198333333333336,0.5,0.42500000000000004,0.07856117397006969,2.201656285638349,2.3474303771753844,0.2255276681777194,0.04472872419405529,1.0,1.0,0.0,0.0,0.36642857142857144,0.6428571428571429,0.4285714285714286,0.06991613051451323,0.0,0.0,0.0,0.0,0.0,0.0,0.0,0.0,0.0,0.0,0.0,0.0,0.0,0.0,0.0,0.0,0.0,0.0,0.0,0.0,stable,stable
24,500,240,modular,6,0.08,0.004,0.12,0,20.0,0.72,0.22,True,static,1.0,False,False,1.0,default,default,0.37310000000000004,0.8166666666666667,0.12083333333333329,0.022855244960888563,0.40454999999999997,0.475,0.12916666666666665,0.023709591355023863,0.22235,0.32083333333333336,0.11666666666666667,0.02156365898656554,0.6337737953927606,0.7496989555077316,0.1585911142325317,0.02963666570201011,0.6337078351305244,0.7496989555077316,0.1585911142325317,0.029673771217768985,0.12613882291098721,0.48862108139581095,0.31843379417886647,0.06333459066568732,0.12708333333333333,0.4625,0.31666666666666665,0.06585679961519202,2.1302222212276716,2.258784597527603,0.24620932649675886,0.04190812897333128,1.0,1.0,0.0,0.0,0.195,0.4642857142857143,0.4642857142857143,0.067540615142872,0.0,0.0,0.0,0.0,0.0,0.0,0.0,0.0,0.0,0.0,0.0,0.0,0.0,0.0,0.0,0.0,0.0,0.0,0.0,0.0,stable,stable
25,500,240,modular,6,0.08,0.004,0.12,0,20.0,0.72,0.22,True,static,1.0,False,False,1.0,default,default,0.35385,0.775,0.1375,0.022854546107454812,0.4213166666666667,0.4791666666666667,0.12083333333333335,0.024257925394485912,0.22483333333333333,0.37916666666666665,0.10416666666666669,0.02071901971083038,0.6459900522299736,0.804210253584537,0.1447315886120607,0.027820931453718684,0.6460435276168767,0.804210253584537,0.1447315886120607,0.027840283596376303,0.14900346792870048,0.6300364942977307,0.3408667880929396,0.06714189258184286,0.15113333333333331,0.6166666666666667,0.3625,0.07289523685094627,2.1457311411945916,2.353155549220388,0.24043233410876397,0.040665521576658106,1.0,1.0,0.0,0.0,0.24942857142857142,0.4642857142857143,0.35714285714285715,0.052969764190218434,0.0,0.0,0.0,0.0,0.0,0.0,0.0,0.0,0.0,0.0,0.0,0.0,0.0,0.0,0.0,0.0,0.0,0.0,0.0,0.0,stable,stable
26,500,240,modular,6,0.08,0.004,0.12,0,20.0,0.72,0.22,True,static,1.0,False,False,1.0,default,default,0.3482833333333333,0.8375,0.1375,0.025501312602382736,0.4109666666666667,0.4791666666666667,0.14583333333333337,0.024709624755458258,0.24075,0.35833333333333334,0.12083333333333332,0.020804813812619852,0.6591665027383291,0.7909744747073079,0.16383320674856816,0.030550464116372095,0.6592837789802718,0.7909744747073079,0.16383320674856816,0.030672558161195452,0.1826483266026697,0.5995196296229677,0.40735951015846494,0.08084426018779468,0.18223333333333333,0.6083333333333333,0.42083333333333334,0.08464163672015484,2.146961769692295,2.299976591009638,0.2187455465419288,0.04450051439796515,1.0,1.0,0.0,0.0,0.351,0.5714285714285714,0.42857142857142855,0.07718266168840072,0.0,0.0,0.0,0.0,0.0,0.0,0.0,0.0,0.0,0.0,0.0,0.0,0.0,0.0,0.0,0.0,0.0,0.0,0.0,0.0,stable,oscillatory
27,500,240,modular,6,0.08,0.004,0.12,0,20.0,0.72,0.22,True,static,1.0,False,False,1.0,default,default,0.36064999999999997,0.7833333333333333,0.1166666666666667,0.021809968414058332,0.3933333333333333,0.45416666666666666,0.12083333333333335,0.024675674031095662,0.24601666666666666,0.3625,0.11666666666666667,0.021590436411625506,0.6540173578220133,0.7915215368068197,0.16392763463508975,0.027062143579129123,0.6538650755524802,0.7915215368068197,0.16392763463508975,0.02699840099571096,0.16600545345212134,0.5993945375199138,0.41577954934858474,0.06632760853134535,0.16611666666666666,0.55,0.35833333333333334,0.07072768788341191,2.156075385142492,2.3236774569588294,0.24705047495247,0.03943948017027036,1.0,1.0,0.0,0.0,0.294,0.5,0.35714285714285715,0.06390937461175243,0.0,0.0,0.0,0.0,0.0,0.0,0.0,0.0,0.0,0.0,0.0,0.0,0.0,0.0,0.0,0.0,0.0,0.0,0.0,0.0,stable,stable
28,500,240,modular,6,0.08,0.004,0.12,0,20.0,0.72,0.22,True,static,1.0,False,False,1.0,default,default,0.37185,0.825,0.12083333333333335,0.020916693227074772,0.38295000000000007,0.44166666666666665,0.11249999999999999,0.021897621636454798,0.2452,0.3416666666666667,0.10833333333333331,0.01875689502852514,0.6377565364263214,0.7280522514945243,0.14248211256771037,0.025531052282945076,0.6379195140177619,0.7280522514945243,0.14248211256771037,0.025575017230245602,0.127592241450775,0.3965456090508847,0.29451200202759764,0.05327777294888062,0.12990000000000002,0.4,0.325,0.058599544935661975,2.147236949674788,2.272446945185892,0.2126847593818053,0.037436889766289116,1.0,1.0,0.0,0.0,0.24228571428571427,0.42857142857142855,0.39285714285714285,0.05839415682258293,0.0,0.0,0.0,0.0,0.0,0.0,0.0,0.0,0.0,0.0,0.0,0.0,0.0,0.0,0.0,0.0,0.0,0.0,0.0,0.0,stable,stable
29,500,240,modular,6,0.08,0.004,0.12,0,20.0,0.72,0.22,True,static,1.0,False,False,1.0,default,default,0.3805333333333333,0.7958333333333333,0.1375,0.02227215501223195,0.3858166666666667,0.44583333333333336,0.1166666666666667,0.022095430648791516,0.23365,0.31666666666666665,0.12083333333333332,0.021472779926636834,0.6443611976969933,0.74481594763944,0.1872645628495787,0.028700742873059414,0.6444233479497238,0.74481594763944,0.1872645628495787,0.028750660829909635,0.14702106910611878,0.46784419561264623,0.4397222123943899,0.06785290224527894,0.1481,0.5416666666666666,0.5208333333333333,0.07485171266503451,2.1067434115109376,2.2736739039711527,0.2681694575856377,0.041662618656681194,1.0,1.0,0.0,0.0,0.2504285714285714,0.4642857142857143,0.3928571428571429,0.06620022196152445,0.0,0.0,0.0,0.0,0.0,0.0,0.0,0.0,0.0,0.0,0.0,0.0,0.0,0.0,0.0,0.0,0.0,0.0,0.0,0.0,stable,oscillatory
30,500,240,modular,6,0.08,0.004,0.12,0,20.0,0.72,0.22,True,static,1.0,False,False,1.0,default,default,0.3566833333333333,0.8208333333333333,0.1375,0.022979151178598587,0.4030333333333333,0.4666666666666667,0.10416666666666669,0.021987218509347147,0.24028333333333335,0.35,0.10416666666666669,0.020536965317311234,0.656254324432032,0.7834935305590751,0.16495421832134483,0.029849961526472603,0.6562392047779141,0.7834935305590751,0.16495421832134483,0.029852806418734747,0.17360779642519547,0.5792093225290944,0.42108475906472853,0.07768533915507093,0.17248333333333335,0.5791666666666667,0.4291666666666667,0.0805914749420392,2.1561599965426512,2.330393377949471,0.2512713912632165,0.04260296199478635,1.0,1.0,0.0,0.0,0.256,0.4642857142857143,0.35714285714285715,0.06817384740050804,0.0,0.0,0.0,0.0,0.0,0.0,0.0,0.0,0.0,0.0,0.0,0.0,0.0,0.0,0.0,0.0,0.0,0.0,0.0,0.0,stable,stable
31,500,240,modular,6,0.08,0.004,0.12,0,20.0,0.72,0.22,True,static,1.0,False,False,1.0,default,default,0.3616166666666667,0.7791666666666667,0.14166666666666666,0.024238061207759815,0.39,0.49166666666666664,0.15416666666666667,0.024930458836085984,0.24838333333333332,0.4041666666666667,0.17916666666666667,0.024012965247965524,0.6637284749985247,0.8742284777580258,0.21138249952553667,0.03216059768060035,0.6639368163541239,0.8742284777580258,0.21138249952553667,0.0321765418401872,0.19827473927109684,0.7208558341013592,0.4754705060294306,0.0888414102345747,0.19636666666666666,0.7166666666666667,0.4708333333333333,0.09021498397346935,2.1421848775050747,2.3978846632997213,0.22955615045513067,0.04475721302953879,1.0,1.0,0.0,0.0,0.30528571428571427,0.5357142857142857,0.32142857142857145,0.06600572022212027,0.0,0.0,0.0,0.0,0.0,0.0,0.0,0.0,0.0,0.0,0.0,0.0,0.0,0.0,0.0,0.0,0.0,0.0,0.0,0.0,oscillatory,runaway
32,500,240,modular,6,0.08,0.004,0.12,0,20.0,0.72,0.22,True,static,1.0,False,False,1.0,default,default,0.36014999999999997,0.8125,0.1166666666666667,0.02285138580772145,0.3861,0.44583333333333336,0.12083333333333335,0.022699388146428582,0.25375,0.3416666666666667,0.11666666666666667,0.019993922687768013,0.6469142893455502,0.7497973136398318,0.1640265285634247,0.027738248502915397,0.6467746813771101,0.7497973136398318,0.1640265285634247,0.0276231418776155,0.14789820394901165,0.4735972171849411,0.41392833502175197,0.06627202953639114,0.14914999999999998,0.4791666666666667,0.425,0.07169795634775404,2.180628200334337,2.3280048600984236,0.22359622956495873,0.0418455522786699,1.0,1.0,0.0,0.0,0.34128571428571425,0.6785714285714286,0.46428571428571425,0.0678276627692175,0.0,0.0,0.0,0.0,0.0,0.0,0.0,0.0,0.0,0.0,0.0,0.0,0.0,0.0,0.0,0.0,0.0,0.0,0.0,0.0,stable,stable
33,500,240,modular,6,0.08,0.004,0.12,0,20.0,0.72,0.22,True,static,1.0,False,False,1.0,default,default,0.3667333333333333,0.8333333333333334,0.16666666666666663,0.024551442591695775,0.37401666666666666,0.45416666666666666,0.14583333333333331,0.024050115499838157,0.25925,0.35833333333333334,0.15,0.024413822359930084,0.6586210187558988,0.8302018949071646,0.20225315070397165,0.03246858115111008,0.6587045811482678,0.8302018949071646,0.20225315070397165,0.03250551212896228,0.18140591180466797,0.6677350059937266,0.4942212824970111,0.08506127248692327,0.18156666666666665,0.6833333333333333,0.525,0.09314305604224553,2.1561152540140522,2.3745661387712915,0.29319737030042514,0.0468748614216556,1.0,1.0,0.0,0.0,0.2814285714285715,0.5,0.39285714285714285,0.06686874136267686,0.0,0.0,0.0,0.0,0.0,0.0,0.0,0.0,0.0,0.0,0.0,0.0,0.0,0.0,0.0,0.0,0.0,0.0,0.0,0.0,stable,oscillatory
34,500,240,modular,6,0.08,0.004,0.12,0,20.0,0.72,0.22,True,static,1.0,False,False,1.0,default,default,0.37456666666666666,0.8416666666666667,0.125,0.021659126893247057,0.37468333333333337,0.44583333333333336,0.13333333333333336,0.02424062820051402,0.25075,0.3458333333333333,0.12500000000000003,0.024402441817708873,0.6484827280662117,0.7586060590504515,0.14885159082096067,0.02890416293874166,0.6486048829230531,0.7586060590504515,0.14885159082096067,0.02902576280172295,0.15453543961265057,0.5068908321690755,0.33012572508316995,0.06878344599429938,0.15391666666666667,0.5166666666666667,0.33333333333333337,0.07260246590547428,2.144077014117215,2.3053597289692243,0.2111460038214159,0.04112926277838375,1.0,1.0,0.0,0.0,0.2437142857142857,0.4642857142857143,0.3928571428571429,0.0670917738806255,0.0,0.0,0.0,0.0,0.0,0.0,0.0,0.0,0.0,0.0,0.0,0.0,0.0,0.0,0.0,0.0,0.0,0.0,0.0,0.0,stable,oscillatory
35,500,240,modular,6,0.08,0.004,0.12,0,20.0,0.72,0.22,True,static,1.0,False,False,1.0,default,default,0.35316666666666663,0.8125,0.14166666666666666,0.023204405711942815,0.3808666666666667,0.44583333333333336,0.12083333333333329,0.024855672279068302,0.26596666666666663,0.35833333333333334,0.09999999999999998,0.020321964034566695,0.649799793819138,0.7457261412846751,0.16592160501234676,0.026506269785992565,0.6497690036681703,0.7457261412846751,0.16592160501234676,0.02648380148562276,0.1502614999452195,0.4486960712955925,0.4077503990946675,0.061489721462306135,0.15159999999999998,0.4666666666666667,0.4375,0.06396783914159086,2.1812292876620214,2.3295939277342614,0.2545758076420843,0.040793512118283054,1.0,1.0,0.0,0.0,0.3245714285714286,0.5357142857142857,0.35714285714285715,0.06829049594734757,0.0,0.0,0.0,0.0,0.0,0.0,0.0,0.0,0.0,0.0,0.0,0.0,0.0,0.0,0.0,0.0,0.0,0.0,0.0,0.0,stable,stable
36,500,240,modular,6,0.08,0.004,0.12,0,20.0,0.72,0.22,True,static,1.0,False,False,1.0,default,default,0.36410000000000003,0.75,0.14583333333333331,0.02354242034191802,0.37396666666666667,0.44166666666666665,0.12916666666666665,0.023541665191740366,0.2619333333333333,0.3541666666666667,0.11666666666666667,0.021716890507928,0.6447954080301345,0.7484476700355391,0.14275374583491185,0.028217344091433456,0.6447484561565373,0.7484476700355391,0.14275374583491185,0.02822665697295311,0.14214575127419027,0.46329247285862246,0.2971815794815597,0.06276416074589698,0.14163333333333333,0.4625,0.3458333333333333,0.06395744244764986,2.135521722258991,2.2591004852637955,0.24049886082681082,0.04269236777425883,1.0,1.0,0.0,0.0,0.27885714285714286,0.5,0.39285714285714285,0.06726372100371274,0.0,0.0,0.0,0.0,0.0,0.0,0.0,0.0,0.0,0.0,0.0,0.0,0.0,0.0,0.0,0.0,0.0,0.0,0.0,0.0,stable,stable
37,500,240,modular,6,0.08,0.004,0.12,0,20.0,0.72,0.22,True,static,1.0,False,False,1.0,default,default,0.36133333333333334,0.7833333333333333,0.15000000000000002,0.024359004723327905,0.39154999999999995,0.4583333333333333,0.14583333333333331,0.023852562173113025,0.24711666666666668,0.3125,0.125,0.02225996031742495,0.6522797514149157,0.7419081931718519,0.17197075534972694,0.029654115700786753,0.652319852729803,0.7419081931718519,0.17197075534972694,0.029644922754317803,0.1634125654422449,0.4500363641444622,0.41496365742987457,0.07437713234886226,0.16303333333333336,0.475,0.4375,0.07656601363819618,2.1285782539855287,2.266725225624584,0.27851325350025236,0.0442599201118466,1.0,1.0,0.0,0.0,0.1984285714285714,0.39285714285714285,0.3214285714285714,0.0605129434627883,0.0,0.0,0.0,0.0,0.0,0.0,0.0,0.0,0.0,0.0,0.0,0.0,0.0,0.0,0.0,0.0,0.0,0.0,0.0,0.0,stable,oscillatory
38,500,240,modular,6,0.08,0.004,0.12,0,20.0,0.72,0.22,True,static,1.0,False,False,1.0,default,default,0.37015,0.8208333333333333,0.14166666666666666,0.02560690553563845,0.35786666666666667,0.42916666666666664,0.14166666666666666,0.02353021697968617,0.27198333333333335,0.375,0.11249999999999999,0.02042594347066168,0.6594852586331642,0.806964465061173,0.17322666089748762,0.03050362506965336,0.659366977430926,0.806964465061173,0.17322666089748762,0.0304526514641916,0.18164600942306192,0.6293436374272321,0.41954829800817134,0.07848464346848034,0.18248333333333336,0.6125,0.4458333333333333,0.08315004676954656,2.1526783856672975,2.33170442612013,0.2556135536263331,0.04645454915489499,1.0,1.0,0.0,0.0,0.2808571428571429,0.4642857142857143,0.35714285714285715,0.0678148740532425,0.0,0.0,0.0,0.0,0.0,0.0,0.0,0.0,0.0,0.0,0.0,0.0,0.0,0.0,0.0,0.0,0.0,0.0,0.0,0.0,stable,stable
39,500,240,modular,6,0.08,0.004,0.12,0,20.0,0.72,0.22,True,static,1.0,False,False,1.0,default,default,0.35281666666666667,0.7916666666666666,0.12083333333333335,0.02565361681236304,0.38025,0.45,0.13333333333333336,0.025622933521012425,0.2669333333333333,0.4041666666666667,0.10833333333333331,0.021632948121891395,0.6608885443505766,0.8192540076349812,0.14313045387074208,0.02872263804779596,0.6607199624420969,0.8192540076349812,0.14313045387074208,0.028860316213989497,0.18239962904699078,0.6445415330473544,0.35319618713578016,0.07451119108362642,0.1821,0.6875,0.37083333333333335,0.07926752172232963,2.155386566038093,2.3603178725285425,0.20940007911162262,0.04465839390807751,1.0,1.0,0.0,0.0,0.37214285714285716,0.5714285714285714,0.3928571428571428,0.06891654225161306,0.0,0.0,0.0,0.0,0.0,0.0,0.0,0.0,0.0,0.0,0.0,0.0,0.0,0.0,0.0,0.0,0.0,0.0,0.0,0.0,stable,runaway
40,500,240,modular,6,0.08,0.004,0.12,0,20.0,0.72,0.22,True,static,1.0,False,False,1.0,default,default,0.34135000000000004,0.7708333333333334,0.15416666666666667,0.023739845782518847,0.4181,0.5,0.15833333333333333,0.026437053122044026,0.24055,0.38333333333333336,0.12500000000000003,0.02172275432710032,0.6699172070201884,0.85048300945755,0.16201670037733862,0.028358912949424404,0.6700769726773206,0.85048300945755,0.16201670037733862,0.02835202190322768,0.2106909989059593,0.6949262074668573,0.4102632303380031,0.08213715832597275,0.21021666666666664,0.7,0.4625,0.08517544149186039,2.186477791481567,2.4263308321330737,0.23756406113044104,0.041268258164222076,1.0,1.0,0.0,0.0,0.2957142857142857,0.5,0.32142857142857145,0.062040145001738475,0.0,0.0,0.0,0.0,0.0,0.0,0.0,0.0,0.0,0.0,0.0,0.0,0.0,0.0,0.0,0.0,0.0,0.0,0.0,0.0,stable,oscillatory
41,500,240,modular,6,0.08,0.004,0.12,0,20.0,0.72,0.22,True,static,1.0,False,False,1.0,default,default,0.38695,0.7875,0.15416666666666667,0.024135963254492708,0.34901666666666664,0.44166666666666665,0.17083333333333334,0.024887351763049792,0.2640333333333333,0.3625,0.13749999999999998,0.0225187329424489,0.6332574785996349,0.7443238971377982,0.17805593521276253,0.02980237210888609,0.6332063320187814,0.7443238971377982,0.17805593521276253,0.02981653788557341,0.12018315053051398,0.45114443411583693,0.36677869896250265,0.059014997689468926,0.11961666666666668,0.49583333333333335,0.375,0.06148152613229079,2.129278428164483,2.2958867537304077,0.28646473777977466,0.043306034445487265,1.0,1.0,0.0,0.0,0.26771428571428574,0.4642857142857143,0.35714285714285715,0.06366750364517336,0.0,0.0,0.0,0.0,0.0,0.0,0.0,0.0,0.0,0.0,0.0,0.0,0.0,0.0,0.0,0.0,0.0,0.0,0.0,0.0,stable,oscillatory
42,500,240,modular,6,0.08,0.004,0.12,0,20.0,0.72,0.22,True,static,1.0,False,False,1.0,default,default,0.33793333333333336,0.7958333333333333,0.16249999999999998,0.026083860484555917,0.3870166666666667,0.5,0.20833333333333331,0.027595334750642183,0.27504999999999996,0.3541666666666667,0.12499999999999997,0.024465060119825306,0.669287683630171,0.7591865750358372,0.1732023341860851,0.03132024441473008,0.6696023433580145,0.7591865750358372,0.1732023341860851,0.031449877766367616,0.206613104144778,0.5000700999038917,0.45334361616976454,0.08655169166836056,0.20720000000000002,0.49166666666666664,0.4583333333333333,0.09115901247575883,2.2375894941553414,2.389506252352862,0.2692318235356588,0.047770753233665614,1.0,1.0,0.0,0.0,0.37371428571428567,0.5714285714285714,0.5357142857142857,0.07660447048285879,0.0,0.0,0.0,0.0,0.0,0.0,0.0,0.0,0.0,0.0,0.0,0.0,0.0,0.0,0.0,0.0,0.0,0.0,0.0,0.0,stable,oscillatory
43,500,240,modular,6,0.08,0.004,0.12,0,20.0,0.72,0.22,True,static,1.0,False,False,1.0,default,default,0.35433333333333333,0.8208333333333333,0.14166666666666666,0.025390833866662285,0.40485000000000004,0.4791666666666667,0.15000000000000002,0.024777168029368395,0.24081666666666665,0.375,0.11666666666666667,0.021580913635278125,0.6534358583483052,0.8000160987650843,0.17095736956401608,0.030467659865678284,0.6533486587595055,0.8000160987650843,0.17095736956401608,0.030591852193028127,0.16755225611923635,0.619595188039567,0.4447804579045013,0.07752356322062295,0.16595,0.6291666666666667,0.475,0.08159844259134688,2.168534402710095,2.357243429180498,0.2562475840550058,0.045422696585379396,1.0,1.0,0.0,0.0,0.28371428571428564,0.5,0.35714285714285715,0.06417514300406223,0.0,0.0,0.0,0.0,0.0,0.0,0.0,0.0,0.0,0.0,0.0,0.0,0.0,0.0,0.0,0.0,0.0,0.0,0.0,0.0,stable,stable
44,500,240,modular,6,0.08,0.004,0.12,0,20.0,0.72,0.22,True,static,1.0,False,False,1.0,default,default,0.34276666666666666,0.8375,0.23333333333333334,0.0331500963631916,0.3784166666666667,0.4791666666666667,0.16249999999999998,0.027019668761848286,0.27881666666666666,0.39166666666666666,0.26666666666666666,0.03866095144543997,0.6791996543570709,0.8425646252384695,0.3488021570315894,0.05102090335221568,0.6790843940675736,0.8425646252384695,0.3488021570315894,0.051149124688198454,0.25170977346024753,0.6832945024121309,0.5857553237089509,0.11408745882212606,0.25285,0.725,0.5916666666666667,0.11985466778097917,2.221362338410421,2.409698942524851,0.4813991872813459,0.07191507435114453,1.0,1.0,0.0,0.0,0.2735714285714286,0.5,0.4285714285714286,0.08125608297480358,0.0,0.0,0.0,0.0,0.0,0.0,0.0,0.0,0.0,0.0,0.0,0.0,0.0,0.0,0.0,0.0,0.0,0.0,0.0,0.0,oscillatory,oscillatory
45,500,240,modular,6,0.08,0.004,0.12,0,20.0,0.72,0.22,True,static,1.0,False,False,1.0,default,default,0.3465,0.8125,0.12916666666666665,0.02299094024465579,0.42998333333333333,0.5125,0.17083333333333334,0.026522260042797594,0.22351666666666664,0.3458333333333333,0.11666666666666667,0.02007851947839891,0.6443447812263986,0.7834908901973061,0.15284074827577498,0.026135690247366495,0.6445869140819575,0.7834908901973061,0.15284074827577498,0.026432854834827022,0.14411329630271769,0.5807750290892852,0.3282328419790357,0.05972526882360413,0.1446,0.6,0.4166666666666667,0.06663233282557184,2.1576127480584493,2.3220023970279096,0.21535341621286852,0.03902089008328087,1.0,1.0,0.0,0.0,0.18114285714285713,0.42857142857142855,0.32142857142857145,0.05832281732228101,0.0,0.0,0.0,0.0,0.0,0.0,0.0,0.0,0.0,0.0,0.0,0.0,0.0,0.0,0.0,0.0,0.0,0.0,0.0,0.0,stable,stable
46,500,240,modular,6,0.08,0.004,0.12,0,20.0,0.72,0.22,True,static,1.0,False,False,1.0,default,default,0.3569,0.8125,0.1375,0.024566259607663336,0.4015666666666667,0.4583333333333333,0.125,0.02322692403225188,0.24153333333333332,0.3375,0.12083333333333332,0.02148278380471209,0.6501373590723333,0.7516635713989543,0.16827260294499147,0.030780895869188744,0.6499768454944894,0.7516635713989543,0.16827260294499147,0.030859463555972206,0.15743554563026402,0.4794327984582894,0.37267381629586976,0.07169941646936168,0.15701666666666664,0.5208333333333334,0.4041666666666667,0.07517758420344901,2.1359594284540506,2.260568118502144,0.246151200313653,0.04444613571468331,1.0,1.0,0.0,0.0,0.30014285714285716,0.5,0.39285714285714285,0.06918608448029333,0.0,0.0,0.0,0.0,0.0,0.0,0.0,0.0,0.0,0.0,0.0,0.0,0.0,0.0,0.0,0.0,0.0,0.0,0.0,0.0,stable,oscillatory
47,500,240,modular,6,0.08,0.004,0.12,0,20.0,0.72,0.22,True,static,1.0,False,False,1.0,default,default,0.3945666666666666,0.8,0.13333333333333336,0.023346567675404068,0.34386666666666665,0.4125,0.1333333333333333,0.022592870065084203,0.2615666666666666,0.3541666666666667,0.1166666666666667,0.022576191982804462,0.629079951872996,0.7431742022786322,0.16832413407378144,0.030429200375849744,0.6287208565925259,0.7431742022786322,0.15933672233520846,0.030005435559175474,0.1132125311843812,0.45263485714799984,0.2775033119602323,0.05462927261478404,0.11293333333333334,0.475,0.275,0.05758284852666152,2.1107860853839884,2.2657323577072277,0.2429429303258468,0.044959164088392956,1.0,1.0,0.0,0.0,0.29699999999999993,0.5,0.35714285714285715,0.0649189447523225,0.0,0.0,0.0,0.0,0.0,0.0,0.0,0.0,0.0,0.0,0.0,0.0,0.0,0.0,0.0,0.0,0.0,0.0,0.0,0.0,stable,stable
48,500,240,modular,6,0.08,0.004,0.12,0,20.0,0.72,0.22,True,static,1.0,False,False,1.0,default,default,0.35685,0.7791666666666667,0.1166666666666667,0.022612858927806737,0.36275,0.4375,0.125,0.023640977842156474,0.2804,0.38333333333333336,0.125,0.021489816709833104,0.658997427169474,0.7935788370239825,0.14307405992722155,0.027626636500137088,0.6593375446221028,0.7935788370239825,0.14307405992722155,0.02762644190669055,0.17674282128672014,0.5920927303294198,0.3459711769375897,0.07076964699882611,0.17778333333333335,0.6208333333333333,0.375,0.07583033144241601,2.2032897377490808,2.390501650235229,0.21704848139324362,0.04155509465681612,1.0,1.0,0.0,0.0,0.3432857142857143,0.5714285714285714,0.3214285714285714,0.06378231473903552,0.0,0.0,0.0,0.0,0.0,0.0,0.0,0.0,0.0,0.0,0.0,0.0,0.0,0.0,0.0,0.0,0.0,0.0,0.0,0.0,stable,oscillatory
49,500,240,modular,6,0.08,0.004,0.12,0,20.0,0.72,0.22,True,static,1.0,False,False,1.0,default,default,0.35940000000000005,0.8166666666666667,0.10833333333333334,0.021333359374984102,0.3834666666666666,0.45,0.14166666666666666,0.022906428015830937,0.2571333333333333,0.3458333333333333,0.11666666666666667,0.022677178934877338,0.6393549190024105,0.7635767216105093,0.15385913899182457,0.029072242714880403,0.6393200793996411,0.7635767216105093,0.15385913899182457,0.02908121940700093,0.13209257242959807,0.514886806313849,0.3155246881879777,0.06202432129630528,0.13216666666666665,0.48333333333333334,0.32083333333333336,0.06378261692829969,2.1386695447666315,2.2881787473808712,0.19878514291666427,0.04079541431858486,1.0,1.0,0.0,0.0,0.2207142857142857,0.5357142857142857,0.2857142857142857,0.0605628363178042,0.0,0.0,0.0,0.0,0.0,0.0,0.0,0.0,0.0,0.0,0.0,0.0,0.0,0.0,0.0,0.0,0.0,0.0,0.0,0.0,stable,stable
50,500,240,modular,6,0.08,0.004,0.12,0,20.0,0.72,0.22,True,static,1.0,False,False,1.0,default,default,0.3638333333333334,0.7833333333333333,0.14166666666666666,0.025177701774917155,0.38765,0.4791666666666667,0.1916666666666667,0.026455775466909973,0.2485166666666667,0.3875,0.15,0.023044817445818724,0.6581198323118957,0.7944915189524208,0.18033261397648837,0.031960715840942865,0.6578834045190464,0.7944915189524208,0.18033261397648837,0.03197990175721642,0.18197716176198836,0.6156444773728089,0.46991795244653856,0.08651158921796259,0.18061666666666668,0.5916666666666667,0.4916666666666667,0.0889205028850677,2.1561671907515048,2.301170992624581,0.25707309064117423,0.04574917172375839,1.0,1.0,0.0,0.0,0.259,0.4642857142857143,0.3571428571428571,0.06090826156221021,0.0,0.0,0.0,0.0,0.0,0.0,0.0,0.0,0.0,0.0,0.0,0.0,0.0,0.0,0.0,0.0,0.0,0.0,0.0,0.0,stable,oscillatory
1,500,240,modular,6,0.08,0.004,0.12,2,20.0,0.72,0.22,True,static,1.0,False,False,1.0,default,default,0.3722833333333333,0.8333333333333334,0.14166666666666666,0.02546610492399652,0.39865000000000006,0.475,0.14999999999999997,0.027295649836558206,0.22906666666666667,0.3875,0.14166666666666664,0.023309297143700693,0.6416509263315099,0.8350143278851493,0.17708777465325687,0.031089087950378947,0.6418198354874325,0.8350143278851493,0.17708777465325687,0.03124322168169009,0.142489113557944,0.681347769291795,0.42289237093468895,0.06856676681454038,0.145,0.625,0.4083333333333333,0.0732186603416248,2.1253104098339546,2.370716128961089,0.2568058666372852,0.045343858902645376,1.0,1.0,0.0,0.0,0.213,0.42857142857142855,0.39285714285714285,0.06603477747925478,0.0,0.0,0.0,0.0,0.0,0.0,0.0,0.0,0.0,0.0,0.0,0.0,0.0,0.0,0.0,0.0,0.0,0.0,0.0,0.0,stable,oscillatory
2,500,240,modular,6,0.08,0.004,0.12,2,20.0,0.72,0.22,True,static,1.0,False,False,1.0,default,default,0.36948333333333333,0.7875,0.11666666666666664,0.02133521476078666,0.40613333333333335,0.4625,0.1166666666666667,0.02143514766815371,0.22438333333333332,0.3541666666666667,0.11666666666666664,0.020782477929469547,0.615877338242971,0.7968363904724831,0.17710515135899285,0.028004553532642126,0.6161516345227244,0.7968363904724831,0.17710515135899285,0.027862231057161346,0.09036126949756249,0.6039912595818563,0.3256266160256078,0.0451825591241864,0.08996666666666667,0.6583333333333333,0.3375,0.04656416123061932,2.1057560321462443,2.3591871612770716,0.2369562273182526,0.04034910180307271,1.0,1.0,0.0,0.0,0.17814285714285716,0.4642857142857143,0.35714285714285715,0.06658445611340809,0.0,0.0,0.0,0.0,0.0,0.0,0.0,0.0,0.0,0.0,0.0,0.0,0.0,0.0,0.0,0.0,0.0,0.0,0.0,0.0,stable,stable
3,500,240,modular,6,0.08,0.004,0.12,2,20.0,0.72,0.22,True,static,1.0,False,False,1.0,default,default,0.37623333333333336,0.8,0.15000000000000002,0.023790310819509882,0.3811333333333333,0.4708333333333333,0.15833333333333333,0.02370581269553009,0.2426333333333333,0.3625,0.13333333333333336,0.021587264764207626,0.6368590300001515,0.7715743451004692,0.17084461991542066,0.02971262566141911,0.6372958107346567,0.7715743451004692,0.17084461991542066,0.030006095337000382,0.12916535063499446,0.5403903117006521,0.34550101780488995,0.06478354335236416,0.12911666666666669,0.5416666666666666,0.3416666666666666,0.06670986308885166,2.131230574726318,2.3240117813033434,0.2659853260379763,0.04457099996486376,1.0,1.0,0.0,0.0,0.349,0.5357142857142857,0.3571428571428571,0.06776324330237701,0.0,0.0,0.0,0.0,0.0,0.0,0.0,0.0,0.0,0.0,0.0,0.0,0.0,0.0,0.0,0.0,0.0,0.0,0.0,0.0,stable,oscillatory
4,500,240,modular,6,0.08,0.004,0.12,2,20.0,0.72,0.22,True,static,1.0,False,False,1.0,default,default,0.36423333333333335,0.7791666666666667,0.12916666666666665,0.023247962873718154,0.3778666666666667,0.44583333333333336,0.1375,0.02384799083081564,0.25789999999999996,0.3375,0.11250000000000002,0.020373757630834818,0.646951968371189,0.7400105711052992,0.15275935366637494,0.02768161184755857,0.647135433372197,0.7400105711052992,0.15275935366637494,0.027737919660893923,0.14984845508693315,0.44284910075870826,0.32438376729003837,0.06182975875286143,0.14660000000000004,0.4791666666666667,0.3416666666666667,0.06274703180230919,2.168003600420201,2.27651559698837,0.24160325964806706,0.04259918543870548,1.0,1.0,0.0,0.0,0.23257142857142857,0.42857142857142855,0.3214285714285714,0.06310276684641862,0.0,0.0,0.0,0.0,0.0,0.0,0.0,0.0,0.0,0.0,0.0,0.0,0.0,0.0,0.0,0.0,0.0,0.0,0.0,0.0,stable,stable
5,500,240,modular,6,0.08,0.004,0.12,2,20.0,0.72,0.22,True,static,1.0,False,False,1.0,default,default,0.37526666666666664,0.7666666666666667,0.10833333333333328,0.019074007910708693,0.39735000000000004,0.4666666666666667,0.1375,0.02001019878850671,0.22738333333333333,0.4041666666666667,0.1,0.018414977298082363,0.6123264640186358,0.7959885797802684,0.14059142863662843,0.02340528554716635,0.6114189926859083,0.7959885797802684,0.12802228820640305,0.02296297621811766,0.08035121738000404,0.5992110840368482,0.20077389737741036,0.033567977399657056,0.07996666666666667,0.6125,0.21666666666666665,0.036100538623251716,2.093187295217397,2.2968598397251587,0.2038697063566537,0.03455250127974866,1.0,1.0,0.0,0.0,0.26285714285714284,0.5,0.39285714285714285,0.05512508966164211,0.0,0.0,0.0,0.0,0.0,0.0,0.0,0.0,0.0,0.0,0.0,0.0,0.0,0.0,0.0,0.0,0.0,0.0,0.0,0.0,stable,runaway
6,500,240,modular,6,0.08,0.004,0.12,2,20.0,0.72,0.22,True,static,1.0,False,False,1.0,default,default,0.3568166666666666,0.7958333333333333,0.125,0.02252140340012387,0.40814999999999996,0.475,0.125,0.020797495842849283,0.23503333333333334,0.325,0.12083333333333335,0.020108013880595525,0.6328887222782511,0.7170474615827334,0.1546894658141682,0.027532226913623767,0.6325506521936168,0.7170474615827334,0.1546894658141682,0.027445847465443707,0.11785262664389728,0.3552646920719795,0.32526195633433175,0.05350747647283556,0.11646666666666666,0.38333333333333336,0.3625,0.057758731903592826,2.14582134527158,2.2740410049952167,0.23176865229121768,0.04119935184654654,1.0,1.0,0.0,0.0,0.28357142857142853,0.4642857142857143,0.3928571428571429,0.062274081482505995,0.0,0.0,0.0,0.0,0.0,0.0,0.0,0.0,0.0,0.0,0.0,0.0,0.0,0.0,0.0,0.0,0.0,0.0,0.0,0.0,stable,oscillatory
7,500,240,modular,6,0.08,0.004,0.12,2,20.0,0.72,0.22,True,static,1.0,False,False,1.0,default,default,0.3907833333333333,0.8416666666666667,0.125,0.02240994942728192,0.379,0.44583333333333336,0.12916666666666665,0.022869800562702283,0.23021666666666668,0.3333333333333333,0.14583333333333337,0.023215661619786856,0.6226634408651415,0.7703275553775021,0.19821951766012158,0.030091158949437365,0.6231471563004299,0.7703275553775021,0.19821951766012158,0.030372489102578313,0.10620154827267278,0.5530334046180635,0.4435521008121263,0.058657230902996384,0.10915000000000001,0.5583333333333333,0.4125,0.06165731685876562,2.110637546108085,2.290560685973567,0.2649740716818523,0.04202468343951164,1.0,1.0,0.0,0.0,0.19885714285714287,0.39285714285714285,0.39285714285714285,0.0691546625104828,0.0,0.0,0.0,0.0,0.0,0.0,0.0,0.0,0.0,0.0,0.0,0.0,0.0,0.0,0.0,0.0,0.0,0.0,0.0,0.0,stable,oscillatory
8,500,240,modular,6,0.08,0.004,0.12,2,20.0,0.72,0.22,True,static,1.0,False,False,1.0,default,default,0.37901666666666667,0.8,0.10833333333333334,0.023364080931587653,0.3614833333333333,0.42916666666666664,0.125,0.02476012138724508,0.2595,0.35833333333333334,0.12083333333333335,0.022035955466766885,0.6439789166090045,0.7499752945395489,0.15316443955443304,0.029076612594497748,0.6434891459475173,0.7499752945395489,0.15316443955443304,0.0286604707878454,0.14368944104453568,0.4815235246038439,0.3398475287551983,0.06577511563226361,0.14256666666666667,0.4875,0.3416666666666667,0.06939837494094832,2.0927419982912356,2.2100640137354337,0.20556533835111446,0.041799309648972334,1.0,1.0,0.0,0.0,0.32785714285714285,0.5714285714285714,0.46428571428571425,0.07009104865844723,0.0,0.0,0.0,0.0,0.0,0.0,0.0,0.0,0.0,0.0,0.0,0.0,0.0,0.0,0.0,0.0,0.0,0.0,0.0,0.0,stable,oscillatory
9,500,240,modular,6,0.08,0.004,0.12,2,20.0,0.72,0.22,True,static,1.0,False,False,1.0,default,default,0.3471,0.7583333333333333,0.16666666666666669,0.025321400698486908,0.4097833333333333,0.49583333333333335,0.16666666666666669,0.026864790050258058,0.24311666666666668,0.36666666666666664,0.1625,0.022439307030298422,0.6563492937552863,0.7630930958470532,0.18304276096971384,0.029799591266990444,0.6560746772574667,0.7630930958470532,0.18304276096971384,0.029764673111551027,0.1728749888448791,0.52039588515493,0.3678951601320667,0.0731315532496398,0.17343333333333333,0.5458333333333333,0.4,0.08008791003224727,2.183069356843779,2.3218253559129503,0.2593735970208173,0.04532641034170374,1.0,1.0,0.0,0.0,0.28,0.5,0.3928571428571429,0.07198355821339499,0.0,0.0,0.0,0.0,0.0,0.0,0.0,0.0,0.0,0.0,0.0,0.0,0.0,0.0,0.0,0.0,0.0,0.0,0.0,0.0,oscillatory,oscillatory
10,500,240,modular,6,0.08,0.004,0.12,2,20.0,0.72,0.22,True,static,1.0,False,False,1.0,default,default,0.35935,0.7875,0.2625,0.044091221726476726,0.35990000000000005,0.5041666666666667,0.21249999999999997,0.03336941380632536,0.28075,0.42083333333333334,0.32083333333333336,0.06269685664635295,0.682522768970553,0.8185535752455876,0.3894754934135538,0.07745081951878657,0.682526044292668,0.8185535752455876,0.39354341665637593,0.07747687415961636,0.29219402643713815,0.6590367949683567,0.6013497027670216,0.1381995998567316,0.2932666666666667,0.6625,0.6583333333333333,0.14180756130913627,2.1857391330003826,2.343472810830723,0.5365594989576505,0.10297614140845207,1.0,1.0,0.0,0.0,0.38328571428571434,0.6071428571428571,0.6071428571428571,0.10568155864073303,0.0,0.0,0.0,0.0,0.0,0.0,0.0,0.0,0.0,0.0,0.0,0.0,0.0,0.0,0.0,0.0,0.0,0.0,0.0,0.0,oscillatory,runaway
11,500,240,modular,6,0.08,0.004,0.12,2,20.0,0.72,0.22,True,static,1.0,False,False,1.0,default,default,0.38270000000000004,0.8166666666666667,0.1333333333333333,0.023982377789628043,0.3905333333333333,0.45416666666666666,0.125,0.022653035116734357,0.22676666666666667,0.35833333333333334,0.125,0.022719692877423415,0.6195096459354381,0.7812443923350813,0.15960755659267878,0.030590309095978638,0.6197219360519695,0.7812443923350813,0.15960755659267878,0.030668311506193452,0.09847374224085419,0.5704194275136599,0.2914882893508627,0.053630521738979184,0.09704999999999998,0.625,0.325,0.0580227948501468,2.098647865181392,2.313958426704161,0.249842739911027,0.04490760619461475,1.0,1.0,0.0,0.0,0.20385714285714282,0.35714285714285715,0.2857142857142857,0.05419560190002619,0.0,0.0,0.0,0.0,0.0,0.0,0.0,0.0,0.0,0.0,0.0,0.0,0.0,0.0,0.0,0.0,0.0,0.0,0.0,0.0,stable,oscillatory
12,500,240,modular,6,0.08,0.004,0.12,2,20.0,0.72,0.22,True,static,1.0,False,False,1.0,default,default,0.3636333333333333,0.7708333333333334,0.1333333333333333,0.021784143060696443,0.3985333333333333,0.4708333333333333,0.15000000000000002,0.023852882425400915,0.23783333333333334,0.38333333333333336,0.12916666666666668,0.021612753436596438,0.6467770958038497,0.8090334557959125,0.19185844482921444,0.02827675544762669,0.6467171526769079,0.8090334557959125,0.19185844482921444,0.028254495503472057,0.15002622910362168,0.6361520114336124,0.4490532207098473,0.06637725081759425,0.1509166666666667,0.625,0.44166666666666665,0.07015602650917135,2.1204763428126308,2.338770477311648,0.24942651615943112,0.039566775866305234,1.0,1.0,0.0,0.0,0.3078571428571429,0.5,0.2857142857142857,0.0574500670502797,0.0,0.0,0.0,0.0,0.0,0.0,0.0,0.0,0.0,0.0,0.0,0.0,0.0,0.0,0.0,0.0,0.0,0.0,0.0,0.0,stable,oscillatory
13,500,240,modular,6,0.08,0.004,0.12,2,20.0,0.72,0.22,True,static,1.0,False,False,1.0,default,default,0.39366666666666666,0.8291666666666667,0.11666666666666664,0.023277313705265333,0.36635,0.43333333333333335,0.125,0.02352238295751517,0.23998333333333333,0.32083333333333336,0.11249999999999996,0.019681837369062427,0.6328052995028629,0.7471019354023648,0.1522057818332644,0.027072240948921276,0.6328649582358831,0.7471019354023648,0.1522057818332644,0.02735644443712558,0.12059394312304847,0.4714846452412507,0.31312493765287674,0.05439488592403357,0.12095,0.4666666666666667,0.3208333333333333,0.05875372565018986,2.131993663981857,2.281886269739385,0.2154910191658077,0.04179911283046315,1.0,1.0,0.0,0.0,0.27285714285714285,0.4642857142857143,0.2857142857142857,0.05948760803902005,0.0,0.0,0.0,0.0,0.0,0.0,0.0,0.0,0.0,0.0,0.0,0.0,0.0,0.0,0.0,0.0,0.0,0.0,0.0,0.0,stable,stable
14,500,240,modular,6,0.08,0.004,0.12,2,20.0,0.72,0.22,True,static,1.0,False,False,1.0,default,default,0.3578,0.7708333333333334,0.11250000000000004,0.020544504536899075,0.4113833333333333,0.475,0.10416666666666669,0.020875031603435824,0.23081666666666667,0.36666666666666664,0.1,0.018826318752687095,0.6350542402078616,0.8006733923601546,0.15102369425524942,0.024827059534155933,0.6350657861427207,0.8006733923601546,0.15102369425524942,0.024933842137582374,0.12186445178825768,0.6141575097134043,0.3074629991082989,0.05025363447830637,0.11968333333333332,0.6333333333333333,0.35416666666666663,0.053982993721274034,2.1144480201331937,2.290485640080896,0.23250187345495155,0.0365644654406533,1.0,1.0,0.0,0.0,0.3221428571428571,0.5357142857142857,0.35714285714285715,0.06424204866227828,0.0,0.0,0.0,0.0,0.0,0.0,0.0,0.0,0.0,0.0,0.0,0.0,0.0,0.0,0.0,0.0,0.0,0.0,0.0,0.0,stable,stable
15,500,240,modular,6,0.08,0.004,0.12,2,20.0,0.72,0.22,True,static,1.0,False,False,1.0,default,default,0.3673333333333333,0.7791666666666667,0.12083333333333335,0.02116666666666667,0.39790000000000003,0.4666666666666667,0.125,0.02309475649964246,0.23476666666666665,0.37083333333333335,0.11666666666666667,0.01905477484633299,0.6214369059858983,0.7754605930257731,0.12812939046228,0.024705777580916032,0.6216034774979091,0.7754605930257731,0.12812939046228,0.02494142303430378,0.09771182710668534,0.5543869855533501,0.21313673564489685,0.04243977294876091,0.09813333333333334,0.6125,0.25416666666666665,0.0474457467945114,2.147410304424571,2.3246979386668136,0.20295124672056897,0.037340593372835816,1.0,1.0,0.0,0.0,0.17214285714285713,0.5357142857142857,0.28571428571428575,0.05691472317674676,0.0,0.0,0.0,0.0,0.0,0.0,0.0,0.0,0.0,0.0,0.0,0.0,0.0,0.0,0.0,0.0,0.0,0.0,0.0,0.0,stable,stable
16,500,240,modular,6,0.08,0.004,0.12,2,20.0,0.72,0.22,True,static,1.0,False,False,1.0,default,default,0.3541333333333333,0.7875,0.15833333333333333,0.02538862387413351,0.38980000000000004,0.4583333333333333,0.1333333333333333,0.02523201229479021,0.2560666666666667,0.4125,0.125,0.024169563044825156,0.6728055698380107,0.8644957683740719,0.219410467057084,0.0320283341328139,0.6730528227611509,0.8644957683740719,0.219410467057084,0.03190199146716718,0.2221675339685899,0.7090715547550945,0.4952371039298649,0.09295460581513343,0.22218333333333334,0.7291666666666666,0.5625,0.09848108814499473,2.207359541070897,2.4249464389257125,0.3147544555465025,0.04781205434745946,1.0,1.0,0.0,0.0,0.262,0.5357142857142857,0.3214285714285714,0.06707352042987712,0.0,0.0,0.0,0.0,0.0,0.0,0.0,0.0,0.0,0.0,0.0,0.0,0.0,0.0,0.0,0.0,0.0,0.0,0.0,0.0,stable,runaway
17,500,240,modular,6,0.08,0.004,0.12,2,20.0,0.72,0.22,True,static,1.0,False,False,1.0,default,default,0.3509166666666667,0.8166666666666667,0.12083333333333335,0.022673559001131202,0.4107833333333333,0.4791666666666667,0.12083333333333329,0.023738394825448685,0.2383,0.38333333333333336,0.10833333333333336,0.02021547811840115,0.627584206695695,0.7489681335208035,0.13707590157894178,0.026967893168985582,0.6276404573910693,0.7489681335208035,0.13707590157894178,0.02692910932969706,0.10690257312876866,0.46219087642814477,0.2464226023927971,0.04830686703208637,0.10836666666666668,0.48333333333333334,0.36250000000000004,0.053175537399990404,2.1983790156247367,2.3045203875021563,0.21537893770203365,0.04155635913364319,1.0,1.0,0.0,0.0,0.285,0.5,0.35714285714285715,0.06376375401849088,0.0,0.0,0.0,0.0,0.0,0.0,0.0,0.0,0.0,0.0,0.0,0.0,0.0,0.0,0.0,0.0,0.0,0.0,0.0,0.0,stable,stable
18,500,240,modular,6,0.08,0.004,0.12,2,20.0,0.72,0.22,True,static,1.0,False,False,1.0,default,default,0.37726666666666664,0.875,0.15000000000000002,0.02478801233571493,0.37448333333333333,0.44583333333333336,0.125,0.023739260729854248,0.24825,0.3625,0.12083333333333332,0.022405511474734165,0.6491908955801629,0.7782627494737697,0.20079925766031403,0.031333533139731154,0.6494631839093019,0.7782627494737697,0.20079925766031403,0.03153165750662119,0.15974481545609195,0.5705964876594081,0.4626226382784985,0.07801715511260555,0.15546666666666667,0.575,0.4958333333333333,0.08308448845736623,2.1439051640367968,2.2976137245822454,0.28181374382726165,0.045655458916023725,1.0,1.0,0.0,0.0,0.3532857142857143,0.5714285714285714,0.3571428571428571,0.0676155096324589,0.0,0.0,0.0,0.0,0.0,0.0,0.0,0.0,0.0,0.0,0.0,0.0,0.0,0.0,0.0,0.0,0.0,0.0,0.0,0.0,stable,oscillatory
19,500,240,modular,6,0.08,0.004,0.12,2,20.0,0.72,0.22,True,static,1.0,False,False,1.0,default,default,0.3689333333333333,0.8166666666666667,0.14583333333333331,0.025549537938853003,0.37361666666666665,0.44583333333333336,0.15416666666666667,0.02532215213778025,0.25745,0.37083333333333335,0.125,0.02267794449827115,0.6543876648728116,0.7929828114290057,0.18174533392022796,0.03197968886075194,0.6541828590174951,0.7929828114290057,0.18174533392022796,0.0320383483139328,0.16865642725147165,0.5967349427303901,0.4162974652327645,0.0811617789259676,0.1680833333333333,0.6041666666666666,0.4083333333333333,0.08715172752797912,2.1699172302886103,2.33054824708807,0.2603506799567632,0.04771000628398206,1.0,1.0,0.0,0.0,0.3058571428571429,0.5357142857142857,0.35714285714285715,0.06698598695980819,0.0,0.0,0.0,0.0,0.0,0.0,0.0,0.0,0.0,0.0,0.0,0.0,0.0,0.0,0.0,0.0,0.0,0.0,0.0,0.0,stable,oscillatory
20,500,240,modular,6,0.08,0.004,0.12,2,20.0,0.72,0.22,True,static,1.0,False,False,1.0,default,default,0.3875333333333333,0.7833333333333333,0.16249999999999998,0.026098084220877206,0.33875,0.4083333333333333,0.10833333333333334,0.022605462712460552,0.27371666666666666,0.45,0.10833333333333334,0.022344033506359887,0.6584031196020721,0.8740228371436916,0.19413865294878352,0.03221477202128406,0.6582765380023183,0.8740228371436916,0.19413865294878352,0.03214681045884033,0.1811938309302806,0.7129313225861331,0.5159516924874477,0.08660033030823637,0.18021666666666666,0.75,0.5041666666666667,0.08595990829062891,2.1076043081815587,2.4048428347303954,0.28952928128237776,0.0479709372312722,1.0,1.0,0.0,0.0,0.288,0.5357142857142857,0.39285714285714285,0.06448287227106538,0.0,0.0,0.0,0.0,0.0,0.0,0.0,0.0,0.0,0.0,0.0,0.0,0.0,0.0,0.0,0.0,0.0,0.0,0.0,0.0,stable,runaway
21,500,240,modular,6,0.08,0.004,0.12,2,20.0,0.72,0.22,True,static,1.0,False,False,1.0,default,default,0.37461666666666665,0.7958333333333333,0.12083333333333335,0.0237271586068698,0.3685,0.4375,0.12916666666666665,0.02452549693686144,0.25688333333333335,0.3333333333333333,0.1166666666666667,0.021948051039772175,0.656942884232132,0.7484162938303114,0.16334973495431893,0.02947562184439358,0.6570042868977229,0.7484162938303114,0.16334973495431893,0.02948098874598882,0.17535541132076446,0.47379139965461775,0.3975499472822687,0.0769665882997874,0.1733333333333333,0.4875,0.44166666666666665,0.07891627067834477,2.1507850089524645,2.2864163362847987,0.23193234021479858,0.04320902444593728,1.0,1.0,0.0,0.0,0.29628571428571426,0.5,0.39285714285714285,0.07263607918933951,0.0,0.0,0.0,0.0,0.0,0.0,0.0,0.0,0.0,0.0,0.0,0.0,0.0,0.0,0.0,0.0,0.0,0.0,0.0,0.0,stable,stable
22,500,240,modular,6,0.08,0.004,0.12,2,20.0,0.72,0.22,True,static,1.0,False,False,1.0,default,default,0.3323833333333333,0.7583333333333333,0.15416666666666667,0.025470576706815608,0.4110833333333333,0.4875,0.14166666666666666,0.023579210475897335,0.2565333333333333,0.3625,0.1166666666666667,0.02096184364241106,0.6641298400105389,0.7870907416606315,0.18714028764689095,0.03118093242695443,0.6644999291991663,0.7870907416606315,0.18714028764689095,0.03103520901570097,0.19233555718072898,0.5780545182899383,0.45495654657987994,0.08494651328047655,0.1904833333333333,0.6083333333333333,0.4375,0.08723803483700342,2.2154720714545237,2.368542478919515,0.29360186053033743,0.04656229188660614,1.0,1.0,0.0,0.0,0.33628571428571424,0.5357142857142857,0.35714285714285715,0.07307865485843569,0.0,0.0,0.0,0.0,0.0,0.0,0.0,0.0,0.0,0.0,0.0,0.0,0.0,0.0,0.0,0.0,0.0,0.0,0.0,0.0,stable,stable
23,500,240,modular,6,0.08,0.004,0.12,2,20.0,0.72,0.22,True,static,1.0,False,False,1.0,default,default,0.3496166666666667,0.8333333333333334,0.13333333333333336,0.02260298038361805,0.3973,0.4708333333333333,0.14583333333333331,0.023636459595764804,0.2530833333333333,0.3458333333333333,0.125,0.020524544926610294,0.6498125839370454,0.7417377253112047,0.17265402363324434,0.026924150168146685,0.6495891175224862,0.7417377253112047,0.17265402363324434,0.027113494403763913,0.1526507623350452,0.44194662855938166,0.40801491799229933,0.0649131517948735,0.1544,0.4583333333333333,0.4333333333333333,0.07055002952987807,2.192562473921834,2.3370501301148296,0.26082206449987444,0.04132714660767466,1.0,1.0,0.0,0.0,0.24142857142857138,0.4642857142857143,0.35714285714285715,0.06737043498600913,0.0,0.0,0.0,0.0,0.0,0.0,0.0,0.0,0.0,0.0,0.0,0.0,0.0,0.0,0.0,0.0,0.0,0.0,0.0,0.0,stable,oscillatory
24,500,240,modular,6,0.08,0.004,0.12,2,20.0,0.72,0.22,True,static,1.0,False,False,1.0,default,default,0.36760000000000004,0.8166666666666667,0.10833333333333328,0.02089898987457953,0.4161166666666667,0.49583333333333335,0.13333333333333336,0.021843261101666015,0.21628333333333333,0.3625,0.09166666666666667,0.018780316232102634,0.6362948506840731,0.7558025578741537,0.13802311152539082,0.025295025294276133,0.6363837560393457,0.7558025578741537,0.13802311152539082,0.025240845486468974,0.12843330308043396,0.50944621384692,0.3152983801635151,0.05371819792884324,0.12793333333333334,0.55,0.36250000000000004,0.058103174516448655,2.1334358295543736,2.273805603762408,0.18153087331697426,0.037738349868735706,1.0,1.0,0.0,0.0,0.185,0.42857142857142855,0.32142857142857145,0.05753880678041808,0.0,0.0,0.0,0.0,0.0,0.0,0.0,0.0,0.0,0.0,0.0,0.0,0.0,0.0,0.0,0.0,0.0,0.0,0.0,0.0,stable,stable
25,500,240,modular,6,0.08,0.004,0.12,2,20.0,0.72,0.22,True,static,1.0,False,False,1.0,default,default,0.3547,0.775,0.1166666666666667,0.02196889214826779,0.41319999999999996,0.4708333333333333,0.11249999999999999,0.023556881514043126,0.23210000000000003,0.35,0.11250000000000002,0.02048389611377679,0.6467441477841794,0.7726269469954814,0.15304301285176225,0.027791666166340115,0.6469716275948979,0.7726269469954814,0.15304301285176225,0.02763227757901219,0.15093132616948465,0.5536977454869632,0.3736658546796218,0.0654094568449995,0.1505,0.5458333333333333,0.3708333333333333,0.06782248070432759,2.149122016632387,2.27992939249613,0.2362459381663733,0.0396786149033164,1.0,1.0,0.0,0.0,0.20357142857142854,0.42857142857142855,0.32142857142857145,0.06310422218158511,0.0,0.0,0.0,0.0,0.0,0.0,0.0,0.0,0.0,0.0,0.0,0.0,0.0,0.0,0.0,0.0,0.0,0.0,0.0,0.0,stable,stable
26,500,240,modular,6,0.08,0.004,0.12,2,20.0,0.72,0.22,True,static,1.0,False,False,1.0,default,default,0.3393,0.8375,0.1291666666666667,0.023230942009885576,0.3924833333333333,0.4875,0.12083333333333335,0.022987611397832914,0.2682166666666667,0.3958333333333333,0.14166666666666666,0.022497536902218132,0.6800996510541913,0.8050667073954252,0.1571859498964232,0.029800046865566705,0.6800275322473665,0.8050667073954252,0.1571859498964232,0.02975105912980162,0.2405618675550819,0.6296352883280019,0.43189033012584915,0.09091853276860258,0.24028333333333332,0.6041666666666666,0.45833333333333337,0.09458221144709095,2.1886233397649058,2.339326646036534,0.2314350070058988,0.04325240060305996,1.0,1.0,0.0,0.0,0.30328571428571427,0.5714285714285714,0.35714285714285715,0.06398676521319842,0.0,0.0,0.0,0.0,0.0,0.0,0.0,0.0,0.0,0.0,0.0,0.0,0.0,0.0,0.0,0.0,0.0,0.0,0.0,0.0,stable,oscillatory
27,500,240,modular,6,0.08,0.004,0.12,2,20.0,0.72,0.22,True,static,1.0,False,False,1.0,default,default,0.34963333333333335,0.7833333333333333,0.15416666666666667,0.022226835632231195,0.40145000000000003,0.4791666666666667,0.1375,0.022847203816270874,0.24891666666666667,0.3625,0.14583333333333331,0.021953391284466484,0.6592651414194294,0.7917790365317174,0.20867204553098828,0.028643623198543463,0.6589056817226865,0.7917790365317174,0.20867204553098828,0.02860948753430868,0.1794489618526631,0.5999894607453347,0.5113167279451446,0.07478661449599679,0.17863333333333337,0.5833333333333334,0.5125000000000001,0.07984181583328097,2.1791137317677616,2.3401580635714465,0.30370893871557536,0.04135301353277155,1.0,1.0,0.0,0.0,0.2464285714285714,0.42857142857142855,0.3571428571428571,0.06277998511159624,0.0,0.0,0.0,0.0,0.0,0.0,0.0,0.0,0.0,0.0,0.0,0.0,0.0,0.0,0.0,0.0,0.0,0.0,0.0,0.0,stable,oscillatory
28,500,240,modular,6,0.08,0.004,0.12,2,20.0,0.72,0.22,True,static,1.0,False,False,1.0,default,default,0.35666666666666663,0.825,0.14166666666666666,0.02462214450449026,0.42556666666666665,0.4875,0.12083333333333335,0.023056958457986894,0.21776666666666666,0.3416666666666667,0.10833333333333331,0.02047114500407287,0.6269207679204316,0.7776789762621337,0.15077479555765572,0.02937222572301461,0.6275043935850346,0.7776789762621337,0.15077479555765572,0.0290790900262597,0.11005643410731793,0.5580414560846133,0.3056002899830123,0.054178811335880525,0.11001666666666667,0.5583333333333333,0.3333333333333333,0.05822620877997201,2.1412722464046454,2.3374423256690235,0.23915892925665494,0.04433913244182633,1.0,1.0,0.0,0.0,0.25,0.5,0.3928571428571429,0.06616306386805378,0.0,0.0,0.0,0.0,0.0,0.0,0.0,0.0,0.0,0.0,0.0,0.0,0.0,0.0,0.0,0.0,0.0,0.0,0.0,0.0,stable,stable
29,500,240,modular,6,0.08,0.004,0.12,2,20.0,0.72,0.22,True,static,1.0,False,False,1.0,default,default,0.3481833333333334,0.7958333333333333,0.15416666666666662,0.02484602024917114,0.40976666666666667,0.49166666666666664,0.14583333333333331,0.02493660851929236,0.24205,0.3541666666666667,0.11250000000000002,0.020961081662081382,0.6631249123584946,0.794199981637098,0.18066287031744377,0.02984948577549493,0.662825224128754,0.794199981637098,0.18066287031744377,0.029960963998257678,0.19350295259183775,0.6135442184576543,0.4015927191503496,0.08070109720522439,0.19365000000000002,0.575,0.45,0.08471863398594458,2.159795253765101,2.2993038983898746,0.24902930582056015,0.04290289747906715,1.0,1.0,0.0,0.0,0.23628571428571427,0.4642857142857143,0.3928571428571429,0.06448920175391491,0.0,0.0,0.0,0.0,0.0,0.0,0.0,0.0,0.0,0.0,0.0,0.0,0.0,0.0,0.0,0.0,0.0,0.0,0.0,0.0,stable,stable
30,500,240,modular,6,0.08,0.004,0.12,2,20.0,0.72,0.22,True,static,1.0,False,False,1.0,default,default,0.3747,0.8208333333333333,0.12916666666666665,0.023659482477668678,0.38383333333333336,0.4625,0.14583333333333337,0.023211587144738244,0.24146666666666666,0.35,0.13749999999999998,0.022802631427096303,0.6410618229260358,0.7705231949190013,0.1647470153955467,0.030974528456840855,0.6412259332572352,0.7705231949190013,0.1647470153955467,0.030827978042139294,0.13953625347193035,0.5438881507831574,0.3607472979935101,0.06683242993665281,0.13831666666666667,0.5416666666666666,0.4083333333333333,0.07195359036675424,2.131560649545476,2.295486467455205,0.2317101333718301,0.04507202550386872,1.0,1.0,0.0,0.0,0.24928571428571428,0.42857142857142855,0.3571428571428571,0.06832171794427555,0.0,0.0,0.0,0.0,0.0,0.0,0.0,0.0,0.0,0.0,0.0,0.0,0.0,0.0,0.0,0.0,0.0,0.0,0.0,0.0,stable,oscillatory
31,500,240,modular,6,0.08,0.004,0.12,2,20.0,0.72,0.22,True,static,1.0,False,False,1.0,default,default,0.35063333333333335,0.7791666666666667,0.12916666666666665,0.022388960573361944,0.40181666666666666,0.4875,0.14166666666666666,0.0236018419714319,0.24755000000000002,0.36666666666666664,0.12500000000000003,0.020609740146078723,0.6675775129147875,0.7958606226174977,0.16004919612762636,0.02789659085026223,0.6676161537186512,0.7958606226174977,0.16004919612762636,0.027715595913359932,0.20534187161220518,0.6182407408331978,0.43220630886231015,0.0814225534984982,0.204,0.6791666666666667,0.45,0.08738389121825856,2.149529551446579,2.307976724808912,0.20538071956811832,0.03977713639602425,1.0,1.0,0.0,0.0,0.27985714285714286,0.4642857142857143,0.35714285714285715,0.06889344034412115,0.0,0.0,0.0,0.0,0.0,0.0,0.0,0.0,0.0,0.0,0.0,0.0,0.0,0.0,0.0,0.0,0.0,0.0,0.0,0.0,stable,oscillatory
32,500,240,modular,6,0.08,0.004,0.12,2,20.0,0.72,0.22,True,static,1.0,False,False,1.0,default,default,0.3680333333333333,0.8125,0.12916666666666665,0.02260331834045612,0.3951,0.4708333333333333,0.1333333333333333,0.022481869238220483,0.23686666666666664,0.3458333333333333,0.11250000000000002,0.01873837417351534,0.6234825024304491,0.7463565555162376,0.15071057326415926,0.02605235149306778,0.6239952977493247,0.7463565555162376,0.15071057326415926,0.026191180978956046,0.10201592337156189,0.4619068584459208,0.25349257325365415,0.04567578747346362,0.10168333333333333,0.4583333333333333,0.2708333333333333,0.05170307588099141,2.153520867307278,2.2953390379868233,0.21571471433905387,0.03938461696941583,1.0,1.0,0.0,0.0,0.19785714285714287,0.4642857142857143,0.3214285714285714,0.05560887464043406,0.0,0.0,0.0,0.0,0.0,0.0,0.0,0.0,0.0,0.0,0.0,0.0,0.0,0.0,0.0,0.0,0.0,0.0,0.0,0.0,stable,stable
33,500,240,modular,6,0.08,0.004,0.12,2,20.0,0.72,0.22,True,static,1.0,False,False,1.0,default,default,0.3565666666666667,0.8333333333333334,0.16250000000000003,0.02411640750839791,0.38535,0.45,0.13333333333333336,0.023247514801467372,0.2580833333333334,0.4,0.15833333333333333,0.02287055967832882,0.6601230693789466,0.8343083507445186,0.22708027851159762,0.03066981775844517,0.6604749344631595,0.8343083507445186,0.22708027851159762,0.030698198840322495,0.1847793563738041,0.6730090286197158,0.48679252601196266,0.08001430842851842,0.18519999999999998,0.6583333333333333,0.5,0.0859706926807037,2.1797413034281727,2.390089614734407,0.3476682403342455,0.04484111529378061,1.0,1.0,0.0,0.0,0.33042857142857146,0.5357142857142857,0.39285714285714285,0.07440663235744184,0.0,0.0,0.0,0.0,0.0,0.0,0.0,0.0,0.0,0.0,0.0,0.0,0.0,0.0,0.0,0.0,0.0,0.0,0.0,0.0,oscillatory,oscillatory
34,500,240,modular,6,0.08,0.004,0.12,2,20.0,0.72,0.22,True,static,1.0,False,False,1.0,default,default,0.3695,0.8416666666666667,0.14583333333333331,0.023872345693058503,0.37261666666666665,0.45,0.1375,0.024772862616625924,0.25788333333333335,0.3541666666666667,0.12916666666666668,0.02304296108479888,0.6488272199836832,0.7727625103095546,0.18179329208222172,0.03214218743718185,0.648521588227951,0.7727625103095546,0.18313663422042192,0.03251379916607133,0.15655480873038266,0.5497275281439262,0.46042228994267126,0.0820640038519631,0.15985000000000002,0.5541666666666667,0.4708333333333333,0.08666902080136055,2.1604480400338746,2.3138600450064604,0.27042603818333966,0.043880406903769584,1.0,1.0,0.0,0.0,0.29614285714285715,0.5714285714285714,0.42857142857142855,0.07692044657983219,0.0,0.0,0.0,0.0,0.0,0.0,0.0,0.0,0.0,0.0,0.0,0.0,0.0,0.0,0.0,0.0,0.0,0.0,0.0,0.0,stable,oscillatory
35,500,240,modular,6,0.08,0.004,0.12,2,20.0,0.72,0.22,True,static,1.0,False,False,1.0,default,default,0.3424666666666667,0.8125,0.12916666666666665,0.02169994879666258,0.38980000000000004,0.4583333333333333,0.12916666666666665,0.024619075711506493,0.2677333333333333,0.37083333333333335,0.11250000000000002,0.021192923347193044,0.6624299587061425,0.7662375937273015,0.15425427575489703,0.026435652342614645,0.6622073381243129,0.7662375937273015,0.15425427575489703,0.02641283344609331,0.18041286055402986,0.513321561046794,0.3668028797011111,0.06872685602886279,0.1802,0.5166666666666667,0.425,0.07192908544763608,2.2015538568852606,2.33505762636699,0.25150398724326584,0.038790596810718385,1.0,1.0,0.0,0.0,0.28885714285714287,0.5357142857142857,0.42857142857142855,0.07532460367215581,0.0,0.0,0.0,0.0,0.0,0.0,0.0,0.0,0.0,0.0,0.0,0.0,0.0,0.0,0.0,0.0,0.0,0.0,0.0,0.0,stable,stable
36,500,240,modular,6,0.08,0.004,0.12,2,20.0,0.72,0.22,True,static,1.0,False,False,1.0,default,default,0.3589333333333333,0.75,0.12083333333333329,0.020851352207684012,0.4254166666666666,0.5125,0.14999999999999997,0.023446896264632647,0.21564999999999998,0.36666666666666664,0.11250000000000002,0.019483105216799728,0.6188854157190642,0.7369103377536802,0.15000469051840404,0.0245641437378036,0.6187612173196742,0.7369103377536802,0.15000469051840404,0.024498412544074505,0.09146262199527218,0.42355530801671615,0.28956909924596985,0.04045270547849196,0.09121666666666665,0.4166666666666667,0.2833333333333333,0.043534855129092956,2.11105768340534,2.253723811318003,0.22268599039073367,0.03721999381039059,1.0,1.0,0.0,0.0,0.23957142857142855,0.42857142857142855,0.3214285714285714,0.06411421568623626,0.0,0.0,0.0,0.0,0.0,0.0,0.0,0.0,0.0,0.0,0.0,0.0,0.0,0.0,0.0,0.0,0.0,0.0,0.0,0.0,stable,stable
37,500,240,modular,6,0.08,0.004,0.12,2,20.0,0.72,0.22,True,static,1.0,False,False,1.0,default,default,0.33594999999999997,0.7833333333333333,0.1375,0.023088603489841285,0.42508333333333337,0.5083333333333333,0.125,0.024755611036243432,0.23896666666666666,0.3375,0.11666666666666667,0.022433580979316598,0.6638254886779771,0.7732546687496936,0.1729658441881592,0.02979738464171465,0.6638905865212056,0.7732546687496936,0.1729658441881592,0.03012571556842545,0.1934023856731353,0.5506144370200032,0.39239468549829576,0.08020271994991116,0.1943,0.5708333333333333,0.4583333333333333,0.08178653787621638,2.1626608737070145,2.3031690223491608,0.251119452728922,0.0420921326420748,1.0,1.0,0.0,0.0,0.33642857142857147,0.5357142857142857,0.3571428571428571,0.06650533199431057,0.0,0.0,0.0,0.0,0.0,0.0,0.0,0.0,0.0,0.0,0.0,0.0,0.0,0.0,0.0,0.0,0.0,0.0,0.0,0.0,stable,stable
38,500,240,modular,6,0.08,0.004,0.12,2,20.0,0.72,0.22,True,static,1.0,False,False,1.0,default,default,0.35125,0.8208333333333333,0.12083333333333329,0.02242967404528603,0.40098333333333336,0.4708333333333333,0.14583333333333331,0.022686076248561705,0.2477666666666667,0.3625,0.11666666666666667,0.019657088062861986,0.6521855187616751,0.806964465061173,0.13106583447482645,0.026044497968356048,0.6523436126093872,0.806964465061173,0.13106583447482645,0.026086495675098707,0.1611065339724048,0.6293436374272321,0.3305906785705148,0.06395650597643615,0.16113333333333332,0.6291666666666667,0.3208333333333333,0.06951473864504483,2.1646213153327305,2.33170442612013,0.2016822592521148,0.039878818069066686,1.0,1.0,0.0,0.0,0.2881428571428571,0.5,0.4285714285714286,0.06491139958372773,0.0,0.0,0.0,0.0,0.0,0.0,0.0,0.0,0.0,0.0,0.0,0.0,0.0,0.0,0.0,0.0,0.0,0.0,0.0,0.0,stable,stable
39,500,240,modular,6,0.08,0.004,0.12,2,20.0,0.72,0.22,True,static,1.0,False,False,1.0,default,default,0.37255,0.7916666666666666,0.125,0.02401759193221132,0.3600833333333333,0.42916666666666664,0.12916666666666665,0.02399493580830014,0.2673666666666667,0.3875,0.12083333333333332,0.02223445774268199,0.6404718575989389,0.7899818770694453,0.14487051447674215,0.029507002878366127,0.6401915057344248,0.7899818770694453,0.14487051447674215,0.029356994218214364,0.13469443352028163,0.588024358314575,0.28964440710421907,0.06214569872931352,0.13486666666666666,0.6375,0.33749999999999997,0.06554586180682957,2.1217014975688397,2.291169502053805,0.2175054450320988,0.04363558235025752,1.0,1.0,0.0,0.0,0.26242857142857146,0.42857142857142855,0.2857142857142857,0.06047110964783776,0.0,0.0,0.0,0.0,0.0,0.0,0.0,0.0,0.0,0.0,0.0,0.0,0.0,0.0,0.0,0.0,0.0,0.0,0.0,0.0,stable,oscillatory
40,500,240,modular,6,0.08,0.004,0.12,2,20.0,0.72,0.22,True,static,1.0,False,False,1.0,default,default,0.38038333333333335,0.7708333333333334,0.125,0.02489377990136849,0.35090000000000005,0.4125,0.12916666666666665,0.02464798842366925,0.26871666666666666,0.35833333333333334,0.12916666666666665,0.021947671352054134,0.6640904378559258,0.7816881293880833,0.16396188724348093,0.03110435677771667,0.6636793702616709,0.7816881293880833,0.16396188724348093,0.03091380270110047,0.19490823545207858,0.5777940072765997,0.40730415009386567,0.08313494662608377,0.1961,0.5833333333333334,0.4333333333333333,0.08870244265708432,2.152649939576904,2.2991354230939067,0.2332967786245992,0.045193039859190064,1.0,1.0,0.0,0.0,0.36114285714285715,0.5357142857142857,0.3571428571428571,0.07629373954576844,0.0,0.0,0.0,0.0,0.0,0.0,0.0,0.0,0.0,0.0,0.0,0.0,0.0,0.0,0.0,0.0,0.0,0.0,0.0,0.0,stable,oscillatory
41,500,240,modular,6,0.08,0.004,0.12,2,20.0,0.72,0.22,True,static,1.0,False,False,1.0,default,default,0.3471166666666667,0.7875,0.12083333333333335,0.02196158894271744,0.39213333333333333,0.45416666666666666,0.13333333333333336,0.02231539080246337,0.26075,0.4041666666666667,0.13333333333333333,0.02186908650228547,0.6526088161685873,0.8009658805906644,0.1681136972507864,0.02831287721323816,0.6526443060556444,0.8009658805906644,0.1681136972507864,0.028428631304541697,0.16076164170586438,0.6080818268737271,0.41101019521527915,0.07058586555467869,0.16181666666666666,0.625,0.475,0.07556558777350676,2.188413803951249,2.336990080319063,0.25975197278100604,0.04174292295760697,1.0,1.0,0.0,0.0,0.31214285714285717,0.5,0.35714285714285715,0.06578024639910168,0.0,0.0,0.0,0.0,0.0,0.0,0.0,0.0,0.0,0.0,0.0,0.0,0.0,0.0,0.0,0.0,0.0,0.0,0.0,0.0,stable,runaway
42,500,240,modular,6,0.08,0.004,0.12,2,20.0,0.72,0.22,True,static,1.0,False,False,1.0,default,default,0.31994999999999996,0.7958333333333333,0.13333333333333336,0.021971831714467708,0.41885,0.5208333333333334,0.1708333333333334,0.023673643337874486,0.2612,0.3541666666666667,0.10833333333333336,0.019382236999663148,0.6636660786203407,0.7670379441953227,0.14169775750355407,0.025465597568362343,0.6638303420058852,0.7670379441953227,0.14169775750355407,0.02546062452792674,0.18703892089068655,0.5239408293431815,0.37045079036522066,0.06945582704181204,0.1856,0.5375,0.35833333333333334,0.07492218926622769,2.249567175357849,2.40750180265482,0.22465738967294469,0.03902130639085287,1.0,1.0,0.0,0.0,0.22414285714285714,0.4642857142857143,0.3928571428571429,0.07027482494043058,0.0,0.0,0.0,0.0,0.0,0.0,0.0,0.0,0.0,0.0,0.0,0.0,0.0,0.0,0.0,0.0,0.0,0.0,0.0,0.0,stable,stable
43,500,240,modular,6,0.08,0.004,0.12,2,20.0,0.72,0.22,True,static,1.0,False,False,1.0,default,default,0.33416666666666667,0.8208333333333333,0.14583333333333331,0.022769985116864313,0.4273166666666667,0.5333333333333333,0.13749999999999996,0.025096640988165907,0.23851666666666665,0.3875,0.11250000000000002,0.02105897143209463,0.6701916672555802,0.8407738793954916,0.15443977707675993,0.02704190871625604,0.6701657122126802,0.8407738793954916,0.15443977707675993,0.026979911981284715,0.20980406575229113,0.6835877768812835,0.4192321281754487,0.07676434160655396,0.20821666666666666,0.7083333333333334,0.46249999999999997,0.0798395978752955,2.195304261614093,2.394068696894625,0.23907067608696053,0.040501772354407085,1.0,1.0,0.0,0.0,0.2827142857142857,0.4642857142857143,0.35714285714285715,0.06765895871115334,0.0,0.0,0.0,0.0,0.0,0.0,0.0,0.0,0.0,0.0,0.0,0.0,0.0,0.0,0.0,0.0,0.0,0.0,0.0,0.0,stable,stable
44,500,240,modular,6,0.08,0.004,0.12,2,20.0,0.72,0.22,True,static,1.0,False,False,1.0,default,default,0.3218833333333333,0.8375,0.14583333333333331,0.024248602479776483,0.4308166666666667,0.49583333333333335,0.1333333333333333,0.025308919156868174,0.2473,0.4083333333333333,0.13333333333333336,0.021827963716297496,0.6771140039738983,0.8600498647192344,0.19465996846206135,0.02888486977632338,0.6768963098812038,0.8600498647192344,0.19465996846206135,0.029082004464707118,0.22996904658623515,0.6996772664834925,0.4666665524773075,0.08562885987350777,0.22761666666666666,0.6541666666666667,0.49583333333333335,0.08788660781560143,2.2379399219440628,2.425229283887787,0.3005047647962207,0.04369912775114746,1.0,1.0,0.0,0.0,0.26828571428571424,0.4642857142857143,0.32142857142857145,0.06237084614609291,0.0,0.0,0.0,0.0,0.0,0.0,0.0,0.0,0.0,0.0,0.0,0.0,0.0,0.0,0.0,0.0,0.0,0.0,0.0,0.0,stable,runaway
45,500,240,modular,6,0.08,0.004,0.12,2,20.0,0.72,0.22,True,static,1.0,False,False,1.0,default,default,0.4007833333333333,0.8125,0.14166666666666666,0.021392762275540243,0.375,0.44166666666666665,0.11666666666666664,0.020652548941420715,0.22421666666666668,0.37083333333333335,0.10000000000000003,0.019105271233062587,0.6119197475849876,0.8054264384552987,0.1573621115110686,0.027036889128394078,0.6119646105625467,0.8054264384552987,0.1573621115110686,0.027040118326825315,0.08484408803785247,0.6298234985596867,0.28625407018422155,0.04175650551643708,0.08401666666666667,0.6083333333333333,0.3,0.045269467880926346,2.0849063055217685,2.322191400241809,0.22583468022466624,0.03980014626366024,1.0,1.0,0.0,0.0,0.3494285714285714,0.5357142857142857,0.3571428571428571,0.06493073232299171,0.0,0.0,0.0,0.0,0.0,0.0,0.0,0.0,0.0,0.0,0.0,0.0,0.0,0.0,0.0,0.0,0.0,0.0,0.0,0.0,stable,stable
46,500,240,modular,6,0.08,0.004,0.12,2,20.0,0.72,0.22,True,static,1.0,False,False,1.0,default,default,0.36505,0.8125,0.125,0.022347265554822984,0.4239166666666666,0.49166666666666664,0.12916666666666665,0.02191223022271657,0.21103333333333332,0.35,0.07916666666666669,0.01747820865471567,0.6175132418845235,0.754543972220852,0.14286606821002734,0.025285973106994725,0.6177840633179975,0.754543972220852,0.14286606821002734,0.025478368252188716,0.09155517958554904,0.4889238692065112,0.25413941094212067,0.04225298634505008,0.09090000000000001,0.5125,0.2833333333333333,0.04613802962608805,2.100640044657681,2.263167163367646,0.21812744488736424,0.03912174640350727,1.0,1.0,0.0,0.0,0.259,0.4642857142857143,0.3928571428571429,0.061657546668874935,0.0,0.0,0.0,0.0,0.0,0.0,0.0,0.0,0.0,0.0,0.0,0.0,0.0,0.0,0.0,0.0,0.0,0.0,0.0,0.0,stable,stable
47,500,240,modular,6,0.08,0.004,0.12,2,20.0,0.72,0.22,True,static,1.0,False,False,1.0,default,default,0.35834999999999995,0.8,0.125,0.022184510361962013,0.3892333333333334,0.44166666666666665,0.11249999999999999,0.021220954005154644,0.2524166666666666,0.375,0.10833333333333331,0.020263712778154835,0.646654525439175,0.8002746698555089,0.16676411042040762,0.027432378556409766,0.6465867848682944,0.8002746698555089,0.16676411042040762,0.027376362503220543,0.14777564976219873,0.614080525626162,0.3908818415222294,0.06634554737001845,0.14758333333333332,0.5625,0.3958333333333333,0.0696942230190008,2.162659310577417,2.3323096639615604,0.2471294136267721,0.04117992989398538,1.0,1.0,0.0,0.0,0.20985714285714285,0.42857142857142855,0.39285714285714285,0.060404926140512884,0.0,0.0,0.0,0.0,0.0,0.0,0.0,0.0,0.0,0.0,0.0,0.0,0.0,0.0,0.0,0.0,0.0,0.0,0.0,0.0,stable,stable
48,500,240,modular,6,0.08,0.004,0.12,2,20.0,0.72,0.22,True,static,1.0,False,False,1.0,default,default,0.33663333333333334,0.7791666666666667,0.12083333333333335,0.023639632446851248,0.41808333333333336,0.49583333333333335,0.16250000000000003,0.02406025422420414,0.2452833333333333,0.38333333333333336,0.1375,0.021779583967049918,0.6578159140232042,0.7935788370239825,0.14299152422998296,0.028692804377253214,0.6577154680368751,0.7935788370239825,0.14299152422998296,0.02852363503136623,0.17319880929401596,0.5920927303294198,0.3544774039284254,0.07250345117395428,0.17463333333333333,0.5916666666666667,0.35833333333333334,0.07396886732493159,2.213264483797811,2.390501650235229,0.22053788145768616,0.043439510403791015,1.0,1.0,0.0,0.0,0.3291428571428572,0.5357142857142857,0.3214285714285714,0.06437834596020177,0.0,0.0,0.0,0.0,0.0,0.0,0.0,0.0,0.0,0.0,0.0,0.0,0.0,0.0,0.0,0.0,0.0,0.0,0.0,0.0,stable,oscillatory
49,500,240,modular,6,0.08,0.004,0.12,2,20.0,0.72,0.22,True,static,1.0,False,False,1.0,default,default,0.3225166666666667,0.8166666666666667,0.21250000000000002,0.02595695689234605,0.42369999999999997,0.4875,0.1333333333333333,0.024624490970486183,0.25378333333333336,0.38333333333333336,0.14583333333333337,0.022137330211407357,0.6740275950469042,0.776262140282037,0.24470074219802118,0.031456815800251205,0.6742196291607873,0.776262140282037,0.24470074219802118,0.03150603431634518,0.21997303418162512,0.5513235819013818,0.5006905778806844,0.08666477890534832,0.2172,0.5333333333333333,0.4833333333333333,0.088242053466587,2.1892484214299603,2.337209248515745,0.3658170646379899,0.04663104026276131,1.0,1.0,0.0,0.0,0.29371428571428565,0.5357142857142857,0.39285714285714285,0.06330425397576826,0.0,0.0,0.0,0.0,0.0,0.0,0.0,0.0,0.0,0.0,0.0,0.0,0.0,0.0,0.0,0.0,0.0,0.0,0.0,0.0,stable,oscillatory
50,500,240,modular,6,0.08,0.004,0.12,2,20.0,0.72,0.22,True,static,1.0,False,False,1.0,default,default,0.40331666666666666,0.7833333333333333,0.10416666666666663,0.02164196669025766,0.3976666666666666,0.4666666666666667,0.12083333333333335,0.021251797309613338,0.19901666666666665,0.35,0.11666666666666667,0.01938118360105434,0.5993645070256391,0.7974200738008506,0.15304186035605793,0.027672791160012474,0.5993946570589542,0.7974200738008506,0.15304186035605793,0.02778607103760931,0.06941213810471963,0.6221550420933847,0.24001630039443345,0.035232023000442966,0.06901666666666668,0.65,0.225,0.03952625358191973,2.061902646440989,2.329525386859855,0.19874445761088055,0.039989244690088355,1.0,1.0,0.0,0.0,0.21128571428571427,0.39285714285714285,0.2857142857142857,0.05332017269595562,0.0,0.0,0.0,0.0,0.0,0.0,0.0,0.0,0.0,0.0,0.0,0.0,0.0,0.0,0.0,0.0,0.0,0.0,0.0,0.0,stable,stable
1,500,240,modular,6,0.08,0.004,0.12,4,20.0,0.72,0.22,True,static,1.0,False,False,1.0,default,default,0.3906,0.8333333333333334,0.3458333333333333,0.11037487133502001,0.3870333333333333,0.49583333333333335,0.20416666666666666,0.036397557915638,0.22236666666666668,0.42083333333333334,0.37083333333333335,0.1318264178548611,0.6149774551586166,0.8717087015665393,0.5194725826149631,0.17801057474847798,0.6167869384881812,0.8717087015665393,0.5189928717298024,0.17745691891277857,0.30519402878381696,0.7152266446444066,0.7147431603080697,0.27316962024018354,0.30556666666666665,0.7541666666666667,0.7208333333333333,0.27500123434066415,2.098093904866845,2.471803604393914,0.7581774354878277,0.25132051493739016,1.0,1.0,0.0,0.0,0.22785714285714287,0.6071428571428571,0.6071428571428571,0.1260648521149948,0.0,0.0,0.0,0.0,0.0,0.0,0.0,0.0,0.0,0.0,0.0,0.0,0.0,0.0,0.0,0.0,0.0,0.0,0.0,0.0,oscillatory,runaway
2,500,240,modular,6,0.08,0.004,0.12,4,20.0,0.72,0.22,True,static,1.0,False,False,1.0,default,default,0.3515666666666667,0.7875,0.21666666666666662,0.0262660744434083,0.3688333333333333,0.44166666666666665,0.14999999999999997,0.02604269997949948,0.27959999999999996,0.3541666666666667,0.1875,0.025859255811239254,0.6739628029675311,0.7982583044912704,0.2741482366285324,0.034129655804853956,0.6738778708181347,0.7982583044912704,0.27794224963423675,0.03436545814857304,0.2219257592562012,0.6070038179870001,0.4850723347538313,0.0915097580030769,0.22108333333333335,0.6083333333333333,0.5458333333333334,0.0959362128940081,2.1865349033540866,2.3591871612770716,0.4151259799093463,0.05008184738152035,1.0,1.0,0.0,0.0,0.31785714285714284,0.5714285714285714,0.4285714285714286,0.07229827671754376,0.0,0.0,0.0,0.0,0.0,0.0,0.0,0.0,0.0,0.0,0.0,0.0,0.0,0.0,0.0,0.0,0.0,0.0,0.0,0.0,oscillatory,oscillatory
3,500,240,modular,6,0.08,0.004,0.12,4,20.0,0.72,0.22,True,static,1.0,False,False,1.0,default,default,0.357,0.8,0.13333333333333336,0.020930440352112358,0.40325000000000005,0.4625,0.1375,0.022649043394074433,0.23975,0.4,0.10833333333333331,0.019829306313860023,0.6472742282679651,0.8104424841882599,0.14583504441926454,0.025347146297315482,0.647229358905734,0.8104424841882599,0.14583504441926454,0.02530651559648582,0.1472066823972709,0.6298333067915164,0.34301206419896274,0.05842369746355469,0.14726666666666666,0.6,0.3125,0.0617962692149687,2.1604665639004357,2.3436405041126482,0.23418575579550494,0.03863817652176603,1.0,1.0,0.0,0.0,0.21885714285714283,0.4642857142857143,0.25,0.05513915605640192,0.0,0.0,0.0,0.0,0.0,0.0,0.0,0.0,0.0,0.0,0.0,0.0,0.0,0.0,0.0,0.0,0.0,0.0,0.0,0.0,stable,stable
4,500,240,modular,6,0.08,0.004,0.12,4,20.0,0.72,0.22,True,static,1.0,False,False,1.0,default,default,0.36569999999999997,0.7791666666666667,0.15000000000000002,0.021406359387392857,0.4244333333333334,0.5166666666666667,0.12916666666666665,0.02210985200211787,0.20986666666666667,0.36666666666666664,0.10833333333333336,0.01936158854823413,0.6189732640424525,0.7795994532838288,0.19935171221780257,0.02593075473982692,0.618967582481899,0.7795994532838288,0.19935171221780257,0.02593629211983707,0.09419820370604123,0.5673730232099303,0.30150557339702233,0.042776065258856494,0.09309999999999999,0.5791666666666667,0.2875,0.047694350935001836,2.1365297198935695,2.3298112434224816,0.29642478766501035,0.03896349210010137,1.0,1.0,0.0,0.0,0.1834285714285714,0.5,0.25,0.055575651694105124,0.0,0.0,0.0,0.0,0.0,0.0,0.0,0.0,0.0,0.0,0.0,0.0,0.0,0.0,0.0,0.0,0.0,0.0,0.0,0.0,stable,stable
5,500,240,modular,6,0.08,0.004,0.12,4,20.0,0.72,0.22,True,static,1.0,False,False,1.0,default,default,0.37095000000000006,0.7666666666666667,0.1375,0.024498871856112523,0.3521166666666667,0.42916666666666664,0.125,0.0241127041204424,0.27693333333333336,0.42916666666666664,0.12083333333333332,0.022940405886169978,0.6555975707515466,0.8199628881622709,0.1467171311244897,0.029998727439504737,0.6548573685508443,0.8199628881622709,0.1467171311244897,0.02997834268766041,0.16767217651870964,0.6431853092892718,0.35808611005608965,0.07401869141213759,0.16963333333333333,0.6541666666666667,0.4,0.07758474936051114,2.1416106367281116,2.3443081251540874,0.22300926993096626,0.044169285816474314,1.0,1.0,0.0,0.0,0.25399999999999995,0.4642857142857143,0.35714285714285715,0.06400191323670867,0.0,0.0,0.0,0.0,0.0,0.0,0.0,0.0,0.0,0.0,0.0,0.0,0.0,0.0,0.0,0.0,0.0,0.0,0.0,0.0,stable,runaway
6,500,240,modular,6,0.08,0.004,0.12,4,20.0,0.72,0.22,True,static,1.0,False,False,1.0,default,default,0.3416166666666667,0.7958333333333333,0.13333333333333336,0.02402973273999433,0.41173333333333334,0.475,0.12916666666666665,0.023596044866318874,0.24665000000000004,0.3375,0.16250000000000003,0.024806747513977368,0.6568649832143622,0.7734545044805098,0.20297791108235141,0.03256923868543004,0.657377950291812,0.7734545044805098,0.20297791108235141,0.03274647230709775,0.1756528402825723,0.5450223300690555,0.5099833240122397,0.08605536396469222,0.17283333333333334,0.5875,0.55,0.08848508976720944,2.1704239546030317,2.3149457865391154,0.270474608631198,0.04601203038330125,1.0,1.0,0.0,0.0,0.3494285714285714,0.5357142857142857,0.39285714285714285,0.06717081484801966,0.0,0.0,0.0,0.0,0.0,0.0,0.0,0.0,0.0,0.0,0.0,0.0,0.0,0.0,0.0,0.0,0.0,0.0,0.0,0.0,oscillatory,oscillatory
7,500,240,modular,6,0.08,0.004,0.12,4,20.0,0.72,0.22,True,static,1.0,False,False,1.0,default,default,0.3721833333333334,0.8416666666666667,0.12083333333333329,0.022199781029951123,0.41055,0.48333333333333334,0.13333333333333336,0.02322032754099543,0.21726666666666666,0.35833333333333334,0.12083333333333335,0.020630371354442997,0.6249359854515535,0.7770336927817791,0.132409406602083,0.02796863758652591,0.6244098923151352,0.7770336927817791,0.132409406602083,0.02809180196584025,0.10698048299835446,0.5722586466902374,0.2502732312645857,0.05162549095539225,0.10879999999999998,0.5708333333333333,0.26666666666666666,0.055454475823768175,2.124942984481974,2.290560685973567,0.19229781402406143,0.040632790661755847,1.0,1.0,0.0,0.0,0.21571428571428572,0.5,0.2857142857142857,0.05576920370269467,0.0,0.0,0.0,0.0,0.0,0.0,0.0,0.0,0.0,0.0,0.0,0.0,0.0,0.0,0.0,0.0,0.0,0.0,0.0,0.0,stable,oscillatory
8,500,240,modular,6,0.08,0.004,0.12,4,20.0,0.72,0.22,True,static,1.0,False,False,1.0,default,default,0.37938333333333335,0.8,0.1166666666666667,0.021554717194464265,0.3866,0.45,0.12916666666666665,0.024057708397379276,0.23401666666666665,0.36666666666666664,0.11666666666666664,0.02084045878147173,0.6301606297894695,0.7474508965156329,0.15191010794737136,0.02661591990802011,0.6296900726233369,0.7474508965156329,0.15191010794737136,0.02651034262751544,0.11415089150821964,0.4728443441304026,0.30155923211115077,0.05238869920144068,0.11364999999999997,0.5041666666666667,0.32083333333333336,0.0563199910235157,2.075988766100941,2.2008016558904306,0.20865724080896508,0.03815150852420856,1.0,1.0,0.0,0.0,0.2828571428571428,0.4642857142857143,0.32142857142857145,0.061045316054918565,0.0,0.0,0.0,0.0,0.0,0.0,0.0,0.0,0.0,0.0,0.0,0.0,0.0,0.0,0.0,0.0,0.0,0.0,0.0,0.0,stable,stable
9,500,240,modular,6,0.08,0.004,0.12,4,20.0,0.72,0.22,True,static,1.0,False,False,1.0,default,default,0.36286666666666667,0.7583333333333333,0.14166666666666666,0.02350541308814726,0.3913166666666667,0.4583333333333333,0.1333333333333333,0.02419428881184795,0.24581666666666666,0.39166666666666666,0.12916666666666668,0.023444668903612183,0.6518280920574283,0.8484743750875412,0.17345075392722575,0.03088946942924568,0.6513424355612529,0.8484743750875412,0.17345075392722575,0.030304178051868778,0.1615535555013645,0.6875491334244597,0.38957736618991573,0.07622845176049316,0.15919999999999998,0.6916666666666667,0.4083333333333333,0.08008120184468318,2.158081286895015,2.4183582555169547,0.2408241899733028,0.0446184839148499,1.0,1.0,0.0,0.0,0.22685714285714284,0.5357142857142857,0.3214285714285714,0.06787683924670071,0.0,0.0,0.0,0.0,0.0,0.0,0.0,0.0,0.0,0.0,0.0,0.0,0.0,0.0,0.0,0.0,0.0,0.0,0.0,0.0,stable,oscillatory
10,500,240,modular,6,0.08,0.004,0.12,4,20.0,0.72,0.22,True,static,1.0,False,False,1.0,default,default,0.3533833333333333,0.7875,0.20416666666666666,0.024330142484854735,0.41133333333333333,0.475,0.1333333333333333,0.02377615518866655,0.23528333333333332,0.37916666666666665,0.1958333333333333,0.023567639065275738,0.6599838539188843,0.815522468549318,0.2884158130133725,0.032335429532307614,0.6594324628003253,0.815522468549318,0.2884158130133725,0.032072294465474584,0.1851114663890965,0.654038766763373,0.482770897927289,0.0792607735623889,0.18593333333333334,0.6791666666666667,0.4958333333333333,0.08246575720328475,2.155721912887829,2.3533719628815626,0.39236455168604256,0.04654016051183991,1.0,1.0,0.0,0.0,0.2775714285714286,0.5357142857142857,0.39285714285714285,0.06723413248810883,0.0,0.0,0.0,0.0,0.0,0.0,0.0,0.0,0.0,0.0,0.0,0.0,0.0,0.0,0.0,0.0,0.0,0.0,0.0,0.0,oscillatory,oscillatory
11,500,240,modular,6,0.08,0.004,0.12,4,20.0,0.72,0.22,True,static,1.0,False,False,1.0,default,default,0.36096666666666666,0.8166666666666667,0.14166666666666666,0.023148290073638986,0.40945,0.4875,0.1333333333333333,0.022479997281534037,0.2295833333333333,0.38333333333333336,0.11666666666666664,0.01930475617849423,0.6397281656621518,0.8041148177409095,0.14991865751509015,0.027224520305718605,0.6398415327143944,0.8041148177409095,0.14991865751509015,0.027326835229493456,0.13339115773752105,0.6222905749357651,0.34895266102583,0.058369874595534416,0.1319,0.6541666666666667,0.3958333333333333,0.0628216257881525,2.128069605759917,2.337317190941208,0.2360360894370448,0.040623980352420784,1.0,1.0,0.0,0.0,0.2481428571428571,0.4642857142857143,0.2857142857142857,0.06277283306836304,0.0,0.0,0.0,0.0,0.0,0.0,0.0,0.0,0.0,0.0,0.0,0.0,0.0,0.0,0.0,0.0,0.0,0.0,0.0,0.0,stable,stable
12,500,240,modular,6,0.08,0.004,0.12,4,20.0,0.72,0.22,True,static,1.0,False,False,1.0,default,default,0.38148333333333334,0.7708333333333334,0.15416666666666667,0.024517165188677276,0.36805,0.42916666666666664,0.125,0.024567712551232766,0.2504666666666666,0.36666666666666664,0.11249999999999999,0.020461454276544253,0.6320209364023162,0.7910201887289651,0.17181597891309897,0.02900176465301621,0.6319751997906234,0.7910201887289651,0.17181597891309897,0.02868837515684089,0.11943912942320707,0.5987032117895609,0.2965512473988626,0.05650672629907443,0.11966666666666666,0.6166666666666667,0.3458333333333333,0.061412991748941485,2.100992746964861,2.2839481907801003,0.25938243457968335,0.04278812191307998,1.0,1.0,0.0,0.0,0.25657142857142856,0.42857142857142855,0.2857142857142857,0.05765555710689233,0.0,0.0,0.0,0.0,0.0,0.0,0.0,0.0,0.0,0.0,0.0,0.0,0.0,0.0,0.0,0.0,0.0,0.0,0.0,0.0,stable,stable
13,500,240,modular,6,0.08,0.004,0.12,4,20.0,0.72,0.22,True,static,1.0,False,False,1.0,default,default,0.34441666666666665,0.8291666666666667,0.14583333333333337,0.024155313425138304,0.40263333333333334,0.4708333333333333,0.14166666666666666,0.02614614906847873,0.25295,0.37083333333333335,0.12083333333333332,0.023210516055347748,0.6702367651681825,0.7929280320096094,0.1683593205418934,0.030592193645332565,0.6708218369843737,0.7929280320096094,0.1683593205418934,0.03058510435413396,0.21449926946931935,0.6049810102206882,0.4602577380077182,0.08652223050883855,0.21445,0.6291666666666667,0.48750000000000004,0.09063902918230705,2.2153131613047874,2.3529574854254367,0.25942051056712945,0.04538866924259406,1.0,1.0,0.0,0.0,0.28385714285714286,0.4642857142857143,0.4285714285714286,0.06724627294125524,0.0,0.0,0.0,0.0,0.0,0.0,0.0,0.0,0.0,0.0,0.0,0.0,0.0,0.0,0.0,0.0,0.0,0.0,0.0,0.0,stable,oscillatory
14,500,240,modular,6,0.08,0.004,0.12,4,20.0,0.72,0.22,True,static,1.0,False,False,1.0,default,default,0.34021666666666667,0.7708333333333334,0.14166666666666666,0.02271612863143718,0.4316666666666667,0.5041666666666667,0.14166666666666666,0.022931056088486928,0.22811666666666666,0.37083333333333335,0.14583333333333331,0.021491477639080825,0.6473676269710616,0.7996202439150755,0.18765544889966623,0.028412424946175987,0.6474947183422793,0.7996202439150755,0.18765544889966623,0.028488899877367475,0.15055058304132368,0.61199360544907,0.4160871678932597,0.06762753799436602,0.15041666666666667,0.6333333333333333,0.42916666666666664,0.07366709087359008,2.1413314182113847,2.304627237355518,0.24005135565811608,0.04212398442598704,1.0,1.0,0.0,0.0,0.35214285714285715,0.6071428571428571,0.4642857142857143,0.0720721010870506,0.0,0.0,0.0,0.0,0.0,0.0,0.0,0.0,0.0,0.0,0.0,0.0,0.0,0.0,0.0,0.0,0.0,0.0,0.0,0.0,stable,oscillatory
15,500,240,modular,6,0.08,0.004,0.12,4,20.0,0.72,0.22,True,static,1.0,False,False,1.0,default,default,0.36173333333333335,0.7791666666666667,0.1375,0.02257631502260721,0.4293666666666667,0.49583333333333335,0.1291666666666667,0.022808721528787577,0.20889999999999997,0.4083333333333333,0.11250000000000002,0.018744213922049533,0.6210712033176606,0.824468104561683,0.15869859906623252,0.025414669833800554,0.6207885959853333,0.824468104561683,0.15869859906623252,0.025600496128289567,0.0966424650766599,0.6560388872525481,0.26088279245181134,0.04219308150603157,0.09766666666666665,0.6541666666666667,0.2833333333333333,0.045314947251921686,2.1320234622485668,2.386554021466549,0.26403495420875145,0.03904297977458329,1.0,1.0,0.0,0.0,0.19814285714285715,0.5357142857142857,0.28571428571428575,0.05596664458516741,0.0,0.0,0.0,0.0,0.0,0.0,0.0,0.0,0.0,0.0,0.0,0.0,0.0,0.0,0.0,0.0,0.0,0.0,0.0,0.0,stable,runaway
16,500,240,modular,6,0.08,0.004,0.12,4,20.0,0.72,0.22,True,static,1.0,False,False,1.0,default,default,0.39998333333333336,0.7875,0.31249999999999994,0.09991350286900942,0.36001666666666665,0.48333333333333334,0.20833333333333337,0.05614724936371426,0.24,0.4583333333333333,0.3833333333333333,0.1494220346683997,0.6216417066258418,0.8955793886368061,0.49903090253767807,0.1843335545099701,0.617730616942279,0.8955793886368061,0.49313954770788293,0.18482624145571233,0.3123365523421745,0.726788151264316,0.706313285945853,0.2894814072697794,0.31268333333333326,0.7708333333333334,0.7416666666666667,0.291260731323519,2.1290546263071444,2.482401284223079,0.708068872808564,0.2528382355800348,1.0,1.0,0.0,0.0,0.2572857142857143,0.5714285714285714,0.5357142857142857,0.14276061024223277,0.0,0.0,0.0,0.0,0.0,0.0,0.0,0.0,0.0,0.0,0.0,0.0,0.0,0.0,0.0,0.0,0.0,0.0,0.0,0.0,runaway,runaway
17,500,240,modular,6,0.08,0.004,0.12,4,20.0,0.72,0.22,True,static,1.0,False,False,1.0,default,default,0.38685,0.8166666666666667,0.09583333333333333,0.019128432879994235,0.4054,0.4625,0.1166666666666667,0.020939887508983637,0.20775,0.42083333333333334,0.09999999999999998,0.0196286709234788,0.5900269984294815,0.8265693662630843,0.11695002483028394,0.024121832969084708,0.5905334172401127,0.8265693662630843,0.11695002483028394,0.023909051643205493,0.055006350534011886,0.6446352678329679,0.13173793674845505,0.024567729286109553,0.05465,0.6625,0.16249999999999998,0.0287899915093963,2.1237578856428376,2.4275256379576264,0.20739767163786027,0.037694688104607674,1.0,1.0,0.0,0.0,0.26342857142857146,0.42857142857142855,0.3571428571428571,0.06634234034497863,0.0,0.0,0.0,0.0,0.0,0.0,0.0,0.0,0.0,0.0,0.0,0.0,0.0,0.0,0.0,0.0,0.0,0.0,0.0,0.0,stable,runaway
18,500,240,modular,6,0.08,0.004,0.12,4,20.0,0.72,0.22,True,static,1.0,False,False,1.0,default,default,0.35718333333333335,0.875,0.1166666666666667,0.022450494921542868,0.41251666666666664,0.4791666666666667,0.14583333333333337,0.02421976350925922,0.2303,0.3541666666666667,0.11666666666666667,0.022369224890957266,0.6443356836725629,0.7779017076107911,0.17059489930052618,0.02980333046740532,0.6442634536112681,0.7779017076107911,0.17059489930052618,0.029634917538625356,0.1465944557147406,0.5696152090242551,0.3945198881101169,0.06688974377858439,0.14545000000000002,0.625,0.375,0.06934459243517119,2.1486147220914784,2.3077449470427975,0.21141867800276914,0.04212333087666751,1.0,1.0,0.0,0.0,0.22614285714285715,0.5357142857142857,0.35714285714285715,0.06520939584233586,0.0,0.0,0.0,0.0,0.0,0.0,0.0,0.0,0.0,0.0,0.0,0.0,0.0,0.0,0.0,0.0,0.0,0.0,0.0,0.0,stable,stable
19,500,240,modular,6,0.08,0.004,0.12,4,20.0,0.72,0.22,True,static,1.0,False,False,1.0,default,default,0.34356666666666663,0.8166666666666667,0.15000000000000002,0.02393279943694195,0.3869666666666667,0.4583333333333333,0.12083333333333335,0.024221065211918327,0.2694666666666667,0.4166666666666667,0.13749999999999998,0.023548271934711287,0.6792887491344155,0.8202909329884689,0.19814456160224392,0.03015031399556269,0.6786968331319941,0.8202909329884689,0.19814456160224392,0.03040146221358916,0.2341300565323955,0.648156561944917,0.48793585458063615,0.0877038872504226,0.23415000000000002,0.6083333333333333,0.5375,0.09016242904398213,2.2300142913250505,2.3634121111252457,0.3068365957370722,0.04612948353931186,1.0,1.0,0.0,0.0,0.39,0.5714285714285714,0.3928571428571428,0.07734101533508093,0.0,0.0,0.0,0.0,0.0,0.0,0.0,0.0,0.0,0.0,0.0,0.0,0.0,0.0,0.0,0.0,0.0,0.0,0.0,0.0,stable,runaway
20,500,240,modular,6,0.08,0.004,0.12,4,20.0,0.72,0.22,True,static,1.0,False,False,1.0,default,default,0.3605,0.7833333333333333,0.11250000000000004,0.02277669374114201,0.397,0.4625,0.125,0.02289225973021352,0.2425,0.39166666666666666,0.12500000000000003,0.021402232489989348,0.6477784830954239,0.816646109991468,0.1761396594550393,0.029770375690260774,0.6481022295506024,0.816646109991468,0.17549497345031473,0.029104301838649215,0.15427457492966187,0.6514074314266647,0.4267135228200056,0.07001829288282262,0.15471666666666667,0.6416666666666667,0.46249999999999997,0.07692196803687922,2.1293425218593884,2.3316369944010145,0.21639735160950124,0.04188318616675386,1.0,1.0,0.0,0.0,0.26542857142857146,0.5,0.39285714285714285,0.06900695025628556,0.0,0.0,0.0,0.0,0.0,0.0,0.0,0.0,0.0,0.0,0.0,0.0,0.0,0.0,0.0,0.0,0.0,0.0,0.0,0.0,stable,oscillatory
21,500,240,modular,6,0.08,0.004,0.12,4,20.0,0.72,0.22,True,static,1.0,False,False,1.0,default,default,0.3954,0.7958333333333333,0.1375,0.022637383044669963,0.36543333333333333,0.45,0.14583333333333331,0.021969195605564523,0.2391666666666667,0.3541666666666667,0.12500000000000003,0.020221001184137468,0.6291105538455645,0.7652501938465527,0.18608324905647788,0.02742292828205017,0.6287810909723371,0.7652501938465527,0.18608324905647788,0.02773294219137993,0.11260595560878267,0.5284158967111653,0.3715534464507894,0.05561624666793096,0.11376666666666667,0.5458333333333333,0.3333333333333333,0.05936638592484621,2.109013595241223,2.2819027679046444,0.2645493628550899,0.0417635142633766,1.0,1.0,0.0,0.0,0.301,0.5,0.32142857142857145,0.06848223365611414,0.0,0.0,0.0,0.0,0.0,0.0,0.0,0.0,0.0,0.0,0.0,0.0,0.0,0.0,0.0,0.0,0.0,0.0,0.0,0.0,stable,oscillatory
22,500,240,modular,6,0.08,0.004,0.12,4,20.0,0.72,0.22,True,static,1.0,False,False,1.0,default,default,0.34415,0.7583333333333333,0.14166666666666666,0.026061087425082206,0.37548333333333334,0.4583333333333333,0.14999999999999997,0.027012903295359506,0.28036666666666665,0.3875,0.17500000000000002,0.029010611085524475,0.6794812257571807,0.794785775464526,0.23487916550400112,0.03724147674947969,0.6801319524387693,0.794785775464526,0.23487916550400112,0.036976231165056404,0.2408515922483329,0.5956606215695437,0.4978933296789521,0.10042163315038774,0.2381,0.5791666666666667,0.5125,0.10578634652501764,2.2165160128177512,2.356674675635493,0.33416674451470785,0.05296476953275635,1.0,1.0,0.0,0.0,0.36028571428571426,0.6071428571428571,0.42857142857142855,0.0813177190320254,0.0,0.0,0.0,0.0,0.0,0.0,0.0,0.0,0.0,0.0,0.0,0.0,0.0,0.0,0.0,0.0,0.0,0.0,0.0,0.0,oscillatory,oscillatory
23,500,240,modular,6,0.08,0.004,0.12,4,20.0,0.72,0.22,True,static,1.0,False,False,1.0,default,default,0.3680666666666667,0.8333333333333334,0.14166666666666666,0.02510225753459902,0.35005,0.4125,0.11666666666666664,0.021416770427764204,0.2818833333333333,0.42083333333333334,0.14166666666666666,0.02200808563535987,0.6521328780546112,0.8213015783989709,0.21993822140797592,0.0310042064790846,0.6523031272839589,0.8213015783989709,0.21993822140797592,0.03073369018086123,0.1613447290185998,0.6432551244829094,0.4794825018135726,0.0750954552119368,0.162,0.7083333333333334,0.4458333333333333,0.08081116534517024,2.188365657661041,2.3788941993432084,0.3125626714163001,0.04799514127472545,1.0,1.0,0.0,0.0,0.2294285714285714,0.39285714285714285,0.3214285714285714,0.05727912324035411,0.0,0.0,0.0,0.0,0.0,0.0,0.0,0.0,0.0,0.0,0.0,0.0,0.0,0.0,0.0,0.0,0.0,0.0,0.0,0.0,stable,runaway
24,500,240,modular,6,0.08,0.004,0.12,4,20.0,0.72,0.22,True,static,1.0,False,False,1.0,default,default,0.38111666666666666,0.8166666666666667,0.10416666666666669,0.020773654522549045,0.4395333333333334,0.49583333333333335,0.11249999999999999,0.022086421167767316,0.17935,0.375,0.1,0.018398588412037363,0.5904205442733342,0.8298587347348177,0.1316778236699978,0.024237668618224125,0.5897507164012994,0.8298587347348177,0.1316778236699978,0.024471361247260227,0.05723434131357873,0.6825579040005567,0.15821946249000393,0.026160128293878364,0.05701666666666667,0.6875,0.175,0.02972330268025783,2.0820405956959798,2.3510930599759337,0.19574810721425795,0.03680103600447428,1.0,1.0,0.0,0.0,0.15171428571428572,0.42857142857142855,0.25,0.05770367653550583,0.0,0.0,0.0,0.0,0.0,0.0,0.0,0.0,0.0,0.0,0.0,0.0,0.0,0.0,0.0,0.0,0.0,0.0,0.0,0.0,stable,stable
25,500,240,modular,6,0.08,0.004,0.12,4,20.0,0.72,0.22,True,static,1.0,False,False,1.0,default,default,0.37698333333333334,0.775,0.10416666666666669,0.022531391681631898,0.40363333333333334,0.4791666666666667,0.14166666666666666,0.02154759589580445,0.21938333333333332,0.36666666666666664,0.10416666666666666,0.02052560054609311,0.6227057622522272,0.7726269469954814,0.1542497440024998,0.028906427268022655,0.623079759977169,0.7726269469954814,0.1542497440024998,0.028576116675728864,0.10359088815345438,0.5536977454869632,0.2515510473160983,0.04839306175326438,0.10188333333333333,0.55,0.27499999999999997,0.05271511748171592,2.108973818249462,2.27992939249613,0.21568218635845504,0.04189685936028552,1.0,1.0,0.0,0.0,0.24428571428571427,0.5,0.3571428571428571,0.06387168258888046,0.0,0.0,0.0,0.0,0.0,0.0,0.0,0.0,0.0,0.0,0.0,0.0,0.0,0.0,0.0,0.0,0.0,0.0,0.0,0.0,stable,stable
26,500,240,modular,6,0.08,0.004,0.12,4,20.0,0.72,0.22,True,static,1.0,False,False,1.0,default,default,0.34264999999999995,0.8375,0.22083333333333333,0.026823854433445368,0.4009,0.475,0.14583333333333331,0.024364614596673686,0.25645,0.375,0.17083333333333336,0.022468997159048588,0.6776400718041025,0.7909744747073079,0.25428150696988283,0.03266884922323928,0.6773757155736733,0.7909744747073079,0.25428150696988283,0.03257490142385393,0.23395735668820133,0.5995196296229677,0.5119761510112737,0.09214419993000579,0.23393333333333333,0.6291666666666667,0.5125000000000001,0.09248228659226226,2.1741818054598983,2.2976662390048035,0.39224766267593614,0.048495644088360455,1.0,1.0,0.0,0.0,0.35,0.5357142857142857,0.39285714285714285,0.06708203932499368,0.0,0.0,0.0,0.0,0.0,0.0,0.0,0.0,0.0,0.0,0.0,0.0,0.0,0.0,0.0,0.0,0.0,0.0,0.0,0.0,oscillatory,oscillatory
27,500,240,modular,6,0.08,0.004,0.12,4,20.0,0.72,0.22,True,static,1.0,False,False,1.0,default,default,0.3408833333333333,0.7833333333333333,0.1791666666666667,0.025345068553862704,0.42660000000000003,0.5041666666666667,0.14583333333333337,0.02268616808150337,0.23251666666666665,0.37083333333333335,0.13749999999999998,0.021488685653410985,0.6626684098045862,0.8370018697991549,0.22914485089427628,0.03132106318418273,0.6627476177252614,0.8370018697991549,0.22914485089427628,0.031201626456624432,0.19146725289122027,0.6775124891873158,0.49913148745580127,0.08186605512401822,0.19201666666666664,0.6916666666666667,0.5791666666666667,0.08583302427128824,2.1794595179505682,2.424876676121274,0.3371951704929874,0.04699063714076829,1.0,1.0,0.0,0.0,0.3017142857142857,0.5357142857142857,0.4642857142857143,0.07449914394796489,0.0,0.0,0.0,0.0,0.0,0.0,0.0,0.0,0.0,0.0,0.0,0.0,0.0,0.0,0.0,0.0,0.0,0.0,0.0,0.0,stable,oscillatory
28,500,240,modular,6,0.08,0.004,0.12,4,20.0,0.72,0.22,True,static,1.0,False,False,1.0,default,default,0.35201666666666664,0.825,0.15416666666666662,0.0227950347907414,0.4045000000000001,0.4625,0.11250000000000004,0.023247461032216928,0.24348333333333333,0.37083333333333335,0.10833333333333331,0.021094160592711696,0.6419860999776562,0.8107023804773623,0.17894394091303212,0.028093989566063085,0.641702919248077,0.8107023804773623,0.17894394091303212,0.02797251084364745,0.13691067062342552,0.6312217688029087,0.40158826519142243,0.061876873691732816,0.13591666666666669,0.675,0.36250000000000004,0.06517545763381932,2.171296958404233,2.343263170854644,0.28636779230261,0.042198460791324964,1.0,1.0,0.0,0.0,0.21285714285714283,0.42857142857142855,0.3571428571428571,0.061095442229551704,0.0,0.0,0.0,0.0,0.0,0.0,0.0,0.0,0.0,0.0,0.0,0.0,0.0,0.0,0.0,0.0,0.0,0.0,0.0,0.0,stable,stable
29,500,240,modular,6,0.08,0.004,0.12,4,20.0,0.72,0.22,True,static,1.0,False,False,1.0,default,default,0.3749166666666666,0.7958333333333333,0.1375,0.024239688529352023,0.37071666666666664,0.45416666666666666,0.13333333333333336,0.024931578592441977,0.25436666666666663,0.37916666666666665,0.17083333333333334,0.022471315048301025,0.6626118722684704,0.8051755066086778,0.23613266547502298,0.03177521136917647,0.6626649768752074,0.8051755066086778,0.23613266547502298,0.0317922511889447,0.19437512760303013,0.6367384706509881,0.4964704981296379,0.08276702042039513,0.19518333333333335,0.7041666666666667,0.5541666666666667,0.08719029157219538,2.1348393027865322,2.2899450575912046,0.3081362632334561,0.04409780308364996,1.0,1.0,0.0,0.0,0.3638571428571428,0.5714285714285714,0.42857142857142855,0.07064440992082263,0.0,0.0,0.0,0.0,0.0,0.0,0.0,0.0,0.0,0.0,0.0,0.0,0.0,0.0,0.0,0.0,0.0,0.0,0.0,0.0,oscillatory,oscillatory
30,500,240,modular,6,0.08,0.004,0.12,4,20.0,0.72,0.22,True,static,1.0,False,False,1.0,default,default,0.40619999999999995,0.8208333333333333,0.12916666666666665,0.024438789749994666,0.3420833333333333,0.42916666666666664,0.125,0.02362393442629271,0.25171666666666664,0.375,0.12083333333333335,0.02268223117577085,0.6215284721643577,0.8088858777076331,0.16823681318217543,0.031156880922337937,0.6212293542466644,0.8088858777076331,0.16823681318217543,0.031820219496593145,0.10213760729765124,0.6346242546208551,0.28279984366452005,0.05474355522270988,0.10011666666666667,0.6458333333333334,0.2708333333333333,0.056721054781761204,2.102851998816583,2.389658019379584,0.26099651958530057,0.045473488658078695,1.0,1.0,0.0,0.0,0.25957142857142856,0.4642857142857143,0.35714285714285715,0.0688478061245474,0.0,0.0,0.0,0.0,0.0,0.0,0.0,0.0,0.0,0.0,0.0,0.0,0.0,0.0,0.0,0.0,0.0,0.0,0.0,0.0,stable,oscillatory
31,500,240,modular,6,0.08,0.004,0.12,4,20.0,0.72,0.22,True,static,1.0,False,False,1.0,default,default,0.36243333333333333,0.7791666666666667,0.1958333333333333,0.02489970994922542,0.3883833333333333,0.4666666666666667,0.14999999999999997,0.024143327810759185,0.24918333333333334,0.36666666666666664,0.22500000000000003,0.023984074577380162,0.6630909173485138,0.8113067237986765,0.3171586107403818,0.032800475439544764,0.6630904894111522,0.8113067237986765,0.3171586107403818,0.03306362595060564,0.19603893947096426,0.649278346991494,0.5183368163455901,0.0851646382503194,0.19548333333333334,0.6541666666666667,0.5666666666666667,0.08680007200457843,2.1412468814927452,2.3195865820571724,0.4337722841770182,0.04602318597485835,1.0,1.0,0.0,0.0,0.2725714285714286,0.5,0.3928571428571429,0.07870585902522098,0.0,0.0,0.0,0.0,0.0,0.0,0.0,0.0,0.0,0.0,0.0,0.0,0.0,0.0,0.0,0.0,0.0,0.0,0.0,0.0,oscillatory,oscillatory
32,500,240,modular,6,0.08,0.004,0.12,4,20.0,0.72,0.22,True,static,1.0,False,False,1.0,default,default,0.38621666666666665,0.8125,0.11249999999999999,0.022109707521056596,0.3947833333333333,0.4625,0.125,0.023224633713174275,0.219,0.375,0.12083333333333335,0.020972203826334832,0.6063394565960213,0.7786511477302144,0.1480752036677193,0.027529978170134178,0.6071527597002891,0.7786511477302144,0.1480752036677193,0.027570720252375697,0.0774699607034691,0.5609834599479414,0.21851144305760503,0.040111660953648196,0.07680000000000001,0.5916666666666667,0.2791666666666667,0.04318672635582991,2.1057598796775383,2.319621870815038,0.22445838686977315,0.0406112362695112,1.0,1.0,0.0,0.0,0.29471428571428565,0.4642857142857143,0.32142857142857145,0.06464676389141728,0.0,0.0,0.0,0.0,0.0,0.0,0.0,0.0,0.0,0.0,0.0,0.0,0.0,0.0,0.0,0.0,0.0,0.0,0.0,0.0,stable,oscillatory
33,500,240,modular,6,0.08,0.004,0.12,4,20.0,0.72,0.22,True,static,1.0,False,False,1.0,default,default,0.3447,0.8333333333333334,0.16249999999999998,0.02525907977561952,0.3806333333333333,0.5,0.1875,0.028576194443782902,0.2746666666666666,0.4,0.26666666666666666,0.02995413160150032,0.682430784719843,0.8382089062257622,0.28978422715979296,0.03554472364570777,0.6834083834961743,0.8382089062257622,0.28978422715979296,0.03401143063261296,0.2525116019540408,0.6777020225050957,0.4839018248466968,0.094817214379565,0.25286666666666663,0.7208333333333333,0.525,0.10171776857778805,2.2012260043981815,2.408910150651887,0.40280319362760886,0.050598244465517105,1.0,1.0,0.0,0.0,0.22857142857142856,0.42857142857142855,0.39285714285714285,0.06523114318189072,0.0,0.0,0.0,0.0,0.0,0.0,0.0,0.0,0.0,0.0,0.0,0.0,0.0,0.0,0.0,0.0,0.0,0.0,0.0,0.0,oscillatory,oscillatory
34,500,240,modular,6,0.08,0.004,0.12,4,20.0,0.72,0.22,True,static,1.0,False,False,1.0,default,default,0.3516833333333334,0.8416666666666667,0.15833333333333333,0.026470890720857045,0.3790333333333333,0.44583333333333336,0.14166666666666672,0.025746822889220505,0.2692833333333333,0.35833333333333334,0.19583333333333333,0.026669796691305234,0.6780704966288043,0.7926096879867234,0.24665901494008124,0.03509524983807384,0.6783680756075462,0.7926096879867234,0.24665901494008124,0.03536254930530622,0.23753843298961394,0.6005322670979638,0.5664361981241638,0.10059079243779491,0.24203333333333335,0.6375,0.6333333333333333,0.10551265853494125,2.190652753940787,2.3596136587249337,0.34523479152755376,0.050855249051029845,1.0,1.0,0.0,0.0,0.2715714285714286,0.6428571428571429,0.3571428571428571,0.06798093970566535,0.0,0.0,0.0,0.0,0.0,0.0,0.0,0.0,0.0,0.0,0.0,0.0,0.0,0.0,0.0,0.0,0.0,0.0,0.0,0.0,oscillatory,oscillatory
35,500,240,modular,6,0.08,0.004,0.12,4,20.0,0.72,0.22,True,static,1.0,False,False,1.0,default,default,0.374,0.8125,0.15000000000000002,0.022254213084267886,0.38176666666666664,0.44583333333333336,0.12083333333333335,0.021299217513013637,0.24423333333333333,0.4083333333333333,0.11249999999999999,0.0195134141895603,0.6134365029760773,0.8275781827016612,0.15186685867276917,0.025630957141747863,0.6134028077652106,0.8275781827016612,0.15186685867276917,0.025543291451138386,0.08296141623134003,0.642227728338,0.22247200472955725,0.03906012071567163,0.08391666666666667,0.6416666666666667,0.29166666666666663,0.043301350376685074,2.1435469414095385,2.4168169298342566,0.25187149318778834,0.040155443778261524,1.0,1.0,0.0,0.0,0.28457142857142853,0.4642857142857143,0.32142857142857145,0.06176585147282652,0.0,0.0,0.0,0.0,0.0,0.0,0.0,0.0,0.0,0.0,0.0,0.0,0.0,0.0,0.0,0.0,0.0,0.0,0.0,0.0,stable,runaway
36,500,240,modular,6,0.08,0.004,0.12,4,20.0,0.72,0.22,True,static,1.0,False,False,1.0,default,default,0.4174333333333333,0.75,0.12916666666666665,0.022297757734803737,0.3444333333333333,0.42083333333333334,0.15833333333333333,0.022009745316311335,0.23813333333333334,0.36666666666666664,0.11666666666666664,0.021256084096350183,0.5939157761412114,0.7420852598851572,0.17163251421143633,0.02826807153947012,0.5935651010519717,0.7420852598851572,0.17163251421143633,0.028723675615105856,0.06065952255584649,0.4416295693914577,0.17567746866359987,0.03281368676351468,0.060416666666666674,0.4583333333333333,0.17916666666666667,0.03549501138657844,2.0413198448074237,2.2496189702617087,0.23496994848544883,0.04159322421120677,1.0,1.0,0.0,0.0,0.33542857142857146,0.5714285714285714,0.2857142857142857,0.062252940263320664,0.0,0.0,0.0,0.0,0.0,0.0,0.0,0.0,0.0,0.0,0.0,0.0,0.0,0.0,0.0,0.0,0.0,0.0,0.0,0.0,stable,stable
37,500,240,modular,6,0.08,0.004,0.12,4,20.0,0.72,0.22,True,static,1.0,False,False,1.0,default,default,0.3540333333333333,0.7833333333333333,0.14166666666666666,0.024420710700368876,0.3944,0.4625,0.1291666666666667,0.02396237791947109,0.2515666666666667,0.36666666666666664,0.125,0.022058407316334818,0.6634193291101509,0.8008207090566414,0.15695388732740134,0.029718420889232586,0.664046171970541,0.8008207090566414,0.15695388732740134,0.029824568981697972,0.19373146375528005,0.6177231074317915,0.38497114780649777,0.080024040773813,0.19401666666666664,0.6125,0.36666666666666664,0.08279135254092396,2.1506170284252133,2.3125218382296224,0.23831389055509122,0.04428495740767769,1.0,1.0,0.0,0.0,0.3762857142857143,0.5714285714285714,0.3571428571428571,0.06562789352221557,0.0,0.0,0.0,0.0,0.0,0.0,0.0,0.0,0.0,0.0,0.0,0.0,0.0,0.0,0.0,0.0,0.0,0.0,0.0,0.0,stable,oscillatory
38,500,240,modular,6,0.08,0.004,0.12,4,20.0,0.72,0.22,True,static,1.0,False,False,1.0,default,default,0.3609166666666666,0.8208333333333333,0.12083333333333335,0.022011518449312952,0.3892166666666667,0.475,0.14166666666666666,0.022868227594925964,0.24986666666666668,0.3625,0.11666666666666664,0.020842904468107763,0.6500771780586116,0.806964465061173,0.15991010015536677,0.027707737336747328,0.6499349699100809,0.806964465061173,0.15991010015536677,0.027735219715374536,0.15644442361698677,0.6293436374272321,0.3592574982583476,0.06605881266856041,0.15546666666666664,0.6708333333333333,0.375,0.0689915775858023,2.150347480571235,2.33170442612013,0.224892742162504,0.04014694032411524,1.0,1.0,0.0,0.0,0.2785714285714286,0.42857142857142855,0.3214285714285714,0.0574988908499946,0.0,0.0,0.0,0.0,0.0,0.0,0.0,0.0,0.0,0.0,0.0,0.0,0.0,0.0,0.0,0.0,0.0,0.0,0.0,0.0,stable,stable
39,500,240,modular,6,0.08,0.004,0.12,4,20.0,0.72,0.22,True,static,1.0,False,False,1.0,default,default,0.34423333333333334,0.7916666666666666,0.14583333333333331,0.024061749266788102,0.4099333333333333,0.48333333333333334,0.14583333333333331,0.025059839495805942,0.24583333333333332,0.3958333333333333,0.10416666666666669,0.02042941778688544,0.6606096179674961,0.7924793669209698,0.14036789033904817,0.027617348013466037,0.6607948330016892,0.7924793669209698,0.148818144732338,0.027998272475704532,0.18181729887585668,0.5937486663032978,0.38610179981712156,0.0742315463183705,0.1813,0.6041666666666666,0.4083333333333333,0.07487047333747648,2.1485892856711715,2.2972694743007547,0.2293450376863504,0.04097372931757194,1.0,1.0,0.0,0.0,0.2117142857142857,0.42857142857142855,0.3214285714285714,0.06172288299904895,0.0,0.0,0.0,0.0,0.0,0.0,0.0,0.0,0.0,0.0,0.0,0.0,0.0,0.0,0.0,0.0,0.0,0.0,0.0,0.0,stable,stable
40,500,240,modular,6,0.08,0.004,0.12,4,20.0,0.72,0.22,True,static,1.0,False,False,1.0,default,default,0.3712,0.7708333333333334,0.125,0.02393577053514491,0.36816666666666664,0.45,0.1291666666666667,0.023549003281573416,0.26063333333333333,0.3875,0.11666666666666667,0.02114405616505762,0.6613581145433909,0.8249413994749788,0.14339584152735485,0.02924825625994578,0.661066137247414,0.8249413994749788,0.14339584152735485,0.02917297074071392,0.1866288946503155,0.6645685329266798,0.38310913113617007,0.07860192360515159,0.18491666666666665,0.65,0.4375,0.08260384878038876,2.1636007200330316,2.3713338228325815,0.20800015481251943,0.043098752076325166,1.0,1.0,0.0,0.0,0.34957142857142853,0.6428571428571429,0.4642857142857143,0.07290488631758225,0.0,0.0,0.0,0.0,0.0,0.0,0.0,0.0,0.0,0.0,0.0,0.0,0.0,0.0,0.0,0.0,0.0,0.0,0.0,0.0,stable,stable
41,500,240,modular,6,0.08,0.004,0.12,4,20.0,0.72,0.22,True,static,1.0,False,False,1.0,default,default,0.35488333333333333,0.7875,0.10416666666666669,0.02274802189202393,0.40086666666666665,0.4875,0.17083333333333334,0.02466044966698251,0.24425,0.4125,0.10833333333333336,0.021286569840055385,0.6383808782035036,0.820726570546075,0.1368690163902444,0.027370908062496892,0.6374752477203128,0.820726570546075,0.1368690163902444,0.02767501857351793,0.12715711105521801,0.6427682834514388,0.2620793056750117,0.057888866377787375,0.12615,0.6375,0.3083333333333333,0.060913164514012165,2.1637633620973036,2.3683318236079445,0.17168215986916868,0.040623242783798606,1.0,1.0,0.0,0.0,0.28785714285714287,0.5,0.4285714285714286,0.07382065968222153,0.0,0.0,0.0,0.0,0.0,0.0,0.0,0.0,0.0,0.0,0.0,0.0,0.0,0.0,0.0,0.0,0.0,0.0,0.0,0.0,stable,runaway
42,500,240,modular,6,0.08,0.004,0.12,4,20.0,0.72,0.22,True,static,1.0,False,False,1.0,default,default,0.37084999999999996,0.7958333333333333,0.12083333333333335,0.02328416844123921,0.38975,0.4708333333333333,0.16666666666666669,0.023801989879466426,0.23939999999999997,0.3458333333333333,0.11250000000000002,0.02050409173257323,0.6170497304053992,0.7342514176580249,0.1511278592792885,0.027985524375822454,0.6172218384718777,0.7342514176580249,0.1511278592792885,0.028161166954931174,0.0914954375531747,0.41578446412457626,0.23630672735858835,0.044726260972161126,0.09140000000000001,0.39166666666666666,0.2583333333333333,0.04759126904053819,2.159324574446819,2.3029153401489686,0.21141216859791712,0.042358048734924686,1.0,1.0,0.0,0.0,0.19314285714285712,0.42857142857142855,0.32142857142857145,0.061544077451756114,0.0,0.0,0.0,0.0,0.0,0.0,0.0,0.0,0.0,0.0,0.0,0.0,0.0,0.0,0.0,0.0,0.0,0.0,0.0,0.0,stable,stable
43,500,240,modular,6,0.08,0.004,0.12,4,20.0,0.72,0.22,True,static,1.0,False,False,1.0,default,default,0.3957833333333333,0.8208333333333333,0.125,0.021815138729281043,0.3753666666666667,0.42916666666666664,0.12083333333333329,0.02093651780449122,0.22884999999999997,0.3541666666666667,0.10833333333333331,0.020765817264597763,0.6222563852096262,0.7742101160856318,0.15888422684744763,0.028413317385526264,0.6219725316742113,0.7742101160856318,0.15888422684744763,0.028485215101436197,0.10151519273179713,0.5564675881246437,0.29142503160779226,0.049583783398429095,0.09913333333333334,0.5083333333333333,0.2916666666666667,0.05256159349859088,2.105894122012647,2.2985714694413364,0.22943800767371503,0.04172724595945941,1.0,1.0,0.0,0.0,0.33071428571428574,0.5714285714285714,0.39285714285714285,0.06300712625714391,0.0,0.0,0.0,0.0,0.0,0.0,0.0,0.0,0.0,0.0,0.0,0.0,0.0,0.0,0.0,0.0,0.0,0.0,0.0,0.0,stable,stable
44,500,240,modular,6,0.08,0.004,0.12,4,20.0,0.72,0.22,True,static,1.0,False,False,1.0,default,default,0.3457,0.8375,0.22916666666666663,0.03047282942775963,0.3865833333333334,0.45416666666666666,0.14583333333333331,0.024797653338796213,0.2677166666666667,0.4166666666666667,0.19583333333333333,0.02620581466434925,0.6750431223293344,0.8094211915546558,0.2728493335768534,0.03723753435052148,0.674628974694252,0.8094211915546558,0.2728493335768534,0.03711253674439391,0.22840831434053968,0.6358527323422603,0.4874394634409982,0.09435220114060688,0.2282,0.6541666666666667,0.48333333333333334,0.09847960307709522,2.2071742297438126,2.3633108145649575,0.4375432500432461,0.05675417409063281,1.0,1.0,0.0,0.0,0.24642857142857144,0.4642857142857143,0.3928571428571429,0.06679621766146307,0.0,0.0,0.0,0.0,0.0,0.0,0.0,0.0,0.0,0.0,0.0,0.0,0.0,0.0,0.0,0.0,0.0,0.0,0.0,0.0,oscillatory,runaway
45,500,240,modular,6,0.08,0.004,0.12,4,20.0,0.72,0.22,True,static,1.0,False,False,1.0,default,default,0.3323333333333333,0.8125,0.2,0.028816469056580977,0.40405,0.49166666666666664,0.14999999999999997,0.02719375438915667,0.26361666666666667,0.37083333333333335,0.20416666666666666,0.02941211485085695,0.676828018040075,0.8270652892883253,0.2729368966031453,0.038266341717935935,0.6771787667943736,0.8270652892883253,0.2729368966031453,0.03816165149352567,0.23746818238734138,0.6656857882679351,0.5335899041511359,0.09980751864504238,0.23928333333333332,0.6833333333333333,0.5291666666666667,0.10247398179266992,2.2087377766002,2.382581768310483,0.39504695952846247,0.05463196452680474,1.0,1.0,0.0,0.0,0.2931428571428571,0.5357142857142857,0.4285714285714286,0.07749865041616229,0.0,0.0,0.0,0.0,0.0,0.0,0.0,0.0,0.0,0.0,0.0,0.0,0.0,0.0,0.0,0.0,0.0,0.0,0.0,0.0,oscillatory,oscillatory
46,500,240,modular,6,0.08,0.004,0.12,4,20.0,0.72,0.22,True,static,1.0,False,False,1.0,default,default,0.39518333333333333,0.8125,0.1375,0.022523006756055754,0.36591666666666667,0.42916666666666664,0.12083333333333329,0.02149757738288976,0.23889999999999997,0.3958333333333333,0.11666666666666664,0.021482835525652152,0.6185544570238267,0.7677926754488902,0.18396244706834397,0.029152841275777885,0.6191561120035715,0.7677926754488902,0.18396244706834397,0.02870546614133423,0.0955663719703421,0.5301187234426249,0.2920679413288701,0.04877827771736536,0.0953,0.5333333333333333,0.29166666666666663,0.053180708699469004,2.081286507594517,2.251295468204303,0.2689516895543813,0.04238570806533751,1.0,1.0,0.0,0.0,0.289,0.4642857142857143,0.32142857142857145,0.061730321990584376,0.0,0.0,0.0,0.0,0.0,0.0,0.0,0.0,0.0,0.0,0.0,0.0,0.0,0.0,0.0,0.0,0.0,0.0,0.0,0.0,stable,stable
47,500,240,modular,6,0.08,0.004,0.12,4,20.0,0.72,0.22,True,static,1.0,False,False,1.0,default,default,0.3776333333333333,0.8,0.12083333333333335,0.022214459755353543,0.3582833333333333,0.44583333333333336,0.14166666666666672,0.02407015787235306,0.26408333333333334,0.375,0.11666666666666667,0.020834833279337224,0.6424587871845753,0.8294788757942212,0.15632477638234665,0.027634256514226737,0.6426558550820324,0.8294788757942212,0.15632477638234665,0.02762537174455184,0.1394231185461895,0.6631347866069917,0.35461880714421934,0.06387739700445452,0.13948333333333335,0.6416666666666667,0.4125,0.06889321245392918,2.1375382541245376,2.3748316080211898,0.21477994448220272,0.04086955155741635,1.0,1.0,0.0,0.0,0.3058571428571428,0.5357142857142857,0.32142857142857145,0.06370675804346164,0.0,0.0,0.0,0.0,0.0,0.0,0.0,0.0,0.0,0.0,0.0,0.0,0.0,0.0,0.0,0.0,0.0,0.0,0.0,0.0,stable,stable
48,500,240,modular,6,0.08,0.004,0.12,4,20.0,0.72,0.22,True,static,1.0,False,False,1.0,default,default,0.37856666666666666,0.7791666666666667,0.17083333333333334,0.0265999373432846,0.3363166666666667,0.4166666666666667,0.15833333333333333,0.025664550778586922,0.2851166666666667,0.38333333333333336,0.19583333333333336,0.026168795030213625,0.6567830802941824,0.7989956489276201,0.26758394438745137,0.034950120457091935,0.6561682351358452,0.7989956489276201,0.26758394438745137,0.03483078991320883,0.17320210062928834,0.6036647316271644,0.5581792094510412,0.08556820756888074,0.17173333333333335,0.6291666666666667,0.5583333333333333,0.08651121314604251,2.1844430315774406,2.390501650235229,0.38298167160612206,0.05078819292185465,1.0,1.0,0.0,0.0,0.31742857142857145,0.5357142857142857,0.39285714285714285,0.07398510605768803,0.0,0.0,0.0,0.0,0.0,0.0,0.0,0.0,0.0,0.0,0.0,0.0,0.0,0.0,0.0,0.0,0.0,0.0,0.0,0.0,oscillatory,oscillatory
49,500,240,modular,6,0.08,0.004,0.12,4,20.0,0.72,0.22,True,static,1.0,False,False,1.0,default,default,0.33886666666666665,0.8166666666666667,0.125,0.02494870292776315,0.39368333333333333,0.4625,0.1375,0.023854937760462838,0.26744999999999997,0.38333333333333336,0.13749999999999998,0.022273807487719743,0.6727127841405056,0.812500860921999,0.15883548239029643,0.030348999377622685,0.6731623087086444,0.812500860921999,0.15883548239029643,0.03000767691714807,0.21616026116379472,0.6310464428956825,0.4023811021591644,0.08570768654085281,0.21443333333333334,0.6875,0.44166666666666665,0.08933557832999994,2.1856908225444966,2.3423959534946928,0.2526530993256353,0.04482562181329111,1.0,1.0,0.0,0.0,0.30857142857142855,0.5357142857142857,0.35714285714285715,0.06637862945993683,0.0,0.0,0.0,0.0,0.0,0.0,0.0,0.0,0.0,0.0,0.0,0.0,0.0,0.0,0.0,0.0,0.0,0.0,0.0,0.0,stable,oscillatory
50,500,240,modular,6,0.08,0.004,0.12,4,20.0,0.72,0.22,True,static,1.0,False,False,1.0,default,default,0.33931666666666666,0.7833333333333333,0.225,0.026603409347091,0.4109666666666667,0.4875,0.15416666666666667,0.02670848803907352,0.24971666666666664,0.37083333333333335,0.15000000000000002,0.022964108469038763,0.6708870414855554,0.8141502807839204,0.25615379986058295,0.03205981949562556,0.6709413739621493,0.8141502807839204,0.25615379986058295,0.03224227350047655,0.21795394362106865,0.6548011299990963,0.5587024138775494,0.0903417073993278,0.21368333333333334,0.6458333333333334,0.5333333333333333,0.09240491960207892,2.1879374904522146,2.3700803250956386,0.39953701250113416,0.04710461157882119,1.0,1.0,0.0,0.0,0.24314285714285713,0.5357142857142857,0.5,0.07342857142857143,0.0,0.0,0.0,0.0,0.0,0.0,0.0,0.0,0.0,0.0,0.0,0.0,0.0,0.0,0.0,0.0,0.0,0.0,0.0,0.0,oscillatory,oscillatory
1,500,240,modular,6,0.08,0.004,0.12,6,20.0,0.72,0.22,True,static,1.0,False,False,1.0,default,default,0.341,0.8333333333333334,0.22916666666666669,0.029256528236351702,0.39119999999999994,0.4791666666666667,0.15833333333333333,0.025103762444878434,0.2677999999999999,0.3875,0.24583333333333335,0.031856344213777366,0.6906957448241462,0.8491898088610503,0.3253008918005905,0.042053538298372606,0.6898770939353333,0.8491898088610503,0.3253008918005905,0.04218014590873561,0.28172507166375643,0.6970232162639671,0.5481555023831147,0.10558061148027328,0.28176666666666667,0.7125,0.5458333333333333,0.10816546481099121,2.195249226499732,2.415293868820186,0.4687115562655688,0.059558061616078926,1.0,1.0,0.0,0.0,0.332,0.6071428571428571,0.39285714285714285,0.07228402030764984,0.0,0.0,0.0,0.0,0.0,0.0,0.0,0.0,0.0,0.0,0.0,0.0,0.0,0.0,0.0,0.0,0.0,0.0,0.0,0.0,oscillatory,oscillatory
2,500,240,modular,6,0.08,0.004,0.12,6,20.0,0.72,0.22,True,static,1.0,False,False,1.0,default,default,0.33035000000000003,0.7875,0.23333333333333328,0.039476466266484496,0.39748333333333336,0.475,0.1375,0.025154793004735915,0.27216666666666667,0.4125,0.27083333333333337,0.04673090816341769,0.6861638495703121,0.878656774920897,0.3609577922051657,0.06182809239192504,0.6861520500969501,0.878656774920897,0.3609577922051657,0.06328814836946939,0.282261374549559,0.7044050426119728,0.5256715385319258,0.11077477369649966,0.28096666666666664,0.7166666666666667,0.5541666666666667,0.11448536539177787,2.211731466959972,2.4713126037784385,0.5180120608734069,0.08617107481376525,1.0,1.0,0.0,0.0,0.29942857142857143,0.5,0.4642857142857143,0.08704725434955383,0.0,0.0,0.0,0.0,0.0,0.0,0.0,0.0,0.0,0.0,0.0,0.0,0.0,0.0,0.0,0.0,0.0,0.0,0.0,0.0,oscillatory,runaway
3,500,240,modular,6,0.08,0.004,0.12,6,20.0,0.72,0.22,True,static,1.0,False,False,1.0,default,default,0.4138833333333333,0.8,0.13749999999999996,0.022128795970660285,0.36351666666666665,0.425,0.11666666666666664,0.020204021876844225,0.2226,0.3625,0.10833333333333336,0.02068120456410173,0.5819706150623081,0.7715743451004692,0.15117412603012736,0.028578146639276367,0.5819279881949423,0.7715743451004692,0.15117412603012736,0.028258608316773206,0.049367394535811744,0.5403903117006521,0.15700460717461107,0.02571614739474716,0.05016666666666667,0.5958333333333333,0.1875,0.029251780572585092,2.0653221962182307,2.3348431643529466,0.23497745647659185,0.042144722013591616,1.0,1.0,0.0,0.0,0.27071428571428574,0.4642857142857143,0.35714285714285715,0.06658200406495829,0.0,0.0,0.0,0.0,0.0,0.0,0.0,0.0,0.0,0.0,0.0,0.0,0.0,0.0,0.0,0.0,0.0,0.0,0.0,0.0,stable,stable
4,500,240,modular,6,0.08,0.004,0.12,6,20.0,0.72,0.22,True,static,1.0,False,False,1.0,default,default,0.37095000000000006,0.7791666666666667,0.1333333333333333,0.022862517845202924,0.40314999999999995,0.48333333333333334,0.10833333333333334,0.02189640381432531,0.22590000000000002,0.3875,0.11666666666666667,0.019931019932646586,0.6243082511793575,0.8108940315201164,0.17885043731721995,0.027545645011040062,0.6234370011423149,0.8108940315201164,0.17885043731721995,0.027200511578173475,0.1024754192515675,0.6363182889982816,0.2910931679129061,0.04900417147284853,0.0995,0.625,0.32083333333333336,0.05415923025876773,2.1301378802103073,2.3768420136503403,0.26147298348056625,0.041696437356101956,1.0,1.0,0.0,0.0,0.1734285714285714,0.5,0.28571428571428575,0.05443663232397381,0.0,0.0,0.0,0.0,0.0,0.0,0.0,0.0,0.0,0.0,0.0,0.0,0.0,0.0,0.0,0.0,0.0,0.0,0.0,0.0,stable,stable
5,500,240,modular,6,0.08,0.004,0.12,6,20.0,0.72,0.22,True,static,1.0,False,False,1.0,default,default,0.3218000000000001,0.7666666666666667,0.24583333333333335,0.03637625904655703,0.41013333333333335,0.5083333333333333,0.1833333333333333,0.0294148299709895,0.2680666666666667,0.43333333333333335,0.2541666666666667,0.0419256749763462,0.6865367071943087,0.8318261622856158,0.35483594363748183,0.05414248125729246,0.6872835285952995,0.8318261622856158,0.35483594363748183,0.05461753010996826,0.2764236895978424,0.6598087183660637,0.5571157377857312,0.11371267167228152,0.27715,0.6833333333333333,0.65,0.11975102527976768,2.198027425334846,2.3600161105432966,0.5241991474592775,0.07564892829851576,1.0,1.0,0.0,0.0,0.248,0.5,0.4642857142857143,0.07118587339794723,0.0,0.0,0.0,0.0,0.0,0.0,0.0,0.0,0.0,0.0,0.0,0.0,0.0,0.0,0.0,0.0,0.0,0.0,0.0,0.0,oscillatory,runaway
6,500,240,modular,6,0.08,0.004,0.12,6,20.0,0.72,0.22,True,static,1.0,False,False,1.0,default,default,0.3688666666666667,0.7958333333333333,0.10833333333333334,0.02201688745788862,0.38626666666666665,0.45,0.13333333333333336,0.02260791405189293,0.24486666666666668,0.32916666666666666,0.11666666666666667,0.0212598735231944,0.6392508412157892,0.7287319656347111,0.16258493104078597,0.02825703070248102,0.6390975017485916,0.7287319656347111,0.16258493104078597,0.028741354325324917,0.1318142518185854,0.39795401092006094,0.3656933557352616,0.06394775461950504,0.12953333333333333,0.4083333333333333,0.3416666666666667,0.06538458024131785,2.1326064470053394,2.2457904759505722,0.2208131482171236,0.040653904266154534,1.0,1.0,0.0,0.0,0.22328571428571425,0.42857142857142855,0.3214285714285714,0.06353225117037417,0.0,0.0,0.0,0.0,0.0,0.0,0.0,0.0,0.0,0.0,0.0,0.0,0.0,0.0,0.0,0.0,0.0,0.0,0.0,0.0,stable,stable
7,500,240,modular,6,0.08,0.004,0.12,6,20.0,0.72,0.22,True,static,1.0,False,False,1.0,default,default,0.4384,0.8416666666666667,0.125,0.02136705667870779,0.3408833333333333,0.42083333333333334,0.1333333333333333,0.021376525286709563,0.2207166666666667,0.3625,0.09583333333333335,0.017366162820586218,0.5748066797057656,0.8123981782659444,0.12161462874538465,0.024306534444535934,0.573936606415155,0.8123981782659444,0.12161462874538465,0.02442351699853325,0.04262668290611573,0.6523688305738192,0.11813326725990439,0.020158969402172176,0.04398333333333333,0.6541666666666667,0.15416666666666667,0.023807264297548623,2.027018544857954,2.3435213137813307,0.19067145911116068,0.03776700829183372,1.0,1.0,0.0,0.0,0.23371428571428574,0.5,0.3214285714285714,0.0599326152219886,0.0,0.0,0.0,0.0,0.0,0.0,0.0,0.0,0.0,0.0,0.0,0.0,0.0,0.0,0.0,0.0,0.0,0.0,0.0,0.0,stable,stable
8,500,240,modular,6,0.08,0.004,0.12,6,20.0,0.72,0.22,True,static,1.0,False,False,1.0,default,default,0.39166666666666666,0.8,0.14583333333333331,0.022192341021172145,0.36733333333333335,0.44583333333333336,0.1333333333333333,0.022428280758403613,0.241,0.38333333333333336,0.11250000000000002,0.01902775750201677,0.6219215227185452,0.7907911631516671,0.13857848263232886,0.026594413571527333,0.6222331003719256,0.7907911631516671,0.13857848263232886,0.026027731504789646,0.10058546079510813,0.6002288710234897,0.2573021389424904,0.045750672988909925,0.10126666666666667,0.5875,0.33749999999999997,0.05134773607472875,2.073570441209412,2.2727192058948815,0.20595274075449965,0.03859085819055637,1.0,1.0,0.0,0.0,0.3271428571428571,0.5357142857142857,0.39285714285714285,0.06355136119867207,0.0,0.0,0.0,0.0,0.0,0.0,0.0,0.0,0.0,0.0,0.0,0.0,0.0,0.0,0.0,0.0,0.0,0.0,0.0,0.0,stable,stable
9,500,240,modular,6,0.08,0.004,0.12,6,20.0,0.72,0.22,True,static,1.0,False,False,1.0,default,default,0.36711666666666665,0.7583333333333333,0.11666666666666664,0.02225496823433166,0.3872,0.4625,0.125,0.02202697840780205,0.24568333333333334,0.4041666666666667,0.11249999999999999,0.020572831328936936,0.633737789278728,0.8659970752728864,0.14789823576824657,0.027816498420063816,0.6333630604597441,0.8659970752728864,0.14789823576824657,0.027656649542321953,0.12098631654062314,0.7023172805748676,0.2780212638371219,0.055612803543328364,0.12116666666666667,0.7166666666666667,0.32916666666666666,0.056650978220445,2.1497935389643983,2.468902962061399,0.21456204980207305,0.04159057315685569,1.0,1.0,0.0,0.0,0.3157142857142857,0.5357142857142857,0.32142857142857145,0.06607046331341244,0.0,0.0,0.0,0.0,0.0,0.0,0.0,0.0,0.0,0.0,0.0,0.0,0.0,0.0,0.0,0.0,0.0,0.0,0.0,0.0,stable,runaway
10,500,240,modular,6,0.08,0.004,0.12,6,20.0,0.72,0.22,True,static,1.0,False,False,1.0,default,default,0.35018333333333335,0.7875,0.2,0.02666994250712463,0.38830000000000003,0.4708333333333333,0.15833333333333333,0.028856426205151137,0.2615166666666667,0.36666666666666664,0.24583333333333335,0.027880045632036627,0.6737481265254823,0.815522468549318,0.3226581106893374,0.03566071550427725,0.6732524525180675,0.815522468549318,0.3226581106893374,0.035405953878661384,0.22550093188681686,0.654038766763373,0.5331761298328922,0.09341151913387759,0.22683333333333333,0.6833333333333333,0.5583333333333333,0.10053868796526925,2.16932734265247,2.365427542562296,0.4338766312575624,0.05018158861009577,1.0,1.0,0.0,0.0,0.29128571428571426,0.5357142857142857,0.35714285714285715,0.07596038172519103,0.0,0.0,0.0,0.0,0.0,0.0,0.0,0.0,0.0,0.0,0.0,0.0,0.0,0.0,0.0,0.0,0.0,0.0,0.0,0.0,oscillatory,oscillatory
11,500,240,modular,6,0.08,0.004,0.12,6,20.0,0.72,0.22,True,static,1.0,False,False,1.0,default,default,0.3420333333333333,0.8166666666666667,0.17083333333333334,0.025135830998795326,0.4099,0.48333333333333334,0.125,0.02285621724316311,0.24806666666666666,0.4041666666666667,0.12916666666666668,0.021663743392539014,0.6630215742442649,0.8111419396692819,0.21469167412701484,0.031074457568796877,0.6633510040452909,0.8111419396692819,0.21469167412701484,0.03126502954346842,0.192137209188112,0.6353517903521246,0.4666069049809137,0.08111781453710033,0.19191666666666668,0.6208333333333333,0.4333333333333333,0.08643241579407578,2.1620369808304543,2.3395291803474927,0.29635386960026455,0.04540881586839728,1.0,1.0,0.0,0.0,0.19285714285714284,0.42857142857142855,0.39285714285714285,0.06499607523472758,0.0,0.0,0.0,0.0,0.0,0.0,0.0,0.0,0.0,0.0,0.0,0.0,0.0,0.0,0.0,0.0,0.0,0.0,0.0,0.0,stable,runaway
12,500,240,modular,6,0.08,0.004,0.12,6,20.0,0.72,0.22,True,static,1.0,False,False,1.0,default,default,0.37488333333333335,0.7708333333333334,0.1291666666666667,0.021335292878754263,0.3825,0.4583333333333333,0.125,0.021918409309679997,0.24261666666666665,0.38333333333333336,0.12083333333333332,0.020289577236710588,0.6416469953980282,0.799862448419193,0.15896105288525686,0.026218103686970903,0.6410668607176182,0.799862448419193,0.15896105288525686,0.026400865625439918,0.1362992858472831,0.6182028995080879,0.3082048928173476,0.05767102424276398,0.13485000000000003,0.6125,0.3083333333333333,0.06341544895896162,2.1050611049063597,2.3003918123569673,0.24271150254566876,0.03824296730726369,1.0,1.0,0.0,0.0,0.259,0.5357142857142857,0.3928571428571429,0.06206990792153438,0.0,0.0,0.0,0.0,0.0,0.0,0.0,0.0,0.0,0.0,0.0,0.0,0.0,0.0,0.0,0.0,0.0,0.0,0.0,0.0,stable,oscillatory
13,500,240,modular,6,0.08,0.004,0.12,6,20.0,0.72,0.22,True,static,1.0,False,False,1.0,default,default,0.3804166666666667,0.8291666666666667,0.1333333333333333,0.022776846186911438,0.39274999999999993,0.45,0.12083333333333335,0.023720156688633687,0.2268333333333333,0.3875,0.12083333333333335,0.021186342560978077,0.6274160646832094,0.8332251661591857,0.15049268165557894,0.02844609802097187,0.6274374598805411,0.8332251661591857,0.15049268165557894,0.028705854236380838,0.11144114753947602,0.6755089569129923,0.3078569745263332,0.05575714740940122,0.11276666666666665,0.6166666666666667,0.3416666666666666,0.05930323206481526,2.143538962257029,2.4121762606755746,0.239820703627192,0.04168868537222106,1.0,1.0,0.0,0.0,0.218,0.42857142857142855,0.3571428571428571,0.0618299181263424,0.0,0.0,0.0,0.0,0.0,0.0,0.0,0.0,0.0,0.0,0.0,0.0,0.0,0.0,0.0,0.0,0.0,0.0,0.0,0.0,stable,oscillatory
14,500,240,modular,6,0.08,0.004,0.12,6,20.0,0.72,0.22,True,static,1.0,False,False,1.0,default,default,0.36475,0.7708333333333334,0.17083333333333334,0.02379323549993896,0.36456666666666665,0.44583333333333336,0.15000000000000002,0.023106781111468844,0.2706833333333333,0.38333333333333336,0.19583333333333333,0.022155818147334975,0.6581386096305274,0.8257585112253583,0.25634062064124574,0.029564466649575568,0.6583987626644429,0.8257585112253583,0.25634062064124574,0.02961205220510986,0.1771719601378608,0.6572252550950547,0.5002277139716447,0.07417867102042508,0.17695,0.6875,0.5041666666666667,0.07771843946794951,2.1357131607433604,2.348711433139072,0.3511188234440532,0.04286411435656187,1.0,1.0,0.0,0.0,0.3098571428571429,0.5357142857142857,0.39285714285714285,0.06794190195171405,0.0,0.0,0.0,0.0,0.0,0.0,0.0,0.0,0.0,0.0,0.0,0.0,0.0,0.0,0.0,0.0,0.0,0.0,0.0,0.0,oscillatory,oscillatory
15,500,240,modular,6,0.08,0.004,0.12,6,20.0,0.72,0.22,True,static,1.0,False,False,1.0,default,default,0.3564,0.7791666666666667,0.11249999999999999,0.022051354203817555,0.40445000000000003,0.4791666666666667,0.1375,0.025069132192576768,0.23915,0.4166666666666667,0.10416666666666666,0.020503719174822892,0.6366706985526233,0.8461033784987165,0.14428335504151446,0.02663858728982217,0.6362787645047386,0.8461033784987165,0.14428335504151446,0.026988687887075934,0.12566587217885017,0.6824388831695318,0.30086583405611467,0.05500995925439127,0.12563333333333332,0.725,0.325,0.0606551179483919,2.1669060693260267,2.4100688805085455,0.19967945771538442,0.03830478613185326,1.0,1.0,0.0,0.0,0.24542857142857138,0.5357142857142857,0.39285714285714285,0.06917531705598405,0.0,0.0,0.0,0.0,0.0,0.0,0.0,0.0,0.0,0.0,0.0,0.0,0.0,0.0,0.0,0.0,0.0,0.0,0.0,0.0,stable,runaway
16,500,240,modular,6,0.08,0.004,0.12,6,20.0,0.72,0.22,True,static,1.0,False,False,1.0,default,default,0.3744166666666666,0.7875,0.3291666666666666,0.10602282904062585,0.40101666666666663,0.49583333333333335,0.1333333333333333,0.02690275182124601,0.22456666666666666,0.4583333333333333,0.35000000000000003,0.11433967912418777,0.6330347880575885,0.9123784171996612,0.48253888240758697,0.16305146892426436,0.6299681226660482,0.9123784171996612,0.48253888240758697,0.16359943907868704,0.299223804385524,0.7328495880108336,0.6924389836011657,0.24434592556651022,0.30086666666666667,0.7958333333333333,0.7458333333333333,0.24636541063135375,2.1568908293594578,2.520447827500075,0.7004868613486457,0.23732082208968014,1.0,1.0,0.0,0.0,0.24585714285714286,0.5357142857142857,0.5,0.1313127595335904,0.0,0.0,0.0,0.0,0.0,0.0,0.0,0.0,0.0,0.0,0.0,0.0,0.0,0.0,0.0,0.0,0.0,0.0,0.0,0.0,runaway,runaway
17,500,240,modular,6,0.08,0.004,0.12,6,20.0,0.72,0.22,True,static,1.0,False,False,1.0,default,default,0.35348333333333337,0.8166666666666667,0.10416666666666669,0.02130185829139483,0.44065000000000004,0.5,0.12083333333333335,0.023297764556569227,0.20586666666666667,0.42083333333333334,0.1,0.01870899961694015,0.6008869116815327,0.8265693662630843,0.12426932079133202,0.024399428333959642,0.6008733926479514,0.8265693662630843,0.12134443266742367,0.023780294465668612,0.06627102588555848,0.6446352678329679,0.16028665694634936,0.029340408936327233,0.06525,0.625,0.17916666666666667,0.033101380468024126,2.1690457226824567,2.4275256379576264,0.19463950073692926,0.03796784901665049,1.0,1.0,0.0,0.0,0.2611428571428571,0.42857142857142855,0.2857142857142857,0.0543826202729797,0.0,0.0,0.0,0.0,0.0,0.0,0.0,0.0,0.0,0.0,0.0,0.0,0.0,0.0,0.0,0.0,0.0,0.0,0.0,0.0,stable,runaway
18,500,240,modular,6,0.08,0.004,0.12,6,20.0,0.72,0.22,True,static,1.0,False,False,1.0,default,default,0.33143333333333336,0.875,0.19583333333333336,0.025668852720758677,0.4273333333333333,0.4875,0.11666666666666664,0.023687197667375797,0.24123333333333333,0.36666666666666664,0.1708333333333333,0.024476882517546587,0.6714161305328817,0.8044124915489897,0.262099709231719,0.03402902537803685,0.6718732888496963,0.8044124915489897,0.262099709231719,0.03408921353614775,0.2199293123170689,0.6317573257007465,0.5299725659521872,0.09420749232819656,0.2224,0.5916666666666667,0.5291666666666667,0.09870363046345695,2.1994540076959677,2.350829526146021,0.4139265740125535,0.04952234102029905,1.0,1.0,0.0,0.0,0.2517142857142857,0.4642857142857143,0.3571428571428571,0.060669058785162905,0.0,0.0,0.0,0.0,0.0,0.0,0.0,0.0,0.0,0.0,0.0,0.0,0.0,0.0,0.0,0.0,0.0,0.0,0.0,0.0,oscillatory,oscillatory
19,500,240,modular,6,0.08,0.004,0.12,6,20.0,0.72,0.22,True,static,1.0,False,False,1.0,default,default,0.34601666666666664,0.8166666666666667,0.12916666666666665,0.024783109167334106,0.40826666666666667,0.475,0.14583333333333331,0.024440881053404487,0.24571666666666667,0.3541666666666667,0.13749999999999998,0.02150711122706472,0.6636919419104711,0.7865081218414626,0.15486170561439072,0.030223889467183348,0.6634476422996941,0.7865081218414626,0.15486170561439072,0.029996449966504867,0.19091665677708428,0.5815771446373028,0.36256851021779024,0.08002112907627983,0.19013333333333332,0.5541666666666667,0.4166666666666667,0.08231719814905698,2.1929965974423893,2.347822431037969,0.23838834859700864,0.04493685285783303,1.0,1.0,0.0,0.0,0.26357142857142857,0.5,0.4285714285714286,0.07131777120603194,0.0,0.0,0.0,0.0,0.0,0.0,0.0,0.0,0.0,0.0,0.0,0.0,0.0,0.0,0.0,0.0,0.0,0.0,0.0,0.0,stable,oscillatory
20,500,240,modular,6,0.08,0.004,0.12,6,20.0,0.72,0.22,True,static,1.0,False,False,1.0,default,default,0.3604166666666666,0.7833333333333333,0.1375,0.025443974401286706,0.3877833333333333,0.45416666666666666,0.12916666666666665,0.025298007167891042,0.2518,0.39166666666666666,0.12499999999999997,0.022238205363243183,0.6571946011416149,0.816646109991468,0.1672072352166074,0.03142261459481704,0.6572974818102084,0.816646109991468,0.1672072352166074,0.03166127257650231,0.17870768675825444,0.6514074314266647,0.40274398377824083,0.08079770552185332,0.17908333333333332,0.6708333333333333,0.425,0.08315936006648118,2.1435209650008535,2.3316369944010145,0.2381319742922896,0.046262537052414524,1.0,1.0,0.0,0.0,0.31342857142857145,0.5714285714285714,0.46428571428571425,0.07303395911268586,0.0,0.0,0.0,0.0,0.0,0.0,0.0,0.0,0.0,0.0,0.0,0.0,0.0,0.0,0.0,0.0,0.0,0.0,0.0,0.0,stable,oscillatory
21,500,240,modular,6,0.08,0.004,0.12,6,20.0,0.72,0.22,True,static,1.0,False,False,1.0,default,default,0.37623333333333336,0.7958333333333333,0.125,0.02009715292163434,0.3867833333333333,0.44583333333333336,0.11666666666666664,0.01937137779761104,0.23698333333333335,0.3375,0.12083333333333335,0.020478911917710212,0.6305587393975555,0.7484162938303114,0.17610453442016083,0.02771069821793231,0.6311764964631379,0.7484162938303114,0.1576295956399908,0.027035302248610293,0.11663319775172717,0.47379139965461775,0.322452447846824,0.054416544707303637,0.1159,0.48333333333333334,0.3458333333333333,0.058474552869888057,2.138164697685451,2.255147110355589,0.25499211292684043,0.03950886661162156,1.0,1.0,0.0,0.0,0.2648571428571429,0.4642857142857143,0.3928571428571429,0.06649904096285594,0.0,0.0,0.0,0.0,0.0,0.0,0.0,0.0,0.0,0.0,0.0,0.0,0.0,0.0,0.0,0.0,0.0,0.0,0.0,0.0,stable,oscillatory
22,500,240,modular,6,0.08,0.004,0.12,6,20.0,0.72,0.22,True,static,1.0,False,False,1.0,default,default,0.3412833333333334,0.7583333333333333,0.1875,0.024113280112373302,0.39976666666666666,0.4791666666666667,0.14583333333333337,0.02314089693834513,0.25895,0.3875,0.1625,0.02404498677248313,0.6570861745242396,0.8083333359810267,0.22532788567169426,0.03092847425526165,0.6577357121398241,0.8083333359810267,0.22532788567169426,0.03104016837882578,0.17498559569864033,0.6227176387080031,0.46396611431535173,0.07928641880761952,0.17473333333333332,0.6125,0.4375,0.08119462899587496,2.193623548428857,2.371441249881294,0.359817680672307,0.04658061457163991,1.0,1.0,0.0,0.0,0.26442857142857146,0.5357142857142857,0.4285714285714286,0.07006542132397493,0.0,0.0,0.0,0.0,0.0,0.0,0.0,0.0,0.0,0.0,0.0,0.0,0.0,0.0,0.0,0.0,0.0,0.0,0.0,0.0,oscillatory,oscillatory
23,500,240,modular,6,0.08,0.004,0.12,6,20.0,0.72,0.22,True,static,1.0,False,False,1.0,default,default,0.38576666666666665,0.8333333333333334,0.125,0.025517880441412493,0.34181666666666666,0.42916666666666664,0.14999999999999997,0.023562381741524634,0.2724166666666667,0.35833333333333334,0.14583333333333331,0.020177855023102265,0.6373943950343143,0.7524575256890984,0.17276669395977995,0.02886154305276161,0.6371146035049566,0.7524575256890984,0.17276669395977995,0.028871726514271664,0.1271050287570589,0.4782123819733329,0.3639566997353763,0.06143582728800207,0.12943333333333334,0.4583333333333333,0.375,0.06449858740916561,2.1499565689715525,2.2975608445146842,0.2702012450739941,0.047021562469430865,1.0,1.0,0.0,0.0,0.22657142857142856,0.42857142857142855,0.3571428571428571,0.06446071418677726,0.0,0.0,0.0,0.0,0.0,0.0,0.0,0.0,0.0,0.0,0.0,0.0,0.0,0.0,0.0,0.0,0.0,0.0,0.0,0.0,stable,oscillatory
24,500,240,modular,6,0.08,0.004,0.12,6,20.0,0.72,0.22,True,static,1.0,False,False,1.0,default,default,0.4136666666666667,0.8166666666666667,0.13333333333333336,0.02271257605625375,0.38595,0.44583333333333336,0.1375,0.02199811229275013,0.20038333333333333,0.3875,0.10416666666666666,0.01938800459619871,0.5848098177930048,0.840846680704187,0.14441058389188788,0.02751116704355701,0.5846496480820618,0.840846680704187,0.14441058389188788,0.02746337891759311,0.05362964246939099,0.6962955764969168,0.1886748542888536,0.0298693116227664,0.05396666666666667,0.7041666666666667,0.22499999999999998,0.0344393831406881,2.0528313057346823,2.3685407009058164,0.24435144256939223,0.04133731739601174,1.0,1.0,0.0,0.0,0.1827142857142857,0.42857142857142855,0.35714285714285715,0.05765998152434455,0.0,0.0,0.0,0.0,0.0,0.0,0.0,0.0,0.0,0.0,0.0,0.0,0.0,0.0,0.0,0.0,0.0,0.0,0.0,0.0,stable,stable
25,500,240,modular,6,0.08,0.004,0.12,6,20.0,0.72,0.22,True,static,1.0,False,False,1.0,default,default,0.38094999999999996,0.775,0.12083333333333335,0.02090853759698283,0.38675,0.45416666666666666,0.12083333333333335,0.021725720803794854,0.23229999999999998,0.35,0.12500000000000003,0.020008026167293743,0.6373737047884047,0.7778220109609888,0.17019218412023407,0.026217706392862427,0.638032156068944,0.7778220109609888,0.14101877438367638,0.02537708873289313,0.12990311896249024,0.5682061704270414,0.30797092547610194,0.053524014513128604,0.12935,0.5541666666666667,0.30416666666666664,0.0603741321538731,2.1156480876855857,2.290075480355562,0.22936279844234764,0.038643664919096446,1.0,1.0,0.0,0.0,0.27528571428571436,0.5714285714285714,0.46428571428571425,0.06916720350582585,0.0,0.0,0.0,0.0,0.0,0.0,0.0,0.0,0.0,0.0,0.0,0.0,0.0,0.0,0.0,0.0,0.0,0.0,0.0,0.0,stable,oscillatory
26,500,240,modular,6,0.08,0.004,0.12,6,20.0,0.72,0.22,True,static,1.0,False,False,1.0,default,default,0.33988333333333337,0.8375,0.2833333333333334,0.07256472398257066,0.41348333333333337,0.5041666666666667,0.18333333333333335,0.03011906465273375,0.24663333333333332,0.4083333333333333,0.2916666666666667,0.08482039194019848,0.6709493890849415,0.8487769143143492,0.3960598547807965,0.11833929056380454,0.6659557523898723,0.8487769143143492,0.39870135986613653,0.12037001296609828,0.31341002794840345,0.6918474498373778,0.6180325191569866,0.19732783714158722,0.31393333333333334,0.7125,0.6916666666666667,0.19913151991139477,2.168801936459342,2.4105870581442224,0.5903629825334655,0.1595933522252023,1.0,1.0,0.0,0.0,0.25671428571428573,0.5714285714285714,0.5357142857142857,0.09631379412511745,0.0,0.0,0.0,0.0,0.0,0.0,0.0,0.0,0.0,0.0,0.0,0.0,0.0,0.0,0.0,0.0,0.0,0.0,0.0,0.0,oscillatory,runaway
27,500,240,modular,6,0.08,0.004,0.12,6,20.0,0.72,0.22,True,static,1.0,False,False,1.0,default,default,0.3634833333333333,0.7833333333333333,0.12916666666666665,0.022071657290642123,0.4054333333333333,0.4708333333333333,0.11666666666666664,0.02263370151885114,0.23108333333333334,0.37916666666666665,0.11249999999999999,0.02096309588035338,0.6414396082551777,0.8442883759447013,0.1571774853011796,0.02835350288808785,0.6421073299715669,0.8442883759447013,0.1571774853011796,0.028198891493820998,0.139620561453976,0.6856822113780839,0.329326247525927,0.06087872674373736,0.1400833333333333,0.6708333333333333,0.35,0.06482288904734533,2.1362425767866453,2.4255813473791066,0.22787819840138024,0.0412157944890538,1.0,1.0,0.0,0.0,0.19685714285714284,0.5,0.2857142857142857,0.06294085334985666,0.0,0.0,0.0,0.0,0.0,0.0,0.0,0.0,0.0,0.0,0.0,0.0,0.0,0.0,0.0,0.0,0.0,0.0,0.0,0.0,stable,stable
28,500,240,modular,6,0.08,0.004,0.12,6,20.0,0.72,0.22,True,static,1.0,False,False,1.0,default,default,0.3897333333333334,0.825,0.11250000000000004,0.02050097558654222,0.3948,0.44583333333333336,0.10000000000000003,0.02019458123138757,0.21546666666666667,0.38333333333333336,0.10416666666666669,0.01697069369367217,0.5984164277824695,0.7982710586265543,0.1387766532418,0.02373517178577384,0.598917533559428,0.7982710586265543,0.14170277082510807,0.023884886918102873,0.06507895733137588,0.6072014554678656,0.15616320848732532,0.028177490026417805,0.06545,0.6,0.18333333333333332,0.03188051041693725,2.0902708764933156,2.3794371677902912,0.20893158500903275,0.03654773278652317,1.0,1.0,0.0,0.0,0.24842857142857142,0.42857142857142855,0.3571428571428571,0.05883720189243038,0.0,0.0,0.0,0.0,0.0,0.0,0.0,0.0,0.0,0.0,0.0,0.0,0.0,0.0,0.0,0.0,0.0,0.0,0.0,0.0,stable,stable
29,500,240,modular,6,0.08,0.004,0.12,6,20.0,0.72,0.22,True,static,1.0,False,False,1.0,default,default,0.3669666666666667,0.7958333333333333,0.125,0.023544732838672103,0.3840666666666667,0.45416666666666666,0.1375,0.024532087830703143,0.24896666666666667,0.37916666666666665,0.1375,0.022636352277795212,0.6656951553769077,0.8406701192219972,0.1626320446743983,0.030181100480731783,0.6654354968817149,0.8406701192219972,0.1626320446743983,0.030464464398177977,0.20113719821230103,0.6908172963601024,0.41929044771146207,0.08497571590034812,0.20053333333333334,0.6375,0.4375,0.08972252906724276,2.1348796743548366,2.353132389123767,0.22929441305053233,0.04324650519787867,1.0,1.0,0.0,0.0,0.2877142857142857,0.5,0.2857142857142857,0.060828296315555815,0.0,0.0,0.0,0.0,0.0,0.0,0.0,0.0,0.0,0.0,0.0,0.0,0.0,0.0,0.0,0.0,0.0,0.0,0.0,0.0,stable,oscillatory
30,500,240,modular,6,0.08,0.004,0.12,6,20.0,0.72,0.22,True,static,1.0,False,False,1.0,default,default,0.36816666666666664,0.8208333333333333,0.12083333333333335,0.0232373023869429,0.40045000000000003,0.48333333333333334,0.15833333333333333,0.024446773247654225,0.23138333333333333,0.3875,0.12083333333333332,0.02015261907434256,0.6333967757679582,0.8395550764686719,0.14662192460061918,0.02716567342927339,0.6333719266051394,0.8395550764686719,0.14662192460061918,0.02703968105990906,0.12075897807299633,0.6796803338426787,0.274522895770786,0.05336679989966266,0.12071666666666665,0.6583333333333333,0.28750000000000003,0.054982828127415284,2.1363573272282057,2.4080121349706642,0.2167796808617819,0.041099841542531323,1.0,1.0,0.0,0.0,0.19171428571428573,0.5,0.35714285714285715,0.05496492388007881,0.0,0.0,0.0,0.0,0.0,0.0,0.0,0.0,0.0,0.0,0.0,0.0,0.0,0.0,0.0,0.0,0.0,0.0,0.0,0.0,stable,oscillatory
31,500,240,modular,6,0.08,0.004,0.12,6,20.0,0.72,0.22,True,static,1.0,False,False,1.0,default,default,0.38469999999999993,0.7791666666666667,0.4125,0.1488961942652218,0.4021166666666667,0.4666666666666667,0.15000000000000002,0.030439470903563498,0.21318333333333334,0.4375,0.42083333333333334,0.16752576004238207,0.6206267949052141,0.9205278717543314,0.5912688078696617,0.2380032219775715,0.6169257756159999,0.9205278717543314,0.5912688078696617,0.23776398879024466,0.345211855653549,0.7404160143507117,0.7383884767791405,0.348413223545095,0.34479999999999994,0.7833333333333333,0.7833333333333333,0.34859565720505215,2.084143312643751,2.507074164732496,0.8520522237201755,0.32692482960338726,1.0,1.0,0.0,0.0,0.2315714285714286,0.5357142857142857,0.5357142857142857,0.16254412273821128,0.0,0.0,0.0,0.0,0.0,0.0,0.0,0.0,0.0,0.0,0.0,0.0,0.0,0.0,0.0,0.0,0.0,0.0,0.0,0.0,oscillatory,runaway
32,500,240,modular,6,0.08,0.004,0.12,6,20.0,0.72,0.22,True,static,1.0,False,False,1.0,default,default,0.37681666666666674,0.8125,0.17083333333333334,0.023780646893359875,0.3968,0.45416666666666666,0.125,0.022740297076140215,0.22638333333333335,0.375,0.11250000000000002,0.02079904511697058,0.6220343325812527,0.7786511477302144,0.17645672362574072,0.028945592577005772,0.6221622583243025,0.7786511477302144,0.17645672362574072,0.0285415932161673,0.10038127800803737,0.5609834599479414,0.31228712548606546,0.04937228110218034,0.10083333333333334,0.5416666666666666,0.3208333333333333,0.055175225922107066,2.1307489041329806,2.319621870815038,0.29582579229217787,0.044278449246628854,1.0,1.0,0.0,0.0,0.36228571428571427,0.6071428571428571,0.3214285714285714,0.06368032406850163,0.0,0.0,0.0,0.0,0.0,0.0,0.0,0.0,0.0,0.0,0.0,0.0,0.0,0.0,0.0,0.0,0.0,0.0,0.0,0.0,stable,stable
33,500,240,modular,6,0.08,0.004,0.12,6,20.0,0.72,0.22,True,static,1.0,False,False,1.0,default,default,0.34714999999999996,0.8333333333333334,0.14999999999999997,0.02410629816274392,0.3837833333333333,0.4708333333333333,0.125,0.02432146400016066,0.2690666666666667,0.42916666666666664,0.21666666666666665,0.024382735239873676,0.6776619009965912,0.8958706415562386,0.2543340732442577,0.031222080878452754,0.6780148550785777,0.8958706415562386,0.2543340732442577,0.03129115692883322,0.2345899530185,0.7200555533901382,0.4970679040618493,0.08815623950142443,0.23265,0.7291666666666666,0.5083333333333333,0.09194362554183828,2.19290170925983,2.494406874962761,0.36588965430251896,0.04605071143173173,1.0,1.0,0.0,0.0,0.28571428571428564,0.5357142857142857,0.32142857142857145,0.06866065623255951,0.0,0.0,0.0,0.0,0.0,0.0,0.0,0.0,0.0,0.0,0.0,0.0,0.0,0.0,0.0,0.0,0.0,0.0,0.0,0.0,oscillatory,runaway
34,500,240,modular,6,0.08,0.004,0.12,6,20.0,0.72,0.22,True,static,1.0,False,False,1.0,default,default,0.37266666666666665,0.8416666666666667,0.14583333333333337,0.021917775637342603,0.3922166666666667,0.44583333333333336,0.10416666666666669,0.022274555738181028,0.23511666666666667,0.39166666666666666,0.12499999999999997,0.020634390118332926,0.6309307066473054,0.8434746913075639,0.176112580933255,0.027307593355436238,0.6310733204447359,0.8434746913075639,0.1483516454225322,0.02636330745569947,0.11588281455364238,0.6832672767908233,0.3270451801922822,0.053461989909661646,0.11941666666666666,0.7291666666666666,0.375,0.057271344880703165,2.124254414747924,2.383508346510176,0.26195060196882025,0.04156463758102304,1.0,1.0,0.0,0.0,0.24757142857142858,0.6428571428571429,0.3571428571428571,0.06420010172285157,0.0,0.0,0.0,0.0,0.0,0.0,0.0,0.0,0.0,0.0,0.0,0.0,0.0,0.0,0.0,0.0,0.0,0.0,0.0,0.0,stable,oscillatory
35,500,240,modular,6,0.08,0.004,0.12,6,20.0,0.72,0.22,True,static,1.0,False,False,1.0,default,default,0.38065,0.8125,0.12083333333333335,0.021375147822750712,0.3676999999999999,0.425,0.12083333333333335,0.020586241360028144,0.25165,0.4083333333333333,0.10416666666666669,0.020306327694697646,0.6172977978772219,0.8275781827016612,0.16566452859088743,0.027169693006807178,0.6170590925416265,0.8275781827016612,0.16566452859088743,0.027027776536212716,0.08919531514596858,0.642227728338,0.3016680556867038,0.04419122303710229,0.08915000000000001,0.6416666666666667,0.32083333333333336,0.047075438866190554,2.13743950613972,2.4168169298342566,0.2437635929562898,0.0402942226694987,1.0,1.0,0.0,0.0,0.32,0.5357142857142857,0.35714285714285715,0.058710635965812906,0.0,0.0,0.0,0.0,0.0,0.0,0.0,0.0,0.0,0.0,0.0,0.0,0.0,0.0,0.0,0.0,0.0,0.0,0.0,0.0,stable,runaway
36,500,240,modular,6,0.08,0.004,0.12,6,20.0,0.72,0.22,True,static,1.0,False,False,1.0,default,default,0.4042166666666666,0.75,0.13333333333333336,0.021732214950774497,0.3733333333333333,0.45,0.09583333333333333,0.01931824123579692,0.22244999999999998,0.37916666666666665,0.10833333333333334,0.019974574115888204,0.5864541764002943,0.7619606189678135,0.1635038914989282,0.027793558705990845,0.5869596250143669,0.7619606189678135,0.1635038914989282,0.027748201201740895,0.053429908511909964,0.5066653838488382,0.20222024240825465,0.02885740077428467,0.05363333333333333,0.49583333333333335,0.21666666666666665,0.031922110066709426,2.0527645629309275,2.27599408098091,0.22767043925600738,0.0406661072606618,1.0,1.0,0.0,0.0,0.3431428571428571,0.5714285714285714,0.3928571428571428,0.06857083333074981,0.0,0.0,0.0,0.0,0.0,0.0,0.0,0.0,0.0,0.0,0.0,0.0,0.0,0.0,0.0,0.0,0.0,0.0,0.0,0.0,stable,stable
37,500,240,modular,6,0.08,0.004,0.12,6,20.0,0.72,0.22,True,static,1.0,False,False,1.0,default,default,0.35086666666666666,0.7833333333333333,0.14583333333333331,0.023358890765140746,0.40981666666666666,0.48333333333333334,0.1375,0.023159045509020634,0.23931666666666665,0.35,0.13749999999999998,0.021440285290390455,0.6544512980891481,0.7985919020966442,0.19436039676634786,0.028800863434529762,0.6545428187102229,0.7985919020966442,0.19436039676634786,0.028902225836149664,0.1682155064565556,0.6130921981817833,0.46071530416778805,0.07467101418062688,0.1682166666666667,0.5916666666666667,0.46249999999999997,0.07877376361031212,2.1492221600707606,2.3090914852586204,0.26992886522665893,0.04208082987663178,1.0,1.0,0.0,0.0,0.3158571428571429,0.5714285714285714,0.35714285714285715,0.07167514583600264,0.0,0.0,0.0,0.0,0.0,0.0,0.0,0.0,0.0,0.0,0.0,0.0,0.0,0.0,0.0,0.0,0.0,0.0,0.0,0.0,stable,oscillatory
38,500,240,modular,6,0.08,0.004,0.12,6,20.0,0.72,0.22,True,static,1.0,False,False,1.0,default,default,0.3646833333333333,0.8208333333333333,0.1166666666666667,0.021574090685099315,0.4095333333333333,0.4708333333333333,0.12083333333333335,0.020654673939705645,0.22578333333333334,0.3958333333333333,0.11250000000000002,0.01944394364434449,0.6301375232003804,0.806964465061173,0.1461244046926664,0.027620258558542218,0.6308015101369091,0.806964465061173,0.1461244046926664,0.027898060477331822,0.1161402145031697,0.6293436374272321,0.2811767716509184,0.053445807501605415,0.11593333333333333,0.6375,0.3125,0.05740224540710736,2.1349993413507993,2.33170442612013,0.21449769453532364,0.03931392800214086,1.0,1.0,0.0,0.0,0.3087142857142857,0.4642857142857143,0.2857142857142857,0.060157785727813065,0.0,0.0,0.0,0.0,0.0,0.0,0.0,0.0,0.0,0.0,0.0,0.0,0.0,0.0,0.0,0.0,0.0,0.0,0.0,0.0,stable,stable
39,500,240,modular,6,0.08,0.004,0.12,6,20.0,0.72,0.22,True,static,1.0,False,False,1.0,default,default,0.35063333333333335,0.7916666666666666,0.125,0.024370154789094888,0.39176666666666665,0.4666666666666667,0.1375,0.02404257797232975,0.2576,0.3958333333333333,0.10833333333333334,0.019083617174017208,0.6522575719106224,0.8082565858941188,0.14143817837662354,0.027628717171130277,0.6520710561021286,0.8082565858941188,0.14143817837662354,0.02756593770331366,0.1599214082707967,0.6259429060849965,0.3349113824818035,0.06664840295270623,0.16078333333333333,0.6708333333333333,0.3666666666666667,0.07131238204781365,2.146561220495231,2.3478642773556953,0.20488321757936845,0.04135038092068324,1.0,1.0,0.0,0.0,0.2742857142857143,0.4642857142857143,0.4285714285714286,0.0639036264181287,0.0,0.0,0.0,0.0,0.0,0.0,0.0,0.0,0.0,0.0,0.0,0.0,0.0,0.0,0.0,0.0,0.0,0.0,0.0,0.0,stable,stable
40,500,240,modular,6,0.08,0.004,0.12,6,20.0,0.72,0.22,True,static,1.0,False,False,1.0,default,default,0.3600333333333333,0.7708333333333334,0.14999999999999997,0.02453792982303112,0.3940166666666666,0.4875,0.17916666666666664,0.02459600803201835,0.24595000000000003,0.4,0.125,0.02122433744548932,0.6505322675628297,0.8553065661134958,0.16735709770665075,0.029622365447774655,0.6497149687507766,0.8553065661134958,0.16735709770665075,0.029568450946083284,0.1583602807283541,0.699332914222685,0.4267628196845478,0.0730775159479424,0.1550166666666667,0.7291666666666666,0.45,0.07438012167239309,2.1568075187496563,2.4046427206991665,0.2352808391202963,0.0442846708859693,1.0,1.0,0.0,0.0,0.2628571428571429,0.4642857142857143,0.3928571428571429,0.06355136119867207,0.0,0.0,0.0,0.0,0.0,0.0,0.0,0.0,0.0,0.0,0.0,0.0,0.0,0.0,0.0,0.0,0.0,0.0,0.0,0.0,stable,oscillatory
41,500,240,modular,6,0.08,0.004,0.12,6,20.0,0.72,0.22,True,static,1.0,False,False,1.0,default,default,0.3496,0.7875,0.11666666666666664,0.021946424664522363,0.39294999999999997,0.45416666666666666,0.11249999999999999,0.022172436592410055,0.25745,0.44583333333333336,0.10416666666666666,0.01908272196982857,0.6542878237924856,0.8674396413781746,0.15731194640966484,0.026725314030662625,0.6543056197983101,0.8674396413781746,0.15731194640966484,0.026902987643587815,0.1637655172717779,0.6922278114391524,0.40127687473542256,0.06786716627517159,0.1668,0.6833333333333333,0.35833333333333334,0.07180690929306331,2.1710343516358255,2.430805085170869,0.21978382119294393,0.04013416807177816,1.0,1.0,0.0,0.0,0.19799999999999998,0.42857142857142855,0.32142857142857145,0.06259751576214377,0.0,0.0,0.0,0.0,0.0,0.0,0.0,0.0,0.0,0.0,0.0,0.0,0.0,0.0,0.0,0.0,0.0,0.0,0.0,0.0,stable,runaway
42,500,240,modular,6,0.08,0.004,0.12,6,20.0,0.72,0.22,True,static,1.0,False,False,1.0,default,default,0.38348333333333334,0.7958333333333333,0.12083333333333335,0.021148739127112678,0.3536666666666667,0.4125,0.11249999999999999,0.021664102412362562,0.26285000000000003,0.375,0.1708333333333333,0.023513051931025694,0.6353248359305604,0.7523594520111583,0.19977194181350244,0.029161824216303894,0.6354858039975293,0.7523594520111583,0.19977194181350244,0.02932453549557997,0.12409315532843104,0.47813858319963315,0.45340581839485095,0.06183437309244052,0.12471666666666668,0.5041666666666667,0.48333333333333334,0.06671760762097714,2.1571118152789572,2.321022129693117,0.27774861967969233,0.042896492435184515,1.0,1.0,0.0,0.0,0.30642857142857144,0.5357142857142857,0.42857142857142855,0.0688424702802399,0.0,0.0,0.0,0.0,0.0,0.0,0.0,0.0,0.0,0.0,0.0,0.0,0.0,0.0,0.0,0.0,0.0,0.0,0.0,0.0,oscillatory,oscillatory
43,500,240,modular,6,0.08,0.004,0.12,6,20.0,0.72,0.22,True,static,1.0,False,False,1.0,default,default,0.3476666666666666,0.8208333333333333,0.15416666666666667,0.02685040864576263,0.39581666666666665,0.4791666666666667,0.12083333333333335,0.022980964344914298,0.25651666666666667,0.37083333333333335,0.17916666666666667,0.023099236399115496,0.6666193887338819,0.8143320500405868,0.24244675471466437,0.033934680151953646,0.6668238226113099,0.8143320500405868,0.24244675471466437,0.03385805090187983,0.20482019957022313,0.6466324144470698,0.49510940794938085,0.09143306022298009,0.20368333333333333,0.6416666666666667,0.48333333333333334,0.09414293063681888,2.185203422523817,2.3700733257365667,0.354783893560938,0.050759776942781054,1.0,1.0,0.0,0.0,0.3161428571428571,0.5,0.39285714285714285,0.07205171045569866,0.0,0.0,0.0,0.0,0.0,0.0,0.0,0.0,0.0,0.0,0.0,0.0,0.0,0.0,0.0,0.0,0.0,0.0,0.0,0.0,oscillatory,oscillatory
44,500,240,modular,6,0.08,0.004,0.12,6,20.0,0.72,0.22,True,static,1.0,False,False,1.0,default,default,0.34295,0.8375,0.1375,0.026264260676609363,0.3861666666666666,0.4708333333333333,0.15416666666666667,0.025452024586573772,0.2708833333333333,0.4166666666666667,0.16250000000000003,0.023747754279791033,0.6784406771256514,0.8059983227867158,0.20414296592338832,0.0339592184813476,0.6780568749032271,0.8059983227867158,0.2100614568974576,0.03506434871010476,0.23762539063221794,0.6294629813757514,0.47799068168068304,0.10121409000242525,0.23986666666666667,0.65,0.48333333333333334,0.10452582881225525,2.2172923586127897,2.3531872000897467,0.2918730162097769,0.048893397388940184,1.0,1.0,0.0,0.0,0.33085714285714285,0.5357142857142857,0.39285714285714285,0.06778477343920301,0.0,0.0,0.0,0.0,0.0,0.0,0.0,0.0,0.0,0.0,0.0,0.0,0.0,0.0,0.0,0.0,0.0,0.0,0.0,0.0,oscillatory,runaway
45,500,240,modular,6,0.08,0.004,0.12,6,20.0,0.72,0.22,True,static,1.0,False,False,1.0,default,default,0.37416666666666665,0.8125,0.11249999999999999,0.02147349787787521,0.3823166666666667,0.45,0.125,0.022943342050460835,0.24351666666666666,0.37916666666666665,0.13749999999999998,0.019249307346845844,0.6390186149083897,0.8347587175364249,0.1565807715718116,0.026198237248374293,0.6389101053848124,0.8347587175364249,0.1589854546987195,0.0269820993601373,0.1320895484804617,0.6758200437262345,0.3127743784669839,0.056624754166700056,0.12941666666666665,0.6708333333333333,0.325,0.060267977954023534,2.1270570951348886,2.380594441167782,0.2264287747443292,0.03807462010930217,1.0,1.0,0.0,0.0,0.275,0.5,0.39285714285714285,0.06509412337499587,0.0,0.0,0.0,0.0,0.0,0.0,0.0,0.0,0.0,0.0,0.0,0.0,0.0,0.0,0.0,0.0,0.0,0.0,0.0,0.0,stable,oscillatory
46,500,240,modular,6,0.08,0.004,0.12,6,20.0,0.72,0.22,True,static,1.0,False,False,1.0,default,default,0.39629999999999993,0.8125,0.1166666666666667,0.02173205517713919,0.38511666666666666,0.4375,0.11249999999999999,0.02029847421742717,0.21858333333333332,0.3875,0.11249999999999999,0.020598847055114514,0.5989890577503766,0.8092401385918175,0.1387981754503126,0.027370177540049546,0.5987397018008913,0.8092401385918175,0.16923909072788856,0.02835562634331948,0.06703830618165188,0.6284653660055793,0.19634175644040233,0.03472808721860125,0.06801666666666668,0.6291666666666667,0.19583333333333333,0.0368770065367447,2.0765937939429318,2.3389035774922395,0.19820617426817422,0.040052867724596326,1.0,1.0,0.0,0.0,0.1801428571428571,0.42857142857142855,0.25,0.05212406706452346,0.0,0.0,0.0,0.0,0.0,0.0,0.0,0.0,0.0,0.0,0.0,0.0,0.0,0.0,0.0,0.0,0.0,0.0,0.0,0.0,stable,stable
47,500,240,modular,6,0.08,0.004,0.12,6,20.0,0.72,0.22,True,static,1.0,False,False,1.0,default,default,0.35078333333333334,0.8,0.12083333333333335,0.023070188796607435,0.39171666666666666,0.4583333333333333,0.14583333333333331,0.023313926453231052,0.2575,0.4,0.13333333333333333,0.023027761023985325,0.6621772528980916,0.8585245123421399,0.1823647537012456,0.030513393352034703,0.6615096035885646,0.8585245123421399,0.1823647537012456,0.030263347030581183,0.1862821371806641,0.6939208761656154,0.433421240680998,0.08160207333235686,0.18644999999999998,0.6833333333333333,0.45416666666666666,0.08665108994634105,2.16628381104995,2.4178342732402722,0.2309367641945954,0.04327655135369727,1.0,1.0,0.0,0.0,0.21485714285714283,0.4642857142857143,0.35714285714285715,0.06745883098268915,0.0,0.0,0.0,0.0,0.0,0.0,0.0,0.0,0.0,0.0,0.0,0.0,0.0,0.0,0.0,0.0,0.0,0.0,0.0,0.0,stable,oscillatory
48,500,240,modular,6,0.08,0.004,0.12,6,20.0,0.72,0.22,True,static,1.0,False,False,1.0,default,default,0.3606833333333334,0.7791666666666667,0.125,0.023917502888981625,0.3973,0.4583333333333333,0.12083333333333329,0.022612410555071547,0.24201666666666666,0.4041666666666667,0.125,0.021475496372480994,0.6354032197676245,0.8350321096978857,0.16873031806984295,0.02921447654081893,0.635555844168595,0.8350321096978857,0.16873031806984295,0.029167581946424426,0.1241940170820953,0.6617152410460491,0.3593661908335977,0.059767250428079184,0.12490000000000001,0.6416666666666667,0.4041666666666667,0.06254212802405894,2.163077699722467,2.4383954467618065,0.2126456669821244,0.044572832283596674,1.0,1.0,0.0,0.0,0.152,0.5357142857142857,0.32142857142857145,0.05285791505227452,0.0,0.0,0.0,0.0,0.0,0.0,0.0,0.0,0.0,0.0,0.0,0.0,0.0,0.0,0.0,0.0,0.0,0.0,0.0,0.0,stable,runaway
49,500,240,modular,6,0.08,0.004,0.12,6,20.0,0.72,0.22,True,static,1.0,False,False,1.0,default,default,0.36895000000000006,0.8166666666666667,0.125,0.022044657957075324,0.3900333333333333,0.4708333333333333,0.15416666666666667,0.023949576660605553,0.24101666666666666,0.4166666666666667,0.12916666666666665,0.020036279594775074,0.6310348354963519,0.8405037054260739,0.11919545700847523,0.025590904353276135,0.6311386636016723,0.8405037054260739,0.11919545700847523,0.02600735180397969,0.11411108825309119,0.6700889155788687,0.23232072108327742,0.05010549697767974,0.11366666666666665,0.6541666666666667,0.2875,0.05353503525729669,2.118813836707733,2.3929966943020036,0.1832851434857372,0.03860629363707697,1.0,1.0,0.0,0.0,0.329,0.5357142857142857,0.39285714285714285,0.06266871106811417,0.0,0.0,0.0,0.0,0.0,0.0,0.0,0.0,0.0,0.0,0.0,0.0,0.0,0.0,0.0,0.0,0.0,0.0,0.0,0.0,stable,runaway
50,500,240,modular,6,0.08,0.004,0.12,6,20.0,0.72,0.22,True,static,1.0,False,False,1.0,default,default,0.3840166666666667,0.7833333333333333,0.15833333333333333,0.023351594045042074,0.3641333333333333,0.4583333333333333,0.1375,0.02377204240278904,0.25184999999999996,0.38333333333333336,0.13333333333333333,0.022468675726194657,0.6445075122589792,0.8384406157990504,0.19974675751586213,0.03094058624084006,0.6441523973227296,0.8384406157990504,0.19974675751586213,0.030694307586215573,0.14811393635992254,0.689852861582694,0.42867625411101545,0.07376562142220636,0.14880000000000002,0.6791666666666667,0.4458333333333333,0.07858614523070986,2.1330810109599416,2.3819202571878404,0.28146894286176205,0.043216724600130395,1.0,1.0,0.0,0.0,0.26485714285714285,0.5357142857142857,0.3928571428571429,0.07023052420858217,0.0,0.0,0.0,0.0,0.0,0.0,0.0,0.0,0.0,0.0,0.0,0.0,0.0,0.0,0.0,0.0,0.0,0.0,0.0,0.0,stable,oscillatory
1,500,240,modular,6,0.08,0.004,0.12,8,20.0,0.72,0.22,True,static,1.0,False,False,1.0,default,default,0.35675,0.8333333333333334,0.18333333333333335,0.02754655150831044,0.38323333333333337,0.48333333333333334,0.175,0.024633220568077485,0.26001666666666673,0.3875,0.19999999999999998,0.026871861573855363,0.6778490033605427,0.8753675942583151,0.2625670507003137,0.03832027635475298,0.6772923633828436,0.8753675942583151,0.2922208468439816,0.04000786707060545,0.24086178110882564,0.7175510146269471,0.5561362722611558,0.1036791702132041,0.24245,0.7333333333333333,0.5166666666666667,0.10792428029770584,2.172724829528563,2.443693392716306,0.36824118310157505,0.05327046380399136,1.0,1.0,0.0,0.0,0.2507142857142857,0.5357142857142857,0.39285714285714285,0.06447986554905717,0.0,0.0,0.0,0.0,0.0,0.0,0.0,0.0,0.0,0.0,0.0,0.0,0.0,0.0,0.0,0.0,0.0,0.0,0.0,0.0,oscillatory,oscillatory
2,500,240,modular,6,0.08,0.004,0.12,8,20.0,0.72,0.22,True,static,1.0,False,False,1.0,default,default,0.34414999999999996,0.7875,0.20833333333333331,0.029292817663493325,0.37361666666666665,0.4583333333333333,0.14583333333333331,0.02527548768625005,0.2822333333333333,0.4125,0.21666666666666665,0.02779460379282281,0.6760558693050795,0.878656774920897,0.29638144341726486,0.0376399931468564,0.6765675093413815,0.878656774920897,0.29638144341726486,0.03775425378444985,0.23189671980051998,0.7044050426119728,0.5368164994166957,0.09758978614725543,0.23146666666666668,0.725,0.5916666666666667,0.1033191603183499,2.1979877931049385,2.4713126037784385,0.43716737969083064,0.05683773051820581,1.0,1.0,0.0,0.0,0.3271428571428571,0.5357142857142857,0.42857142857142855,0.07803714447855807,0.0,0.0,0.0,0.0,0.0,0.0,0.0,0.0,0.0,0.0,0.0,0.0,0.0,0.0,0.0,0.0,0.0,0.0,0.0,0.0,oscillatory,runaway
3,500,240,modular,6,0.08,0.004,0.12,8,20.0,0.72,0.22,True,static,1.0,False,False,1.0,default,default,0.35638333333333333,0.8,0.15833333333333333,0.024025802102461982,0.38473333333333337,0.475,0.16666666666666663,0.024131836970184332,0.2588833333333333,0.3625,0.10833333333333331,0.020589648154135883,0.6616756832546824,0.7829006201304279,0.17415268905957593,0.029715339315164135,0.6609938123647859,0.7829006201304279,0.17415268905957593,0.029757914478095115,0.18372858109959866,0.5707960443832937,0.3872278464190908,0.07543754505640067,0.1809166666666667,0.55,0.3875,0.07501430419148959,2.1777646208528547,2.3608917679509296,0.2548227826691911,0.04310745736338206,1.0,1.0,0.0,0.0,0.37642857142857145,0.5714285714285714,0.3571428571428571,0.06866437153551576,0.0,0.0,0.0,0.0,0.0,0.0,0.0,0.0,0.0,0.0,0.0,0.0,0.0,0.0,0.0,0.0,0.0,0.0,0.0,0.0,stable,stable
4,500,240,modular,6,0.08,0.004,0.12,8,20.0,0.72,0.22,True,static,1.0,False,False,1.0,default,default,0.39369999999999994,0.7791666666666667,0.12916666666666665,0.02275238693216848,0.37794999999999995,0.44583333333333336,0.1291666666666667,0.02162445246577227,0.22835,0.3875,0.13749999999999998,0.021796718662322648,0.6113363913585746,0.8024562962684184,0.18536221872740832,0.0292033331356357,0.6116498343965979,0.8024562962684184,0.18536221872740832,0.028969391739587652,0.08477526005512338,0.6203874379847057,0.26678150538233936,0.042558442623840856,0.08211666666666666,0.7,0.2875,0.04535330748688567,2.1135046318567396,2.3744240791206535,0.2672459042772912,0.04277289570965485,1.0,1.0,0.0,0.0,0.22071428571428572,0.5,0.39285714285714285,0.06214285714285714,0.0,0.0,0.0,0.0,0.0,0.0,0.0,0.0,0.0,0.0,0.0,0.0,0.0,0.0,0.0,0.0,0.0,0.0,0.0,0.0,stable,oscillatory
5,500,240,modular,6,0.08,0.004,0.12,8,20.0,0.72,0.22,True,static,1.0,False,False,1.0,default,default,0.3344,0.7666666666666667,0.20416666666666666,0.02928738826032651,0.3986333333333334,0.475,0.13749999999999996,0.025398359527077072,0.2669666666666667,0.43333333333333335,0.2583333333333333,0.03189468781962149,0.6794398962879339,0.8318261622856158,0.34085712833519755,0.04186467784217294,0.679226122449318,0.8318261622856158,0.34085712833519755,0.04169781374325975,0.24072347747474732,0.6598087183660637,0.5541320587395775,0.09676224589727961,0.23863333333333334,0.725,0.5875,0.09989769210992258,2.17851579108055,2.3600161105432966,0.4573023817881301,0.058508327885882006,1.0,1.0,0.0,0.0,0.23585714285714285,0.5,0.35714285714285715,0.06653969200593657,0.0,0.0,0.0,0.0,0.0,0.0,0.0,0.0,0.0,0.0,0.0,0.0,0.0,0.0,0.0,0.0,0.0,0.0,0.0,0.0,oscillatory,runaway
6,500,240,modular,6,0.08,0.004,0.12,8,20.0,0.72,0.22,True,static,1.0,False,False,1.0,default,default,0.367,0.7958333333333333,0.10833333333333334,0.021487076219077472,0.3911833333333334,0.45,0.11249999999999999,0.021936834826889275,0.24181666666666662,0.32916666666666666,0.11666666666666667,0.020376109376751328,0.6315973222578779,0.7349293847769661,0.1490247009028407,0.02688982707650516,0.6317723349457942,0.7349293847769661,0.13626078111505635,0.02648296756261725,0.11583711751501065,0.42031944002322164,0.2554508255499453,0.051078799643668994,0.11581666666666666,0.4625,0.2708333333333333,0.055007951445424884,2.1273632076318636,2.2520837289029343,0.2032537187759691,0.03926538550831598,1.0,1.0,0.0,0.0,0.2017142857142857,0.39285714285714285,0.35714285714285715,0.05727769804974316,0.0,0.0,0.0,0.0,0.0,0.0,0.0,0.0,0.0,0.0,0.0,0.0,0.0,0.0,0.0,0.0,0.0,0.0,0.0,0.0,stable,stable
7,500,240,modular,6,0.08,0.004,0.12,8,20.0,0.72,0.22,True,static,1.0,False,False,1.0,default,default,0.3921,0.8416666666666667,0.1375,0.020818821612505672,0.39125,0.4666666666666667,0.125,0.021102428770167665,0.21664999999999998,0.3416666666666667,0.11666666666666667,0.019767741679592818,0.6145376971226392,0.8032553320931873,0.16893524170440277,0.027423463657566212,0.6144947628034754,0.8032553320931873,0.16893524170440277,0.02731794707259971,0.09006660677065878,0.6350263236914401,0.28598556837274103,0.04442923806754435,0.08853333333333332,0.6416666666666667,0.325,0.04877999362215803,2.095798117770821,2.3379461484656376,0.248523635739605,0.039001195555366616,1.0,1.0,0.0,0.0,0.3162857142857143,0.5357142857142857,0.35714285714285715,0.06588549126464546,0.0,0.0,0.0,0.0,0.0,0.0,0.0,0.0,0.0,0.0,0.0,0.0,0.0,0.0,0.0,0.0,0.0,0.0,0.0,0.0,stable,stable
8,500,240,modular,6,0.08,0.004,0.12,8,20.0,0.72,0.22,True,static,1.0,False,False,1.0,default,default,0.38108333333333333,0.8,0.12083333333333335,0.021947063838042465,0.41781666666666667,0.48333333333333334,0.1291666666666667,0.022095053493686973,0.20110000000000003,0.37916666666666665,0.10833333333333334,0.01694471402335647,0.6098220182158297,0.7912000286413807,0.16717725936588157,0.025051093807686838,0.6101120870907482,0.7912000286413807,0.16717725936588157,0.025049115053349526,0.0811941775524132,0.6011851502328999,0.2277358173699913,0.036415992639500794,0.08241666666666667,0.5958333333333333,0.27083333333333337,0.04155560197561282,2.049319216862981,2.258598387371788,0.2081161738707975,0.03643225286943546,1.0,1.0,0.0,0.0,0.22585714285714284,0.42857142857142855,0.2857142857142857,0.05415190274984409,0.0,0.0,0.0,0.0,0.0,0.0,0.0,0.0,0.0,0.0,0.0,0.0,0.0,0.0,0.0,0.0,0.0,0.0,0.0,0.0,stable,stable
9,500,240,modular,6,0.08,0.004,0.12,8,20.0,0.72,0.22,True,static,1.0,False,False,1.0,default,default,0.35181666666666667,0.7583333333333333,0.14583333333333331,0.02258544885540245,0.37638333333333335,0.44166666666666665,0.14583333333333331,0.023801032890752173,0.2718,0.425,0.14583333333333331,0.024250635730498554,0.6717005590924962,0.8923773973541927,0.1867838917686634,0.030685292486723997,0.6708638550415005,0.8923773973541927,0.17054550752704445,0.030197473959983817,0.21256768800734904,0.7173688173713072,0.4205393653332483,0.08706262840317323,0.21125,0.7458333333333333,0.425,0.09144006081703043,2.196626502593455,2.490980112434259,0.2914134021332315,0.04432216628773844,1.0,1.0,0.0,0.0,0.2894285714285714,0.5714285714285714,0.5,0.08210545732440067,0.0,0.0,0.0,0.0,0.0,0.0,0.0,0.0,0.0,0.0,0.0,0.0,0.0,0.0,0.0,0.0,0.0,0.0,0.0,0.0,stable,runaway
10,500,240,modular,6,0.08,0.004,0.12,8,20.0,0.72,0.22,True,static,1.0,False,False,1.0,default,default,0.36273333333333335,0.7875,0.175,0.02652202439064141,0.3700333333333334,0.4875,0.17916666666666664,0.02637705231614952,0.2672333333333333,0.37916666666666665,0.25,0.03313417168624158,0.6741105936974735,0.8327369740937514,0.29859124997346725,0.04143421594068389,0.673462162627921,0.8327369740937514,0.29859124997346725,0.041636017025340116,0.23178046587680928,0.679559216110406,0.5219101364522627,0.10686240907088308,0.23026666666666668,0.6916666666666667,0.5416666666666666,0.10961757259774649,2.169594386087354,2.413208860439651,0.4110189534333246,0.056405612811775904,1.0,1.0,0.0,0.0,0.284,0.5357142857142857,0.39285714285714285,0.07176435360943197,0.0,0.0,0.0,0.0,0.0,0.0,0.0,0.0,0.0,0.0,0.0,0.0,0.0,0.0,0.0,0.0,0.0,0.0,0.0,0.0,oscillatory,oscillatory
11,500,240,modular,6,0.08,0.004,0.12,8,20.0,0.72,0.22,True,static,1.0,False,False,1.0,default,default,0.35851666666666665,0.8166666666666667,0.14166666666666666,0.024069511604702096,0.4136666666666666,0.475,0.11666666666666664,0.02399710630703442,0.22781666666666667,0.4041666666666667,0.11250000000000002,0.021738272700470018,0.6403750700035296,0.8111419396692819,0.1745172692108249,0.029520005284474862,0.6397471371612935,0.8111419396692819,0.1745172692108249,0.029659803047915587,0.13478155703404157,0.6353517903521246,0.35620499559522745,0.06356464492174398,0.1351,0.6625,0.39166666666666666,0.06506463453110813,2.138341229260309,2.3395291803474927,0.25362078446035374,0.04311753321053604,1.0,1.0,0.0,0.0,0.2785714285714286,0.4642857142857143,0.35714285714285715,0.0671580529916752,0.0,0.0,0.0,0.0,0.0,0.0,0.0,0.0,0.0,0.0,0.0,0.0,0.0,0.0,0.0,0.0,0.0,0.0,0.0,0.0,stable,runaway
12,500,240,modular,6,0.08,0.004,0.12,8,20.0,0.72,0.22,True,static,1.0,False,False,1.0,default,default,0.3490833333333333,0.7708333333333334,0.1375,0.022315446817544715,0.4069333333333333,0.4708333333333333,0.13333333333333336,0.022366542473574728,0.24398333333333333,0.4041666666666667,0.11666666666666667,0.02087614933629071,0.654284388964752,0.8309403925294707,0.15975776996314417,0.028649051986428774,0.65451674979881,0.8309403925294707,0.15975776996314417,0.02867935013370178,0.16888366310509936,0.6704553322945662,0.3861613178146078,0.0730312912217006,0.17043333333333333,0.6958333333333333,0.35833333333333334,0.07596311970657574,2.141477452625209,2.3288722708293172,0.24610434467151787,0.04101016690472041,1.0,1.0,0.0,0.0,0.2948571428571428,0.5357142857142857,0.4285714285714286,0.066148256490513,0.0,0.0,0.0,0.0,0.0,0.0,0.0,0.0,0.0,0.0,0.0,0.0,0.0,0.0,0.0,0.0,0.0,0.0,0.0,0.0,stable,runaway
13,500,240,modular,6,0.08,0.004,0.12,8,20.0,0.72,0.22,True,static,1.0,False,False,1.0,default,default,0.3725,0.8291666666666667,0.12916666666666665,0.02362907813126304,0.39063333333333333,0.4583333333333333,0.12916666666666665,0.023831911379492834,0.23686666666666667,0.3875,0.10833333333333334,0.02107563100412944,0.6413720483828712,0.8332251661591857,0.15448894954268177,0.02813527083484165,0.6414034026983282,0.8332251661591857,0.15448894954268177,0.02835515138599563,0.13884911232189467,0.6755089569129923,0.35389628115775434,0.06432010421818112,0.13771666666666668,0.7,0.39166666666666666,0.06823892054962312,2.161772499660705,2.4121762606755746,0.23172149235063877,0.043021339471503606,1.0,1.0,0.0,0.0,0.234,0.42857142857142855,0.3214285714285714,0.05915320820392015,0.0,0.0,0.0,0.0,0.0,0.0,0.0,0.0,0.0,0.0,0.0,0.0,0.0,0.0,0.0,0.0,0.0,0.0,0.0,0.0,stable,stable
14,500,240,modular,6,0.08,0.004,0.12,8,20.0,0.72,0.22,True,static,1.0,False,False,1.0,default,default,0.34606666666666674,0.7708333333333334,0.14166666666666666,0.023689566385975823,0.43018333333333336,0.5,0.14166666666666666,0.0239590449169689,0.22375,0.38333333333333336,0.125,0.020208118555559682,0.6347038253798657,0.8356157771622742,0.15406165051998855,0.02676720161049544,0.6342872944581627,0.8356157771622742,0.15406165051998855,0.026762884697176956,0.12155675127599787,0.670130827335908,0.3219832602223804,0.05449250073993962,0.12095,0.6833333333333333,0.3041666666666667,0.056069651624861494,2.126798719535991,2.3515452827290337,0.2563897229915608,0.04145237774873546,1.0,1.0,0.0,0.0,0.13485714285714284,0.5,0.25,0.050982990360731575,0.0,0.0,0.0,0.0,0.0,0.0,0.0,0.0,0.0,0.0,0.0,0.0,0.0,0.0,0.0,0.0,0.0,0.0,0.0,0.0,stable,oscillatory
15,500,240,modular,6,0.08,0.004,0.12,8,20.0,0.72,0.22,True,static,1.0,False,False,1.0,default,default,0.3307166666666667,0.7791666666666667,0.22083333333333333,0.028377911010737444,0.41636666666666666,0.48333333333333334,0.12916666666666665,0.026205258166168782,0.2529166666666667,0.4166666666666667,0.17916666666666664,0.02412712281967238,0.6759419365932945,0.8461033784987165,0.27535026420114944,0.03314690315439337,0.6745159938688821,0.8461033784987165,0.27535026420114944,0.03533248065145027,0.22562969788994297,0.6824388831695318,0.486059429090261,0.09092235608443308,0.22540000000000002,0.7041666666666667,0.5166666666666667,0.09579045997500077,2.210907802769634,2.4100688805085455,0.40083662198029524,0.048572683359990085,1.0,1.0,0.0,0.0,0.21814285714285714,0.5357142857142857,0.3214285714285714,0.057768185580872475,0.0,0.0,0.0,0.0,0.0,0.0,0.0,0.0,0.0,0.0,0.0,0.0,0.0,0.0,0.0,0.0,0.0,0.0,0.0,0.0,oscillatory,runaway
16,500,240,modular,6,0.08,0.004,0.12,8,20.0,0.72,0.22,True,static,1.0,False,False,1.0,default,default,0.40168333333333334,0.7875,0.39583333333333326,0.13328858519935022,0.38755,0.4625,0.17083333333333334,0.03094457859536052,0.21076666666666666,0.4583333333333333,0.41666666666666663,0.15019356399881675,0.6029469876638214,0.9297318456962412,0.6192492954622294,0.21987884562204602,0.6068426455401026,0.9297318456962412,0.6192492954622294,0.21956990475875493,0.3275874590253745,0.7373657171330812,0.7371582077212291,0.31331310265018153,0.32705000000000006,0.8,0.7625,0.31284053490201325,2.109186696815891,2.558106266662686,0.873122782964731,0.30108141349533674,1.0,1.0,0.0,0.0,0.2215714285714286,0.5357142857142857,0.5357142857142857,0.15757401888817657,0.0,0.0,0.0,0.0,0.0,0.0,0.0,0.0,0.0,0.0,0.0,0.0,0.0,0.0,0.0,0.0,0.0,0.0,0.0,0.0,runaway,runaway
17,500,240,modular,6,0.08,0.004,0.12,8,20.0,0.72,0.22,True,static,1.0,False,False,1.0,default,default,0.40521666666666667,0.8166666666666667,0.1166666666666667,0.022692271077762727,0.3891666666666666,0.4583333333333333,0.12916666666666665,0.021304668241699725,0.20561666666666667,0.43333333333333335,0.11666666666666667,0.019051691380149022,0.5742045004406062,0.8442179574330004,0.16041613336030908,0.027481647915945238,0.5733443374672754,0.8442179574330004,0.16041613336030908,0.02721877167707694,0.04108674096233801,0.6656357500037646,0.13470583892370797,0.020934155275330418,0.04136666666666667,0.6333333333333333,0.15416666666666665,0.02495927794539649,2.0989539587346835,2.4424240089229126,0.23223195303393163,0.04179756004504977,1.0,1.0,0.0,0.0,0.2354285714285714,0.42857142857142855,0.2857142857142857,0.05707066868795035,0.0,0.0,0.0,0.0,0.0,0.0,0.0,0.0,0.0,0.0,0.0,0.0,0.0,0.0,0.0,0.0,0.0,0.0,0.0,0.0,stable,runaway
18,500,240,modular,6,0.08,0.004,0.12,8,20.0,0.72,0.22,True,static,1.0,False,False,1.0,default,default,0.38611666666666666,0.875,0.12083333333333335,0.02372505122345483,0.4152666666666667,0.49583333333333335,0.1291666666666667,0.022653452030295267,0.19861666666666666,0.3625,0.11666666666666667,0.01956372067544072,0.6044456462494532,0.7771043893742842,0.16215209998127944,0.028357156418360768,0.6054206937715236,0.7771043893742842,0.16215209998127944,0.027410689073990583,0.07631503909199461,0.5674350513868032,0.22258465348258,0.037778789795018565,0.07528333333333333,0.6041666666666666,0.2541666666666667,0.03992862033957876,2.086760745637733,2.3046162490214335,0.22574800206766166,0.042064835584669356,1.0,1.0,0.0,0.0,0.2582857142857143,0.4642857142857143,0.3928571428571429,0.07073030121669271,0.0,0.0,0.0,0.0,0.0,0.0,0.0,0.0,0.0,0.0,0.0,0.0,0.0,0.0,0.0,0.0,0.0,0.0,0.0,0.0,stable,stable
19,500,240,modular,6,0.08,0.004,0.12,8,20.0,0.72,0.22,True,static,1.0,False,False,1.0,default,default,0.33275,0.8166666666666667,0.1333333333333333,0.02454884586560707,0.4467,0.5291666666666667,0.15000000000000002,0.023739301684010092,0.22055000000000002,0.3125,0.11249999999999999,0.021323962785769646,0.6405639505088855,0.7286438326303271,0.1519281212477035,0.03003595713020996,0.6403600193637458,0.7286438326303271,0.16921469960214586,0.030370210222575363,0.13610564818076978,0.3993860352590289,0.3522377075957247,0.06662986404064206,0.13581666666666667,0.4083333333333333,0.37916666666666665,0.07014973865477571,2.1926568715016472,2.3264943369339615,0.2542654026983926,0.04571767483212345,1.0,1.0,0.0,0.0,0.21414285714285713,0.4642857142857143,0.32142857142857145,0.06081906924372873,0.0,0.0,0.0,0.0,0.0,0.0,0.0,0.0,0.0,0.0,0.0,0.0,0.0,0.0,0.0,0.0,0.0,0.0,0.0,0.0,stable,stable
20,500,240,modular,6,0.08,0.004,0.12,8,20.0,0.72,0.22,True,static,1.0,False,False,1.0,default,default,0.36373333333333335,0.7833333333333333,0.12916666666666665,0.023199161862255093,0.38789999999999997,0.44583333333333336,0.11250000000000004,0.021844933305256647,0.24836666666666668,0.39166666666666666,0.1333333333333333,0.02123215590665358,0.6598259382752413,0.816646109991468,0.18579242924203765,0.02903866710838108,0.6592680882639205,0.816646109991468,0.16756241838192798,0.027896640079971627,0.1809502505811648,0.6514074314266647,0.4068426545123579,0.07171047074583921,0.17884999999999998,0.6541666666666667,0.3625,0.07268632952625961,2.1303490589066896,2.3316369944010145,0.2544248227309067,0.04279837189292267,1.0,1.0,0.0,0.0,0.284,0.4642857142857143,0.35714285714285715,0.07414216900313746,0.0,0.0,0.0,0.0,0.0,0.0,0.0,0.0,0.0,0.0,0.0,0.0,0.0,0.0,0.0,0.0,0.0,0.0,0.0,0.0,stable,oscillatory
21,500,240,modular,6,0.08,0.004,0.12,8,20.0,0.72,0.22,True,static,1.0,False,False,1.0,default,default,0.3632333333333333,0.7958333333333333,0.125,0.02108885961829136,0.44515000000000005,0.525,0.15000000000000002,0.02324428842628753,0.19161666666666669,0.3541666666666667,0.1,0.01783598889885279,0.6090662615133209,0.7729111488224959,0.14452025275603508,0.023949936274188195,0.6090937216675796,0.7729111488224959,0.14452025275603508,0.02319006852580109,0.07839590120939732,0.5509589844618116,0.18445056032938523,0.03200619197602097,0.07826666666666666,0.5875,0.20416666666666666,0.037230826534532434,2.11393181542811,2.3201497111925713,0.21069952085117039,0.03590381160920891,1.0,1.0,0.0,0.0,0.30242857142857144,0.5357142857142857,0.35714285714285715,0.06103879662868159,0.0,0.0,0.0,0.0,0.0,0.0,0.0,0.0,0.0,0.0,0.0,0.0,0.0,0.0,0.0,0.0,0.0,0.0,0.0,0.0,stable,stable
22,500,240,modular,6,0.08,0.004,0.12,8,20.0,0.72,0.22,True,static,1.0,False,False,1.0,default,default,0.32170000000000004,0.7583333333333333,0.125,0.02246167105686188,0.4520333333333333,0.5166666666666667,0.13333333333333336,0.0252851295780302,0.22626666666666664,0.3875,0.12083333333333332,0.022187483959305622,0.6513821239022985,0.8507208527591753,0.15364498730317389,0.027684594101186403,0.6508650003121785,0.8507208527591753,0.15364498730317389,0.027212196848632807,0.1559804660191528,0.6794018279084368,0.37918213490887037,0.06440431917173459,0.15583333333333332,0.7208333333333333,0.4041666666666666,0.06944322221146647,2.200048449927248,2.4139350465210687,0.24096124568547594,0.04120545585206918,1.0,1.0,0.0,0.0,0.2527142857142857,0.4642857142857143,0.4285714285714286,0.0698232462313642,0.0,0.0,0.0,0.0,0.0,0.0,0.0,0.0,0.0,0.0,0.0,0.0,0.0,0.0,0.0,0.0,0.0,0.0,0.0,0.0,stable,oscillatory
23,500,240,modular,6,0.08,0.004,0.12,8,20.0,0.72,0.22,True,static,1.0,False,False,1.0,default,default,0.35714999999999997,0.8333333333333334,0.13333333333333336,0.025354207408896327,0.40240000000000004,0.4791666666666667,0.12083333333333335,0.02386457160264516,0.24045,0.3625,0.14583333333333331,0.022069467344929032,0.6378322471094363,0.7627374925158874,0.1894179024112227,0.030372880490212223,0.6384108193420097,0.7627374925158874,0.1894179024112227,0.030237257712436686,0.13047630831764412,0.5107889838355639,0.40065644215645674,0.06205559143979476,0.1306166666666667,0.525,0.43333333333333335,0.06680440146843288,2.1727111299969017,2.337047248064122,0.2716377351818937,0.04679348969429052,1.0,1.0,0.0,0.0,0.31442857142857145,0.5357142857142857,0.39285714285714285,0.06758954755563548,0.0,0.0,0.0,0.0,0.0,0.0,0.0,0.0,0.0,0.0,0.0,0.0,0.0,0.0,0.0,0.0,0.0,0.0,0.0,0.0,stable,oscillatory
24,500,240,modular,6,0.08,0.004,0.12,8,20.0,0.72,0.22,True,static,1.0,False,False,1.0,default,default,0.4044,0.8166666666666667,0.10416666666666663,0.020281381719312035,0.41556666666666664,0.49166666666666664,0.12916666666666665,0.019805610877279757,0.18003333333333335,0.3875,0.09166666666666667,0.017218336479204698,0.5838059205551958,0.840846680704187,0.13533370265014089,0.024940044778291263,0.5839836257620951,0.840846680704187,0.13533370265014089,0.0246370983660447,0.051591755783957124,0.6962955764969168,0.12678600723119834,0.023941665134397723,0.052533333333333335,0.7083333333333334,0.15416666666666667,0.027808352062724688,2.055279646094163,2.3685407009058164,0.1793080050121023,0.035956187388462554,1.0,1.0,0.0,0.0,0.20414285714285713,0.42857142857142855,0.3214285714285714,0.05762457667293265,0.0,0.0,0.0,0.0,0.0,0.0,0.0,0.0,0.0,0.0,0.0,0.0,0.0,0.0,0.0,0.0,0.0,0.0,0.0,0.0,stable,stable
25,500,240,modular,6,0.08,0.004,0.12,8,20.0,0.72,0.22,True,static,1.0,False,False,1.0,default,default,0.4003833333333333,0.775,0.125,0.022215616379274987,0.38183333333333336,0.4375,0.125,0.021895585552039177,0.2177833333333333,0.35,0.0916666666666667,0.019477629618502235,0.5956195231367107,0.7872802735688473,0.13540592888686764,0.027959133265582307,0.5961299650549997,0.7872802735688473,0.1344936919935572,0.026918887641126384,0.06445419392957018,0.5926506123942612,0.1722159117590818,0.03234961597476398,0.06463333333333332,0.6208333333333333,0.20416666666666666,0.03596725362511479,2.0741909183650358,2.3102227589167184,0.2051342927258124,0.04001332312409537,1.0,1.0,0.0,0.0,0.2397142857142857,0.4642857142857143,0.2857142857142857,0.0642565012989633,0.0,0.0,0.0,0.0,0.0,0.0,0.0,0.0,0.0,0.0,0.0,0.0,0.0,0.0,0.0,0.0,0.0,0.0,0.0,0.0,stable,stable
26,500,240,modular,6,0.08,0.004,0.12,8,20.0,0.72,0.22,True,static,1.0,False,False,1.0,default,default,0.3491,0.8375,0.14583333333333331,0.02433894912366687,0.4167666666666667,0.4875,0.12916666666666665,0.023795797948377356,0.23413333333333333,0.4083333333333333,0.10416666666666666,0.021802115085977833,0.6535439986545519,0.8487769143143492,0.15700366190054027,0.02994518777738659,0.653920886991328,0.8487769143143492,0.15700366190054027,0.029973998846810977,0.16858174190314087,0.6918474498373778,0.3906099609573709,0.07686574156294274,0.1684166666666667,0.6666666666666666,0.3958333333333333,0.07931954537046829,2.141775985216114,2.3801463504541513,0.2466092161472031,0.043797726549437824,1.0,1.0,0.0,0.0,0.27371428571428574,0.5357142857142857,0.3214285714285714,0.07177686512621555,0.0,0.0,0.0,0.0,0.0,0.0,0.0,0.0,0.0,0.0,0.0,0.0,0.0,0.0,0.0,0.0,0.0,0.0,0.0,0.0,stable,runaway
27,500,240,modular,6,0.08,0.004,0.12,8,20.0,0.72,0.22,True,static,1.0,False,False,1.0,default,default,0.3299833333333333,0.7833333333333333,0.2541666666666667,0.030232198618911812,0.40515,0.49583333333333335,0.17083333333333334,0.02608889184648857,0.2648666666666667,0.38333333333333336,0.21666666666666667,0.02991811045726874,0.6801741885303332,0.8551032752900674,0.32279531388795296,0.03988563213529653,0.681118228933748,0.8551032752900674,0.3240312531587031,0.03991553809427531,0.24959843899206022,0.6960887518352589,0.48835158936778733,0.09326888531198922,0.25193333333333334,0.6875,0.5041666666666667,0.09903568941436101,2.207626291782174,2.4317478863286874,0.4829115097160066,0.058522440296923536,1.0,1.0,0.0,0.0,0.29657142857142854,0.5357142857142857,0.5,0.07847058463565329,0.0,0.0,0.0,0.0,0.0,0.0,0.0,0.0,0.0,0.0,0.0,0.0,0.0,0.0,0.0,0.0,0.0,0.0,0.0,0.0,oscillatory,oscillatory
28,500,240,modular,6,0.08,0.004,0.12,8,20.0,0.72,0.22,True,static,1.0,False,False,1.0,default,default,0.38844999999999996,0.825,0.17083333333333334,0.024275622202805294,0.3620666666666666,0.45416666666666666,0.17083333333333334,0.02461833102024226,0.2494833333333333,0.38333333333333336,0.10833333333333334,0.02192657570671313,0.6291501808957719,0.7982710586265543,0.16992452542556968,0.029469510673791558,0.6299219136027165,0.7982710586265543,0.16992452542556968,0.02999557803841214,0.11505352176529413,0.6072014554678656,0.30775555339441163,0.05877190300685542,0.11528333333333335,0.6166666666666667,0.325,0.06154235443082178,2.1280440086289256,2.3794371677902912,0.2738620653169541,0.044182839966547253,1.0,1.0,0.0,0.0,0.2828571428571428,0.5,0.3928571428571429,0.0677781495101512,0.0,0.0,0.0,0.0,0.0,0.0,0.0,0.0,0.0,0.0,0.0,0.0,0.0,0.0,0.0,0.0,0.0,0.0,0.0,0.0,stable,stable
29,500,240,modular,6,0.08,0.004,0.12,8,20.0,0.72,0.22,True,static,1.0,False,False,1.0,default,default,0.36901666666666666,0.7958333333333333,0.14166666666666666,0.024093965357878864,0.38225,0.45416666666666666,0.11249999999999999,0.02221439098122356,0.2487333333333333,0.37916666666666665,0.11666666666666667,0.02099089749814852,0.654533168638478,0.8406701192219972,0.17197270180696433,0.030365099469684898,0.6545559041844544,0.8406701192219972,0.17197270180696433,0.029922053286141524,0.17176348896374022,0.6908172963601024,0.41379156968023867,0.07784149534478796,0.17248333333333332,0.7208333333333333,0.45416666666666666,0.08243338893379983,2.1314038887156914,2.353132389123767,0.233679139387589,0.04351545590103443,1.0,1.0,0.0,0.0,0.169,0.4642857142857143,0.32142857142857145,0.059119560629114894,0.0,0.0,0.0,0.0,0.0,0.0,0.0,0.0,0.0,0.0,0.0,0.0,0.0,0.0,0.0,0.0,0.0,0.0,0.0,0.0,stable,stable
30,500,240,modular,6,0.08,0.004,0.12,8,20.0,0.72,0.22,True,static,1.0,False,False,1.0,default,default,0.38144999999999996,0.8208333333333333,0.1333333333333333,0.022035205417190416,0.3911666666666666,0.4708333333333333,0.125,0.021399636549353927,0.22738333333333333,0.3875,0.125,0.0207451533831131,0.6231752698869015,0.8395550764686719,0.16978424038396833,0.028244240158230752,0.6226684331823533,0.8395550764686719,0.16978424038396833,0.027975705318556345,0.10183847623240176,0.6796803338426787,0.3021623390692806,0.04876935291795254,0.1004,0.7083333333333334,0.30833333333333335,0.05040371458974472,2.1187066490727133,2.4080121349706642,0.2521534202701483,0.04159216284103198,1.0,1.0,0.0,0.0,0.27885714285714286,0.4642857142857143,0.32142857142857145,0.061643477897884214,0.0,0.0,0.0,0.0,0.0,0.0,0.0,0.0,0.0,0.0,0.0,0.0,0.0,0.0,0.0,0.0,0.0,0.0,0.0,0.0,stable,oscillatory
31,500,240,modular,6,0.08,0.004,0.12,8,20.0,0.72,0.22,True,static,1.0,False,False,1.0,default,default,0.39381666666666665,0.7791666666666667,0.3666666666666667,0.11487929534951022,0.40076666666666666,0.49166666666666664,0.17500000000000004,0.03356330668387064,0.2054166666666667,0.4125,0.37916666666666665,0.13783607917458413,0.6091226781978609,0.8727873796307877,0.5155711234288193,0.18946825715716945,0.6217258009575395,0.8727873796307877,0.5155711234288193,0.1892253446839034,0.3253361544497435,0.7199348522023213,0.7128057435212798,0.30815914358319424,0.32471666666666665,0.7666666666666667,0.7666666666666667,0.3084841797672397,2.059189929224368,2.40897815679346,0.716727671098699,0.2500225426313452,1.0,1.0,0.0,0.0,0.2447142857142857,0.5,0.4642857142857143,0.1226311043540832,0.0,0.0,0.0,0.0,0.0,0.0,0.0,0.0,0.0,0.0,0.0,0.0,0.0,0.0,0.0,0.0,0.0,0.0,0.0,0.0,oscillatory,runaway
32,500,240,modular,6,0.08,0.004,0.12,8,20.0,0.72,0.22,True,static,1.0,False,False,1.0,default,default,0.36088333333333333,0.8125,0.12916666666666665,0.022250724083099457,0.42281666666666673,0.5,0.1375,0.02309153885445201,0.21630000000000002,0.4083333333333333,0.10000000000000003,0.018318296864064627,0.6289645118071876,0.7805705903145654,0.15584558979551277,0.025319150100259025,0.6290722516418138,0.7805705903145654,0.15584558979551277,0.025252070869544254,0.11047158706576261,0.5660208836743462,0.26979443829177685,0.048204076279667274,0.1112,0.55,0.3,0.04974355346284693,2.142980718506022,2.3717957324394003,0.23617586944441893,0.040360322515698176,1.0,1.0,0.0,0.0,0.3681428571428571,0.5357142857142857,0.35714285714285715,0.06848521365810227,0.0,0.0,0.0,0.0,0.0,0.0,0.0,0.0,0.0,0.0,0.0,0.0,0.0,0.0,0.0,0.0,0.0,0.0,0.0,0.0,stable,runaway
33,500,240,modular,6,0.08,0.004,0.12,8,20.0,0.72,0.22,True,static,1.0,False,False,1.0,default,default,0.3458333333333333,0.8333333333333334,0.28750000000000003,0.04529226080567064,0.3888833333333333,0.4625,0.16666666666666669,0.026203588600715658,0.2652833333333333,0.42916666666666664,0.2833333333333333,0.04780708048442662,0.6804042586493322,0.8958706415562386,0.40019569917646725,0.06828975126615551,0.6820481659848971,0.8958706415562386,0.40019569917646725,0.06654929046425845,0.27411609016974814,0.7200555533901382,0.5743329267342053,0.12512407917680965,0.27283333333333337,0.7458333333333333,0.6041666666666666,0.12640389410316616,2.190259649709659,2.494406874962761,0.5693395378814208,0.09465559395483678,1.0,1.0,0.0,0.0,0.3074285714285714,0.6071428571428571,0.5357142857142857,0.0938296328459192,0.0,0.0,0.0,0.0,0.0,0.0,0.0,0.0,0.0,0.0,0.0,0.0,0.0,0.0,0.0,0.0,0.0,0.0,0.0,0.0,oscillatory,runaway
34,500,240,modular,6,0.08,0.004,0.12,8,20.0,0.72,0.22,True,static,1.0,False,False,1.0,default,default,0.37405,0.8416666666666667,0.16666666666666669,0.024944388146434862,0.3962333333333333,0.4583333333333333,0.12916666666666665,0.023374511284255287,0.22971666666666668,0.3875,0.10833333333333334,0.020572777320203187,0.6301063344651071,0.8434746913075639,0.16934518027588108,0.030009167022618678,0.629881622763685,0.8434746913075639,0.19260381006185745,0.03067376362148279,0.11642063021360868,0.6832672767908233,0.3468017816537042,0.058402410300220683,0.11946666666666667,0.7083333333333334,0.42083333333333334,0.06454924046373006,2.1297127724307683,2.383508346510176,0.2934347022455155,0.044714457781617784,1.0,1.0,0.0,0.0,0.27585714285714286,0.6428571428571429,0.35714285714285715,0.06452163060808778,0.0,0.0,0.0,0.0,0.0,0.0,0.0,0.0,0.0,0.0,0.0,0.0,0.0,0.0,0.0,0.0,0.0,0.0,0.0,0.0,stable,stable
35,500,240,modular,6,0.08,0.004,0.12,8,20.0,0.72,0.22,True,static,1.0,False,False,1.0,default,default,0.32728333333333337,0.8125,0.1916666666666667,0.025278894358733334,0.40721666666666667,0.5,0.15000000000000002,0.023406201694802547,0.2655,0.4083333333333333,0.15416666666666667,0.022167919764079506,0.6667139050267826,0.8401050131701299,0.25598733763981946,0.02985789724983772,0.6667038701598439,0.8401050131701299,0.25598733763981946,0.030039768934968625,0.19428400168566068,0.6574067319387294,0.4681960765053747,0.07537452864663098,0.19441666666666668,0.65,0.49999999999999994,0.08189937084278759,2.2231175213460963,2.43834831572248,0.3834491560420745,0.04581329451537664,1.0,1.0,0.0,0.0,0.2874285714285714,0.5,0.39285714285714285,0.07040060296587795,0.0,0.0,0.0,0.0,0.0,0.0,0.0,0.0,0.0,0.0,0.0,0.0,0.0,0.0,0.0,0.0,0.0,0.0,0.0,0.0,oscillatory,runaway
36,500,240,modular,6,0.08,0.004,0.12,8,20.0,0.72,0.22,True,static,1.0,False,False,1.0,default,default,0.40526666666666666,0.75,0.11666666666666664,0.019826637525197144,0.4005,0.4625,0.12083333333333335,0.018978057505094313,0.19423333333333334,0.37916666666666665,0.1,0.01652257714630365,0.5511808002043069,0.7803997101205635,0.12244119668979753,0.022085894433339234,0.5509055657028313,0.7803997101205635,0.12244119668979753,0.02180943090669314,0.02593506019714518,0.5586485533613632,0.06582945674745622,0.01102871887744006,0.025616666666666666,0.5625,0.08333333333333333,0.014845322869884343,2.030440087805487,2.3218635401352037,0.2038237621419483,0.03527969959043634,1.0,1.0,0.0,0.0,0.148,0.42857142857142855,0.25,0.04963211600139077,0.0,0.0,0.0,0.0,0.0,0.0,0.0,0.0,0.0,0.0,0.0,0.0,0.0,0.0,0.0,0.0,0.0,0.0,0.0,0.0,stable,stable
37,500,240,modular,6,0.08,0.004,0.12,8,20.0,0.72,0.22,True,static,1.0,False,False,1.0,default,default,0.3616666666666667,0.7833333333333333,0.14166666666666666,0.023354157374366274,0.4078333333333334,0.4666666666666667,0.1166666666666667,0.02226170104312187,0.2305,0.32083333333333336,0.125,0.02057574083990929,0.6358709393869685,0.7386003529593439,0.1783762747450961,0.02845369297232079,0.6359321269014266,0.7386003529593439,0.1783762747450961,0.02883379128882244,0.12678943025300243,0.4382804754438315,0.3968647039990163,0.062297846115022745,0.12625,0.45,0.42500000000000004,0.06551213840028257,2.1225659142805515,2.27267063627829,0.272919890839749,0.0429163319475173,1.0,1.0,0.0,0.0,0.3241428571428572,0.6071428571428571,0.46428571428571425,0.06797193298317614,0.0,0.0,0.0,0.0,0.0,0.0,0.0,0.0,0.0,0.0,0.0,0.0,0.0,0.0,0.0,0.0,0.0,0.0,0.0,0.0,stable,oscillatory
38,500,240,modular,6,0.08,0.004,0.12,8,20.0,0.72,0.22,True,static,1.0,False,False,1.0,default,default,0.36968333333333325,0.8208333333333333,0.125,0.022512274429741658,0.4027,0.4666666666666667,0.1291666666666667,0.022823331142592756,0.22761666666666663,0.3958333333333333,0.1416666666666667,0.022196102010137827,0.6360696726237579,0.806964465061173,0.1526676923378697,0.028713855474483883,0.6377653846717287,0.806964465061173,0.1526676923378697,0.02876097077745364,0.13031280975492093,0.6293436374272321,0.2972247544003605,0.057972860531702516,0.13094999999999998,0.6458333333333334,0.35833333333333334,0.06242840566067127,2.1246814864286767,2.33170442612013,0.24303193417477265,0.04279528379071827,1.0,1.0,0.0,0.0,0.28857142857142853,0.5357142857142857,0.42857142857142855,0.07445036697597361,0.0,0.0,0.0,0.0,0.0,0.0,0.0,0.0,0.0,0.0,0.0,0.0,0.0,0.0,0.0,0.0,0.0,0.0,0.0,0.0,stable,oscillatory
39,500,240,modular,6,0.08,0.004,0.12,8,20.0,0.72,0.22,True,static,1.0,False,False,1.0,default,default,0.34241666666666665,0.7916666666666666,0.12916666666666665,0.023512555747467728,0.42495,0.49583333333333335,0.13333333333333336,0.02387025694597079,0.23263333333333333,0.3958333333333333,0.15833333333333335,0.022171904143156795,0.6437179558244533,0.8082565858941188,0.20177951022375284,0.0290045499908163,0.644052638278937,0.8082565858941188,0.20177951022375284,0.029306097942088143,0.14257832852827537,0.6259429060849965,0.4658364114773042,0.06626415249084186,0.1421666666666667,0.6291666666666667,0.49583333333333335,0.06770667946698054,2.1383592728298106,2.3478642773556953,0.2634758204529488,0.042582355771927254,1.0,1.0,0.0,0.0,0.2101428571428571,0.42857142857142855,0.3214285714285714,0.06347247515294183,0.0,0.0,0.0,0.0,0.0,0.0,0.0,0.0,0.0,0.0,0.0,0.0,0.0,0.0,0.0,0.0,0.0,0.0,0.0,0.0,oscillatory,oscillatory
40,500,240,modular,6,0.08,0.004,0.12,8,20.0,0.72,0.22,True,static,1.0,False,False,1.0,default,default,0.40951666666666664,0.7708333333333334,0.37916666666666665,0.12546049511034674,0.36835,0.4791666666666667,0.15000000000000002,0.02946772716794501,0.22213333333333332,0.42083333333333334,0.37916666666666665,0.13813079148240467,0.6037786902108606,0.8655520532359378,0.5275439662356445,0.19455985569025155,0.6059061503935479,0.8655520532359378,0.5275439662356445,0.19381291755000213,0.3084281665594709,0.7075409526473095,0.6936048912561628,0.274152484298667,0.30698333333333333,0.7458333333333333,0.6875,0.2740768287461666,2.0678280215920304,2.437162934097458,0.7275555329486345,0.26900909481072166,1.0,1.0,0.0,0.0,0.205,0.5357142857142857,0.5357142857142857,0.11706661281823565,0.0,0.0,0.0,0.0,0.0,0.0,0.0,0.0,0.0,0.0,0.0,0.0,0.0,0.0,0.0,0.0,0.0,0.0,0.0,0.0,oscillatory,runaway
41,500,240,modular,6,0.08,0.004,0.12,8,20.0,0.72,0.22,True,static,1.0,False,False,1.0,default,default,0.3501666666666667,0.7875,0.125,0.0238857233044716,0.38539999999999996,0.475,0.15833333333333333,0.02503677295499562,0.2644333333333333,0.44583333333333336,0.14583333333333334,0.022497185009092435,0.6583301090149928,0.8674396413781746,0.1601637196591832,0.029256321101920005,0.6580286213242175,0.8674396413781746,0.1601637196591832,0.029224568349139557,0.17444633748137653,0.6922278114391524,0.393925791824007,0.07353208501693471,0.17455,0.7166666666666667,0.4041666666666666,0.07713267970048608,2.1771506681260835,2.430805085170869,0.24343224669813823,0.044229114678616586,1.0,1.0,0.0,0.0,0.2305714285714286,0.42857142857142855,0.39285714285714285,0.06600927578602812,0.0,0.0,0.0,0.0,0.0,0.0,0.0,0.0,0.0,0.0,0.0,0.0,0.0,0.0,0.0,0.0,0.0,0.0,0.0,0.0,stable,runaway
42,500,240,modular,6,0.08,0.004,0.12,8,20.0,0.72,0.22,True,static,1.0,False,False,1.0,default,default,0.3794166666666666,0.7958333333333333,0.12083333333333335,0.021121506943292553,0.39944999999999997,0.4625,0.125,0.02239581434107722,0.22113333333333332,0.38333333333333336,0.11666666666666667,0.018835368621588244,0.615625461852245,0.8084521660181099,0.14407328183945434,0.024362079665372575,0.6158510206984902,0.8084521660181099,0.14407328183945434,0.02473577643806976,0.08747663041514167,0.6223442281231665,0.2831057811426832,0.039741853568378366,0.08965000000000001,0.6,0.275,0.04487052051303964,2.1346936988352665,2.4254567999377716,0.23367377296828273,0.03779072806476,1.0,1.0,0.0,0.0,0.20785714285714285,0.42857142857142855,0.3214285714285714,0.06164827819235208,0.0,0.0,0.0,0.0,0.0,0.0,0.0,0.0,0.0,0.0,0.0,0.0,0.0,0.0,0.0,0.0,0.0,0.0,0.0,0.0,stable,stable
43,500,240,modular,6,0.08,0.004,0.12,8,20.0,0.72,0.22,True,static,1.0,False,False,1.0,default,default,0.36188333333333333,0.8208333333333333,0.125,0.023039103232933737,0.40398333333333336,0.4666666666666667,0.1166666666666667,0.021066224942626364,0.23413333333333336,0.37916666666666665,0.10833333333333334,0.020771214055353947,0.6508896523482304,0.8368638261911804,0.15521809972845313,0.02950671620010807,0.6507484583379657,0.8368638261911804,0.15521809972845313,0.029454429380177057,0.1605850436285518,0.679058532558284,0.38642708015792754,0.07254460412468268,0.15915,0.6708333333333333,0.4125,0.07602786221730382,2.1523766672415796,2.3965529906858807,0.2371875905918328,0.043043874560405225,1.0,1.0,0.0,0.0,0.21242857142857144,0.5,0.2857142857142857,0.05751326377631582,0.0,0.0,0.0,0.0,0.0,0.0,0.0,0.0,0.0,0.0,0.0,0.0,0.0,0.0,0.0,0.0,0.0,0.0,0.0,0.0,stable,stable
44,500,240,modular,6,0.08,0.004,0.12,8,20.0,0.72,0.22,True,static,1.0,False,False,1.0,default,default,0.34398333333333336,0.8375,0.14166666666666666,0.023141647161196915,0.3727166666666667,0.45416666666666666,0.14166666666666666,0.022502968939922378,0.28329999999999994,0.425,0.16249999999999998,0.02267828133797719,0.6714247581965589,0.821544439948642,0.2078349861660067,0.029877434335995084,0.671910578631322,0.821544439948642,0.2078349861660067,0.03006679385077006,0.21601509550759718,0.6560907987770928,0.5218747300556006,0.08351383703279529,0.21761666666666668,0.6583333333333333,0.5541666666666667,0.08536116245433607,2.2316172598179707,2.3977205094533227,0.3047409207399596,0.04422589481387438,1.0,1.0,0.0,0.0,0.3412857142857143,0.5714285714285714,0.39285714285714285,0.06661326092162313,0.0,0.0,0.0,0.0,0.0,0.0,0.0,0.0,0.0,0.0,0.0,0.0,0.0,0.0,0.0,0.0,0.0,0.0,0.0,0.0,oscillatory,runaway
45,500,240,modular,6,0.08,0.004,0.12,8,20.0,0.72,0.22,True,static,1.0,False,False,1.0,default,default,0.3646333333333333,0.8125,0.12083333333333329,0.022682078094095934,0.4155666666666667,0.48333333333333334,0.1375,0.023723780849134856,0.21980000000000002,0.3875,0.125,0.02016016424095355,0.6375995955836802,0.8369227905554292,0.16492148260755057,0.02742801432952361,0.6377251924064572,0.8369227905554292,0.16492148260755057,0.027615094733411984,0.13022612125485736,0.6784502362439747,0.3767065648258754,0.060175774053002236,0.12919999999999998,0.7625,0.32916666666666666,0.06163399134316135,2.128591400509931,2.380594441167782,0.2294298837923754,0.04047566232130142,1.0,1.0,0.0,0.0,0.20142857142857143,0.4642857142857143,0.3214285714285714,0.06050805309870678,0.0,0.0,0.0,0.0,0.0,0.0,0.0,0.0,0.0,0.0,0.0,0.0,0.0,0.0,0.0,0.0,0.0,0.0,0.0,0.0,stable,oscillatory
46,500,240,modular,6,0.08,0.004,0.12,8,20.0,0.72,0.22,True,static,1.0,False,False,1.0,default,default,0.3844166666666667,0.8125,0.09583333333333333,0.01873814440000812,0.39058333333333334,0.45,0.12083333333333335,0.021702054434238865,0.225,0.375,0.09583333333333335,0.01832575600987128,0.6163562692218588,0.7838272186937221,0.13907914176794944,0.022882982572915645,0.6168615209478044,0.7838272186937221,0.13907914176794944,0.022792497009719546,0.08864791280521059,0.5738396781869175,0.22172249142781641,0.03647362602631066,0.08901666666666666,0.5916666666666667,0.24166666666666664,0.04044533004219674,2.091053489774361,2.314127515992828,0.17775107462514184,0.033885032282103086,1.0,1.0,0.0,0.0,0.287,0.5,0.35714285714285715,0.06139018734326209,0.0,0.0,0.0,0.0,0.0,0.0,0.0,0.0,0.0,0.0,0.0,0.0,0.0,0.0,0.0,0.0,0.0,0.0,0.0,0.0,stable,stable
47,500,240,modular,6,0.08,0.004,0.12,8,20.0,0.72,0.22,True,static,1.0,False,False,1.0,default,default,0.3586166666666667,0.8,0.15416666666666667,0.02574695774908821,0.38301666666666667,0.4375,0.11666666666666664,0.02324918756047665,0.2583666666666667,0.4,0.11666666666666664,0.021075235599052163,0.6578326928998154,0.8585245123421399,0.1882527639492969,0.03069751339498901,0.6587755306283601,0.8585245123421399,0.1882527639492969,0.030984624608889344,0.17980616131502977,0.6939208761656154,0.39804378420948816,0.07985597131342938,0.18056666666666665,0.6958333333333333,0.4,0.08287196282351603,2.171124937027831,2.4178342732402722,0.2870587771726707,0.04656296732284023,1.0,1.0,0.0,0.0,0.2702857142857143,0.4642857142857143,0.3214285714285714,0.06141793927922137,0.0,0.0,0.0,0.0,0.0,0.0,0.0,0.0,0.0,0.0,0.0,0.0,0.0,0.0,0.0,0.0,0.0,0.0,0.0,0.0,stable,stable
48,500,240,modular,6,0.08,0.004,0.12,8,20.0,0.72,0.22,True,static,1.0,False,False,1.0,default,default,0.3358,0.7791666666666667,0.13333333333333336,0.023181625865710494,0.41296666666666665,0.4791666666666667,0.1375,0.023750532157780755,0.2512333333333333,0.4125,0.11249999999999996,0.020883433093669676,0.6581231793240145,0.841342623551332,0.15537197914433531,0.028023639186718546,0.6582189706448638,0.841342623551332,0.15537197914433531,0.027633132625868775,0.1738088835268618,0.6689385681043991,0.37123499538745913,0.06943676336502921,0.1741,0.7,0.38333333333333336,0.07693266175327905,2.2073905574084494,2.4526361445896474,0.22398941743166567,0.04151375816411844,1.0,1.0,0.0,0.0,0.2424285714285714,0.5357142857142857,0.3928571428571429,0.061518372898522224,0.0,0.0,0.0,0.0,0.0,0.0,0.0,0.0,0.0,0.0,0.0,0.0,0.0,0.0,0.0,0.0,0.0,0.0,0.0,0.0,stable,runaway
49,500,240,modular,6,0.08,0.004,0.12,8,20.0,0.72,0.22,True,static,1.0,False,False,1.0,default,default,0.37039999999999995,0.8166666666666667,0.1333333333333333,0.021857010062881176,0.3712833333333333,0.4375,0.13333333333333336,0.023434429798909126,0.25831666666666664,0.4166666666666667,0.12499999999999997,0.022121815527262275,0.6366795704499896,0.8405037054260739,0.1546070937963322,0.027943082052918258,0.636509805159777,0.8405037054260739,0.1546070937963322,0.028024532452618788,0.12566951268880147,0.6700889155788687,0.327853634561779,0.057596449438385273,0.12475,0.6791666666666667,0.325,0.06343965855659832,2.1291774475838756,2.3929966943020036,0.2375988613411799,0.04045287237329483,1.0,1.0,0.0,0.0,0.30057142857142854,0.5357142857142857,0.35714285714285715,0.06726190054782963,0.0,0.0,0.0,0.0,0.0,0.0,0.0,0.0,0.0,0.0,0.0,0.0,0.0,0.0,0.0,0.0,0.0,0.0,0.0,0.0,stable,runaway
50,500,240,modular,6,0.08,0.004,0.12,8,20.0,0.72,0.22,True,static,1.0,False,False,1.0,default,default,0.36108333333333337,0.7833333333333333,0.21666666666666667,0.032933118251659343,0.36923333333333336,0.5083333333333333,0.175,0.028238980151556466,0.26968333333333333,0.4,0.26249999999999996,0.04231656163830999,0.6828422994857716,0.8398444596713373,0.3554611092609902,0.05563056935808452,0.6824860732566425,0.8398444596713373,0.3554611092609902,0.05549933112568366,0.2712428219554255,0.6914913207342425,0.6108342490018874,0.12366344509705463,0.27015,0.6875,0.6708333333333333,0.12718159479875835,2.172289461516416,2.3999410062190862,0.46813190302822716,0.07261739702410633,1.0,1.0,0.0,0.0,0.3474285714285714,0.5714285714285714,0.42857142857142855,0.08897098816296174,0.0,0.0,0.0,0.0,0.0,0.0,0.0,0.0,0.0,0.0,0.0,0.0,0.0,0.0,0.0,0.0,0.0,0.0,0.0,0.0,oscillatory,oscillatory
1,500,240,modular,6,0.08,0.004,0.12,10,20.0,0.72,0.22,True,static,1.0,False,False,1.0,default,default,0.39904999999999996,0.8333333333333334,0.35000000000000003,0.11231528168508505,0.3759166666666667,0.4875,0.24583333333333332,0.05918245094620533,0.22503333333333334,0.45,0.425,0.1661161708631108,0.615497601175009,0.9070560186591629,0.5593832388051277,0.21018081507636194,0.610918967719209,0.9070560186591629,0.5571347008430649,0.20995574292049501,0.32490044757056663,0.7322645266302283,0.7318073070597472,0.3242481917893081,0.3265166666666667,0.7708333333333334,0.7708333333333334,0.32606725149882804,2.089557874758655,2.4765144071459,0.7775984172583736,0.27811328399683566,1.0,1.0,0.0,0.0,0.29385714285714276,0.6428571428571429,0.6428571428571429,0.22381210231544035,0.0,0.0,0.0,0.0,0.0,0.0,0.0,0.0,0.0,0.0,0.0,0.0,0.0,0.0,0.0,0.0,0.0,0.0,0.0,0.0,oscillatory,runaway
2,500,240,modular,6,0.08,0.004,0.12,10,20.0,0.72,0.22,True,static,1.0,False,False,1.0,default,default,0.3371666666666666,0.7875,0.1833333333333333,0.02661766330841233,0.38391666666666663,0.4791666666666667,0.15000000000000002,0.026270626816529016,0.2789166666666667,0.4125,0.2416666666666667,0.031227325106920917,0.6845770033202252,0.878656774920897,0.29906134142367763,0.038918655334325,0.6848037582979568,0.878656774920897,0.29906134142367763,0.03881166113253609,0.25770361730643787,0.7044050426119728,0.5163865990703509,0.09468610085468734,0.255,0.7458333333333333,0.5,0.09690559552700992,2.2020574927727057,2.4713126037784385,0.40074743300570614,0.054037871863221454,1.0,1.0,0.0,0.0,0.31571428571428567,0.5357142857142857,0.5357142857142857,0.08316445473044506,0.0,0.0,0.0,0.0,0.0,0.0,0.0,0.0,0.0,0.0,0.0,0.0,0.0,0.0,0.0,0.0,0.0,0.0,0.0,0.0,oscillatory,runaway
3,500,240,modular,6,0.08,0.004,0.12,10,20.0,0.72,0.22,True,static,1.0,False,False,1.0,default,default,0.3973333333333333,0.8,0.1333333333333333,0.022056745000112777,0.38804999999999995,0.45416666666666666,0.12083333333333335,0.02080104831759955,0.21461666666666668,0.4083333333333333,0.1,0.018838649692114937,0.5971219501102364,0.8259714450369698,0.15275274936236072,0.02667242459901926,0.597137234776845,0.8259714450369698,0.15275274936236072,0.02646052881544389,0.06428847727414212,0.6544296403829918,0.2015854391883673,0.03290212502340443,0.06374999999999999,0.6708333333333333,0.17916666666666667,0.0350282623986213,2.0835690772447535,2.3858282866132456,0.2533935489124495,0.040576855531726665,1.0,1.0,0.0,0.0,0.29471428571428565,0.5,0.32142857142857145,0.06239783486562949,0.0,0.0,0.0,0.0,0.0,0.0,0.0,0.0,0.0,0.0,0.0,0.0,0.0,0.0,0.0,0.0,0.0,0.0,0.0,0.0,stable,runaway
4,500,240,modular,6,0.08,0.004,0.12,10,20.0,0.72,0.22,True,static,1.0,False,False,1.0,default,default,0.34725000000000006,0.7791666666666667,0.1375,0.022949370603812014,0.3962833333333333,0.475,0.125,0.022555616447646323,0.2564666666666666,0.3875,0.11249999999999999,0.0217495593825101,0.6656165920731612,0.8133577269368876,0.1599408391514281,0.029716669309422596,0.6663539391083144,0.8133577269368876,0.16251816780373773,0.02921291939931844,0.19928124372457076,0.6406208056110658,0.40827478327881833,0.0782358578337191,0.19666666666666668,0.6583333333333333,0.45,0.07974089986394128,2.2018825067200756,2.3770602322575987,0.2567500204116886,0.04349378351629774,1.0,1.0,0.0,0.0,0.3758571428571429,0.6071428571428571,0.3928571428571428,0.07115504772204521,0.0,0.0,0.0,0.0,0.0,0.0,0.0,0.0,0.0,0.0,0.0,0.0,0.0,0.0,0.0,0.0,0.0,0.0,0.0,0.0,stable,stable
5,500,240,modular,6,0.08,0.004,0.12,10,20.0,0.72,0.22,True,static,1.0,False,False,1.0,default,default,0.3415,0.7666666666666667,0.22083333333333333,0.02740589960817439,0.38380000000000003,0.4625,0.1291666666666667,0.023922420910564676,0.2747,0.43333333333333335,0.2708333333333333,0.030660216713012466,0.6758569238927462,0.8318261622856158,0.32727563085719896,0.03915660090317478,0.6751746201671106,0.8318261622856158,0.32727563085719896,0.0386296397932528,0.22672632196291304,0.6598087183660637,0.5300925807550003,0.09503650923211866,0.22613333333333333,0.6708333333333333,0.5541666666666667,0.0984531417025943,2.1761765418320462,2.3600161105432966,0.4720257419782816,0.05560036936834292,1.0,1.0,0.0,0.0,0.32142857142857145,0.5357142857142857,0.4642857142857143,0.0693262031917196,0.0,0.0,0.0,0.0,0.0,0.0,0.0,0.0,0.0,0.0,0.0,0.0,0.0,0.0,0.0,0.0,0.0,0.0,0.0,0.0,oscillatory,runaway
6,500,240,modular,6,0.08,0.004,0.12,10,20.0,0.72,0.22,True,static,1.0,False,False,1.0,default,default,0.3545,0.7958333333333333,0.10833333333333334,0.021194207804125266,0.3978333333333333,0.4875,0.13333333333333336,0.0224449944927099,0.24766666666666665,0.35833333333333334,0.10833333333333331,0.020175617848173958,0.6447682983541614,0.7493306284647759,0.1462677100473595,0.026489563849773634,0.6455744717363188,0.7493306284647759,0.1462677100473595,0.02631055394528771,0.1439353171258044,0.4704639183911592,0.30909297655687995,0.05869060461610906,0.14133333333333334,0.48333333333333334,0.33749999999999997,0.06276189572945956,2.1490582878798046,2.2651771487440073,0.20100067745091454,0.038515855968522264,1.0,1.0,0.0,0.0,0.2264285714285714,0.42857142857142855,0.3571428571428571,0.058905839771483386,0.0,0.0,0.0,0.0,0.0,0.0,0.0,0.0,0.0,0.0,0.0,0.0,0.0,0.0,0.0,0.0,0.0,0.0,0.0,0.0,stable,stable
7,500,240,modular,6,0.08,0.004,0.12,10,20.0,0.72,0.22,True,static,1.0,False,False,1.0,default,default,0.3586333333333333,0.8416666666666667,0.20833333333333331,0.0253868732484592,0.40016666666666667,0.4708333333333333,0.1291666666666667,0.023751608132690488,0.2412,0.3541666666666667,0.12916666666666668,0.021302816715167035,0.6585658590313532,0.8230117093183902,0.25254188720944415,0.031689660841160684,0.6583494270923074,0.8230117093183902,0.25254188720944415,0.031105906437248376,0.18264454666913582,0.6698052164278145,0.4967971389103499,0.08147769842440056,0.1822666666666667,0.6791666666666667,0.4666666666666666,0.08429182773093855,2.1581775569190573,2.3535696588792687,0.3768895712610354,0.04603755267665315,1.0,1.0,0.0,0.0,0.20014285714285715,0.5,0.3214285714285714,0.06347890538258696,0.0,0.0,0.0,0.0,0.0,0.0,0.0,0.0,0.0,0.0,0.0,0.0,0.0,0.0,0.0,0.0,0.0,0.0,0.0,0.0,stable,oscillatory
8,500,240,modular,6,0.08,0.004,0.12,10,20.0,0.72,0.22,True,static,1.0,False,False,1.0,default,default,0.36825,0.8,0.11666666666666664,0.024213890641530535,0.3962833333333334,0.45,0.10000000000000003,0.02188048978732728,0.23546666666666666,0.3875,0.125,0.02153560359549326,0.6378369711053257,0.8227008143992638,0.1820353352322115,0.030631601486918077,0.6364852460010092,0.8227008143992638,0.1820353352322115,0.030424389080089497,0.130075873821492,0.6611481545631123,0.4215606961249725,0.06474502296646678,0.13103333333333333,0.7083333333333334,0.44583333333333336,0.06854328721488503,2.086085733598405,2.3135769320274426,0.25319960632709426,0.04411600187652354,1.0,1.0,0.0,0.0,0.2914285714285714,0.5,0.35714285714285715,0.062498979583506746,0.0,0.0,0.0,0.0,0.0,0.0,0.0,0.0,0.0,0.0,0.0,0.0,0.0,0.0,0.0,0.0,0.0,0.0,0.0,0.0,stable,oscillatory
9,500,240,modular,6,0.08,0.004,0.12,10,20.0,0.72,0.22,True,static,1.0,False,False,1.0,default,default,0.34663333333333335,0.7583333333333333,0.20416666666666666,0.02590954350127467,0.38585,0.4708333333333333,0.12083333333333329,0.024720375087050044,0.2675166666666666,0.425,0.19999999999999998,0.025161417774927634,0.676646262407435,0.8942571606230466,0.2849385671995907,0.03384883647197974,0.6753790712232071,0.8942571606230466,0.28440214962064064,0.033863237629223664,0.22773789341644604,0.7181861061317083,0.5273043397689406,0.09341559073158498,0.22643333333333335,0.7333333333333333,0.49166666666666664,0.0967594439835203,2.2052511547850497,2.495525356351898,0.41943902837515035,0.048841408284962834,1.0,1.0,0.0,0.0,0.2437142857142857,0.5357142857142857,0.4285714285714286,0.06977573404289267,0.0,0.0,0.0,0.0,0.0,0.0,0.0,0.0,0.0,0.0,0.0,0.0,0.0,0.0,0.0,0.0,0.0,0.0,0.0,0.0,oscillatory,runaway
10,500,240,modular,6,0.08,0.004,0.12,10,20.0,0.72,0.22,True,static,1.0,False,False,1.0,default,default,0.3728666666666667,0.7875,0.15416666666666667,0.02345276576914165,0.34613333333333335,0.5166666666666667,0.16250000000000003,0.024484552953512,0.281,0.3875,0.22916666666666669,0.026375493676264464,0.6794437387319485,0.8367569033447508,0.2745456897774285,0.03346506867448588,0.6782966076975678,0.8367569033447508,0.2745456897774285,0.03346853286846907,0.23992046839966122,0.6845801803506488,0.5348737517841206,0.09501631765076993,0.2401,0.7125,0.4791666666666667,0.09880418906998718,2.167236471137544,2.413208860439651,0.37368903995262515,0.04675058563308997,1.0,1.0,0.0,0.0,0.35614285714285715,0.6071428571428571,0.49999999999999994,0.07188440266802512,0.0,0.0,0.0,0.0,0.0,0.0,0.0,0.0,0.0,0.0,0.0,0.0,0.0,0.0,0.0,0.0,0.0,0.0,0.0,0.0,oscillatory,oscillatory
11,500,240,modular,6,0.08,0.004,0.12,10,20.0,0.72,0.22,True,static,1.0,False,False,1.0,default,default,0.34563333333333335,0.8166666666666667,0.21249999999999997,0.025929155618938136,0.39120000000000005,0.4666666666666667,0.14166666666666666,0.025017860286869722,0.2631666666666666,0.4041666666666667,0.17500000000000002,0.023501772982763097,0.6657151561771801,0.8111419396692819,0.2838881142155517,0.03145674864400447,0.6665471204637022,0.8111419396692819,0.2838881142155517,0.03127668829739896,0.2002681477462893,0.6353517903521246,0.5000926417778997,0.08131965749486612,0.19968333333333332,0.6708333333333333,0.525,0.0897154281913404,2.171196538146263,2.3395291803474927,0.421541835334023,0.047519432539775135,1.0,1.0,0.0,0.0,0.31514285714285717,0.5357142857142857,0.32142857142857145,0.06640383564038377,0.0,0.0,0.0,0.0,0.0,0.0,0.0,0.0,0.0,0.0,0.0,0.0,0.0,0.0,0.0,0.0,0.0,0.0,0.0,0.0,oscillatory,runaway
12,500,240,modular,6,0.08,0.004,0.12,10,20.0,0.72,0.22,True,static,1.0,False,False,1.0,default,default,0.38545000000000007,0.7708333333333334,0.12083333333333335,0.02245131151823628,0.37760000000000005,0.45416666666666666,0.15000000000000002,0.023750228069080375,0.23695,0.4041666666666667,0.11250000000000002,0.020730821123256176,0.6334536844093307,0.8309403925294707,0.14521010519409538,0.028365947715400266,0.6330161263035492,0.8309403925294707,0.14521010519409538,0.02866624356195353,0.12132720167972266,0.6704553322945662,0.2694996714003749,0.054500375478266236,0.12325,0.6708333333333333,0.32083333333333336,0.05973953883317145,2.095293639214665,2.336823307084758,0.21080048333044865,0.04046372228039696,1.0,1.0,0.0,0.0,0.28857142857142853,0.5357142857142857,0.35714285714285715,0.06532493351527816,0.0,0.0,0.0,0.0,0.0,0.0,0.0,0.0,0.0,0.0,0.0,0.0,0.0,0.0,0.0,0.0,0.0,0.0,0.0,0.0,stable,runaway
13,500,240,modular,6,0.08,0.004,0.12,10,20.0,0.72,0.22,True,static,1.0,False,False,1.0,default,default,0.35348333333333337,0.8291666666666667,0.1791666666666667,0.029408846930435367,0.36955,0.475,0.17916666666666664,0.028890699195415814,0.2769666666666667,0.39166666666666666,0.22083333333333333,0.038364393213846965,0.6803764353196716,0.8332251661591857,0.28676006689023614,0.04768730411751607,0.6798802445070072,0.8332251661591857,0.30931453475381043,0.04830904190793157,0.2541413946131994,0.6755089569129923,0.6049221897397731,0.11987055094250089,0.25488333333333335,0.7041666666666667,0.5750000000000001,0.1203921843624226,2.2197067920719666,2.4121762606755746,0.4148254332907164,0.06631078836991865,1.0,1.0,0.0,0.0,0.3641428571428571,0.6071428571428571,0.46428571428571425,0.08769718306973917,0.0,0.0,0.0,0.0,0.0,0.0,0.0,0.0,0.0,0.0,0.0,0.0,0.0,0.0,0.0,0.0,0.0,0.0,0.0,0.0,oscillatory,oscillatory
14,500,240,modular,6,0.08,0.004,0.12,10,20.0,0.72,0.22,True,static,1.0,False,False,1.0,default,default,0.36818333333333336,0.7708333333333334,0.15416666666666667,0.022260883730086826,0.38556666666666667,0.44583333333333336,0.14583333333333337,0.02352625011438169,0.24625,0.4083333333333333,0.10833333333333334,0.02186845140074319,0.6309338293210471,0.8708489894535608,0.15902722904271072,0.02876225897915665,0.6309454928056761,0.8708489894535608,0.15902722904271072,0.028784360253544052,0.11634417122586632,0.7021267224216949,0.2870544229527872,0.052960086657643915,0.11531666666666666,0.6791666666666667,0.30416666666666664,0.05732264677536561,2.1133690933662983,2.3968867506849376,0.2464690612974525,0.04027098377897625,1.0,1.0,0.0,0.0,0.25057142857142856,0.5357142857142857,0.3214285714285714,0.06707960546535553,0.0,0.0,0.0,0.0,0.0,0.0,0.0,0.0,0.0,0.0,0.0,0.0,0.0,0.0,0.0,0.0,0.0,0.0,0.0,0.0,stable,runaway
15,500,240,modular,6,0.08,0.004,0.12,10,20.0,0.72,0.22,True,static,1.0,False,False,1.0,default,default,0.3362,0.7791666666666667,0.13333333333333336,0.023159567257519206,0.4100833333333333,0.475,0.14166666666666666,0.025545302895052937,0.25371666666666665,0.4166666666666667,0.11666666666666667,0.022946320208502083,0.6700255254646102,0.8461033784987165,0.15327330962064867,0.029916605202510452,0.6693685876267619,0.8461033784987165,0.15327330962064867,0.030116066803762685,0.2074261043251444,0.6824388831695318,0.40736218361889237,0.08504044229005296,0.20739999999999997,0.6708333333333333,0.42916666666666664,0.08946812591954498,2.1988179587148955,2.4100688805085455,0.20574241831254492,0.04286287311687952,1.0,1.0,0.0,0.0,0.2878571428571428,0.5357142857142857,0.42857142857142855,0.07100229947411736,0.0,0.0,0.0,0.0,0.0,0.0,0.0,0.0,0.0,0.0,0.0,0.0,0.0,0.0,0.0,0.0,0.0,0.0,0.0,0.0,stable,runaway
16,500,240,modular,6,0.08,0.004,0.12,10,20.0,0.72,0.22,True,static,1.0,False,False,1.0,default,default,0.39625,0.7875,0.4083333333333333,0.1450829504111355,0.37645,0.5,0.20833333333333331,0.042631108229658876,0.2273,0.4583333333333333,0.43333333333333335,0.17704201949443152,0.6185079985045343,0.9289504507637262,0.6356835534988261,0.24559980571062592,0.6133863672807457,0.9289504507637262,0.6356835534988261,0.24572906407503292,0.34713559037967856,0.7371932630023909,0.7370461877467425,0.349561912224492,0.348,0.8041666666666667,0.8041666666666667,0.3507359722386944,2.126031385406227,2.5472043218852027,0.8923450001056785,0.3373583169409214,1.0,1.0,0.0,0.0,0.2798571428571429,0.6428571428571429,0.6428571428571429,0.22483867232179736,0.0,0.0,0.0,0.0,0.0,0.0,0.0,0.0,0.0,0.0,0.0,0.0,0.0,0.0,0.0,0.0,0.0,0.0,0.0,0.0,runaway,runaway
17,500,240,modular,6,0.08,0.004,0.12,10,20.0,0.72,0.22,True,static,1.0,False,False,1.0,default,default,0.38366666666666666,0.8166666666666667,0.12083333333333335,0.0212988001748664,0.4150833333333333,0.4791666666666667,0.12083333333333335,0.021824584761227415,0.20125,0.43333333333333335,0.10416666666666666,0.017345548580415537,0.5872881895215749,0.8442179574330004,0.130420810031881,0.024423696611825675,0.5874003440644996,0.8442179574330004,0.130420810031881,0.024438090760192852,0.05212025777760318,0.6656357500037646,0.1409894612750048,0.023630638642998275,0.053483333333333334,0.7166666666666667,0.175,0.02833612241174387,2.1221572524725936,2.4424240089229126,0.20904745401705638,0.037956066504834046,1.0,1.0,0.0,0.0,0.29328571428571426,0.4642857142857143,0.35714285714285715,0.06630803195722836,0.0,0.0,0.0,0.0,0.0,0.0,0.0,0.0,0.0,0.0,0.0,0.0,0.0,0.0,0.0,0.0,0.0,0.0,0.0,0.0,stable,runaway
18,500,240,modular,6,0.08,0.004,0.12,10,20.0,0.72,0.22,True,static,1.0,False,False,1.0,default,default,0.35964999999999997,0.875,0.2,0.0266641092523681,0.37526666666666664,0.4583333333333333,0.14166666666666666,0.024993021248162675,0.2650833333333334,0.3625,0.19583333333333336,0.024521674086407725,0.6682482617689895,0.7993289699528198,0.2618422793535992,0.033831149634894864,0.6686704843791976,0.7993289699528198,0.2618422793535992,0.03381660352067882,0.21060462717661665,0.6213829918424952,0.503969335040543,0.09146566226396356,0.20865000000000003,0.6375,0.525,0.09607706542146258,2.1740909918679243,2.346342904132973,0.4071767723847728,0.050147786281182584,1.0,1.0,0.0,0.0,0.3297142857142857,0.5714285714285714,0.46428571428571425,0.08070303334966247,0.0,0.0,0.0,0.0,0.0,0.0,0.0,0.0,0.0,0.0,0.0,0.0,0.0,0.0,0.0,0.0,0.0,0.0,0.0,0.0,oscillatory,oscillatory
19,500,240,modular,6,0.08,0.004,0.12,10,20.0,0.72,0.22,True,static,1.0,False,False,1.0,default,default,0.3597833333333333,0.8166666666666667,0.1333333333333333,0.022491856551007768,0.40336666666666665,0.4583333333333333,0.125,0.0239658089786262,0.23685,0.3333333333333333,0.10833333333333331,0.02144909347993782,0.6457854024076997,0.7460749705010451,0.16024035534593895,0.027020460609877863,0.6460157911389285,0.7460749705010451,0.16024035534593895,0.027241750044437688,0.14616206314287178,0.4614409812013484,0.3498052912791849,0.06201962001253834,0.1465,0.42083333333333334,0.33749999999999997,0.06616876570977848,2.1721832550083127,2.3047555415129746,0.2459959385211148,0.0409147390558495,1.0,1.0,0.0,0.0,0.231,0.4642857142857143,0.2857142857142857,0.0597718451228315,0.0,0.0,0.0,0.0,0.0,0.0,0.0,0.0,0.0,0.0,0.0,0.0,0.0,0.0,0.0,0.0,0.0,0.0,0.0,0.0,stable,stable
20,500,240,modular,6,0.08,0.004,0.12,10,20.0,0.72,0.22,True,static,1.0,False,False,1.0,default,default,0.35810000000000003,0.7833333333333333,0.17916666666666664,0.024328789530101987,0.40355,0.4791666666666667,0.15416666666666667,0.025529835487131523,0.23834999999999998,0.39166666666666666,0.16666666666666666,0.023390697343649722,0.6589381812908662,0.8307126684593809,0.24185418753073595,0.030886175534775108,0.6589048916684228,0.8307126684593809,0.24185418753073595,0.03105387242528812,0.18197391419980763,0.6722490056800258,0.47165770761973713,0.07844929771754144,0.18278333333333335,0.7208333333333333,0.4708333333333333,0.08147112815115684,2.129647174735133,2.372618383947824,0.30787178067640886,0.044262397792791446,1.0,1.0,0.0,0.0,0.251,0.5357142857142857,0.4642857142857143,0.07507832644672374,0.0,0.0,0.0,0.0,0.0,0.0,0.0,0.0,0.0,0.0,0.0,0.0,0.0,0.0,0.0,0.0,0.0,0.0,0.0,0.0,oscillatory,oscillatory
21,500,240,modular,6,0.08,0.004,0.12,10,20.0,0.72,0.22,True,static,1.0,False,False,1.0,default,default,0.3912,0.7958333333333333,0.13333333333333336,0.020727839572259658,0.3978666666666667,0.45416666666666666,0.11249999999999999,0.02157426450400775,0.21093333333333333,0.37916666666666665,0.09999999999999998,0.019287042282320012,0.6011307240767707,0.7758103953912705,0.15348958699419457,0.02603095966649673,0.6007727716283078,0.7758103953912705,0.15348958699419457,0.02572679316429185,0.06907376891910798,0.5590738757278502,0.2199708252002754,0.034252735079201596,0.0694,0.5666666666666667,0.2125,0.038586497350469345,2.096460198269438,2.2972994301975294,0.23197283672144664,0.038160219151455316,1.0,1.0,0.0,0.0,0.18185714285714286,0.5,0.2857142857142857,0.05682429058070149,0.0,0.0,0.0,0.0,0.0,0.0,0.0,0.0,0.0,0.0,0.0,0.0,0.0,0.0,0.0,0.0,0.0,0.0,0.0,0.0,stable,stable
22,500,240,modular,6,0.08,0.004,0.12,10,20.0,0.72,0.22,True,static,1.0,False,False,1.0,default,default,0.34170000000000006,0.7583333333333333,0.1916666666666667,0.026801720508620754,0.3958,0.4708333333333333,0.1291666666666667,0.025776798353040923,0.2625,0.3875,0.19166666666666665,0.025289984842489194,0.6660769511416886,0.8507208527591753,0.26262196170498814,0.03384416999422063,0.6660843122931976,0.8507208527591753,0.26262196170498814,0.034521309127534316,0.19903767572312409,0.6794018279084368,0.4780662978904416,0.08740279146913048,0.19646666666666668,0.7,0.5041666666666667,0.09228963466536567,2.1983558101899976,2.4139350465210687,0.3918793623718111,0.04964664447701663,1.0,1.0,0.0,0.0,0.2802857142857143,0.5,0.39285714285714285,0.0761384346075607,0.0,0.0,0.0,0.0,0.0,0.0,0.0,0.0,0.0,0.0,0.0,0.0,0.0,0.0,0.0,0.0,0.0,0.0,0.0,0.0,oscillatory,oscillatory
23,500,240,modular,6,0.08,0.004,0.12,10,20.0,0.72,0.22,True,static,1.0,False,False,1.0,default,default,0.35393333333333327,0.8333333333333334,0.14583333333333337,0.02373934848867312,0.41055,0.5041666666666667,0.16249999999999998,0.02297680593796951,0.23551666666666668,0.4041666666666667,0.11666666666666667,0.02095026517997114,0.6390594893755491,0.8043841581918841,0.1677904967217958,0.02911912988021489,0.6384752460653693,0.8043841581918841,0.1677904967217958,0.028995859048705323,0.1299098251346114,0.614435058672909,0.3493384205396546,0.06198833596301455,0.12896666666666667,0.5666666666666667,0.3625,0.06634998953361719,2.1784702109554295,2.4034668961197005,0.2285639439487599,0.04388742650520369,1.0,1.0,0.0,0.0,0.23199999999999998,0.4642857142857143,0.4285714285714286,0.06755557047380191,0.0,0.0,0.0,0.0,0.0,0.0,0.0,0.0,0.0,0.0,0.0,0.0,0.0,0.0,0.0,0.0,0.0,0.0,0.0,0.0,stable,runaway
24,500,240,modular,6,0.08,0.004,0.12,10,20.0,0.72,0.22,True,static,1.0,False,False,1.0,default,default,0.42785,0.8166666666666667,0.10416666666666663,0.018778748331262363,0.39595,0.45416666666666666,0.09166666666666667,0.018780168322521027,0.1762,0.3875,0.07916666666666666,0.016045213893522547,0.5590086635867141,0.840846680704187,0.14107359382730766,0.02311021118250947,0.5576945174329415,0.840846680704187,0.14107359382730766,0.02276096041373856,0.031204350570471155,0.6962955764969168,0.12848928719987177,0.015143046136790727,0.03178333333333333,0.7083333333333334,0.2125,0.021135153707087684,2.023530228717953,2.3687107389361572,0.20039698608864986,0.033967819517487036,1.0,1.0,0.0,0.0,0.24757142857142858,0.4642857142857143,0.35714285714285715,0.0602648914614234,0.0,0.0,0.0,0.0,0.0,0.0,0.0,0.0,0.0,0.0,0.0,0.0,0.0,0.0,0.0,0.0,0.0,0.0,0.0,0.0,stable,stable
25,500,240,modular,6,0.08,0.004,0.12,10,20.0,0.72,0.22,True,static,1.0,False,False,1.0,default,default,0.3872333333333334,0.775,0.16249999999999998,0.02400661945751167,0.3756333333333333,0.4625,0.15416666666666667,0.023805088158253527,0.23713333333333333,0.35833333333333334,0.12083333333333335,0.02269370935842011,0.6257267471427167,0.7876167579840183,0.18751971751554475,0.030964678247306636,0.6253126897766506,0.7876167579840183,0.18751971751554475,0.030797548405578575,0.10908224625733137,0.5934729386011601,0.2896237251945388,0.055855562921535463,0.10948333333333334,0.6208333333333333,0.29166666666666663,0.05841420346685099,2.1123105551548287,2.3102227589167184,0.2785841731651797,0.04471652864135881,1.0,1.0,0.0,0.0,0.3454285714285714,0.5357142857142857,0.3571428571428571,0.0692195560428952,0.0,0.0,0.0,0.0,0.0,0.0,0.0,0.0,0.0,0.0,0.0,0.0,0.0,0.0,0.0,0.0,0.0,0.0,0.0,0.0,stable,oscillatory
26,500,240,modular,6,0.08,0.004,0.12,10,20.0,0.72,0.22,True,static,1.0,False,False,1.0,default,default,0.3559666666666667,0.8375,0.14999999999999997,0.02420018365403223,0.37589999999999996,0.4583333333333333,0.1375,0.02544920867575694,0.26813333333333333,0.4083333333333333,0.17916666666666667,0.025250170516475944,0.6768755334154882,0.8487769143143492,0.2181072698629447,0.0321650718813858,0.6765894129981425,0.8487769143143492,0.2181072698629447,0.03177593587216206,0.23149678587155734,0.6918474498373778,0.5285365502233605,0.09160728267953293,0.23153333333333334,0.6875,0.5375,0.09603361101429252,2.1635017846308715,2.3801463504541513,0.2889390603186577,0.0453114907553678,1.0,1.0,0.0,0.0,0.3131428571428571,0.5714285714285714,0.35714285714285715,0.0736284106656042,0.0,0.0,0.0,0.0,0.0,0.0,0.0,0.0,0.0,0.0,0.0,0.0,0.0,0.0,0.0,0.0,0.0,0.0,0.0,0.0,oscillatory,runaway
27,500,240,modular,6,0.08,0.004,0.12,10,20.0,0.72,0.22,True,static,1.0,False,False,1.0,default,default,0.37333333333333335,0.7833333333333333,0.14583333333333337,0.02352008597867883,0.3621166666666667,0.43333333333333335,0.12083333333333335,0.02298079512211108,0.26454999999999995,0.3958333333333333,0.12916666666666665,0.02245131151823628,0.6541137828376593,0.8623639467285085,0.19157134981889257,0.029304830917717992,0.6539515841683792,0.8623639467285085,0.1819680401205006,0.02886196328251803,0.1674515958534703,0.7020528064848198,0.3593413852049106,0.06943068292228305,0.16896666666666668,0.7166666666666667,0.37083333333333335,0.07446001163935803,2.157000557546801,2.4614395467018615,0.29694244895823907,0.04513957078851904,1.0,1.0,0.0,0.0,0.33314285714285713,0.5714285714285714,0.3571428571428571,0.07643538020405717,0.0,0.0,0.0,0.0,0.0,0.0,0.0,0.0,0.0,0.0,0.0,0.0,0.0,0.0,0.0,0.0,0.0,0.0,0.0,0.0,stable,oscillatory
28,500,240,modular,6,0.08,0.004,0.12,10,20.0,0.72,0.22,True,static,1.0,False,False,1.0,default,default,0.4131,0.825,0.10833333333333334,0.020308071739527065,0.3673166666666667,0.43333333333333335,0.10416666666666663,0.019601792718467813,0.21958333333333332,0.38333333333333336,0.11250000000000002,0.01930115857201899,0.5823206124021083,0.8043548015194045,0.1352738105108633,0.02651833306841037,0.5825845893028087,0.8043548015194045,0.1352738105108633,0.0270234356769865,0.04966810773352506,0.6194698421945135,0.13577750001974795,0.025986331578791523,0.04901666666666667,0.6291666666666667,0.16249999999999998,0.028914476381986316,2.070407188630162,2.3794371677902912,0.19068476221818087,0.03849715631748206,1.0,1.0,0.0,0.0,0.20871428571428569,0.42857142857142855,0.3214285714285714,0.06115036669504751,0.0,0.0,0.0,0.0,0.0,0.0,0.0,0.0,0.0,0.0,0.0,0.0,0.0,0.0,0.0,0.0,0.0,0.0,0.0,0.0,stable,stable
29,500,240,modular,6,0.08,0.004,0.12,10,20.0,0.72,0.22,True,static,1.0,False,False,1.0,default,default,0.3594833333333333,0.7958333333333333,0.1375,0.02401092922446406,0.3841666666666667,0.4791666666666667,0.15833333333333338,0.02619637379485947,0.25635,0.37916666666666665,0.1375,0.024247502735104266,0.6653859611767248,0.8406701192219972,0.14283440702800776,0.03167556004338935,0.6657271985102836,0.8406701192219972,0.14283440702800776,0.03165880431809903,0.20295331579777698,0.6908172963601024,0.37945330784523845,0.08733704717414781,0.20286666666666667,0.6958333333333333,0.42083333333333334,0.09136908667596497,2.1479688457842347,2.360004631629579,0.21489650175664865,0.04398176840423619,1.0,1.0,0.0,0.0,0.2561428571428571,0.5,0.39285714285714285,0.0686459416580649,0.0,0.0,0.0,0.0,0.0,0.0,0.0,0.0,0.0,0.0,0.0,0.0,0.0,0.0,0.0,0.0,0.0,0.0,0.0,0.0,stable,oscillatory
30,500,240,modular,6,0.08,0.004,0.12,10,20.0,0.72,0.22,True,static,1.0,False,False,1.0,default,default,0.33626666666666666,0.8208333333333333,0.21249999999999997,0.028379981207416846,0.41656666666666664,0.48333333333333334,0.14166666666666666,0.02450886460945191,0.24716666666666665,0.3875,0.20833333333333331,0.025612496949731393,0.6652688447314433,0.8395550764686719,0.2847728443377208,0.036307521061264156,0.6654912388126825,0.8395550764686719,0.2847728443377208,0.03651940053479336,0.2020608245539812,0.6796803338426787,0.49647704556254935,0.09461068624542644,0.20068333333333332,0.6833333333333333,0.5041666666666667,0.09818572112753124,2.1897482197076665,2.4080121349706642,0.42669510949909917,0.05309933143721745,1.0,1.0,0.0,0.0,0.2191428571428571,0.42857142857142855,0.32142857142857145,0.061502281358051254,0.0,0.0,0.0,0.0,0.0,0.0,0.0,0.0,0.0,0.0,0.0,0.0,0.0,0.0,0.0,0.0,0.0,0.0,0.0,0.0,oscillatory,oscillatory
31,500,240,modular,6,0.08,0.004,0.12,10,20.0,0.72,0.22,True,static,1.0,False,False,1.0,default,default,0.40635,0.7791666666666667,0.37916666666666665,0.1176796369149924,0.37775,0.49166666666666664,0.20416666666666666,0.03750935068604746,0.21590000000000004,0.4166666666666667,0.39166666666666666,0.1453328402132307,0.6128523179853334,0.9069167013553063,0.5883844187227859,0.20092144354672734,0.6075299690914499,0.9069167013553063,0.5883844187227859,0.20015154969093898,0.3110769219004652,0.7363151201044323,0.7360696320085747,0.30170238860907533,0.30776666666666663,0.7625,0.7541666666666667,0.2991041457419138,2.0511491797848054,2.454830994294097,0.804848561514395,0.267756526321774,1.0,1.0,0.0,0.0,0.21228571428571427,0.5714285714285714,0.5714285714285714,0.1385275335484625,0.0,0.0,0.0,0.0,0.0,0.0,0.0,0.0,0.0,0.0,0.0,0.0,0.0,0.0,0.0,0.0,0.0,0.0,0.0,0.0,oscillatory,runaway
32,500,240,modular,6,0.08,0.004,0.12,10,20.0,0.72,0.22,True,static,1.0,False,False,1.0,default,default,0.37225,0.8125,0.1375,0.02335727937924278,0.40973333333333334,0.4708333333333333,0.12083333333333335,0.02247185894501041,0.21801666666666666,0.375,0.1166666666666667,0.019541188693514924,0.6123015284304438,0.782150665850871,0.15784730341874953,0.027517877896236727,0.6124460939491817,0.782150665850871,0.15784730341874953,0.027486677840379763,0.08461923352412769,0.5700899778945036,0.24687813589149474,0.04124575168950804,0.08388333333333332,0.6,0.22916666666666666,0.04153867341272334,2.1334190189777615,2.3717957324394003,0.2514738093648572,0.042018902088717856,1.0,1.0,0.0,0.0,0.28842857142857137,0.5357142857142857,0.39285714285714285,0.06386992521475797,0.0,0.0,0.0,0.0,0.0,0.0,0.0,0.0,0.0,0.0,0.0,0.0,0.0,0.0,0.0,0.0,0.0,0.0,0.0,0.0,stable,stable
33,500,240,modular,6,0.08,0.004,0.12,10,20.0,0.72,0.22,True,static,1.0,False,False,1.0,default,default,0.3363833333333333,0.8333333333333334,0.2,0.03268860232898039,0.40575,0.49166666666666664,0.15416666666666667,0.02781998182761608,0.2578666666666667,0.42916666666666664,0.2708333333333333,0.04096311348843819,0.6829766053000792,0.9113346858368541,0.34076611181828814,0.054098138624644736,0.6831438119486557,0.9113346858368541,0.3730542813667382,0.05608077574530355,0.26923401951747233,0.7256189256539896,0.5983523181606177,0.11965556404294,0.2673833333333333,0.7416666666666667,0.625,0.12321097646809809,2.198760488326623,2.5199614617442374,0.44916791081668306,0.07060508222340425,1.0,1.0,0.0,0.0,0.2817142857142857,0.5357142857142857,0.5,0.08791415107469146,0.0,0.0,0.0,0.0,0.0,0.0,0.0,0.0,0.0,0.0,0.0,0.0,0.0,0.0,0.0,0.0,0.0,0.0,0.0,0.0,oscillatory,runaway
34,500,240,modular,6,0.08,0.004,0.12,10,20.0,0.72,0.22,True,static,1.0,False,False,1.0,default,default,0.35105000000000003,0.8416666666666667,0.20416666666666666,0.025277795482289284,0.3981333333333334,0.4625,0.12083333333333335,0.02428394531372528,0.2508166666666667,0.4166666666666667,0.13333333333333333,0.02311714731535879,0.6685805524903181,0.8600252731174272,0.23640803478159755,0.03154527950987068,0.6689827364807169,0.8600252731174272,0.23640803478159755,0.03120640082101966,0.20810454114877108,0.6986284339423826,0.4785695700870873,0.0854097365062113,0.21118333333333333,0.725,0.49999999999999994,0.08842213932167793,2.178608309838913,2.4139515415982595,0.3717231177358884,0.046920954980395786,1.0,1.0,0.0,0.0,0.29185714285714287,0.6428571428571429,0.3928571428571429,0.06938520103342628,0.0,0.0,0.0,0.0,0.0,0.0,0.0,0.0,0.0,0.0,0.0,0.0,0.0,0.0,0.0,0.0,0.0,0.0,0.0,0.0,stable,runaway
35,500,240,modular,6,0.08,0.004,0.12,10,20.0,0.72,0.22,True,static,1.0,False,False,1.0,default,default,0.36438333333333334,0.8125,0.12083333333333329,0.02237608470368904,0.3934666666666667,0.44583333333333336,0.1166666666666667,0.022062638101550774,0.24214999999999998,0.4083333333333333,0.11666666666666667,0.020323146355271316,0.6312776420149587,0.8401050131701299,0.15453765033433986,0.026834845991259685,0.6313277229824028,0.8401050131701299,0.15453765033433986,0.026866871517991848,0.11281990223708745,0.6574067319387294,0.3051834986750195,0.05125615980974761,0.11468333333333333,0.6875,0.2958333333333333,0.0566337870297699,2.1487575452932135,2.44992155021562,0.2306507205816879,0.04113464137717845,1.0,1.0,0.0,0.0,0.2844285714285714,0.4642857142857143,0.32142857142857145,0.0626244067958381,0.0,0.0,0.0,0.0,0.0,0.0,0.0,0.0,0.0,0.0,0.0,0.0,0.0,0.0,0.0,0.0,0.0,0.0,0.0,0.0,stable,runaway
36,500,240,modular,6,0.08,0.004,0.12,10,20.0,0.72,0.22,True,static,1.0,False,False,1.0,default,default,0.37331666666666674,0.75,0.11666666666666664,0.02196935365457983,0.39795,0.4583333333333333,0.11249999999999999,0.020720501120066247,0.22873333333333334,0.3958333333333333,0.09583333333333335,0.018873290945436917,0.6045356748197535,0.7830575033560919,0.14137662836537923,0.026260681633386924,0.6053435303245103,0.7830575033560919,0.14137662836537923,0.0265361498931722,0.0735354397872911,0.5653819695920207,0.18406509351836464,0.03578324063784494,0.07469999999999999,0.575,0.25,0.038221489011055314,2.0984112319773622,2.3218635401352037,0.21755110854562565,0.039588677456747906,1.0,1.0,0.0,0.0,0.282,0.4642857142857143,0.32142857142857145,0.05417733542238293,0.0,0.0,0.0,0.0,0.0,0.0,0.0,0.0,0.0,0.0,0.0,0.0,0.0,0.0,0.0,0.0,0.0,0.0,0.0,0.0,stable,stable
37,500,240,modular,6,0.08,0.004,0.12,10,20.0,0.72,0.22,True,static,1.0,False,False,1.0,default,default,0.36315,0.7833333333333333,0.125,0.02287787019030496,0.40891666666666665,0.4875,0.12916666666666665,0.023623346502983016,0.22793333333333335,0.3625,0.09999999999999998,0.01924999278499143,0.6332526914678013,0.7830335581259743,0.14145339291343462,0.02601390988550941,0.6332729828211608,0.7830335581259743,0.14145339291343462,0.02642223945709785,0.11994289912936706,0.5768833513971209,0.29170361726553484,0.052774436268437655,0.12011666666666666,0.5208333333333334,0.32916666666666666,0.057381280823007856,2.1123204917906504,2.2750433657281146,0.20834999702633716,0.04033996204376138,1.0,1.0,0.0,0.0,0.2201428571428571,0.42857142857142855,0.3571428571428571,0.06317597709282108,0.0,0.0,0.0,0.0,0.0,0.0,0.0,0.0,0.0,0.0,0.0,0.0,0.0,0.0,0.0,0.0,0.0,0.0,0.0,0.0,stable,stable
38,500,240,modular,6,0.08,0.004,0.12,10,20.0,0.72,0.22,True,static,1.0,False,False,1.0,default,default,0.367,0.8208333333333333,0.09999999999999998,0.019051100872244747,0.4036166666666667,0.4666666666666667,0.10833333333333334,0.020087731192059605,0.22938333333333333,0.3958333333333333,0.10833333333333334,0.0204401633500757,0.6288468093179641,0.806964465061173,0.1336526105522453,0.025373520966456807,0.6291358760247837,0.806964465061173,0.1336526105522453,0.025444131066208988,0.11143855136703809,0.6293436374272321,0.26003200550326944,0.046867779772126666,0.11341666666666665,0.6291666666666667,0.3333333333333333,0.05246486919835024,2.1226481259415357,2.33170442612013,0.2036224527144519,0.03731014592967363,1.0,1.0,0.0,0.0,0.2532857142857143,0.5,0.4285714285714286,0.06719162362760916,0.0,0.0,0.0,0.0,0.0,0.0,0.0,0.0,0.0,0.0,0.0,0.0,0.0,0.0,0.0,0.0,0.0,0.0,0.0,0.0,stable,stable
39,500,240,modular,6,0.08,0.004,0.12,10,20.0,0.72,0.22,True,static,1.0,False,False,1.0,default,default,0.3685333333333333,0.7916666666666666,0.14583333333333337,0.026381053807609734,0.3752,0.4625,0.125,0.02327884113190441,0.25626666666666664,0.3958333333333333,0.10833333333333334,0.020307524604332147,0.6513068584698006,0.8212772254267808,0.17810176511555031,0.03045029649864749,0.6509800319532805,0.8212772254267808,0.17810176511555031,0.030619812467444357,0.15938664949924156,0.6476435244540071,0.38179075980720384,0.07311638922038283,0.15676666666666667,0.6833333333333333,0.4416666666666667,0.07728314463351271,2.1304654181112057,2.3591733424507164,0.26025990309232605,0.046402180656579445,1.0,1.0,0.0,0.0,0.29428571428571426,0.5,0.35714285714285715,0.06339059352095369,0.0,0.0,0.0,0.0,0.0,0.0,0.0,0.0,0.0,0.0,0.0,0.0,0.0,0.0,0.0,0.0,0.0,0.0,0.0,0.0,stable,stable
40,500,240,modular,6,0.08,0.004,0.12,10,20.0,0.72,0.22,True,static,1.0,False,False,1.0,default,default,0.37288333333333334,0.7708333333333334,0.30416666666666664,0.07874470176180462,0.3941666666666666,0.5,0.1875,0.03832789816540659,0.23295000000000002,0.4,0.3208333333333333,0.10237691932809422,0.6416850960365763,0.8714428712986453,0.45865277596822324,0.1406321762783803,0.6474177255845514,0.8714428712986453,0.45865277596822324,0.13941466113562234,0.29465021777869443,0.7116228381865051,0.6622732865704958,0.22776483417877968,0.2931833333333333,0.7166666666666667,0.675,0.2287638696463136,2.131736682346212,2.437162934097458,0.62768661452745,0.1852931491596798,1.0,1.0,0.0,0.0,0.27042857142857146,0.5714285714285714,0.5,0.1269582126335356,0.0,0.0,0.0,0.0,0.0,0.0,0.0,0.0,0.0,0.0,0.0,0.0,0.0,0.0,0.0,0.0,0.0,0.0,0.0,0.0,oscillatory,oscillatory
41,500,240,modular,6,0.08,0.004,0.12,10,20.0,0.72,0.22,True,static,1.0,False,False,1.0,default,default,0.3513166666666666,0.7875,0.10416666666666669,0.020227930360436446,0.37888333333333335,0.45,0.15833333333333333,0.023678758648018508,0.2698,0.44583333333333336,0.11249999999999999,0.0214291857054812,0.6598567080652102,0.8674396413781746,0.15831849686850052,0.02610018421301137,0.6591444643531486,0.8674396413781746,0.15831849686850052,0.02631703272352332,0.1753784490610136,0.6922278114391524,0.3919509548183563,0.06729840233211676,0.17503333333333332,0.7333333333333333,0.425,0.07030192031516636,2.1801737104468546,2.4408962932071727,0.20416533002655646,0.037245038972115,1.0,1.0,0.0,0.0,0.25971428571428573,0.5,0.3214285714285714,0.06544603634651519,0.0,0.0,0.0,0.0,0.0,0.0,0.0,0.0,0.0,0.0,0.0,0.0,0.0,0.0,0.0,0.0,0.0,0.0,0.0,0.0,stable,runaway
42,500,240,modular,6,0.08,0.004,0.12,10,20.0,0.72,0.22,True,static,1.0,False,False,1.0,default,default,0.36796666666666666,0.7958333333333333,0.125,0.020812763178182547,0.41318333333333335,0.48333333333333334,0.10416666666666663,0.01972427297632144,0.21884999999999996,0.38333333333333336,0.10833333333333336,0.02003530910944753,0.6092339504565718,0.8084521660181099,0.15778124278956163,0.026293133852859373,0.6092140685973968,0.8084521660181099,0.15778124278956163,0.026454007712377447,0.0787788365956731,0.6223442281231665,0.226414789050572,0.037571860817998154,0.07963333333333332,0.6083333333333333,0.2583333333333333,0.043426873400388075,2.147649734378213,2.4254567999377716,0.26053064413268556,0.03993437044264036,1.0,1.0,0.0,0.0,0.21557142857142855,0.42857142857142855,0.2857142857142857,0.05213189708688483,0.0,0.0,0.0,0.0,0.0,0.0,0.0,0.0,0.0,0.0,0.0,0.0,0.0,0.0,0.0,0.0,0.0,0.0,0.0,0.0,stable,stable
43,500,240,modular,6,0.08,0.004,0.12,10,20.0,0.72,0.22,True,static,1.0,False,False,1.0,default,default,0.33441666666666664,0.8208333333333333,0.23333333333333334,0.03520189783393945,0.4123,0.475,0.14999999999999997,0.027890440417223005,0.2532833333333333,0.38333333333333336,0.21666666666666665,0.0355197167468686,0.6864300718330967,0.8537481665757919,0.34111915128197556,0.05133072512738939,0.6878379187711439,0.8537481665757919,0.34111915128197556,0.0516148900456607,0.2812750924059433,0.696643756322863,0.5793024865015145,0.11959310405724843,0.28021666666666667,0.7083333333333334,0.5916666666666667,0.12315615764819339,2.2076593637070263,2.4246360695218727,0.4744308630522893,0.07125717626681256,1.0,1.0,0.0,0.0,0.23357142857142857,0.4642857142857143,0.3571428571428571,0.07178837948144134,0.0,0.0,0.0,0.0,0.0,0.0,0.0,0.0,0.0,0.0,0.0,0.0,0.0,0.0,0.0,0.0,0.0,0.0,0.0,0.0,oscillatory,oscillatory
44,500,240,modular,6,0.08,0.004,0.12,10,20.0,0.72,0.22,True,static,1.0,False,False,1.0,default,default,0.3572666666666667,0.8375,0.15000000000000002,0.02641497891559089,0.37056666666666666,0.48333333333333334,0.14583333333333337,0.025059617803239627,0.2721666666666666,0.4375,0.2125,0.02572612161468054,0.6712474833278493,0.8375239797823589,0.2590637136592173,0.03532005986999304,0.6697660091559964,0.8375239797823589,0.2590637136592173,0.03511576125124545,0.21332474056247117,0.6775918877634397,0.4834783334317457,0.09210252985642427,0.21658333333333332,0.6791666666666667,0.5416666666666666,0.10092175874849232,2.1970466109383233,2.3825289805886367,0.3729524735729355,0.05072858378322387,1.0,1.0,0.0,0.0,0.2454285714285714,0.5,0.4285714285714286,0.06639031156266519,0.0,0.0,0.0,0.0,0.0,0.0,0.0,0.0,0.0,0.0,0.0,0.0,0.0,0.0,0.0,0.0,0.0,0.0,0.0,0.0,oscillatory,runaway
45,500,240,modular,6,0.08,0.004,0.12,10,20.0,0.72,0.22,True,static,1.0,False,False,1.0,default,default,0.35933333333333334,0.8125,0.1958333333333333,0.027385620720046175,0.3637166666666667,0.45,0.16250000000000003,0.025201526629243007,0.27695000000000003,0.4166666666666667,0.2333333333333333,0.02640791653189542,0.6795424467281693,0.8693967021232101,0.3115177474519569,0.03635647029043576,0.6790574663837057,0.8693967021232101,0.3115177474519569,0.03636350911619677,0.24136700792864924,0.708216685616287,0.554222508870406,0.09855949637378206,0.2428833333333333,0.7208333333333333,0.5416666666666666,0.09932749004066183,2.180556414044865,2.409741301685916,0.43466883312570026,0.05245585262073289,1.0,1.0,0.0,0.0,0.28528571428571425,0.5,0.39285714285714285,0.06980161392204659,0.0,0.0,0.0,0.0,0.0,0.0,0.0,0.0,0.0,0.0,0.0,0.0,0.0,0.0,0.0,0.0,0.0,0.0,0.0,0.0,oscillatory,runaway
46,500,240,modular,6,0.08,0.004,0.12,10,20.0,0.72,0.22,True,static,1.0,False,False,1.0,default,default,0.3479333333333333,0.8125,0.12916666666666665,0.023623928547132036,0.4003833333333333,0.4666666666666667,0.14166666666666666,0.02416506316519321,0.2516833333333333,0.38333333333333336,0.16666666666666669,0.022057683216713603,0.654226591010157,0.8101710924971129,0.1712856812521617,0.02959354154075849,0.6540209270040193,0.8101710924971129,0.15342365401854208,0.028717368951422545,0.16545233788173414,0.6301358637047685,0.4074569717496408,0.07361431289014592,0.16421666666666665,0.6541666666666667,0.4458333333333333,0.07602839564560365,2.1561647316756916,2.336161372267886,0.2307838733837304,0.04257590961597481,1.0,1.0,0.0,0.0,0.3622857142857143,0.5357142857142857,0.3571428571428571,0.06407966979965371,0.0,0.0,0.0,0.0,0.0,0.0,0.0,0.0,0.0,0.0,0.0,0.0,0.0,0.0,0.0,0.0,0.0,0.0,0.0,0.0,oscillatory,oscillatory
47,500,240,modular,6,0.08,0.004,0.12,10,20.0,0.72,0.22,True,static,1.0,False,False,1.0,default,default,0.3541333333333333,0.8,0.16666666666666669,0.02493600698677405,0.3641166666666667,0.44166666666666665,0.1375,0.023486645141441553,0.28175,0.4,0.19166666666666668,0.02574298717881996,0.6767118046776158,0.8585245123421399,0.2557565138439942,0.03405791227841262,0.6768441824542812,0.8585245123421399,0.2557565138439942,0.033986756006206875,0.23180557837851007,0.6939208761656154,0.48135325047193805,0.09391098190417241,0.2319333333333333,0.75,0.525,0.09678433068770309,2.1851070822393495,2.4230245776991244,0.3776426374648971,0.048768314247787194,1.0,1.0,0.0,0.0,0.3287142857142857,0.5357142857142857,0.4285714285714286,0.07701696076123725,0.0,0.0,0.0,0.0,0.0,0.0,0.0,0.0,0.0,0.0,0.0,0.0,0.0,0.0,0.0,0.0,0.0,0.0,0.0,0.0,oscillatory,oscillatory
48,500,240,modular,6,0.08,0.004,0.12,10,20.0,0.72,0.22,True,static,1.0,False,False,1.0,default,default,0.32408333333333333,0.7791666666666667,0.14583333333333331,0.02351550906671311,0.41175,0.4791666666666667,0.1375,0.022284305638223905,0.2641666666666666,0.4125,0.11250000000000002,0.020923139768633622,0.6589170628785869,0.841342623551332,0.15065716389189554,0.028078420670131818,0.6596664374750455,0.841342623551332,0.15065716389189554,0.028143083821111397,0.17785683331169808,0.6689385681043991,0.3670807230336622,0.07191222912986128,0.1782,0.7416666666666667,0.3791666666666667,0.0758692881796639,2.241656466222927,2.4526361445896474,0.23407602429118546,0.0430963265636151,1.0,1.0,0.0,0.0,0.23928571428571427,0.5357142857142857,0.3928571428571429,0.06525069395205303,0.0,0.0,0.0,0.0,0.0,0.0,0.0,0.0,0.0,0.0,0.0,0.0,0.0,0.0,0.0,0.0,0.0,0.0,0.0,0.0,stable,runaway
49,500,240,modular,6,0.08,0.004,0.12,10,20.0,0.72,0.22,True,static,1.0,False,False,1.0,default,default,0.35701666666666665,0.8166666666666667,0.1375,0.02311810858276352,0.3953666666666667,0.4625,0.1291666666666667,0.023686118766531213,0.24761666666666668,0.4166666666666667,0.12916666666666668,0.02059059251211582,0.649704257809069,0.8405037054260739,0.1727501339012132,0.02761418709924606,0.6489223199622356,0.8405037054260739,0.1727501339012132,0.02769170139391748,0.1520066808105201,0.6700889155788687,0.35057699419642635,0.06324114364065991,0.1522666666666667,0.6916666666666667,0.3541666666666667,0.06533249149117493,2.137590079227224,2.3929966943020036,0.25113423299327264,0.04080509228765799,1.0,1.0,0.0,0.0,0.2967142857142857,0.5357142857142857,0.32142857142857145,0.06543746040678684,0.0,0.0,0.0,0.0,0.0,0.0,0.0,0.0,0.0,0.0,0.0,0.0,0.0,0.0,0.0,0.0,0.0,0.0,0.0,0.0,stable,runaway
50,500,240,modular,6,0.08,0.004,0.12,10,20.0,0.72,0.22,True,static,1.0,False,False,1.0,default,default,0.36851666666666666,0.7833333333333333,0.14999999999999997,0.025360889618115178,0.38916666666666666,0.4583333333333333,0.125,0.023118054512532935,0.24231666666666665,0.4,0.13333333333333333,0.021716155020833888,0.6622695637159078,0.8772702980964159,0.1638407334264821,0.03153683756584842,0.6617501490662242,0.8772702980964159,0.22258291411969522,0.03298637158588704,0.19304955848434244,0.7232806164719664,0.4483918216512545,0.08820563446162337,0.19329999999999997,0.7708333333333334,0.48333333333333334,0.0894681755958198,2.1426060733965757,2.428399640311868,0.2519850388116045,0.04583866996019765,1.0,1.0,0.0,0.0,0.26942857142857146,0.4642857142857143,0.35714285714285715,0.059591123842534864,0.0,0.0,0.0,0.0,0.0,0.0,0.0,0.0,0.0,0.0,0.0,0.0,0.0,0.0,0.0,0.0,0.0,0.0,0.0,0.0,stable,oscillatory
1,500,240,modular,6,0.08,0.004,0.12,14,20.0,0.72,0.22,True,static,1.0,False,False,1.0,default,default,0.3606666666666667,0.8333333333333334,0.25,0.043712761930076616,0.37615,0.4666666666666667,0.1791666666666667,0.028225230045317806,0.2631833333333333,0.42916666666666664,0.2791666666666667,0.05342977998166275,0.6776822464971409,0.9281811433942703,0.40847114359001047,0.07348677951049276,0.6772544652846688,0.9281811433942703,0.40847114359001047,0.0737449338619772,0.272403842825928,0.7381601227643366,0.6286257042634648,0.14346565197418001,0.2710333333333333,0.7666666666666667,0.725,0.14635369638121357,2.160275969387366,2.5197321688832073,0.5063976958170482,0.09354498961634809,1.0,1.0,0.0,0.0,0.24657142857142855,0.5714285714285714,0.42857142857142855,0.07764702972097384,0.0,0.0,0.0,0.0,0.0,0.0,0.0,0.0,0.0,0.0,0.0,0.0,0.0,0.0,0.0,0.0,0.0,0.0,0.0,0.0,oscillatory,runaway
2,500,240,modular,6,0.08,0.004,0.12,14,20.0,0.72,0.22,True,static,1.0,False,False,1.0,default,default,0.37168333333333325,0.7875,0.3291666666666667,0.10421285509315377,0.4083333333333333,0.5208333333333334,0.22083333333333338,0.05739362140323415,0.2199833333333333,0.4375,0.4125,0.15535590769441487,0.6138593783291398,0.878656774920897,0.526807959195897,0.1895589196797668,0.6140552883142447,0.878656774920897,0.526807959195897,0.18964529265946395,0.3055017248472469,0.7044050426119728,0.7030910193391796,0.3002931643768897,0.30355,0.7416666666666667,0.7333333333333333,0.2991554691497754,2.113458833208187,2.4713126037784385,0.7462634752581807,0.25655677190063564,1.0,1.0,0.0,0.0,0.178,0.5,0.42857142857142855,0.1343908403098354,0.0,0.0,0.0,0.0,0.0,0.0,0.0,0.0,0.0,0.0,0.0,0.0,0.0,0.0,0.0,0.0,0.0,0.0,0.0,0.0,oscillatory,runaway
3,500,240,modular,6,0.08,0.004,0.12,14,20.0,0.72,0.22,True,static,1.0,False,False,1.0,default,default,0.3789666666666667,0.8,0.12916666666666665,0.023329499685067312,0.38954999999999995,0.44166666666666665,0.11666666666666664,0.021344534819636305,0.23148333333333335,0.3625,0.11666666666666664,0.02130746478480149,0.6174599502481023,0.8121413822897966,0.1585628494850393,0.0293936828678292,0.6176867450216909,0.8121413822897966,0.1585628494850393,0.029030973829802947,0.0931246656179342,0.6328093913381496,0.24910162522335805,0.04544274591247855,0.09266666666666666,0.6583333333333333,0.24583333333333335,0.047247574893673996,2.1217559266063715,2.4173821254986043,0.2362414115295075,0.04412013349733096,1.0,1.0,0.0,0.0,0.20928571428571427,0.4642857142857143,0.3214285714285714,0.0654692637028699,0.0,0.0,0.0,0.0,0.0,0.0,0.0,0.0,0.0,0.0,0.0,0.0,0.0,0.0,0.0,0.0,0.0,0.0,0.0,0.0,stable,stable
4,500,240,modular,6,0.08,0.004,0.12,14,20.0,0.72,0.22,True,static,1.0,False,False,1.0,default,default,0.3485166666666667,0.7791666666666667,0.13333333333333336,0.02408220297231962,0.42083333333333334,0.49583333333333335,0.15000000000000002,0.024206863122309387,0.23064999999999997,0.3875,0.12083333333333332,0.02137514782275071,0.6536512349127201,0.8279641699624049,0.16041648403729702,0.02881949772656939,0.6540196674957264,0.8279641699624049,0.16041648403729702,0.029092371289644557,0.16709873943542786,0.6631090270657027,0.35786744667634474,0.07336166030681679,0.16401666666666667,0.6666666666666666,0.3666666666666667,0.07876471467464208,2.179499293677219,2.4065263578424245,0.2344249837713721,0.043709788124180256,1.0,1.0,0.0,0.0,0.386,0.6785714285714286,0.46428571428571425,0.0756193474865111,0.0,0.0,0.0,0.0,0.0,0.0,0.0,0.0,0.0,0.0,0.0,0.0,0.0,0.0,0.0,0.0,0.0,0.0,0.0,0.0,stable,oscillatory
5,500,240,modular,6,0.08,0.004,0.12,14,20.0,0.72,0.22,True,static,1.0,False,False,1.0,default,default,0.3394,0.7666666666666667,0.2625,0.0426891347092234,0.3758166666666667,0.4666666666666667,0.15833333333333333,0.029431412734620056,0.28478333333333333,0.4375,0.3,0.05592574690307378,0.686138499935377,0.8550955529713687,0.3920282431854195,0.07073183093541027,0.6830586415605382,0.8550955529713687,0.3920282431854195,0.07433024721790953,0.2842003612279589,0.684388727112489,0.598772602860602,0.13224353272729464,0.28368333333333334,0.7,0.5833333333333334,0.13497047928261122,2.1932752921677796,2.400030427656144,0.5544624824746442,0.09949681959333864,1.0,1.0,0.0,0.0,0.4074285714285714,0.6785714285714286,0.6428571428571429,0.10913350745293396,0.0,0.0,0.0,0.0,0.0,0.0,0.0,0.0,0.0,0.0,0.0,0.0,0.0,0.0,0.0,0.0,0.0,0.0,0.0,0.0,oscillatory,runaway
6,500,240,modular,6,0.08,0.004,0.12,14,20.0,0.72,0.22,True,static,1.0,False,False,1.0,default,default,0.3652166666666667,0.7958333333333333,0.12916666666666665,0.02442210405895992,0.38181666666666664,0.45,0.1375,0.025033139147049768,0.2529666666666667,0.35,0.11249999999999999,0.019953529345289607,0.6449967224942629,0.7465868997477344,0.15875268684138755,0.027589046329753775,0.6453915142318191,0.7465868997477344,0.15875268684138755,0.027214025543754652,0.14411588245404136,0.46116636177037157,0.35757128606934185,0.0606869913446729,0.1449,0.4625,0.44583333333333336,0.06697608196629268,2.1420167463911195,2.264136493044648,0.23866836966518612,0.041934321115225805,1.0,1.0,0.0,0.0,0.287,0.4642857142857143,0.3928571428571429,0.06237951652291522,0.0,0.0,0.0,0.0,0.0,0.0,0.0,0.0,0.0,0.0,0.0,0.0,0.0,0.0,0.0,0.0,0.0,0.0,0.0,0.0,stable,stable
7,500,240,modular,6,0.08,0.004,0.12,14,20.0,0.72,0.22,True,static,1.0,False,False,1.0,default,default,0.3383,0.8416666666666667,0.14166666666666666,0.023965808978626196,0.438,0.525,0.14166666666666666,0.025152865973217975,0.22369999999999998,0.3625,0.13333333333333333,0.02061159328576463,0.6585519643684417,0.8230117093183902,0.19293608818102292,0.02895863220352471,0.659399833250467,0.8230117093183902,0.19293608818102292,0.028835173371405055,0.18411936030314133,0.6698052164278145,0.45072433426191866,0.07567709541521128,0.18205000000000002,0.6833333333333333,0.47500000000000003,0.07915494825551549,2.181285376309811,2.3535696588792687,0.27940329764715166,0.042308387883965806,1.0,1.0,0.0,0.0,0.27542857142857147,0.5,0.32142857142857145,0.07168753058110125,0.0,0.0,0.0,0.0,0.0,0.0,0.0,0.0,0.0,0.0,0.0,0.0,0.0,0.0,0.0,0.0,0.0,0.0,0.0,0.0,stable,oscillatory
8,500,240,modular,6,0.08,0.004,0.12,14,20.0,0.72,0.22,True,static,1.0,False,False,1.0,default,default,0.37625,0.8,0.11666666666666664,0.02193820234709814,0.4394166666666667,0.5083333333333333,0.1333333333333333,0.022629411785943042,0.18433333333333332,0.3875,0.12083333333333332,0.018340150247779085,0.6064601662412208,0.8227008143992638,0.1661833652845991,0.02604664205920225,0.6070126929197611,0.8227008143992638,0.1661833652845991,0.02625572136324668,0.07763530370659989,0.6611481545631123,0.24607257324120227,0.038166022906984995,0.0787,0.6916666666666667,0.26249999999999996,0.04199443084769958,2.051987200806764,2.3135769320274426,0.22610743969734104,0.03786214493040655,1.0,1.0,0.0,0.0,0.2482857142857143,0.4642857142857143,0.2857142857142857,0.060584904161390715,0.0,0.0,0.0,0.0,0.0,0.0,0.0,0.0,0.0,0.0,0.0,0.0,0.0,0.0,0.0,0.0,0.0,0.0,0.0,0.0,stable,oscillatory
9,500,240,modular,6,0.08,0.004,0.12,14,20.0,0.72,0.22,True,static,1.0,False,False,1.0,default,default,0.3293833333333333,0.7583333333333333,0.20416666666666666,0.026077241035048167,0.4126833333333333,0.5083333333333333,0.16666666666666663,0.026581264287296624,0.2579333333333333,0.425,0.26249999999999996,0.029213885587355732,0.6820837452528353,0.8987171054380406,0.3137386306992114,0.036460429399475476,0.6823073532462508,0.8987171054380406,0.3137386306992114,0.03651323804070218,0.2501404248864672,0.7200133026814252,0.5014430014161149,0.09390223675676257,0.25056666666666666,0.75,0.5458333333333334,0.10177090830771716,2.2156854853462447,2.5095735580147616,0.4546796824562116,0.05207984349295462,1.0,1.0,0.0,0.0,0.26742857142857146,0.5357142857142857,0.4285714285714286,0.0674787948551398,0.0,0.0,0.0,0.0,0.0,0.0,0.0,0.0,0.0,0.0,0.0,0.0,0.0,0.0,0.0,0.0,0.0,0.0,0.0,0.0,oscillatory,runaway
10,500,240,modular,6,0.08,0.004,0.12,14,20.0,0.72,0.22,True,static,1.0,False,False,1.0,default,default,0.3637833333333333,0.7875,0.15000000000000002,0.024128251076279854,0.3964,0.48333333333333334,0.14583333333333337,0.025145929646322042,0.23981666666666665,0.4041666666666667,0.22916666666666669,0.024226529306159855,0.6523013315170164,0.8610704558436048,0.28726683398745867,0.03167523190631146,0.6527376969523746,0.8610704558436048,0.28726683398745867,0.03189134385707376,0.1680212943682376,0.708664436490902,0.49681737932387343,0.07770658921791881,0.16693333333333335,0.7375,0.475,0.08122968805936795,2.1405068886306027,2.4394779057403704,0.38424454255862117,0.045858559261754535,1.0,1.0,0.0,0.0,0.274,0.5357142857142857,0.39285714285714285,0.06511778966313464,0.0,0.0,0.0,0.0,0.0,0.0,0.0,0.0,0.0,0.0,0.0,0.0,0.0,0.0,0.0,0.0,0.0,0.0,0.0,0.0,oscillatory,runaway
11,500,240,modular,6,0.08,0.004,0.12,14,20.0,0.72,0.22,True,static,1.0,False,False,1.0,default,default,0.372,0.8166666666666667,0.10833333333333334,0.022102036105300343,0.3552666666666667,0.5041666666666667,0.14166666666666666,0.02421055784386455,0.2727333333333333,0.4041666666666667,0.15416666666666665,0.021927937532847098,0.6514652408562152,0.8279168179648912,0.1444332506327619,0.027760761115532377,0.6506978885736642,0.8279168179648912,0.1444332506327619,0.02732319758103298,0.15757326550978698,0.6615795438195511,0.32508622176974,0.06536611400935098,0.15776666666666667,0.7041666666666667,0.3541666666666667,0.07082028115040367,2.143456284337507,2.381651419184706,0.21374901119535483,0.04116394511384891,1.0,1.0,0.0,0.0,0.30500000000000005,0.5,0.4285714285714286,0.06955030480133918,0.0,0.0,0.0,0.0,0.0,0.0,0.0,0.0,0.0,0.0,0.0,0.0,0.0,0.0,0.0,0.0,0.0,0.0,0.0,0.0,oscillatory,runaway
12,500,240,modular,6,0.08,0.004,0.12,14,20.0,0.72,0.22,True,static,1.0,False,False,1.0,default,default,0.3664833333333333,0.7708333333333334,0.14166666666666672,0.023393547305946474,0.40073333333333333,0.4666666666666667,0.13333333333333336,0.02536984211399214,0.23278333333333334,0.4166666666666667,0.11666666666666667,0.021894069465902808,0.6449331636652706,0.849978471555573,0.16897706169254367,0.029352361413569655,0.6451238997162599,0.849978471555573,0.16897706169254367,0.0293796497574376,0.14721277364453336,0.6919444279520023,0.3854778142382704,0.06724222746099683,0.14691666666666667,0.7333333333333333,0.43333333333333335,0.07140071778350691,2.117209689203437,2.3564976092186636,0.2494030542282626,0.04184388968975173,1.0,1.0,0.0,0.0,0.267,0.5357142857142857,0.3571428571428571,0.06493151808495105,0.0,0.0,0.0,0.0,0.0,0.0,0.0,0.0,0.0,0.0,0.0,0.0,0.0,0.0,0.0,0.0,0.0,0.0,0.0,0.0,stable,runaway
13,500,240,modular,6,0.08,0.004,0.12,14,20.0,0.72,0.22,True,static,1.0,False,False,1.0,default,default,0.3695,0.8291666666666667,0.125,0.0231366712289291,0.3921,0.4666666666666667,0.125,0.024245984776407367,0.2384,0.4083333333333333,0.10416666666666666,0.02064975114189569,0.6403856972171723,0.8480940652726318,0.15620749352470875,0.02793834027643463,0.6398979337999399,0.8480940652726318,0.15620749352470875,0.028387640872196876,0.1356094755212082,0.6922669846964332,0.31875685006615406,0.06085001739642514,0.13655,0.7375,0.37083333333333335,0.0649369373572032,2.1707624040122355,2.431543247348942,0.2274759002769482,0.04181732403633482,1.0,1.0,0.0,0.0,0.319,0.5357142857142857,0.4285714285714286,0.06443807342031921,0.0,0.0,0.0,0.0,0.0,0.0,0.0,0.0,0.0,0.0,0.0,0.0,0.0,0.0,0.0,0.0,0.0,0.0,0.0,0.0,stable,runaway
14,500,240,modular,6,0.08,0.004,0.12,14,20.0,0.72,0.22,True,static,1.0,False,False,1.0,default,default,0.33311666666666667,0.7708333333333334,0.1291666666666667,0.0235795403310205,0.4688833333333333,0.5458333333333333,0.13749999999999996,0.02486664991062885,0.198,0.4083333333333333,0.12083333333333332,0.01906567596493762,0.625802669836901,0.8708489894535608,0.160390837295184,0.027471038448768616,0.6267310984812848,0.8708489894535608,0.16209936843944728,0.027630900608800843,0.10795362799441083,0.7021267224216949,0.30422164632853893,0.05135315948717546,0.10796666666666667,0.7166666666666667,0.33333333333333337,0.054800182481447995,2.127612529840349,2.3968867506849376,0.2272823631162244,0.04031329296904256,1.0,1.0,0.0,0.0,0.19442857142857142,0.5357142857142857,0.35714285714285715,0.06017474553332154,0.0,0.0,0.0,0.0,0.0,0.0,0.0,0.0,0.0,0.0,0.0,0.0,0.0,0.0,0.0,0.0,0.0,0.0,0.0,0.0,stable,runaway
15,500,240,modular,6,0.08,0.004,0.12,14,20.0,0.72,0.22,True,static,1.0,False,False,1.0,default,default,0.34048333333333336,0.7791666666666667,0.1791666666666667,0.02583714488010538,0.3968666666666667,0.4666666666666667,0.15833333333333333,0.026361040276219078,0.26265,0.4166666666666667,0.22499999999999998,0.02872121264075658,0.6672318370496252,0.8461033784987165,0.28924789920508437,0.035717247477709615,0.6668733932157961,0.8461033784987165,0.28924789920508437,0.03543291942733633,0.20392011374074984,0.6824388831695318,0.4971692554958161,0.08943924556353075,0.20561666666666664,0.7125,0.5083333333333333,0.09348749322176142,2.2052592800682747,2.4100688805085455,0.4156017075800307,0.05110296138755363,1.0,1.0,0.0,0.0,0.30957142857142855,0.5357142857142857,0.4642857142857143,0.07530360318777067,0.0,0.0,0.0,0.0,0.0,0.0,0.0,0.0,0.0,0.0,0.0,0.0,0.0,0.0,0.0,0.0,0.0,0.0,0.0,0.0,oscillatory,runaway
16,500,240,modular,6,0.08,0.004,0.12,14,20.0,0.72,0.22,True,static,1.0,False,False,1.0,default,default,0.36705,0.7875,0.29583333333333334,0.08047984737394408,0.3930833333333334,0.525,0.22083333333333338,0.05062395403583389,0.23986666666666667,0.4583333333333333,0.35833333333333334,0.12262899783946338,0.6460194786277728,0.9123784171996612,0.45124073151511573,0.14932929382420548,0.6427999544878789,0.9123784171996612,0.45124073151511573,0.15118236461710327,0.30938880705707317,0.7328495880108336,0.6522955837362318,0.22678766793973518,0.31138333333333335,0.7833333333333333,0.6875,0.23041132362702046,2.177661798457608,2.520447827500075,0.6655742575631789,0.2051398750556022,1.0,1.0,0.0,0.0,0.27471428571428574,0.6071428571428571,0.5714285714285714,0.13948308360602335,0.0,0.0,0.0,0.0,0.0,0.0,0.0,0.0,0.0,0.0,0.0,0.0,0.0,0.0,0.0,0.0,0.0,0.0,0.0,0.0,runaway,runaway
17,500,240,modular,6,0.08,0.004,0.12,14,20.0,0.72,0.22,True,static,1.0,False,False,1.0,default,default,0.4111,0.8166666666666667,0.12083333333333329,0.02040522808824575,0.40125,0.4875,0.10833333333333334,0.019639988968089227,0.18765000000000004,0.4375,0.0875,0.01709181903068769,0.5570040551520783,0.8442179574330004,0.15774785949776327,0.024470998273557157,0.5565220611956128,0.8442179574330004,0.15774785949776327,0.02429781684043762,0.02932083746468656,0.6656357500037646,0.1052106743992162,0.014495023297510191,0.029416666666666664,0.6958333333333333,0.10416666666666667,0.018280416054103122,2.073284784140822,2.44438520978084,0.2252989249622046,0.036861037785105216,1.0,1.0,0.0,0.0,0.28942857142857137,0.5,0.35714285714285715,0.05684278354212016,0.0,0.0,0.0,0.0,0.0,0.0,0.0,0.0,0.0,0.0,0.0,0.0,0.0,0.0,0.0,0.0,0.0,0.0,0.0,0.0,stable,runaway
18,500,240,modular,6,0.08,0.004,0.12,14,20.0,0.72,0.22,True,static,1.0,False,False,1.0,default,default,0.35355000000000003,0.875,0.20416666666666666,0.0261214099074984,0.39098333333333335,0.4583333333333333,0.1333333333333333,0.02430460061616136,0.2554666666666666,0.3958333333333333,0.19166666666666665,0.025102102612242577,0.6699570132887309,0.8444156192835489,0.30543538997094116,0.03437737669810307,0.6697938351247203,0.8444156192835489,0.30543538997094116,0.034787888449710515,0.21448751277830025,0.6911343723794511,0.5622698171891969,0.09105016779843703,0.21606666666666666,0.7041666666666667,0.5583333333333333,0.09687721897100245,2.1702249363902903,2.3945940949323394,0.4136051263214249,0.04910654480764469,1.0,1.0,0.0,0.0,0.15828571428571428,0.42857142857142855,0.28571428571428575,0.06841291201675488,0.0,0.0,0.0,0.0,0.0,0.0,0.0,0.0,0.0,0.0,0.0,0.0,0.0,0.0,0.0,0.0,0.0,0.0,0.0,0.0,oscillatory,oscillatory
19,500,240,modular,6,0.08,0.004,0.12,14,20.0,0.72,0.22,True,static,1.0,False,False,1.0,default,default,0.39313333333333333,0.8166666666666667,0.12083333333333335,0.020898272124215862,0.3665833333333333,0.43333333333333335,0.125,0.022193749119966192,0.24028333333333332,0.3625,0.09999999999999998,0.018736928777150223,0.6153228817396194,0.7611858908801774,0.14988794020240548,0.024768294798659916,0.6154772448478523,0.7611858908801774,0.14180996580623728,0.02460061229572498,0.08764890364364017,0.5110977881334693,0.23907090159106453,0.03845317232002122,0.08846666666666667,0.5208333333333334,0.2625,0.04262281600791347,2.1356736610723157,2.341829701339712,0.22466307286890297,0.038270345683210805,1.0,1.0,0.0,0.0,0.2695714285714286,0.4642857142857143,0.3214285714285714,0.0719950395116616,0.0,0.0,0.0,0.0,0.0,0.0,0.0,0.0,0.0,0.0,0.0,0.0,0.0,0.0,0.0,0.0,0.0,0.0,0.0,0.0,stable,stable
20,500,240,modular,6,0.08,0.004,0.12,14,20.0,0.72,0.22,True,static,1.0,False,False,1.0,default,default,0.362,0.7833333333333333,0.12916666666666665,0.024619888076286803,0.37456666666666666,0.4666666666666667,0.125,0.02347175607689662,0.26343333333333335,0.4166666666666667,0.18333333333333332,0.022462091522286065,0.6659260955418318,0.8662499516465604,0.21210384154176876,0.030558557390910224,0.6653054032020955,0.8662499516465604,0.21210384154176876,0.031219246097627686,0.19926205127293078,0.707703430781934,0.4660306951133046,0.08319271548379309,0.20023333333333335,0.7333333333333333,0.4583333333333333,0.08752666895168454,2.140671237447613,2.406358648711978,0.2919607950396308,0.04507212218983457,1.0,1.0,0.0,0.0,0.23742857142857138,0.42857142857142855,0.3571428571428571,0.06666333324999583,0.0,0.0,0.0,0.0,0.0,0.0,0.0,0.0,0.0,0.0,0.0,0.0,0.0,0.0,0.0,0.0,0.0,0.0,0.0,0.0,oscillatory,runaway
21,500,240,modular,6,0.08,0.004,0.12,14,20.0,0.72,0.22,True,static,1.0,False,False,1.0,default,default,0.3868,0.7958333333333333,0.12083333333333335,0.0213517888920083,0.3967333333333333,0.4666666666666667,0.10416666666666669,0.021164593074283287,0.21646666666666664,0.3541666666666667,0.10416666666666666,0.018759116302332696,0.6096029548932379,0.7559445552702333,0.15552619047677096,0.026592799632780134,0.6100932965191354,0.7559445552702333,0.15552619047677096,0.026571566934347927,0.08169068383026291,0.49901517327811357,0.26073971059808143,0.0403600180780345,0.08245,0.525,0.26249999999999996,0.045567230550034525,2.1032353027478887,2.3159916049152174,0.23498278325669641,0.039212725529027465,1.0,1.0,0.0,0.0,0.2838571428571428,0.5,0.39285714285714285,0.0699972302659038,0.0,0.0,0.0,0.0,0.0,0.0,0.0,0.0,0.0,0.0,0.0,0.0,0.0,0.0,0.0,0.0,0.0,0.0,0.0,0.0,stable,stable
22,500,240,modular,6,0.08,0.004,0.12,14,20.0,0.72,0.22,True,static,1.0,False,False,1.0,default,default,0.3421666666666667,0.7583333333333333,0.14166666666666666,0.024850106192484928,0.3903833333333333,0.4583333333333333,0.1375,0.024677480737618974,0.26744999999999997,0.4041666666666667,0.12083333333333335,0.023312734955622673,0.6659399992045058,0.8805787074607033,0.17515728968939004,0.03074666181194983,0.6660662293324827,0.8805787074607033,0.17515728968939004,0.03090733787532732,0.19663235058110154,0.7008996973508999,0.408059614675005,0.08548527162793303,0.19603333333333336,0.7,0.4041666666666667,0.0868553331056239,2.196189577191997,2.4573037576566334,0.2592138364915493,0.04551913393019766,1.0,1.0,0.0,0.0,0.2637142857142857,0.4642857142857143,0.3928571428571429,0.067579733708881,0.0,0.0,0.0,0.0,0.0,0.0,0.0,0.0,0.0,0.0,0.0,0.0,0.0,0.0,0.0,0.0,0.0,0.0,0.0,0.0,stable,runaway
23,500,240,modular,6,0.08,0.004,0.12,14,20.0,0.72,0.22,True,static,1.0,False,False,1.0,default,default,0.36473333333333335,0.8333333333333334,0.12916666666666665,0.02406036390230021,0.38139999999999996,0.44166666666666665,0.11249999999999999,0.02179477511290773,0.2538666666666667,0.39166666666666666,0.11666666666666667,0.021690217969295645,0.6373779038265822,0.7936319179050323,0.1537651942678483,0.02868849184302335,0.6377920089835053,0.7936319179050323,0.1537651942678483,0.028853319781101325,0.12849743732300592,0.5922571028178764,0.32115450463173395,0.062002283887835644,0.12875,0.5541666666666667,0.3375,0.06402392131071011,2.1708698176071013,2.3876844311677377,0.24736897250695433,0.04549745604414409,1.0,1.0,0.0,0.0,0.2644285714285714,0.4642857142857143,0.3214285714285714,0.06095314359641933,0.0,0.0,0.0,0.0,0.0,0.0,0.0,0.0,0.0,0.0,0.0,0.0,0.0,0.0,0.0,0.0,0.0,0.0,0.0,0.0,stable,stable
24,500,240,modular,6,0.08,0.004,0.12,14,20.0,0.72,0.22,True,static,1.0,False,False,1.0,default,default,0.38425,0.8166666666666667,0.125,0.024231092285188743,0.42256666666666665,0.49166666666666664,0.14166666666666666,0.023361197648142002,0.19318333333333335,0.3875,0.11666666666666667,0.021235903821384933,0.6102273559551286,0.840846680704187,0.15405864156460225,0.030493291818151688,0.6097661766842846,0.840846680704187,0.15405864156460225,0.029916304605838513,0.08494267037289074,0.6962955764969168,0.25361570249536863,0.04515891618902218,0.08708333333333335,0.725,0.2833333333333333,0.0490213247248356,2.095408677333418,2.3689279924657796,0.20707410808278115,0.04384143793473472,1.0,1.0,0.0,0.0,0.22714285714285715,0.5,0.2857142857142857,0.060084973842323114,0.0,0.0,0.0,0.0,0.0,0.0,0.0,0.0,0.0,0.0,0.0,0.0,0.0,0.0,0.0,0.0,0.0,0.0,0.0,0.0,stable,stable
25,500,240,modular,6,0.08,0.004,0.12,14,20.0,0.72,0.22,True,static,1.0,False,False,1.0,default,default,0.3856,0.775,0.12916666666666665,0.021769014676829082,0.42198333333333327,0.5125,0.15416666666666662,0.023655449219530323,0.19241666666666668,0.35833333333333334,0.10416666666666666,0.017792983948112184,0.6035439641842092,0.7959142484884306,0.13852918115326407,0.02446472746552185,0.6029038244269811,0.7959142484884306,0.13852918115326407,0.024540800311612442,0.0714925503661649,0.6127257367176369,0.2192157411548848,0.0324794159104787,0.07135,0.6416666666666667,0.24166666666666664,0.036145112624899466,2.090398406893438,2.3231600407323656,0.22133616777319332,0.037348111800030774,1.0,1.0,0.0,0.0,0.30357142857142855,0.5357142857142857,0.39285714285714285,0.06532883852371128,0.0,0.0,0.0,0.0,0.0,0.0,0.0,0.0,0.0,0.0,0.0,0.0,0.0,0.0,0.0,0.0,0.0,0.0,0.0,0.0,stable,stable
26,500,240,modular,6,0.08,0.004,0.12,14,20.0,0.72,0.22,True,static,1.0,False,False,1.0,default,default,0.36488333333333334,0.8375,0.23750000000000004,0.03199088845975436,0.36493333333333333,0.4625,0.1333333333333333,0.02435663268096712,0.2701833333333333,0.4083333333333333,0.275,0.03618328727158131,0.6720114604206389,0.8487769143143492,0.34348690728242565,0.04833196343912508,0.6706240037866354,0.8487769143143492,0.34348690728242565,0.04992398322140209,0.22725469823730993,0.6918474498373778,0.5466114509826278,0.11315300324967205,0.22911666666666666,0.7041666666666667,0.5958333333333333,0.11933349743936575,2.15285441541,2.3801463504541513,0.4840367280306632,0.06718120284844868,1.0,1.0,0.0,0.0,0.33271428571428574,0.5714285714285714,0.46428571428571425,0.08330041526711297,0.0,0.0,0.0,0.0,0.0,0.0,0.0,0.0,0.0,0.0,0.0,0.0,0.0,0.0,0.0,0.0,0.0,0.0,0.0,0.0,oscillatory,runaway
27,500,240,modular,6,0.08,0.004,0.12,14,20.0,0.72,0.22,True,static,1.0,False,False,1.0,default,default,0.37785,0.7833333333333333,0.3416666666666667,0.11651956082802388,0.4078333333333333,0.4791666666666667,0.12916666666666665,0.023145673941845427,0.21431666666666666,0.3958333333333333,0.3541666666666667,0.11776609231862964,0.6145182566119667,0.8623639467285085,0.5160550926619762,0.17742550964636453,0.6176210867637615,0.8623639467285085,0.5160550926619762,0.17391892814636087,0.2885894981787735,0.7020528064848198,0.6850216999003216,0.24971696725545442,0.28714999999999996,0.7083333333333334,0.7083333333333334,0.25030415331485545,2.1128869474045358,2.4614395467018615,0.6966882276806385,0.2469676666623503,1.0,1.0,0.0,0.0,0.24171428571428571,0.5,0.4642857142857143,0.1285425364362684,0.0,0.0,0.0,0.0,0.0,0.0,0.0,0.0,0.0,0.0,0.0,0.0,0.0,0.0,0.0,0.0,0.0,0.0,0.0,0.0,oscillatory,oscillatory
28,500,240,modular,6,0.08,0.004,0.12,14,20.0,0.72,0.22,True,static,1.0,False,False,1.0,default,default,0.37398333333333333,0.825,0.10416666666666663,0.02065610617280571,0.39011666666666667,0.4666666666666667,0.14583333333333331,0.02162239708162709,0.23589999999999997,0.38333333333333336,0.11249999999999999,0.020495826133359173,0.6260249149793518,0.8043548015194045,0.14634272442584462,0.026439652978744954,0.6265777568718868,0.8043548015194045,0.14634272442584462,0.026141037963028267,0.10646736026607043,0.6194698421945135,0.2677022935784746,0.04731039907201436,0.10685,0.6125,0.26666666666666666,0.051287124765058395,2.1412364574881977,2.3794371677902912,0.2184939962674508,0.03880738637562238,1.0,1.0,0.0,0.0,0.257,0.4642857142857143,0.3571428571428571,0.06811589763193378,0.0,0.0,0.0,0.0,0.0,0.0,0.0,0.0,0.0,0.0,0.0,0.0,0.0,0.0,0.0,0.0,0.0,0.0,0.0,0.0,stable,stable
29,500,240,modular,6,0.08,0.004,0.12,14,20.0,0.72,0.22,True,static,1.0,False,False,1.0,default,default,0.3513166666666666,0.7958333333333333,0.20833333333333337,0.02483841670566875,0.40008333333333335,0.4791666666666667,0.1333333333333333,0.026641785267174235,0.24859999999999996,0.38333333333333336,0.22916666666666669,0.025393809394329864,0.6706978741231238,0.8492833025942926,0.32300393836943353,0.03330709727619226,0.6707793648643577,0.8492833025942926,0.32300393836943353,0.03302923425900083,0.2173791642138874,0.6999166731457166,0.5073789529093842,0.08689765046672264,0.21838333333333332,0.7125,0.49583333333333335,0.09040901042853343,2.160713737483825,2.360004631629579,0.4353326879519479,0.04671305572066123,1.0,1.0,0.0,0.0,0.28857142857142853,0.4642857142857143,0.35714285714285715,0.06904597699196899,0.0,0.0,0.0,0.0,0.0,0.0,0.0,0.0,0.0,0.0,0.0,0.0,0.0,0.0,0.0,0.0,0.0,0.0,0.0,0.0,oscillatory,oscillatory
30,500,240,modular,6,0.08,0.004,0.12,14,20.0,0.72,0.22,True,static,1.0,False,False,1.0,default,default,0.35795000000000005,0.8208333333333333,0.14166666666666666,0.023331672559944013,0.44105,0.5083333333333333,0.15833333333333333,0.02373687356554495,0.201,0.3958333333333333,0.10000000000000003,0.019831932723654435,0.6213564743658557,0.8403957333560219,0.15024826310042294,0.02702724142413185,0.6218093867903031,0.8403957333560219,0.13129316969949945,0.02694310828152156,0.09998586871542878,0.6806318975212882,0.23977633628808054,0.04746557313113022,0.09896666666666668,0.7,0.26666666666666666,0.04990033400021821,2.117748817019222,2.421907238660674,0.23673219267120715,0.04120253985554264,1.0,1.0,0.0,0.0,0.14728571428571427,0.42857142857142855,0.2857142857142857,0.05156509656418253,0.0,0.0,0.0,0.0,0.0,0.0,0.0,0.0,0.0,0.0,0.0,0.0,0.0,0.0,0.0,0.0,0.0,0.0,0.0,0.0,stable,stable
31,500,240,modular,6,0.08,0.004,0.12,14,20.0,0.72,0.22,True,static,1.0,False,False,1.0,default,default,0.3878166666666667,0.7791666666666667,0.35416666666666663,0.1095976087026233,0.39144999999999996,0.49583333333333335,0.175,0.036972516068621085,0.2207333333333333,0.4125,0.37916666666666665,0.13816552472386961,0.6216225064881157,0.8869160032451482,0.5440569264032425,0.1895725812454374,0.6138771327292867,0.8869160032451482,0.5440569264032425,0.19040497666357548,0.31212468010281963,0.7279935370236037,0.7275942900189512,0.2949789194162092,0.3112333333333333,0.7541666666666667,0.75,0.2950335310510391,2.078219588854278,2.4469282917696065,0.7446972364493238,0.24654429289400276,1.0,1.0,0.0,0.0,0.19985714285714287,0.5357142857142857,0.4642857142857143,0.12499379576439719,0.0,0.0,0.0,0.0,0.0,0.0,0.0,0.0,0.0,0.0,0.0,0.0,0.0,0.0,0.0,0.0,0.0,0.0,0.0,0.0,oscillatory,runaway
32,500,240,modular,6,0.08,0.004,0.12,14,20.0,0.72,0.22,True,static,1.0,False,False,1.0,default,default,0.3868,0.8125,0.10833333333333334,0.01945604733181377,0.40905,0.49166666666666664,0.12916666666666665,0.01911152212090334,0.20415,0.4083333333333333,0.11666666666666667,0.018598454236844524,0.5954276640415439,0.8278145711450045,0.14532548179623161,0.024881316782462116,0.5948013077703846,0.8278145711450045,0.14532548179623161,0.02506501131639012,0.06101027766659392,0.6583609873269614,0.16153530659721488,0.02833439545453518,0.061066666666666665,0.6875,0.15833333333333333,0.031189848775950595,2.1049884724091674,2.3814201885922635,0.2124525035771183,0.036750010614147184,1.0,1.0,0.0,0.0,0.33942857142857147,0.5357142857142857,0.3214285714285714,0.05544329701301564,0.0,0.0,0.0,0.0,0.0,0.0,0.0,0.0,0.0,0.0,0.0,0.0,0.0,0.0,0.0,0.0,0.0,0.0,0.0,0.0,stable,runaway
33,500,240,modular,6,0.08,0.004,0.12,14,20.0,0.72,0.22,True,static,1.0,False,False,1.0,default,default,0.36816666666666664,0.8333333333333334,0.29583333333333334,0.06796833413027308,0.3777833333333333,0.5083333333333333,0.20416666666666666,0.03846123950738515,0.25405,0.4375,0.3416666666666667,0.09446516259682425,0.6525409236648338,0.9256514804666104,0.46289149549806125,0.12075335404299833,0.6489177433000946,0.9256514804666104,0.46289149549806125,0.12256867865326977,0.26305637166655127,0.7294908888673481,0.6485833824904177,0.19246837096731673,0.2630166666666667,0.7625,0.6416666666666667,0.19495319167544922,2.1517940330136223,2.532481046204553,0.6519979997812111,0.16175341696344872,1.0,1.0,0.0,0.0,0.24971428571428572,0.5,0.4642857142857143,0.11741223383047111,0.0,0.0,0.0,0.0,0.0,0.0,0.0,0.0,0.0,0.0,0.0,0.0,0.0,0.0,0.0,0.0,0.0,0.0,0.0,0.0,oscillatory,runaway
34,500,240,modular,6,0.08,0.004,0.12,14,20.0,0.72,0.22,True,static,1.0,False,False,1.0,default,default,0.36584999999999995,0.8416666666666667,0.17083333333333334,0.02982750874239714,0.37215,0.45416666666666666,0.14583333333333337,0.028079792061591592,0.262,0.4166666666666667,0.22083333333333333,0.027779388842169375,0.6652811827371843,0.8600252731174272,0.28297378623606534,0.038734723982313236,0.666220988818955,0.8600252731174272,0.28297378623606534,0.038940600898822814,0.20574895386043104,0.6986284339423826,0.5533105100125213,0.10117039899066653,0.20823333333333335,0.7416666666666667,0.5458333333333333,0.1026509241177215,2.161508942102754,2.4139515415982595,0.3982180552244743,0.05616526922366514,1.0,1.0,0.0,0.0,0.24557142857142855,0.6428571428571429,0.39285714285714285,0.06825656879505057,0.0,0.0,0.0,0.0,0.0,0.0,0.0,0.0,0.0,0.0,0.0,0.0,0.0,0.0,0.0,0.0,0.0,0.0,0.0,0.0,oscillatory,runaway
35,500,240,modular,6,0.08,0.004,0.12,14,20.0,0.72,0.22,True,static,1.0,False,False,1.0,default,default,0.3435,0.8125,0.10833333333333334,0.020185941202287845,0.4215833333333333,0.4875,0.10833333333333334,0.021139253902528243,0.2349166666666667,0.4583333333333333,0.10416666666666666,0.020270565688537984,0.6298156933267383,0.908905390386243,0.14866537996305207,0.025496431365121076,0.6286884063859882,0.908905390386243,0.13810149782141712,0.025022924204935817,0.10695302662921329,0.7008936242307077,0.26662966700101604,0.044909901943309356,0.10740000000000001,0.6916666666666667,0.31666666666666665,0.0472724491056307,2.166332032065181,2.5459319698557024,0.20642041457613125,0.0378478736650038,1.0,1.0,0.0,0.0,0.16842857142857143,0.39285714285714285,0.32142857142857145,0.06549793578302095,0.0,0.0,0.0,0.0,0.0,0.0,0.0,0.0,0.0,0.0,0.0,0.0,0.0,0.0,0.0,0.0,0.0,0.0,0.0,0.0,runaway,runaway
36,500,240,modular,6,0.08,0.004,0.12,14,20.0,0.72,0.22,True,static,1.0,False,False,1.0,default,default,0.36839999999999995,0.75,0.10833333333333334,0.020697450191858043,0.43054999999999993,0.49166666666666664,0.10000000000000003,0.01991203572381957,0.20105,0.43333333333333335,0.09166666666666667,0.01703167800175765,0.5900656785329891,0.8463761433867419,0.1384761990767529,0.024685900109072657,0.5897508907704505,0.8463761433867419,0.1700647748565962,0.025246741576500645,0.055182311976000493,0.6719137655844024,0.165777955583222,0.027630274520806294,0.05486666666666666,0.6958333333333333,0.19583333333333333,0.03338219751770562,2.0850270404729985,2.4050171940741243,0.18965871310329918,0.03671541159698248,1.0,1.0,0.0,0.0,0.23928571428571427,0.4642857142857143,0.3214285714285714,0.0529969194329987,0.0,0.0,0.0,0.0,0.0,0.0,0.0,0.0,0.0,0.0,0.0,0.0,0.0,0.0,0.0,0.0,0.0,0.0,0.0,0.0,stable,runaway
37,500,240,modular,6,0.08,0.004,0.12,14,20.0,0.72,0.22,True,static,1.0,False,False,1.0,default,default,0.4038833333333333,0.7833333333333333,0.11666666666666664,0.02049702552946538,0.3923666666666667,0.44583333333333336,0.10000000000000003,0.019914651222989906,0.20375,0.32083333333333336,0.1,0.01796311807874989,0.5834734186210412,0.7386003529593439,0.12651500500869273,0.02486439366331103,0.5838691822682827,0.7386003529593439,0.12482937774659142,0.02437284011604639,0.050278819544035,0.4382804754438315,0.1260757861041793,0.024268958503919344,0.04898333333333334,0.4708333333333333,0.14583333333333331,0.028669713985319072,2.0467922657503106,2.2532758440723044,0.20638657578385144,0.03669102965401387,1.0,1.0,0.0,0.0,0.29171428571428565,0.42857142857142855,0.2857142857142857,0.048704858744340114,0.0,0.0,0.0,0.0,0.0,0.0,0.0,0.0,0.0,0.0,0.0,0.0,0.0,0.0,0.0,0.0,0.0,0.0,0.0,0.0,stable,stable
38,500,240,modular,6,0.08,0.004,0.12,14,20.0,0.72,0.22,True,static,1.0,False,False,1.0,default,default,0.36169999999999997,0.8208333333333333,0.13333333333333336,0.0201948563308141,0.42379999999999995,0.49583333333333335,0.125,0.020925237287915174,0.2145,0.3958333333333333,0.10416666666666669,0.019254148182202765,0.6302699113412576,0.806964465061173,0.16987614271621854,0.025665044805209092,0.6308162389111057,0.806964465061173,0.16987614271621854,0.025726512810982677,0.11464718087686648,0.6293436374272321,0.32421554888296145,0.04894414852336204,0.11311666666666666,0.6583333333333333,0.3333333333333333,0.05435833013950627,2.1143744414631795,2.33170442612013,0.23662796595020907,0.03652831390386824,1.0,1.0,0.0,0.0,0.2767142857142857,0.4642857142857143,0.3571428571428571,0.061075563769775534,0.0,0.0,0.0,0.0,0.0,0.0,0.0,0.0,0.0,0.0,0.0,0.0,0.0,0.0,0.0,0.0,0.0,0.0,0.0,0.0,stable,stable
39,500,240,modular,6,0.08,0.004,0.12,14,20.0,0.72,0.22,True,static,1.0,False,False,1.0,default,default,0.3571166666666667,0.7916666666666666,0.12083333333333329,0.02315659853164008,0.39213333333333333,0.45416666666666666,0.125,0.02360682575490026,0.25075,0.3958333333333333,0.11666666666666667,0.022337219811088597,0.6560960455249231,0.8339215004008367,0.16634862458401523,0.02830829222133236,0.6566610192723303,0.8339215004008367,0.16634862458401523,0.028725188171907553,0.17178575054208411,0.6649601585754766,0.4141154419845436,0.07383933338966682,0.16865,0.6791666666666667,0.4041666666666667,0.07551598248788868,2.1305620504339204,2.369226985264426,0.23240930980764762,0.04253584519874193,1.0,1.0,0.0,0.0,0.2332857142857143,0.5,0.3214285714285714,0.0630938724021111,0.0,0.0,0.0,0.0,0.0,0.0,0.0,0.0,0.0,0.0,0.0,0.0,0.0,0.0,0.0,0.0,0.0,0.0,0.0,0.0,stable,stable
40,500,240,modular,6,0.08,0.004,0.12,14,20.0,0.72,0.22,True,static,1.0,False,False,1.0,default,default,0.3536833333333333,0.7708333333333334,0.28750000000000003,0.05667869725233831,0.3783,0.4875,0.1333333333333333,0.024951597588575812,0.2680166666666666,0.4,0.29166666666666663,0.060032835922425726,0.6803517559417885,0.8714428712986453,0.4012187719470395,0.08404639082664907,0.6770485996327275,0.8714428712986453,0.4012187719470395,0.08644820510193581,0.2859796707195048,0.7116228381865051,0.5792183882363799,0.1431196280974578,0.2853166666666667,0.7375,0.5666666666666667,0.14499002743483966,2.183339318025412,2.437162934097458,0.5670265379782009,0.1173275827994596,1.0,1.0,0.0,0.0,0.3052857142857142,0.5357142857142857,0.5,0.08168893213069357,0.0,0.0,0.0,0.0,0.0,0.0,0.0,0.0,0.0,0.0,0.0,0.0,0.0,0.0,0.0,0.0,0.0,0.0,0.0,0.0,oscillatory,oscillatory
41,500,240,modular,6,0.08,0.004,0.12,14,20.0,0.72,0.22,True,static,1.0,False,False,1.0,default,default,0.3759166666666667,0.7875,0.125,0.023474128785158827,0.38005,0.4583333333333333,0.12083333333333335,0.02210732030597809,0.2440333333333333,0.44583333333333336,0.13333333333333336,0.02132966114227895,0.6294655714515965,0.8745260170612711,0.17538783999153185,0.029052635228530403,0.630549031084537,0.8745260170612711,0.17538783999153185,0.02976697246535685,0.11519014484893572,0.6968127278663858,0.35243388133717374,0.059481685557914096,0.11343333333333333,0.7041666666666667,0.36666666666666664,0.060852426227536546,2.126426105566154,2.4586128326495196,0.24425226655579557,0.043290549994750044,1.0,1.0,0.0,0.0,0.2787142857142857,0.5357142857142857,0.42857142857142855,0.0661397716034392,0.0,0.0,0.0,0.0,0.0,0.0,0.0,0.0,0.0,0.0,0.0,0.0,0.0,0.0,0.0,0.0,0.0,0.0,0.0,0.0,stable,runaway
42,500,240,modular,6,0.08,0.004,0.12,14,20.0,0.72,0.22,True,static,1.0,False,False,1.0,default,default,0.34351666666666664,0.7958333333333333,0.1291666666666667,0.020935940655034135,0.41308333333333336,0.48333333333333334,0.12916666666666665,0.02166362158088993,0.24339999999999998,0.3875,0.11666666666666664,0.019537599079154474,0.6450980945253963,0.822117482682557,0.12998674974169344,0.026098787961198393,0.644903188376333,0.822117482682557,0.12705576617453085,0.02583677940134038,0.14144023076844375,0.6448050450211721,0.2852754775145064,0.057260100409856005,0.1417,0.6458333333333334,0.325,0.062210431422533775,2.201387614191787,2.4254567999377716,0.2073308387276156,0.03838553951192442,1.0,1.0,0.0,0.0,0.26871428571428574,0.4642857142857143,0.35714285714285715,0.07229319554736102,0.0,0.0,0.0,0.0,0.0,0.0,0.0,0.0,0.0,0.0,0.0,0.0,0.0,0.0,0.0,0.0,0.0,0.0,0.0,0.0,stable,stable
43,500,240,modular,6,0.08,0.004,0.12,14,20.0,0.72,0.22,True,static,1.0,False,False,1.0,default,default,0.36418333333333336,0.8208333333333333,0.1166666666666667,0.023632304867137556,0.38883333333333336,0.4666666666666667,0.12083333333333335,0.023664906037797355,0.2469833333333333,0.4083333333333333,0.11666666666666664,0.022970325059374613,0.6601566297064247,0.8694362471587773,0.15002021893574335,0.030741443616840718,0.6603151096281847,0.8694362471587773,0.15002021893574335,0.030291199645519375,0.18508776532781038,0.7089521551609519,0.4060390451650042,0.08117145794776458,0.1827,0.7333333333333333,0.4708333333333333,0.0839122491389401,2.1534703178831633,2.4427695816310386,0.2245317237183282,0.045594404152467606,1.0,1.0,0.0,0.0,0.29257142857142854,0.5,0.4285714285714286,0.07377516865588368,0.0,0.0,0.0,0.0,0.0,0.0,0.0,0.0,0.0,0.0,0.0,0.0,0.0,0.0,0.0,0.0,0.0,0.0,0.0,0.0,stable,runaway
44,500,240,modular,6,0.08,0.004,0.12,14,20.0,0.72,0.22,True,static,1.0,False,False,1.0,default,default,0.3601166666666667,0.8375,0.1875,0.02624299377400037,0.3591999999999999,0.45,0.125,0.025572858876377336,0.28068333333333334,0.4375,0.24166666666666667,0.025124517684701708,0.6774996840361237,0.8388689672626221,0.30955818789146217,0.03312888002990512,0.6774436393977707,0.8388689672626221,0.19713782901076227,0.03051896325575199,0.2325166379717023,0.6791606239900303,0.4871784153147352,0.08878925670479415,0.23073333333333335,0.7166666666666667,0.5041666666666668,0.09069127117130217,2.1971165750394492,2.3825289805886367,0.4090869643037731,0.048681038872446486,1.0,1.0,0.0,0.0,0.21314285714285713,0.4642857142857143,0.4285714285714286,0.07019448202047258,0.0,0.0,0.0,0.0,0.0,0.0,0.0,0.0,0.0,0.0,0.0,0.0,0.0,0.0,0.0,0.0,0.0,0.0,0.0,0.0,oscillatory,runaway
45,500,240,modular,6,0.08,0.004,0.12,14,20.0,0.72,0.22,True,static,1.0,False,False,1.0,default,default,0.3667166666666667,0.8125,0.21249999999999997,0.02535438270244855,0.3589333333333333,0.45416666666666666,0.16249999999999998,0.025161721368424345,0.27435,0.4166666666666667,0.23333333333333334,0.027009406797550286,0.6701710189489178,0.8693967021232101,0.3080167176675788,0.034861170596964995,0.6704560337537646,0.8693967021232101,0.3080167176675788,0.03496143431324489,0.21518079788227865,0.708216685616287,0.49576690724403855,0.08999325575267733,0.21485,0.7291666666666666,0.5,0.09285198645634292,2.159616475939555,2.409741301685916,0.4473806728002119,0.04976263323503669,1.0,1.0,0.0,0.0,0.2521428571428571,0.5,0.3214285714285714,0.07382065968222153,0.0,0.0,0.0,0.0,0.0,0.0,0.0,0.0,0.0,0.0,0.0,0.0,0.0,0.0,0.0,0.0,0.0,0.0,0.0,0.0,oscillatory,runaway
46,500,240,modular,6,0.08,0.004,0.12,14,20.0,0.72,0.22,True,static,1.0,False,False,1.0,default,default,0.3579166666666666,0.8125,0.10416666666666663,0.020501524333570904,0.4224,0.4875,0.1333333333333333,0.02242372255744646,0.21968333333333334,0.38333333333333336,0.10833333333333336,0.020763141755417353,0.6235755127007792,0.838258280778591,0.12826695224942997,0.025894968841153252,0.6228200028342304,0.838258280778591,0.14785043351477833,0.02630361244910278,0.10010106873276846,0.6709188863385929,0.23087727129638258,0.045511384980266176,0.10071666666666666,0.6583333333333333,0.2583333333333333,0.05025463218008421,2.1313737913383863,2.4081860875953778,0.20066430726363116,0.03857826027791441,1.0,1.0,0.0,0.0,0.25857142857142856,0.5357142857142857,0.3928571428571429,0.0637117232027936,0.0,0.0,0.0,0.0,0.0,0.0,0.0,0.0,0.0,0.0,0.0,0.0,0.0,0.0,0.0,0.0,0.0,0.0,0.0,0.0,stable,stable
47,500,240,modular,6,0.08,0.004,0.12,14,20.0,0.72,0.22,True,static,1.0,False,False,1.0,default,default,0.37739999999999996,0.8,0.12083333333333329,0.022881117882558873,0.3972833333333333,0.4708333333333333,0.1375,0.022932152343622503,0.22531666666666667,0.4,0.11249999999999999,0.021346278624413927,0.6184372221289199,0.8585245123421399,0.14849743841974994,0.029482747003986527,0.6172155546374217,0.8585245123421399,0.14849743841974994,0.028812260537181146,0.09307434685147985,0.6939208761656154,0.2563292272834673,0.04789407540172293,0.09210000000000002,0.7458333333333333,0.2708333333333333,0.05228746397454068,2.1139778965779805,2.4230245776991244,0.22387787497961398,0.04160988367525644,1.0,1.0,0.0,0.0,0.241,0.4642857142857143,0.3928571428571429,0.06329087370132878,0.0,0.0,0.0,0.0,0.0,0.0,0.0,0.0,0.0,0.0,0.0,0.0,0.0,0.0,0.0,0.0,0.0,0.0,0.0,0.0,stable,stable
48,500,240,modular,6,0.08,0.004,0.12,14,20.0,0.72,0.22,True,static,1.0,False,False,1.0,default,default,0.40618333333333334,0.7791666666666667,0.12083333333333335,0.02458041790622048,0.33595,0.45,0.1166666666666667,0.021551624068733195,0.2578666666666667,0.425,0.12499999999999997,0.02147489490337755,0.6145573920426664,0.8459474205386448,0.15596039183031163,0.030567212318524984,0.6144509580345864,0.8459474205386448,0.14744471029545625,0.03014601356972362,0.0885414290901135,0.673748850940067,0.24570434663375199,0.04680041552812867,0.08775,0.7375,0.2833333333333333,0.048035071099724165,2.118873708962568,2.4685778936643747,0.22996338426691798,0.04680903795107931,1.0,1.0,0.0,0.0,0.26728571428571435,0.5357142857142857,0.3928571428571429,0.06800495180049579,0.0,0.0,0.0,0.0,0.0,0.0,0.0,0.0,0.0,0.0,0.0,0.0,0.0,0.0,0.0,0.0,0.0,0.0,0.0,0.0,stable,runaway
49,500,240,modular,6,0.08,0.004,0.12,14,20.0,0.72,0.22,True,static,1.0,False,False,1.0,default,default,0.3554333333333333,0.8166666666666667,0.15416666666666667,0.024124814334346007,0.37666666666666665,0.44166666666666665,0.12083333333333335,0.02265686062395524,0.26789999999999997,0.4166666666666667,0.2,0.024672994683796832,0.6630493153347818,0.8405037054260739,0.24730806896409274,0.03218994788103963,0.6636022658082813,0.8405037054260739,0.24730806896409274,0.032551439306199303,0.19128596263939335,0.6700889155788687,0.4773493763007322,0.08293355898670275,0.18723333333333333,0.6875,0.4583333333333333,0.08493664959512146,2.1586267389624942,2.3929966943020036,0.3537351045342969,0.04641067128324501,1.0,1.0,0.0,0.0,0.243,0.5357142857142857,0.3214285714285714,0.06183404385604937,0.0,0.0,0.0,0.0,0.0,0.0,0.0,0.0,0.0,0.0,0.0,0.0,0.0,0.0,0.0,0.0,0.0,0.0,0.0,0.0,oscillatory,runaway
50,500,240,modular,6,0.08,0.004,0.12,14,20.0,0.72,0.22,True,static,1.0,False,False,1.0,default,default,0.34431666666666666,0.7833333333333333,0.2,0.027092788093266935,0.39245,0.4583333333333333,0.1333333333333333,0.02326203989335415,0.2632333333333334,0.4125,0.25,0.02707276203944556,0.6863006328540646,0.8772702980964159,0.3285274098366798,0.03713030535511159,0.6864048165788542,0.8772702980964159,0.3285274098366798,0.037062458766069985,0.2685843542217859,0.7232806164719664,0.5105851172124334,0.1013278052626296,0.26929999999999993,0.7708333333333334,0.5708333333333333,0.10820188948853383,2.193391324237709,2.428399640311868,0.4630737109608585,0.05382963840659907,1.0,1.0,0.0,0.0,0.262,0.5357142857142857,0.3214285714285714,0.06887492360823942,0.0,0.0,0.0,0.0,0.0,0.0,0.0,0.0,0.0,0.0,0.0,0.0,0.0,0.0,0.0,0.0,0.0,0.0,0.0,0.0,oscillatory,runaway
1,500,240,modular,6,0.08,0.004,0.12,20,20.0,0.72,0.22,True,static,1.0,False,False,1.0,default,default,0.32835,0.8333333333333334,0.3291666666666667,0.05010086770151236,0.4234333333333333,0.4875,0.1333333333333333,0.026029705252951976,0.24821666666666664,0.42916666666666664,0.275,0.0517507407354394,0.6833581917514517,0.9281811433942703,0.4352140248857618,0.07450998031244527,0.6837611892117441,0.9281811433942703,0.4352140248857618,0.07414074178741818,0.2916912279851152,0.7381601227643366,0.6044546469348672,0.13090617521615458,0.29318333333333335,0.7791666666666667,0.6583333333333333,0.13591609850688524,2.2004210465034,2.5197321688832073,0.6396803000303377,0.1047846566073841,1.0,1.0,0.0,0.0,0.21471428571428572,0.5714285714285714,0.32142857142857145,0.06392613722420715,0.0,0.0,0.0,0.0,0.0,0.0,0.0,0.0,0.0,0.0,0.0,0.0,0.0,0.0,0.0,0.0,0.0,0.0,0.0,0.0,oscillatory,runaway
2,500,240,modular,6,0.08,0.004,0.12,20,20.0,0.72,0.22,True,static,1.0,False,False,1.0,default,default,0.3220166666666667,0.7875,0.2875000000000001,0.054287580429495004,0.41114999999999996,0.5125,0.17083333333333328,0.028292563805117882,0.2668333333333333,0.42083333333333334,0.2875,0.061558238008138824,0.6844551713739573,0.8890537392931894,0.4201279754931397,0.08304119155727858,0.6864094086298499,0.8890537392931894,0.4201279754931397,0.08159625819821811,0.303833648441246,0.7097603865583405,0.6280948459477644,0.14143403200069005,0.3044000000000001,0.7416666666666667,0.6166666666666667,0.1443532549761945,2.2103998260182958,2.4812471260881783,0.6169323806424127,0.11684234334410844,1.0,1.0,0.0,0.0,0.24200000000000002,0.5,0.35714285714285715,0.07907165440669776,0.0,0.0,0.0,0.0,0.0,0.0,0.0,0.0,0.0,0.0,0.0,0.0,0.0,0.0,0.0,0.0,0.0,0.0,0.0,0.0,oscillatory,runaway
3,500,240,modular,6,0.08,0.004,0.12,20,20.0,0.72,0.22,True,static,1.0,False,False,1.0,default,default,0.36810000000000004,0.8,0.14583333333333331,0.023058524574559303,0.4323666666666666,0.5,0.12083333333333335,0.02150992019201063,0.19953333333333334,0.39166666666666666,0.13333333333333333,0.019262196713309265,0.5979948415339711,0.8388261532487412,0.19848395308011257,0.028289595273607575,0.5983896883448309,0.8388261532487412,0.19848395308011257,0.027612264755198658,0.06618358650773468,0.6707337602911062,0.30895113611087394,0.03521280110304201,0.06805,0.6875,0.32083333333333336,0.03991435623097701,2.1144838644432697,2.4344515802379836,0.3012943240406063,0.0422485349828671,1.0,1.0,0.0,0.0,0.21671428571428572,0.4642857142857143,0.2857142857142857,0.05315764003299574,0.0,0.0,0.0,0.0,0.0,0.0,0.0,0.0,0.0,0.0,0.0,0.0,0.0,0.0,0.0,0.0,0.0,0.0,0.0,0.0,stable,oscillatory
4,500,240,modular,6,0.08,0.004,0.12,20,20.0,0.72,0.22,True,static,1.0,False,False,1.0,default,default,0.34836666666666666,0.7791666666666667,0.1375,0.024163195152959387,0.41345,0.48333333333333334,0.12083333333333335,0.024829982995474554,0.23818333333333333,0.43333333333333335,0.10833333333333331,0.022339358639953035,0.6436061993522506,0.8586651056530304,0.1469101462714092,0.02911220068221191,0.6438621312195298,0.8586651056530304,0.1469101462714092,0.02860279801012168,0.1431877558936867,0.6961581220675235,0.31342588625590545,0.06356301344551808,0.14103333333333334,0.6916666666666667,0.36250000000000004,0.07102240648008361,2.180453076380932,2.416752310942105,0.2531425042428528,0.04508148414040835,1.0,1.0,0.0,0.0,0.29557142857142854,0.5357142857142857,0.4285714285714286,0.07049229224040117,0.0,0.0,0.0,0.0,0.0,0.0,0.0,0.0,0.0,0.0,0.0,0.0,0.0,0.0,0.0,0.0,0.0,0.0,0.0,0.0,stable,runaway
5,500,240,modular,6,0.08,0.004,0.12,20,20.0,0.72,0.22,True,static,1.0,False,False,1.0,default,default,0.3307,0.7666666666666667,0.20833333333333331,0.025432568795848282,0.39958333333333335,0.4666666666666667,0.14166666666666666,0.026257935308524674,0.2697166666666667,0.45,0.2375,0.02442824526376519,0.680070157854599,0.8624428241429662,0.3084212099682067,0.031589241135859876,0.679624082625001,0.8624428241429662,0.3084212099682067,0.0311409472915301,0.2353253174290705,0.6903188923259715,0.5069555246966522,0.08532255041276689,0.23573333333333335,0.7333333333333333,0.5166666666666667,0.09088953001675532,2.187792210862426,2.4210304615902993,0.4426887107995845,0.04627822669639437,1.0,1.0,0.0,0.0,0.23828571428571427,0.5714285714285714,0.3571428571428571,0.06231519616810484,0.0,0.0,0.0,0.0,0.0,0.0,0.0,0.0,0.0,0.0,0.0,0.0,0.0,0.0,0.0,0.0,0.0,0.0,0.0,0.0,oscillatory,runaway
6,500,240,modular,6,0.08,0.004,0.12,20,20.0,0.72,0.22,True,static,1.0,False,False,1.0,default,default,0.35101666666666664,0.7958333333333333,0.14166666666666666,0.02259565469534156,0.42858333333333337,0.5125,0.15416666666666662,0.025603954772651823,0.2204,0.36666666666666664,0.10000000000000003,0.0184490589943709,0.6299213572035508,0.7561809181105394,0.13632286460461418,0.02401457007013664,0.6308530579817102,0.7561809181105394,0.14466615309884645,0.025278184892369784,0.11339781150576156,0.49302537197641827,0.3136913266962772,0.049617742317595026,0.11326666666666667,0.5083333333333333,0.3333333333333333,0.05118426407489795,2.1375587540083294,2.2716488812482103,0.22015692602578207,0.03706429728907714,1.0,1.0,0.0,0.0,0.22599999999999998,0.4642857142857143,0.2857142857142857,0.05842769821212665,0.0,0.0,0.0,0.0,0.0,0.0,0.0,0.0,0.0,0.0,0.0,0.0,0.0,0.0,0.0,0.0,0.0,0.0,0.0,0.0,stable,stable
7,500,240,modular,6,0.08,0.004,0.12,20,20.0,0.72,0.22,True,static,1.0,False,False,1.0,default,default,0.35938333333333333,0.8416666666666667,0.14583333333333331,0.024595511108059263,0.3808166666666666,0.4583333333333333,0.15416666666666667,0.025700999764384436,0.2598,0.39166666666666666,0.2041666666666667,0.022387099459783132,0.6643075126937634,0.8376722978095007,0.23951087169881768,0.03050898914953752,0.6647159482960262,0.8376722978095007,0.23951087169881768,0.030490449422936473,0.19945996185922718,0.6896129901664128,0.48114238653107566,0.08333855404798639,0.19843333333333335,0.6958333333333333,0.4375,0.08847420214076217,2.1743499823346877,2.386050001767025,0.3167435295588128,0.04426714629648686,1.0,1.0,0.0,0.0,0.24028571428571427,0.5,0.3214285714285714,0.06041962108657169,0.0,0.0,0.0,0.0,0.0,0.0,0.0,0.0,0.0,0.0,0.0,0.0,0.0,0.0,0.0,0.0,0.0,0.0,0.0,0.0,oscillatory,oscillatory
8,500,240,modular,6,0.08,0.004,0.12,20,20.0,0.72,0.22,True,static,1.0,False,False,1.0,default,default,0.36005,0.8,0.1791666666666667,0.027709510000078392,0.3884833333333333,0.45,0.16666666666666669,0.02559442756191711,0.2514666666666666,0.3875,0.19166666666666668,0.024291379357935013,0.6577407825286382,0.8227008143992638,0.26916189080629016,0.0347728518545191,0.656023121945718,0.8227008143992638,0.26916189080629016,0.034870318650785395,0.17755621247483175,0.6611481545631123,0.5060865835633682,0.08633785417483178,0.17855000000000001,0.6666666666666666,0.4708333333333333,0.08666086679311102,2.119728849024128,2.3135769320274426,0.36338941525849244,0.05015993922551294,1.0,1.0,0.0,0.0,0.20785714285714282,0.42857142857142855,0.39285714285714285,0.0691382820210072,0.0,0.0,0.0,0.0,0.0,0.0,0.0,0.0,0.0,0.0,0.0,0.0,0.0,0.0,0.0,0.0,0.0,0.0,0.0,0.0,oscillatory,oscillatory
9,500,240,modular,6,0.08,0.004,0.12,20,20.0,0.72,0.22,True,static,1.0,False,False,1.0,default,default,0.34386666666666665,0.7583333333333333,0.26249999999999996,0.03748731637352678,0.38535,0.5208333333333334,0.1916666666666666,0.027611435835336214,0.2707833333333334,0.45416666666666666,0.25,0.04388033285096082,0.684427051478278,0.8987171054380406,0.3515092110687636,0.057321554899833906,0.683324496100069,0.8987171054380406,0.3515092110687636,0.05895759954739641,0.2725364524246773,0.7200133026814252,0.5676113571515798,0.12256539527609467,0.27304999999999996,0.7916666666666666,0.5958333333333333,0.12522652918256225,2.204556798473243,2.5095735580147616,0.5235907181840598,0.07911621292579292,1.0,1.0,0.0,0.0,0.27971428571428575,0.5357142857142857,0.4285714285714286,0.07117612532532612,0.0,0.0,0.0,0.0,0.0,0.0,0.0,0.0,0.0,0.0,0.0,0.0,0.0,0.0,0.0,0.0,0.0,0.0,0.0,0.0,runaway,runaway
10,500,240,modular,6,0.08,0.004,0.12,20,20.0,0.72,0.22,True,static,1.0,False,False,1.0,default,default,0.35634999999999994,0.7875,0.2791666666666667,0.03950242256987398,0.38239999999999996,0.4708333333333333,0.15416666666666667,0.02663208173946937,0.26125,0.4125,0.2875,0.04732753779073378,0.6756689724517148,0.8610704558436048,0.39593311571275647,0.06387022554346483,0.6762548245237402,0.8610704558436048,0.39593311571275647,0.06388547701795404,0.2570907828468612,0.708664436490902,0.5482697950812698,0.11476856116688623,0.2565833333333334,0.725,0.575,0.11526084547668387,2.1704826955019154,2.4394779057403704,0.5784792218944921,0.08649185053841647,1.0,1.0,0.0,0.0,0.24557142857142855,0.5357142857142857,0.4642857142857143,0.07420173824907118,0.0,0.0,0.0,0.0,0.0,0.0,0.0,0.0,0.0,0.0,0.0,0.0,0.0,0.0,0.0,0.0,0.0,0.0,0.0,0.0,oscillatory,runaway
11,500,240,modular,6,0.08,0.004,0.12,20,20.0,0.72,0.22,True,static,1.0,False,False,1.0,default,default,0.35785,0.8166666666666667,0.12083333333333335,0.025363518201455323,0.4169,0.5,0.15416666666666667,0.026330189685774934,0.22525,0.4125,0.14583333333333334,0.024209875166046512,0.6415276449891683,0.8549650539723896,0.18823298058360283,0.031893915735654324,0.6418846736604634,0.8549650539723896,0.18823298058360283,0.0320550716175603,0.14105033800218159,0.6914983290887887,0.40055215721394666,0.0710537484311435,0.1419,0.7041666666666667,0.375,0.07548878503901535,2.1334748361401314,2.402491514588142,0.24076160314092876,0.04710096759744509,1.0,1.0,0.0,0.0,0.358,0.5714285714285714,0.3571428571428571,0.06646527403886351,0.0,0.0,0.0,0.0,0.0,0.0,0.0,0.0,0.0,0.0,0.0,0.0,0.0,0.0,0.0,0.0,0.0,0.0,0.0,0.0,stable,runaway
12,500,240,modular,6,0.08,0.004,0.12,20,20.0,0.72,0.22,True,static,1.0,False,False,1.0,default,default,0.34973333333333334,0.7708333333333334,0.2666666666666666,0.03462394803857263,0.37655,0.44583333333333336,0.14583333333333337,0.025372781785912946,0.2737166666666667,0.4166666666666667,0.2708333333333333,0.03399681766152696,0.675589089147239,0.849978471555573,0.3852352309800579,0.04707016426327502,0.6757236792202669,0.849978471555573,0.3852352309800579,0.0432179059077479,0.23530852867763266,0.6919444279520023,0.5686434626783521,0.10178171090953361,0.23436666666666667,0.7083333333333334,0.6,0.10586240545580328,2.161899982779486,2.3564976092186636,0.5588679258283196,0.06897849665795744,1.0,1.0,0.0,0.0,0.2497142857142857,0.5357142857142857,0.4642857142857143,0.07360900566021603,0.0,0.0,0.0,0.0,0.0,0.0,0.0,0.0,0.0,0.0,0.0,0.0,0.0,0.0,0.0,0.0,0.0,0.0,0.0,0.0,oscillatory,runaway
13,500,240,modular,6,0.08,0.004,0.12,20,20.0,0.72,0.22,True,static,1.0,False,False,1.0,default,default,0.33595,0.8291666666666667,0.20833333333333331,0.02769928298309864,0.41045,0.5166666666666667,0.15833333333333333,0.02499233771467656,0.2536,0.4083333333333333,0.22500000000000003,0.02713568785852969,0.6794815849139153,0.8480940652726318,0.31310136807994193,0.03792208157645075,0.6803533848103419,0.8480940652726318,0.31310136807994193,0.037479624387775946,0.24664877335085064,0.6922669846964332,0.5010370419879999,0.0943314500877458,0.24903333333333336,0.7125,0.5875,0.09857052748610454,2.2229779083454178,2.431543247348942,0.44769867713915446,0.054696781438274944,1.0,1.0,0.0,0.0,0.2735714285714286,0.5357142857142857,0.5,0.07857467525759643,0.0,0.0,0.0,0.0,0.0,0.0,0.0,0.0,0.0,0.0,0.0,0.0,0.0,0.0,0.0,0.0,0.0,0.0,0.0,0.0,oscillatory,runaway
14,500,240,modular,6,0.08,0.004,0.12,20,20.0,0.72,0.22,True,static,1.0,False,False,1.0,default,default,0.36268333333333336,0.7708333333333334,0.11249999999999999,0.02104973607646635,0.4010833333333333,0.475,0.125,0.023576265136314056,0.23623333333333332,0.425,0.09999999999999998,0.01951298712823505,0.640859608835347,0.878425027549586,0.15533179542193665,0.024987847789374257,0.6410473209268133,0.878425027549586,0.15541077533391545,0.025428501655734716,0.13434416113219555,0.706763833930492,0.2973930496599746,0.054393275083550505,0.13278333333333334,0.7125,0.3416666666666667,0.06000615940606986,2.1158395228429474,2.4117118881958364,0.2206945744519324,0.03634002411050839,1.0,1.0,0.0,0.0,0.28171428571428564,0.5357142857142857,0.35714285714285715,0.06222342888366742,0.0,0.0,0.0,0.0,0.0,0.0,0.0,0.0,0.0,0.0,0.0,0.0,0.0,0.0,0.0,0.0,0.0,0.0,0.0,0.0,stable,runaway
15,500,240,modular,6,0.08,0.004,0.12,20,20.0,0.72,0.22,True,static,1.0,False,False,1.0,default,default,0.3533833333333333,0.7791666666666667,0.22083333333333327,0.029340155456681245,0.3685833333333334,0.4666666666666667,0.16250000000000003,0.023279849417229676,0.2780333333333333,0.4666666666666667,0.24166666666666664,0.032095240214780205,0.6734779575907996,0.8819139765741368,0.33598193109219926,0.0426933168936846,0.6734979934217086,0.8819139765741368,0.33598193109219926,0.04315658239088577,0.2275772861662967,0.7094033958139767,0.5159150353961921,0.10237124256947362,0.22865000000000005,0.7291666666666666,0.5625,0.1105268808430279,2.2003821147387708,2.4586527691296554,0.4736074900211571,0.060971467687589216,1.0,1.0,0.0,0.0,0.3248571428571429,0.5714285714285714,0.5714285714285714,0.07428901091586254,0.0,0.0,0.0,0.0,0.0,0.0,0.0,0.0,0.0,0.0,0.0,0.0,0.0,0.0,0.0,0.0,0.0,0.0,0.0,0.0,runaway,runaway
16,500,240,modular,6,0.08,0.004,0.12,20,20.0,0.72,0.22,True,static,1.0,False,False,1.0,default,default,0.36084999999999995,0.7875,0.27499999999999997,0.06534937940706774,0.3717833333333333,0.5291666666666667,0.2416666666666667,0.038607717276903764,0.2673666666666667,0.4583333333333333,0.3541666666666667,0.0941175919321734,0.6619111712142486,0.9123784171996612,0.4420848982955372,0.11482114544656385,0.6659978625183947,0.9123784171996612,0.4420848982955372,0.11400551589592665,0.295262876987583,0.7328495880108336,0.6583058756182936,0.1806447232439391,0.29565,0.7708333333333334,0.6833333333333333,0.18205701869347293,2.205803218616835,2.520447827500075,0.6256720343907087,0.16116434637959745,1.0,1.0,0.0,0.0,0.2341428571428571,0.5714285714285714,0.5,0.11188815479608855,0.0,0.0,0.0,0.0,0.0,0.0,0.0,0.0,0.0,0.0,0.0,0.0,0.0,0.0,0.0,0.0,0.0,0.0,0.0,0.0,runaway,runaway
17,500,240,modular,6,0.08,0.004,0.12,20,20.0,0.72,0.22,True,static,1.0,False,False,1.0,default,default,0.3827,0.8166666666666667,0.14166666666666666,0.022070316918632794,0.3924166666666667,0.45,0.12083333333333335,0.022017827372886323,0.22488333333333332,0.44166666666666665,0.10833333333333334,0.0190408989633718,0.6092925881333591,0.8521994392255666,0.15907162921359486,0.026192012239441776,0.6103475376645725,0.8521994392255666,0.15907162921359486,0.026724320079911438,0.07979408166653122,0.6732808609763917,0.25616804101749796,0.03894685129178967,0.0814,0.7,0.2583333333333333,0.04477270994205684,2.139154962926207,2.465567422965591,0.2648129191483668,0.040867219770732516,1.0,1.0,0.0,0.0,0.303,0.5,0.35714285714285715,0.06694636903171533,0.0,0.0,0.0,0.0,0.0,0.0,0.0,0.0,0.0,0.0,0.0,0.0,0.0,0.0,0.0,0.0,0.0,0.0,0.0,0.0,stable,runaway
18,500,240,modular,6,0.08,0.004,0.12,20,20.0,0.72,0.22,True,static,1.0,False,False,1.0,default,default,0.392,0.875,0.11249999999999999,0.022158519806160338,0.3934333333333334,0.4666666666666667,0.12083333333333329,0.020731511173948596,0.21456666666666666,0.3958333333333333,0.09583333333333333,0.017986291075890733,0.6063471420437034,0.8444156192835489,0.1378937334458573,0.026352199361479527,0.6053798329577155,0.8444156192835489,0.13686701571153226,0.026914899724972123,0.07602398563961289,0.6911343723794511,0.18160969151002837,0.03670319075268295,0.0745,0.6958333333333333,0.22499999999999998,0.04065129490899125,2.082642344115539,2.3945940949323394,0.19238576098060767,0.03992001938257865,1.0,1.0,0.0,0.0,0.164,0.42857142857142855,0.32142857142857145,0.05874469146663556,0.0,0.0,0.0,0.0,0.0,0.0,0.0,0.0,0.0,0.0,0.0,0.0,0.0,0.0,0.0,0.0,0.0,0.0,0.0,0.0,stable,stable
19,500,240,modular,6,0.08,0.004,0.12,20,20.0,0.72,0.22,True,static,1.0,False,False,1.0,default,default,0.37225,0.8166666666666667,0.11249999999999999,0.022906967644510844,0.38305,0.48333333333333334,0.11666666666666664,0.02169524397445466,0.2447,0.375,0.12499999999999997,0.019616999430765825,0.6336411907644699,0.7830841564344032,0.16190108236627931,0.02821097443849387,0.6333268430572946,0.7830841564344032,0.16683320158582393,0.02840698135100163,0.12040744070884818,0.5730823503062104,0.3117445337997605,0.05445298789660096,0.12093333333333334,0.5375,0.3,0.05682933514773276,2.166525649786,2.3481132673537317,0.22850390267544451,0.04224668866482739,1.0,1.0,0.0,0.0,0.277,0.4642857142857143,0.4285714285714286,0.06984370306006732,0.0,0.0,0.0,0.0,0.0,0.0,0.0,0.0,0.0,0.0,0.0,0.0,0.0,0.0,0.0,0.0,0.0,0.0,0.0,0.0,stable,oscillatory
20,500,240,modular,6,0.08,0.004,0.12,20,20.0,0.72,0.22,True,static,1.0,False,False,1.0,default,default,0.3736333333333333,0.7833333333333333,0.11249999999999999,0.024067474594010343,0.35168333333333335,0.44166666666666665,0.13333333333333336,0.024372964302457938,0.27468333333333333,0.4166666666666667,0.125,0.022872770079531493,0.6637470014787921,0.8662499516465604,0.16496996029767974,0.030332496615311903,0.6639290809869728,0.8662499516465604,0.16496996029767974,0.030754531841631617,0.1954187016078213,0.707703430781934,0.3945796281982771,0.0840968592643878,0.19451666666666664,0.7,0.4291666666666667,0.09087997120744849,2.1427953221776987,2.406358648711978,0.23292400676491587,0.044341706380073696,1.0,1.0,0.0,0.0,0.33242857142857146,0.5357142857142857,0.3571428571428571,0.0680367547726962,0.0,0.0,0.0,0.0,0.0,0.0,0.0,0.0,0.0,0.0,0.0,0.0,0.0,0.0,0.0,0.0,0.0,0.0,0.0,0.0,stable,runaway
21,500,240,modular,6,0.08,0.004,0.12,20,20.0,0.72,0.22,True,static,1.0,False,False,1.0,default,default,0.38138333333333335,0.7958333333333333,0.125,0.020100863718313756,0.4327,0.49166666666666664,0.11249999999999999,0.02071671359608522,0.18591666666666665,0.39166666666666666,0.09166666666666667,0.01700265502143056,0.5848863030857827,0.8087956058586203,0.15469014578200424,0.024461044426087812,0.5844011307084752,0.8087956058586203,0.13935154189996635,0.02399789814415544,0.0505050910575039,0.6347071479350009,0.12270135702850712,0.021932538527904076,0.05213333333333332,0.6041666666666666,0.13749999999999998,0.025416617486291215,2.0827461170177974,2.338408531931333,0.23852851142502063,0.03537658941571551,1.0,1.0,0.0,0.0,0.2501428571428571,0.5,0.2857142857142857,0.05859738100994352,0.0,0.0,0.0,0.0,0.0,0.0,0.0,0.0,0.0,0.0,0.0,0.0,0.0,0.0,0.0,0.0,0.0,0.0,0.0,0.0,stable,stable
22,500,240,modular,6,0.08,0.004,0.12,20,20.0,0.72,0.22,True,static,1.0,False,False,1.0,default,default,0.32611666666666667,0.7583333333333333,0.2583333333333333,0.045791681073701095,0.4160666666666666,0.5,0.14583333333333331,0.024481875382049927,0.25781666666666664,0.425,0.2583333333333333,0.04359150337699615,0.6798490919216235,0.8883800507854928,0.34749996733229865,0.06458411101233752,0.6781171219721852,0.8883800507854928,0.34749996733229865,0.06648054036536716,0.25938380768509783,0.7048436084949354,0.5354427973360103,0.12286800599592358,0.25711666666666666,0.7458333333333333,0.5666666666666667,0.1260818968854063,2.2106541587897537,2.471030625728494,0.5082262825178525,0.09163516144418317,1.0,1.0,0.0,0.0,0.21857142857142856,0.4642857142857143,0.39285714285714285,0.07587583842794,0.0,0.0,0.0,0.0,0.0,0.0,0.0,0.0,0.0,0.0,0.0,0.0,0.0,0.0,0.0,0.0,0.0,0.0,0.0,0.0,oscillatory,runaway
23,500,240,modular,6,0.08,0.004,0.12,20,20.0,0.72,0.22,True,static,1.0,False,False,1.0,default,default,0.373,0.8333333333333334,0.10416666666666663,0.02166410241236256,0.3937833333333333,0.4625,0.11249999999999999,0.02202347863329295,0.23321666666666668,0.39166666666666666,0.10833333333333331,0.019409340534907414,0.6143545845114113,0.8039207923458586,0.13761528047243254,0.026241891968639176,0.6145323188422233,0.8039207923458586,0.13761528047243254,0.02598926472246949,0.08622514488900192,0.6135434738224782,0.23630436317060313,0.041512430489082416,0.08551666666666669,0.6166666666666667,0.24583333333333332,0.044327032760307035,2.145465280601578,2.3876844311677377,0.21031125716233223,0.039686863206545214,1.0,1.0,0.0,0.0,0.28271428571428564,0.5357142857142857,0.35714285714285715,0.06377719507978458,0.0,0.0,0.0,0.0,0.0,0.0,0.0,0.0,0.0,0.0,0.0,0.0,0.0,0.0,0.0,0.0,0.0,0.0,0.0,0.0,stable,stable
24,500,240,modular,6,0.08,0.004,0.12,20,20.0,0.72,0.22,True,static,1.0,False,False,1.0,default,default,0.3577166666666666,0.8166666666666667,0.1375,0.024460177386474075,0.39755,0.4708333333333333,0.12083333333333335,0.023997343602990728,0.24473333333333336,0.4,0.12916666666666668,0.02192882425788791,0.6626689985211931,0.8616940974116926,0.1645206074783827,0.030404168137669354,0.6618506387058143,0.8616940974116926,0.1645206074783827,0.030289329653774334,0.19277166420689243,0.716294637806427,0.3857142807008834,0.07998152641107377,0.19343333333333335,0.7416666666666667,0.4125,0.08378670671545828,2.1656201180267525,2.403448441252101,0.24994083128801137,0.04497779175686121,1.0,1.0,0.0,0.0,0.21028571428571427,0.5,0.35714285714285715,0.06588734975048592,0.0,0.0,0.0,0.0,0.0,0.0,0.0,0.0,0.0,0.0,0.0,0.0,0.0,0.0,0.0,0.0,0.0,0.0,0.0,0.0,stable,oscillatory
25,500,240,modular,6,0.08,0.004,0.12,20,20.0,0.72,0.22,True,static,1.0,False,False,1.0,default,default,0.4128,0.775,0.1375,0.023043895311147183,0.36875,0.4375,0.11666666666666664,0.021451657537614924,0.21844999999999998,0.37916666666666665,0.09583333333333333,0.018430055465039827,0.588222798234137,0.8170949371884418,0.1560955842634162,0.027535965608385435,0.5879205435992656,0.8170949371884418,0.1560955842634162,0.02692602234361278,0.05582021512863068,0.6532671740821662,0.20732449934090272,0.0310410618425478,0.056100000000000004,0.6583333333333333,0.23333333333333334,0.03444820588780915,2.064108478752817,2.3391831473972706,0.2330015661405982,0.041134182016372686,1.0,1.0,0.0,0.0,0.173,0.42857142857142855,0.25,0.052241394174601836,0.0,0.0,0.0,0.0,0.0,0.0,0.0,0.0,0.0,0.0,0.0,0.0,0.0,0.0,0.0,0.0,0.0,0.0,0.0,0.0,stable,stable
26,500,240,modular,6,0.08,0.004,0.12,20,20.0,0.72,0.22,True,static,1.0,False,False,1.0,default,default,0.4074,0.8375,0.125,0.023584151929255847,0.3300166666666666,0.48333333333333334,0.125,0.021798630181224184,0.26258333333333334,0.4083333333333333,0.12500000000000003,0.024222492990331666,0.6427814088456928,0.8487769143143492,0.18013430758521742,0.032860967723142565,0.642556335721027,0.8487769143143492,0.18013430758521742,0.03245322253646422,0.14415745403493901,0.6918474498373778,0.3550167513817482,0.07286194569008406,0.14475,0.7291666666666666,0.4125,0.0770227690001109,2.086114659196775,2.3801463504541513,0.23037910243682536,0.0456593517385785,1.0,1.0,0.0,0.0,0.27157142857142863,0.5357142857142857,0.3928571428571429,0.0722734320451979,0.0,0.0,0.0,0.0,0.0,0.0,0.0,0.0,0.0,0.0,0.0,0.0,0.0,0.0,0.0,0.0,0.0,0.0,0.0,0.0,stable,runaway
27,500,240,modular,6,0.08,0.004,0.12,20,20.0,0.72,0.22,True,static,1.0,False,False,1.0,default,default,0.3527333333333333,0.7833333333333333,0.13333333333333336,0.02636076630145641,0.37729999999999997,0.44583333333333336,0.1333333333333333,0.025399343823545258,0.2699666666666667,0.4,0.10416666666666669,0.0220214289575707,0.6732958501166991,0.8790308149725313,0.15142700943910492,0.03113705730537644,0.6735097384078264,0.8790308149725313,0.14537671470152624,0.031005083374135992,0.2214544438982216,0.7131352994573479,0.40297684909463527,0.0907886009226813,0.22255,0.7291666666666666,0.3958333333333333,0.09448565587784565,2.1874099505838047,2.473137368905923,0.24030937602671898,0.04730986805802624,1.0,1.0,0.0,0.0,0.29757142857142854,0.5357142857142857,0.42857142857142855,0.07310336545478825,0.0,0.0,0.0,0.0,0.0,0.0,0.0,0.0,0.0,0.0,0.0,0.0,0.0,0.0,0.0,0.0,0.0,0.0,0.0,0.0,stable,stable
28,500,240,modular,6,0.08,0.004,0.12,20,20.0,0.72,0.22,True,static,1.0,False,False,1.0,default,default,0.3842833333333333,0.825,0.1375,0.022506178164129857,0.38138333333333335,0.4583333333333333,0.125,0.020679841230854104,0.2343333333333333,0.38333333333333336,0.12083333333333335,0.019957593932023857,0.6128815528058813,0.8200466521480632,0.15378144435923669,0.028567379003551725,0.6141561309477804,0.8200466521480632,0.15378144435923669,0.028200487147662424,0.08763085384290105,0.6466707865256519,0.21612022782143736,0.04410857918961861,0.08951666666666666,0.6708333333333333,0.21666666666666665,0.04888225365326585,2.1193344498009985,2.4138381712913466,0.24366538661542458,0.04166948960974561,1.0,1.0,0.0,0.0,0.23514285714285713,0.4642857142857143,0.3214285714285714,0.05536225782820581,0.0,0.0,0.0,0.0,0.0,0.0,0.0,0.0,0.0,0.0,0.0,0.0,0.0,0.0,0.0,0.0,0.0,0.0,0.0,0.0,stable,oscillatory
29,500,240,modular,6,0.08,0.004,0.12,20,20.0,0.72,0.22,True,static,1.0,False,False,1.0,default,default,0.3678,0.7958333333333333,0.16250000000000003,0.02608413736779927,0.37618333333333337,0.4666666666666667,0.14583333333333331,0.026495329777151296,0.25601666666666667,0.4,0.23750000000000002,0.024432042940004468,0.6604068692282455,0.8656031822913873,0.2644595280006859,0.032650161965632606,0.6615202405846602,0.8656031822913873,0.2644595280006859,0.03213903097089215,0.19103329785297876,0.7138454260149548,0.4945063844049882,0.08289467889584297,0.19093333333333334,0.725,0.4875,0.08737302533136618,2.144982993613073,2.395775540183462,0.3852653619952551,0.048021139242652666,1.0,1.0,0.0,0.0,0.30228571428571427,0.5,0.39285714285714285,0.07559883381024729,0.0,0.0,0.0,0.0,0.0,0.0,0.0,0.0,0.0,0.0,0.0,0.0,0.0,0.0,0.0,0.0,0.0,0.0,0.0,0.0,oscillatory,oscillatory
30,500,240,modular,6,0.08,0.004,0.12,20,20.0,0.72,0.22,True,static,1.0,False,False,1.0,default,default,0.34353333333333336,0.8208333333333333,0.17083333333333334,0.023063655872871115,0.3963333333333333,0.5125,0.1375,0.023881071072201842,0.2601333333333333,0.4,0.1958333333333333,0.022156865000867488,0.6673905699176569,0.8685586595647682,0.26308944917171884,0.029152579486393673,0.6671482167343272,0.8685586595647682,0.26308944917171884,0.029465766547683934,0.20188344243708872,0.7057269849981977,0.48682648673698986,0.07742340491769592,0.2015,0.7208333333333333,0.49583333333333335,0.08167755029518345,2.1941999214471175,2.462933167298557,0.374172461563844,0.042934448618192095,1.0,1.0,0.0,0.0,0.2785714285714286,0.5,0.3928571428571429,0.062351865265129126,0.0,0.0,0.0,0.0,0.0,0.0,0.0,0.0,0.0,0.0,0.0,0.0,0.0,0.0,0.0,0.0,0.0,0.0,0.0,0.0,oscillatory,oscillatory
31,500,240,modular,6,0.08,0.004,0.12,20,20.0,0.72,0.22,True,static,1.0,False,False,1.0,default,default,0.39626666666666666,0.7791666666666667,0.31666666666666665,0.10041901657001472,0.3771833333333333,0.5083333333333333,0.20416666666666666,0.05124177169718731,0.22655,0.425,0.4041666666666667,0.14404339720298803,0.6219846101976503,0.8835212927583685,0.5292487663578882,0.18762933023118952,0.6206176353491349,0.8783372430479185,0.5142009900832218,0.18743800909876548,0.32015117781909913,0.7233523248645698,0.7165277659194506,0.28791622438786874,0.3151833333333333,0.7541666666666667,0.7541666666666667,0.28430804352165473,2.075494688044538,2.415735174241881,0.7116875213166078,0.2421371270135917,1.0,1.0,0.0,0.0,0.2951428571428571,0.6428571428571429,0.6428571428571429,0.18869281807169222,0.0,0.0,0.0,0.0,0.0,0.0,0.0,0.0,0.0,0.0,0.0,0.0,0.0,0.0,0.0,0.0,0.0,0.0,0.0,0.0,oscillatory,runaway
32,500,240,modular,6,0.08,0.004,0.12,20,20.0,0.72,0.22,True,static,1.0,False,False,1.0,default,default,0.37075,0.8125,0.1291666666666667,0.02230922205924915,0.40296666666666664,0.4625,0.125,0.02441149547059973,0.22628333333333336,0.3875,0.10416666666666669,0.019370804205183518,0.6210519306259346,0.81289683086915,0.14122638081311611,0.0254417262970227,0.6210668629553138,0.81289683086915,0.14412973730796264,0.02541149997668946,0.0967555873824495,0.6354432079708034,0.2611752155453837,0.04345854599277333,0.09848333333333333,0.6791666666666667,0.26666666666666666,0.047964017184181355,2.140579844808799,2.3993282766477786,0.22652450158657134,0.03938324115663102,1.0,1.0,0.0,0.0,0.269,0.4642857142857143,0.3214285714285714,0.06137223330145452,0.0,0.0,0.0,0.0,0.0,0.0,0.0,0.0,0.0,0.0,0.0,0.0,0.0,0.0,0.0,0.0,0.0,0.0,0.0,0.0,stable,stable
33,500,240,modular,6,0.08,0.004,0.12,20,20.0,0.72,0.22,True,static,1.0,False,False,1.0,default,default,0.35401666666666665,0.8333333333333334,0.23333333333333328,0.02816207556271377,0.3703166666666667,0.5041666666666667,0.17916666666666664,0.025826821759988634,0.2756666666666666,0.44583333333333336,0.2791666666666667,0.030652170486860395,0.6750204313672391,0.9466862291942775,0.3809562948594024,0.03952263054853206,0.675744646166643,0.9466862291942775,0.3809562948594024,0.039188561296919555,0.23184073877963385,0.733545288901596,0.6142367162105206,0.0995558837971851,0.2303333333333333,0.7583333333333333,0.6125,0.1025082652494151,2.1838400431195586,2.5628801107844623,0.5275299173747265,0.05626784910809997,1.0,1.0,0.0,0.0,0.26771428571428574,0.5357142857142857,0.3928571428571429,0.06326555628653634,0.0,0.0,0.0,0.0,0.0,0.0,0.0,0.0,0.0,0.0,0.0,0.0,0.0,0.0,0.0,0.0,0.0,0.0,0.0,0.0,oscillatory,runaway
34,500,240,modular,6,0.08,0.004,0.12,20,20.0,0.72,0.22,True,static,1.0,False,False,1.0,default,default,0.36601666666666666,0.8416666666666667,0.11250000000000004,0.02202415971407561,0.4152666666666667,0.49166666666666664,0.125,0.02293980044473893,0.21871666666666667,0.4166666666666667,0.10416666666666669,0.019931277764692692,0.6359828235474171,0.8600252731174272,0.1453147315316664,0.02729497227021365,0.6340434036746938,0.8600252731174272,0.1453147315316664,0.027455434384509172,0.12228555197183769,0.6986284339423826,0.29562813558416395,0.05648296474421406,0.12481666666666667,0.7333333333333333,0.31666666666666665,0.059168143174065095,2.1323780090527715,2.4139515415982595,0.2013140083220537,0.039170350626929036,1.0,1.0,0.0,0.0,0.298,0.6785714285714286,0.2857142857142857,0.060626659455512585,0.0,0.0,0.0,0.0,0.0,0.0,0.0,0.0,0.0,0.0,0.0,0.0,0.0,0.0,0.0,0.0,0.0,0.0,0.0,0.0,stable,runaway
35,500,240,modular,6,0.08,0.004,0.12,20,20.0,0.72,0.22,True,static,1.0,False,False,1.0,default,default,0.36273333333333335,0.8125,0.13333333333333336,0.02476727231202051,0.35929999999999995,0.5041666666666667,0.17916666666666664,0.025468586315084096,0.2779666666666667,0.4583333333333333,0.12499999999999997,0.02356030088470387,0.6500660513955187,0.908905390386243,0.15420263048549776,0.029960226680140388,0.6497435324879628,0.908905390386243,0.15992268192074555,0.029839029887655407,0.15258535965095416,0.7008936242307077,0.3564064057138429,0.0683692807779662,0.15259999999999999,0.725,0.3875,0.07277946902190968,2.1762398337447832,2.5502070376221115,0.2385027610861714,0.04498311080196689,1.0,1.0,0.0,0.0,0.36557142857142855,0.6071428571428571,0.46428571428571425,0.07357753095357637,0.0,0.0,0.0,0.0,0.0,0.0,0.0,0.0,0.0,0.0,0.0,0.0,0.0,0.0,0.0,0.0,0.0,0.0,0.0,0.0,runaway,runaway
36,500,240,modular,6,0.08,0.004,0.12,20,20.0,0.72,0.22,True,static,1.0,False,False,1.0,default,default,0.3920166666666666,0.75,0.11250000000000004,0.0211857459942607,0.3971,0.4666666666666667,0.11249999999999999,0.021913491531727915,0.21088333333333334,0.4375,0.10833333333333331,0.01924867239289216,0.5841527170248466,0.8495751457087375,0.14981592651264064,0.025792078577956557,0.5839905407526864,0.8495751457087375,0.14981592651264064,0.025257226121042035,0.04963653252461626,0.67500746982423,0.16321766402215657,0.02413113963741621,0.049049999999999996,0.7,0.18333333333333332,0.02696448796308046,2.071975026010784,2.4089842321535926,0.18078430887900843,0.0379129575050685,1.0,1.0,0.0,0.0,0.336,0.5,0.2857142857142857,0.05804572441144119,0.0,0.0,0.0,0.0,0.0,0.0,0.0,0.0,0.0,0.0,0.0,0.0,0.0,0.0,0.0,0.0,0.0,0.0,0.0,0.0,stable,runaway
37,500,240,modular,6,0.08,0.004,0.12,20,20.0,0.72,0.22,True,static,1.0,False,False,1.0,default,default,0.3982166666666667,0.7833333333333333,0.11666666666666664,0.02103767123783217,0.40773333333333334,0.4666666666666667,0.11249999999999999,0.02294137455922523,0.19405,0.35,0.10833333333333334,0.019244775625839053,0.5854548765349752,0.7709427890576942,0.13449896762631508,0.024936316044060023,0.5863106722821554,0.7709427890576942,0.13449896762631508,0.025160995039203476,0.05272536173866037,0.5440151488925712,0.12774578881703966,0.02446046443300226,0.05163333333333333,0.5875,0.1375,0.025878433749617333,2.0397439504912773,2.2797406012580077,0.18753259827351831,0.037119041046804004,1.0,1.0,0.0,0.0,0.22971428571428573,0.5,0.2857142857142857,0.056844937670609774,0.0,0.0,0.0,0.0,0.0,0.0,0.0,0.0,0.0,0.0,0.0,0.0,0.0,0.0,0.0,0.0,0.0,0.0,0.0,0.0,stable,stable
38,500,240,modular,6,0.08,0.004,0.12,20,20.0,0.72,0.22,True,static,1.0,False,False,1.0,default,default,0.3780333333333333,0.8208333333333333,0.12083333333333335,0.018703653831983382,0.44765,0.5166666666666667,0.12500000000000006,0.020033783966090884,0.17431666666666668,0.3958333333333333,0.1,0.01672962276256634,0.5869354972014217,0.806964465061173,0.13042747861677595,0.02215115338704324,0.5867301709561612,0.806964465061173,0.13825297343200493,0.02312253217990523,0.052309061490563274,0.6293436374272321,0.16197004492884268,0.022641017967395354,0.05091666666666667,0.6416666666666667,0.13333333333333333,0.026216115696689742,2.070386409110708,2.33170442612013,0.20144776910833895,0.032693810869658425,1.0,1.0,0.0,0.0,0.208,0.42857142857142855,0.25,0.049190176553736364,0.0,0.0,0.0,0.0,0.0,0.0,0.0,0.0,0.0,0.0,0.0,0.0,0.0,0.0,0.0,0.0,0.0,0.0,0.0,0.0,stable,stable
39,500,240,modular,6,0.08,0.004,0.12,20,20.0,0.72,0.22,True,static,1.0,False,False,1.0,default,default,0.39216666666666666,0.7916666666666666,0.13749999999999996,0.022767545127024807,0.3746333333333333,0.44583333333333336,0.125,0.023109137202029464,0.2332,0.4166666666666667,0.10833333333333336,0.018778208410578232,0.6043402753711232,0.8464369012197823,0.1579479992070011,0.026357689695255898,0.6044750737179604,0.8464369012197823,0.1579479992070011,0.02621340855168083,0.07297678822020547,0.6789306988762467,0.24086147933132102,0.03583866372096109,0.07151666666666669,0.7291666666666666,0.2125,0.03892324712388044,2.079857656545828,2.3838592043139717,0.23216830811618938,0.03958021955782079,1.0,1.0,0.0,0.0,0.22785714285714284,0.42857142857142855,0.2857142857142857,0.05833138966635514,0.0,0.0,0.0,0.0,0.0,0.0,0.0,0.0,0.0,0.0,0.0,0.0,0.0,0.0,0.0,0.0,0.0,0.0,0.0,0.0,stable,runaway
40,500,240,modular,6,0.08,0.004,0.12,20,20.0,0.72,0.22,True,static,1.0,False,False,1.0,default,default,0.37011666666666665,0.7708333333333334,0.3208333333333333,0.09820882088692441,0.40554999999999997,0.5,0.18333333333333335,0.0391466651055858,0.22433333333333333,0.42083333333333334,0.3375,0.12828776247171822,0.6290330554423171,0.8714428712986453,0.4724139994809606,0.16413755373816366,0.6300788601389233,0.8714428712986453,0.4724139994809606,0.16513139224999804,0.3055119481114916,0.7116228381865051,0.698841292217291,0.2808808428304503,0.30418333333333336,0.7541666666666667,0.7166666666666667,0.2809125748737892,2.124118205824293,2.4457018884822266,0.6768019994652883,0.22216834350629228,1.0,1.0,0.0,0.0,0.2758571428571429,0.5714285714285714,0.4285714285714286,0.08451409736287328,0.0,0.0,0.0,0.0,0.0,0.0,0.0,0.0,0.0,0.0,0.0,0.0,0.0,0.0,0.0,0.0,0.0,0.0,0.0,0.0,oscillatory,runaway
41,500,240,modular,6,0.08,0.004,0.12,20,20.0,0.72,0.22,True,static,1.0,False,False,1.0,default,default,0.33370000000000005,0.7875,0.22083333333333333,0.02868902229076481,0.38615,0.4666666666666667,0.12916666666666665,0.024586519567528144,0.28014999999999995,0.45416666666666666,0.21250000000000002,0.02531616194361925,0.6773340304116527,0.8791094808420735,0.2892074417486032,0.03580478379464651,0.6758693736864863,0.8791094808420735,0.2892074417486032,0.03580943410952769,0.22671159966242316,0.6994779487130686,0.5021546864911828,0.09266975515930385,0.22644999999999998,0.7208333333333333,0.5125,0.09655263532855479,2.210402913072184,2.4675731777181458,0.45858696128727017,0.053355536401567226,1.0,1.0,0.0,0.0,0.3211428571428571,0.5357142857142857,0.42857142857142855,0.0747097786130314,0.0,0.0,0.0,0.0,0.0,0.0,0.0,0.0,0.0,0.0,0.0,0.0,0.0,0.0,0.0,0.0,0.0,0.0,0.0,0.0,runaway,runaway
42,500,240,modular,6,0.08,0.004,0.12,20,20.0,0.72,0.22,True,static,1.0,False,False,1.0,default,default,0.3753666666666667,0.7958333333333333,0.10833333333333328,0.020999444437095633,0.38211666666666666,0.4583333333333333,0.12916666666666665,0.021793991271805986,0.24251666666666663,0.3958333333333333,0.09999999999999998,0.01885359529520976,0.6249503666040791,0.8324357355842725,0.1395466064044848,0.02522128152958841,0.626323573032154,0.8324357355842725,0.1493707864393089,0.025814421797034727,0.10492664745496891,0.6589131846362369,0.24457503231707584,0.044934346014514716,0.10455,0.6958333333333333,0.2875,0.050143463626323666,2.161675833293757,2.4507600836804224,0.20304466756017936,0.03767047521132804,1.0,1.0,0.0,0.0,0.38042857142857145,0.6071428571428571,0.4285714285714285,0.06794070043435087,0.0,0.0,0.0,0.0,0.0,0.0,0.0,0.0,0.0,0.0,0.0,0.0,0.0,0.0,0.0,0.0,0.0,0.0,0.0,0.0,stable,stable
43,500,240,modular,6,0.08,0.004,0.12,20,20.0,0.72,0.22,True,static,1.0,False,False,1.0,default,default,0.3555833333333333,0.8208333333333333,0.12916666666666665,0.02456298592960102,0.38905,0.475,0.14583333333333331,0.02284063751785887,0.2553666666666667,0.4083333333333333,0.12916666666666668,0.023317351669709167,0.6719232574098478,0.8694362471587773,0.17343431816013855,0.03228614725807677,0.6719761509926949,0.8694362471587773,0.17343431816013855,0.032377420739159425,0.21881348403865922,0.7089521551609519,0.4133046756367247,0.09071428989781102,0.21581666666666666,0.7208333333333333,0.42083333333333334,0.09236348635208132,2.168330948659003,2.4427695816310386,0.27129879162362247,0.04689025932323307,1.0,1.0,0.0,0.0,0.26628571428571424,0.5,0.39285714285714285,0.07221057642020852,0.0,0.0,0.0,0.0,0.0,0.0,0.0,0.0,0.0,0.0,0.0,0.0,0.0,0.0,0.0,0.0,0.0,0.0,0.0,0.0,stable,runaway
44,500,240,modular,6,0.08,0.004,0.12,20,20.0,0.72,0.22,True,static,1.0,False,False,1.0,default,default,0.37504999999999994,0.8375,0.13333333333333336,0.02437690733278344,0.37698333333333334,0.4583333333333333,0.13333333333333336,0.023046384387433387,0.2479666666666667,0.4666666666666667,0.125,0.022466740850520455,0.6461193562362922,0.8533741616640053,0.1779508823988616,0.031103082894840376,0.6466063538102476,0.8533741616640053,0.16165249723852493,0.03045750430498179,0.15120696901049352,0.6940001108860813,0.34686758227785236,0.07114866517380111,0.15021666666666664,0.6958333333333333,0.39166666666666666,0.07332591060918826,2.156475776152516,2.4252958081798757,0.257234691200408,0.04606313694263891,1.0,1.0,0.0,0.0,0.268,0.4642857142857143,0.39285714285714285,0.06656652342443856,0.0,0.0,0.0,0.0,0.0,0.0,0.0,0.0,0.0,0.0,0.0,0.0,0.0,0.0,0.0,0.0,0.0,0.0,0.0,0.0,runaway,runaway
45,500,240,modular,6,0.08,0.004,0.12,20,20.0,0.72,0.22,True,static,1.0,False,False,1.0,default,default,0.3319,0.8125,0.19999999999999996,0.02563420024541866,0.42041666666666666,0.4875,0.1375,0.024967339777308188,0.24768333333333334,0.4166666666666667,0.19166666666666665,0.0216180801388303,0.6801964295688326,0.8693967021232101,0.2825344529041375,0.031053861159699755,0.6791950307944212,0.8693967021232101,0.2825344529041375,0.03136584757717221,0.23853558674545267,0.708216685616287,0.48459326394660973,0.08910166802193191,0.23843333333333333,0.725,0.5375,0.09381699680169307,2.1921166252840947,2.409741301685916,0.4130203745981398,0.045512838042012324,1.0,1.0,0.0,0.0,0.224,0.5,0.39285714285714285,0.06698705327242309,0.0,0.0,0.0,0.0,0.0,0.0,0.0,0.0,0.0,0.0,0.0,0.0,0.0,0.0,0.0,0.0,0.0,0.0,0.0,0.0,oscillatory,runaway
46,500,240,modular,6,0.08,0.004,0.12,20,20.0,0.72,0.22,True,static,1.0,False,False,1.0,default,default,0.39444999999999997,0.8125,0.11666666666666664,0.02083573986100699,0.4120333333333333,0.4666666666666667,0.12083333333333335,0.0215909960657472,0.19351666666666664,0.39166666666666666,0.09166666666666667,0.018829859561640683,0.5843625335427621,0.838258280778591,0.14856826193905115,0.024626348575988145,0.5842601828610898,0.838258280778591,0.14856826193905115,0.024976277608438326,0.05034594639967584,0.6709188863385929,0.15236746048142844,0.02401885559423741,0.0498,0.6958333333333333,0.175,0.02820734734859775,2.051743878343812,2.4081860875953778,0.20154216475787612,0.03772697151126837,1.0,1.0,0.0,0.0,0.22514285714285712,0.5714285714285714,0.32142857142857145,0.05481397110747797,0.0,0.0,0.0,0.0,0.0,0.0,0.0,0.0,0.0,0.0,0.0,0.0,0.0,0.0,0.0,0.0,0.0,0.0,0.0,0.0,stable,stable
47,500,240,modular,6,0.08,0.004,0.12,20,20.0,0.72,0.22,True,static,1.0,False,False,1.0,default,default,0.34798333333333337,0.8,0.21250000000000002,0.030462221594040783,0.3824166666666666,0.4583333333333333,0.14166666666666666,0.025518103595508643,0.2696,0.42916666666666664,0.25,0.03260676480595877,0.6769851936614255,0.8955740241900649,0.3412486372302862,0.04422705111800509,0.6781341373925752,0.8955740241900649,0.3412486372302862,0.042308905430256935,0.24006038526600396,0.7160072969774481,0.5598041721757964,0.09766506427832379,0.23963333333333336,0.7375,0.5958333333333333,0.10065634052998791,2.1902798137612196,2.468629736061048,0.46172293849637014,0.06255020062755234,1.0,1.0,0.0,0.0,0.37057142857142855,0.6071428571428571,0.4642857142857143,0.07911035949603462,0.0,0.0,0.0,0.0,0.0,0.0,0.0,0.0,0.0,0.0,0.0,0.0,0.0,0.0,0.0,0.0,0.0,0.0,0.0,0.0,oscillatory,runaway
48,500,240,modular,6,0.08,0.004,0.12,20,20.0,0.72,0.22,True,static,1.0,False,False,1.0,default,default,0.36855,0.7791666666666667,0.125,0.021242521559886016,0.3966666666666666,0.48333333333333334,0.10833333333333334,0.02067943154172495,0.23478333333333332,0.425,0.125,0.019427078753350667,0.6360880997069159,0.8647260899872445,0.13510625090419826,0.026492250063407937,0.6350402450137712,0.8647260899872445,0.13510625090419826,0.026213222763062743,0.12125154221918012,0.6898492187179227,0.27351123240117803,0.053464063257036044,0.12031666666666667,0.7375,0.3125,0.05729865472533656,2.147076768772542,2.4926160665944948,0.23275253324268208,0.04042874054157288,1.0,1.0,0.0,0.0,0.18114285714285713,0.5357142857142857,0.35714285714285715,0.06680400818965941,0.0,0.0,0.0,0.0,0.0,0.0,0.0,0.0,0.0,0.0,0.0,0.0,0.0,0.0,0.0,0.0,0.0,0.0,0.0,0.0,stable,runaway
49,500,240,modular,6,0.08,0.004,0.12,20,20.0,0.72,0.22,True,static,1.0,False,False,1.0,default,default,0.35936666666666667,0.8166666666666667,0.12083333333333335,0.02215887080957772,0.3862666666666667,0.4625,0.1375,0.02345518184869935,0.2543666666666667,0.4166666666666667,0.10833333333333334,0.022640646830178877,0.6447816717150129,0.8405037054260739,0.15657054415275584,0.028119528304631602,0.6441278979707394,0.8405037054260739,0.15657054415275584,0.028112603097663728,0.1415303044232935,0.6700889155788687,0.3251474369410581,0.061919716810597124,0.14061666666666667,0.6875,0.375,0.06604350628352663,2.138623858641915,2.3929966943020036,0.23521149996538293,0.04152137932677299,1.0,1.0,0.0,0.0,0.30142857142857143,0.5714285714285714,0.3214285714285714,0.06059231445842428,0.0,0.0,0.0,0.0,0.0,0.0,0.0,0.0,0.0,0.0,0.0,0.0,0.0,0.0,0.0,0.0,0.0,0.0,0.0,0.0,stable,runaway
50,500,240,modular,6,0.08,0.004,0.12,20,20.0,0.72,0.22,True,static,1.0,False,False,1.0,default,default,0.3261,0.7833333333333333,0.1875,0.027126985334410703,0.43796666666666667,0.5083333333333333,0.1333333333333333,0.022935392349428475,0.23593333333333333,0.4125,0.20833333333333331,0.026779262291722842,0.6804012811061767,0.8772702980964159,0.2959593922562168,0.03806068795077813,0.6809197935637735,0.8772702980964159,0.2959593922562168,0.038190455784819645,0.2519627861097805,0.7232806164719664,0.5526279532366133,0.1035899328914394,0.25089999999999996,0.7833333333333333,0.5541666666666667,0.1028491127817834,2.2000073249956578,2.446646645793559,0.3943320997226152,0.052860269395824576,1.0,1.0,0.0,0.0,0.3222857142857143,0.5,0.39285714285714285,0.06783292801028848,0.0,0.0,0.0,0.0,0.0,0.0,0.0,0.0,0.0,0.0,0.0,0.0,0.0,0.0,0.0,0.0,0.0,0.0,0.0,0.0,oscillatory,runaway
1,500,240,modular,6,0.08,0.004,0.12,30,20.0,0.72,0.22,True,static,1.0,False,False,1.0,default,default,0.34520000000000006,0.8333333333333334,0.27916666666666673,0.04472463899612084,0.39603333333333335,0.49166666666666664,0.14583333333333331,0.026590286446996642,0.25876666666666664,0.42916666666666664,0.3125,0.0509474784023268,0.6797958389319906,0.9281811433942703,0.4212700935637292,0.07004402656377494,0.6805716966556229,0.9281811433942703,0.4067032484144712,0.06920512948319253,0.27489471646904345,0.7381601227643366,0.6079475375212496,0.1293262739900665,0.27548333333333336,0.7666666666666667,0.6125,0.1327486231357766,2.184505610283619,2.5197321688832073,0.5919771394547888,0.0965624749986334,1.0,1.0,0.0,0.0,0.31271428571428567,0.5714285714285714,0.5,0.08500048019072046,0.0,0.0,0.0,0.0,0.0,0.0,0.0,0.0,0.0,0.0,0.0,0.0,0.0,0.0,0.0,0.0,0.0,0.0,0.0,0.0,oscillatory,runaway
2,500,240,modular,6,0.08,0.004,0.12,30,20.0,0.72,0.22,True,static,1.0,False,False,1.0,default,default,0.38739999999999997,0.7875,0.42916666666666664,0.11278785888166824,0.3834666666666666,0.48333333333333334,0.15833333333333333,0.029897677353117432,0.22913333333333333,0.42083333333333334,0.3875,0.12872073130100942,0.6161039758328154,0.9048890118433885,0.5805953543494748,0.1826186068876415,0.6101022895924711,0.9048890118433885,0.5774414739030205,0.18320714586840706,0.2815799908129795,0.7161547450798188,0.7158691172986881,0.26556319333565415,0.27976666666666666,0.7625,0.7458333333333333,0.26594757419879245,2.091958650459017,2.5210484504478416,0.8459926242441491,0.24731123113245568,1.0,1.0,0.0,0.0,0.22114285714285714,0.5357142857142857,0.5,0.12906223779436726,0.0,0.0,0.0,0.0,0.0,0.0,0.0,0.0,0.0,0.0,0.0,0.0,0.0,0.0,0.0,0.0,0.0,0.0,0.0,0.0,oscillatory,runaway
3,500,240,modular,6,0.08,0.004,0.12,30,20.0,0.72,0.22,True,static,1.0,False,False,1.0,default,default,0.36885,0.8,0.15000000000000002,0.02291341795154582,0.40126666666666666,0.4625,0.12083333333333335,0.02206508050694077,0.22988333333333333,0.39166666666666666,0.10833333333333334,0.019165949261936155,0.6166648631097102,0.8388261532487412,0.17265029037131085,0.027312562899823072,0.6174715521793988,0.8388261532487412,0.17265029037131085,0.026902854655015004,0.0916561869458436,0.6707337602911062,0.31858546360661955,0.044158619674297205,0.09091666666666666,0.6625,0.2791666666666667,0.046919626904834706,2.135101265079722,2.4344515802379836,0.2553372625347521,0.04062091004645238,1.0,1.0,0.0,0.0,0.2111428571428571,0.4642857142857143,0.35714285714285715,0.0699877540308711,0.0,0.0,0.0,0.0,0.0,0.0,0.0,0.0,0.0,0.0,0.0,0.0,0.0,0.0,0.0,0.0,0.0,0.0,0.0,0.0,stable,stable
4,500,240,modular,6,0.08,0.004,0.12,30,20.0,0.72,0.22,True,static,1.0,False,False,1.0,default,default,0.3699666666666667,0.7791666666666667,0.12083333333333335,0.020305281195896908,0.42606666666666665,0.5,0.15000000000000002,0.02302416604835498,0.20396666666666666,0.4125,0.13749999999999998,0.020915544458607813,0.6123963018148765,0.8473303830214866,0.14037433670863697,0.025814330550278583,0.6130347084402344,0.8473303830214866,0.14037433670863697,0.026322155301306063,0.08537538143601785,0.6858988613386483,0.18933484941761936,0.03878256053060568,0.08564999999999999,0.7416666666666667,0.22916666666666666,0.04306948197712364,2.1244079297835397,2.4394070801023795,0.1967746411881448,0.03769360783477007,1.0,1.0,0.0,0.0,0.22228571428571428,0.5357142857142857,0.2857142857142857,0.05684996365299576,0.0,0.0,0.0,0.0,0.0,0.0,0.0,0.0,0.0,0.0,0.0,0.0,0.0,0.0,0.0,0.0,0.0,0.0,0.0,0.0,stable,runaway
5,500,240,modular,6,0.08,0.004,0.12,30,20.0,0.72,0.22,True,static,1.0,False,False,1.0,default,default,0.39170000000000005,0.7666666666666667,0.2833333333333333,0.0816615576633216,0.3735,0.5083333333333333,0.22916666666666663,0.06699689047510587,0.23479999999999998,0.45,0.3958333333333333,0.14372645314392662,0.6162916563134263,0.8751107477999932,0.48793010076956284,0.17436581698121537,0.612623913620684,0.8751107477999932,0.48793010076956284,0.1756389273652591,0.27886668630808753,0.698881224627537,0.6617993127707495,0.26604617543205666,0.27825,0.7333333333333333,0.7041666666666667,0.266779260084271,2.0788737440309633,2.457974620191933,0.6482560655594845,0.21655276098945292,1.0,1.0,0.0,0.0,0.25757142857142856,0.6071428571428571,0.6071428571428571,0.16830129687739262,0.0,0.0,0.0,0.0,0.0,0.0,0.0,0.0,0.0,0.0,0.0,0.0,0.0,0.0,0.0,0.0,0.0,0.0,0.0,0.0,oscillatory,runaway
6,500,240,modular,6,0.08,0.004,0.12,30,20.0,0.72,0.22,True,static,1.0,False,False,1.0,default,default,0.37705,0.7958333333333333,0.12083333333333329,0.02117467696198562,0.4256666666666667,0.49583333333333335,0.125,0.02096558025802185,0.19728333333333337,0.37083333333333335,0.09999999999999998,0.017545029368899775,0.5852867763160159,0.7963609809900142,0.13796531103113607,0.024843007675237387,0.5845226141656792,0.7963609809900142,0.13796531103113607,0.024687841838853777,0.050494878982891116,0.6015254469079898,0.16882148095363034,0.025554151574040705,0.051583333333333335,0.5916666666666667,0.2125,0.03029587889099403,2.083241044266989,2.3390981582687127,0.21230741526873764,0.037046720924119245,1.0,1.0,0.0,0.0,0.21985714285714283,0.42857142857142855,0.2857142857142857,0.06156612506161194,0.0,0.0,0.0,0.0,0.0,0.0,0.0,0.0,0.0,0.0,0.0,0.0,0.0,0.0,0.0,0.0,0.0,0.0,0.0,0.0,stable,stable
7,500,240,modular,6,0.08,0.004,0.12,30,20.0,0.72,0.22,True,static,1.0,False,False,1.0,default,default,0.3801833333333333,0.8416666666666667,0.15833333333333333,0.024551697157902005,0.3415666666666667,0.4625,0.16250000000000003,0.024272549653191904,0.27825,0.4083333333333333,0.25833333333333336,0.02804126423683497,0.6708500201328956,0.8511772600300987,0.3005477294458153,0.03580598131965153,0.6692898297323568,0.8511772600300987,0.3005477294458153,0.03624106006174225,0.21603979177483987,0.7040771306572305,0.5306967113888039,0.09423267438266861,0.2146,0.6916666666666667,0.5125000000000001,0.09777826956947029,2.159327204606789,2.3938753261378887,0.3650472649824319,0.04989750541600053,1.0,1.0,0.0,0.0,0.25671428571428573,0.5,0.3928571428571429,0.07256819452861465,0.0,0.0,0.0,0.0,0.0,0.0,0.0,0.0,0.0,0.0,0.0,0.0,0.0,0.0,0.0,0.0,0.0,0.0,0.0,0.0,oscillatory,runaway
8,500,240,modular,6,0.08,0.004,0.12,30,20.0,0.72,0.22,True,static,1.0,False,False,1.0,default,default,0.38110000000000005,0.8,0.12083333333333335,0.023579322391545615,0.39176666666666665,0.4666666666666667,0.14583333333333337,0.0247064094248166,0.22713333333333333,0.3875,0.1333333333333333,0.020696993877265254,0.6311426251152659,0.8307612381333346,0.1452413920326039,0.028678067122088834,0.6300658832235505,0.8307612381333346,0.1452413920326039,0.028153471697385024,0.11581904005667586,0.6725275937520561,0.2532844408251578,0.053035340361135656,0.11636666666666667,0.7125,0.2791666666666667,0.05569055375714788,2.0779678079350106,2.3168330920896736,0.206915417887356,0.040892463586227945,1.0,1.0,0.0,0.0,0.3242857142857143,0.5357142857142857,0.2857142857142857,0.06461818787370652,0.0,0.0,0.0,0.0,0.0,0.0,0.0,0.0,0.0,0.0,0.0,0.0,0.0,0.0,0.0,0.0,0.0,0.0,0.0,0.0,stable,oscillatory
9,500,240,modular,6,0.08,0.004,0.12,30,20.0,0.72,0.22,True,static,1.0,False,False,1.0,default,default,0.3408333333333334,0.7583333333333333,0.25416666666666665,0.032330755911017264,0.39663333333333334,0.48333333333333334,0.15416666666666667,0.026093826430360453,0.2625333333333333,0.45416666666666666,0.25416666666666665,0.03365055720192461,0.6809977178041674,0.913783133375614,0.357325747857738,0.04631480138497403,0.6782844293030528,0.913783133375614,0.357325747857738,0.043385587764111,0.24246377307459882,0.7251578557310154,0.551997985405954,0.10349688422529457,0.24234999999999998,0.7583333333333333,0.5916666666666667,0.10374724762078699,2.1977610764047313,2.5095735580147616,0.5060745709260379,0.06545211322314627,1.0,1.0,0.0,0.0,0.22457142857142856,0.5714285714285714,0.39285714285714285,0.06682538928477129,0.0,0.0,0.0,0.0,0.0,0.0,0.0,0.0,0.0,0.0,0.0,0.0,0.0,0.0,0.0,0.0,0.0,0.0,0.0,0.0,runaway,runaway
10,500,240,modular,6,0.08,0.004,0.12,30,20.0,0.72,0.22,True,static,1.0,False,False,1.0,default,default,0.40829999999999994,0.7875,0.33749999999999997,0.10819734541824746,0.3702166666666667,0.4875,0.1958333333333333,0.04641414116408921,0.22148333333333334,0.4125,0.38333333333333336,0.14715093252998585,0.6108856826114756,0.8639320957144941,0.5217400350006646,0.19367058040631766,0.6030289463561738,0.8639320957144941,0.5266234092492594,0.19566591930428173,0.30368412772721465,0.71088592373152,0.7020116629770888,0.28340427849784144,0.30218333333333336,0.7541666666666667,0.7333333333333333,0.2831205519640785,2.0736799306487854,2.4394779057403704,0.7320671337726476,0.25629062727182483,1.0,1.0,0.0,0.0,0.27257142857142863,0.5357142857142857,0.5357142857142857,0.1606133651388467,0.0,0.0,0.0,0.0,0.0,0.0,0.0,0.0,0.0,0.0,0.0,0.0,0.0,0.0,0.0,0.0,0.0,0.0,0.0,0.0,oscillatory,runaway
11,500,240,modular,6,0.08,0.004,0.12,30,20.0,0.72,0.22,True,static,1.0,False,False,1.0,default,default,0.33481666666666665,0.8166666666666667,0.2708333333333333,0.03876506517185,0.4073,0.48333333333333334,0.15000000000000002,0.025011974909808478,0.25788333333333335,0.43333333333333335,0.25416666666666665,0.03599776613439599,0.679940636792468,0.8628407149054255,0.37056660221872,0.05228222890893301,0.6787188667772773,0.8628407149054255,0.39297801721963244,0.053978799861051946,0.2507083286205822,0.6979074937382503,0.5308171631726138,0.10519110108072609,0.24826666666666666,0.7541666666666667,0.575,0.11063727521349515,2.195417117815483,2.435000072083153,0.5631386594322423,0.07855351083254423,1.0,1.0,0.0,0.0,0.3687142857142857,0.6428571428571429,0.5714285714285714,0.08674252305601013,0.0,0.0,0.0,0.0,0.0,0.0,0.0,0.0,0.0,0.0,0.0,0.0,0.0,0.0,0.0,0.0,0.0,0.0,0.0,0.0,oscillatory,runaway
12,500,240,modular,6,0.08,0.004,0.12,30,20.0,0.72,0.22,True,static,1.0,False,False,1.0,default,default,0.372,0.7708333333333334,0.14166666666666666,0.023930454794396757,0.3570666666666666,0.42916666666666664,0.13749999999999996,0.022464317384589177,0.2709333333333334,0.4166666666666667,0.13749999999999998,0.02280937916248002,0.6579350719546267,0.849978471555573,0.2044431011110176,0.031230221950689852,0.658225658164794,0.849978471555573,0.2044431011110176,0.031000856572105006,0.17968122072415033,0.6919444279520023,0.427161363270273,0.081788864487908,0.17953333333333332,0.725,0.4375,0.08405027595962364,2.1283699003398144,2.374959871125442,0.2865201009657743,0.045055228099420926,1.0,1.0,0.0,0.0,0.2511428571428571,0.6071428571428571,0.3571428571428571,0.07033970052102692,0.0,0.0,0.0,0.0,0.0,0.0,0.0,0.0,0.0,0.0,0.0,0.0,0.0,0.0,0.0,0.0,0.0,0.0,0.0,0.0,stable,runaway
13,500,240,modular,6,0.08,0.004,0.12,30,20.0,0.72,0.22,True,static,1.0,False,False,1.0,default,default,0.3412,0.8291666666666667,0.2458333333333333,0.04730432209522602,0.40375,0.49583333333333335,0.15833333333333333,0.027934074174742217,0.25505,0.4166666666666667,0.2833333333333333,0.05385149590411682,0.6814366112347442,0.8732505114898411,0.38282264925686044,0.07510006283951484,0.682414986594176,0.8732505114898411,0.37458195448346693,0.07458643993289808,0.287059482969643,0.7124440097236125,0.5725408410254861,0.1297410470356822,0.2856166666666667,0.7375,0.6041666666666666,0.13188903269204927,2.2199071700238138,2.474804994323377,0.5297348090690417,0.10367248828920875,1.0,1.0,0.0,0.0,0.2531428571428571,0.5714285714285714,0.42857142857142855,0.07759339336488352,0.0,0.0,0.0,0.0,0.0,0.0,0.0,0.0,0.0,0.0,0.0,0.0,0.0,0.0,0.0,0.0,0.0,0.0,0.0,0.0,oscillatory,runaway
14,500,240,modular,6,0.08,0.004,0.12,30,20.0,0.72,0.22,True,static,1.0,False,False,1.0,default,default,0.33620000000000005,0.7708333333333334,0.26249999999999996,0.03280801053943313,0.39176666666666665,0.475,0.14166666666666666,0.02634158098689008,0.2720333333333333,0.44166666666666665,0.28750000000000003,0.03547031622826802,0.6842456645151022,0.878425027549586,0.38473346386673396,0.04667686518165142,0.6844209472527212,0.878425027549586,0.38473346386673396,0.04391506201902741,0.26016063581846505,0.706763833930492,0.5810591546534911,0.10327362669708738,0.25995,0.7458333333333333,0.5791666666666667,0.104495269696235,2.1825456576228635,2.4117118881958364,0.5556066859054214,0.06622311917041662,1.0,1.0,0.0,0.0,0.22671428571428573,0.5357142857142857,0.39285714285714285,0.07237670726899671,0.0,0.0,0.0,0.0,0.0,0.0,0.0,0.0,0.0,0.0,0.0,0.0,0.0,0.0,0.0,0.0,0.0,0.0,0.0,0.0,oscillatory,runaway
15,500,240,modular,6,0.08,0.004,0.12,30,20.0,0.72,0.22,True,static,1.0,False,False,1.0,default,default,0.3569833333333334,0.7791666666666667,0.10833333333333334,0.02175423968895361,0.3971,0.4791666666666667,0.125,0.02376519397026762,0.24591666666666664,0.4666666666666667,0.125,0.02166810892635637,0.6495343874414541,0.9026670462227488,0.13990013983696947,0.027593476729268547,0.6503972538831356,0.9026670462227488,0.13155128633641167,0.02707467506700888,0.15650142710473866,0.7186188193439537,0.31177508529758535,0.06504821425570319,0.15555000000000002,0.75,0.3458333333333333,0.06939992995513596,2.1622020644479516,2.4968662935655486,0.19957517519375667,0.04003276807292131,1.0,1.0,0.0,0.0,0.1741428571428571,0.5357142857142857,0.35714285714285715,0.05989599829909255,0.0,0.0,0.0,0.0,0.0,0.0,0.0,0.0,0.0,0.0,0.0,0.0,0.0,0.0,0.0,0.0,0.0,0.0,0.0,0.0,runaway,runaway
16,500,240,modular,6,0.08,0.004,0.12,30,20.0,0.72,0.22,True,static,1.0,False,False,1.0,default,default,0.4032166666666667,0.7875,0.4,0.13822937961551043,0.3775,0.4708333333333333,0.19166666666666665,0.045769652730942925,0.21928333333333336,0.4583333333333333,0.4291666666666667,0.17723070416832407,0.6096351700942758,0.9138464050568705,0.6013642609555807,0.2394935629140876,0.6096227076281122,0.9138464050568705,0.6013642609555807,0.24064592134796903,0.34602573919396484,0.7332927123344697,0.7291374986511753,0.3438439254840622,0.34806666666666664,0.8041666666666667,0.7625,0.34655288357061914,2.1126198040573505,2.523989660901246,0.853995296014207,0.3248721291061614,1.0,1.0,0.0,0.0,0.229,0.5714285714285714,0.5714285714285714,0.1748259192477372,0.0,0.0,0.0,0.0,0.0,0.0,0.0,0.0,0.0,0.0,0.0,0.0,0.0,0.0,0.0,0.0,0.0,0.0,0.0,0.0,runaway,runaway
17,500,240,modular,6,0.08,0.004,0.12,30,20.0,0.72,0.22,True,static,1.0,False,False,1.0,default,default,0.3785666666666666,0.8166666666666667,0.13749999999999996,0.020951027553691864,0.41401666666666664,0.475,0.11249999999999999,0.021055277775945444,0.2074166666666667,0.44166666666666665,0.0875,0.017346349279699556,0.5943794564184496,0.8521994392255666,0.14226350147886724,0.02382261240090567,0.5944815332286869,0.8521994392255666,0.14226350147886724,0.024186730408620002,0.05915209570981806,0.6732808609763917,0.1472844526494395,0.026550421243466384,0.05878333333333333,0.7166666666666667,0.16666666666666666,0.030623252784626114,2.126560538349663,2.465567422965591,0.22857574211277276,0.0376650852347927,1.0,1.0,0.0,0.0,0.15257142857142855,0.4642857142857143,0.2857142857142857,0.05236761735021726,0.0,0.0,0.0,0.0,0.0,0.0,0.0,0.0,0.0,0.0,0.0,0.0,0.0,0.0,0.0,0.0,0.0,0.0,0.0,0.0,stable,runaway
18,500,240,modular,6,0.08,0.004,0.12,30,20.0,0.72,0.22,True,static,1.0,False,False,1.0,default,default,0.3529666666666667,0.875,0.23333333333333328,0.027359824560841028,0.4049833333333333,0.49166666666666664,0.14583333333333331,0.024090967648108745,0.24205,0.3958333333333333,0.21249999999999997,0.02476680686366779,0.6657543850969692,0.8444156192835489,0.3556740050393456,0.0361362495545971,0.6654519084449221,0.8444156192835489,0.3556740050393456,0.0371130701671742,0.20352917090062897,0.6911343723794511,0.5728577631733343,0.09299061490563651,0.20221666666666663,0.725,0.5708333333333333,0.0968332773952793,2.1592000304593757,2.3945940949323394,0.4704585558920926,0.05046167337229602,1.0,1.0,0.0,0.0,0.26914285714285713,0.5357142857142857,0.3928571428571429,0.068443929084846,0.0,0.0,0.0,0.0,0.0,0.0,0.0,0.0,0.0,0.0,0.0,0.0,0.0,0.0,0.0,0.0,0.0,0.0,0.0,0.0,oscillatory,oscillatory
19,500,240,modular,6,0.08,0.004,0.12,30,20.0,0.72,0.22,True,static,1.0,False,False,1.0,default,default,0.39579999999999993,0.8166666666666667,0.11249999999999999,0.018283994214734492,0.4090333333333333,0.475,0.125,0.020768137989611767,0.19516666666666668,0.3625,0.11249999999999999,0.019049642749639398,0.5824175834435996,0.7663569811646164,0.13757206345784745,0.023646702778931886,0.5820650712986476,0.7663569811646164,0.13757206345784745,0.024022016183343747,0.04822342112996947,0.5268858464315824,0.14428259997279122,0.023517289754516828,0.047766666666666666,0.5666666666666667,0.19583333333333333,0.02778910657873773,2.1022763279306664,2.341829701339712,0.2022678709936394,0.03422616825076211,1.0,1.0,0.0,0.0,0.3237142857142857,0.5,0.35714285714285715,0.0631234617917255,0.0,0.0,0.0,0.0,0.0,0.0,0.0,0.0,0.0,0.0,0.0,0.0,0.0,0.0,0.0,0.0,0.0,0.0,0.0,0.0,stable,stable
20,500,240,modular,6,0.08,0.004,0.12,30,20.0,0.72,0.22,True,static,1.0,False,False,1.0,default,default,0.37046666666666667,0.7833333333333333,0.1375,0.024678578205038923,0.3890666666666666,0.4625,0.17083333333333334,0.025100708268006214,0.24046666666666666,0.4166666666666667,0.125,0.02235332438612009,0.6521652592912738,0.8662499516465604,0.15120478385420766,0.030973194954034382,0.6512592483398691,0.8662499516465604,0.15120478385420766,0.03059378500699114,0.16285659204344213,0.707703430781934,0.392873050299288,0.07703038937893641,0.16369999999999998,0.7458333333333333,0.4333333333333333,0.08000575673731929,2.1197584480605824,2.406358648711978,0.23028146368760183,0.04394571260016651,1.0,1.0,0.0,0.0,0.283,0.5,0.39285714285714285,0.07855701166434893,0.0,0.0,0.0,0.0,0.0,0.0,0.0,0.0,0.0,0.0,0.0,0.0,0.0,0.0,0.0,0.0,0.0,0.0,0.0,0.0,stable,runaway
21,500,240,modular,6,0.08,0.004,0.12,30,20.0,0.72,0.22,True,static,1.0,False,False,1.0,default,default,0.39525,0.7958333333333333,0.10833333333333334,0.020388756433115014,0.4042166666666666,0.475,0.12916666666666665,0.020226090136806527,0.20053333333333337,0.375,0.09583333333333333,0.01761451421728999,0.5844324803488692,0.7871761977656936,0.13935251962304773,0.0240769863308415,0.5831125376755726,0.7871761977656936,0.13935251962304773,0.02416322196233801,0.04962427056440746,0.588600979338129,0.14768936838622854,0.023673685755455455,0.04953333333333333,0.5666666666666667,0.13749999999999998,0.02661826858047349,2.081428120260326,2.3335527018777222,0.20125639485273683,0.03716393952554564,1.0,1.0,0.0,0.0,0.19142857142857142,0.42857142857142855,0.2857142857142857,0.05178448274397674,0.0,0.0,0.0,0.0,0.0,0.0,0.0,0.0,0.0,0.0,0.0,0.0,0.0,0.0,0.0,0.0,0.0,0.0,0.0,0.0,stable,stable
22,500,240,modular,6,0.08,0.004,0.12,30,20.0,0.72,0.22,True,static,1.0,False,False,1.0,default,default,0.3290833333333334,0.7583333333333333,0.25,0.03198838764996517,0.38666666666666677,0.4625,0.13749999999999996,0.025798363427852467,0.28425,0.42916666666666664,0.275,0.03285162350123151,0.6862745074996383,0.895517920355085,0.36159274241075895,0.043720481899633346,0.682728061606409,0.895517920355085,0.3932535628167344,0.049070106936181176,0.25616864073370826,0.7079822443949252,0.59509757750595,0.10225731220119427,0.25638333333333335,0.775,0.6125,0.10564426813078355,2.2374083837440266,2.491258435037714,0.5302213610117656,0.06517071689935246,1.0,1.0,0.0,0.0,0.33585714285714285,0.6071428571428571,0.5357142857142857,0.08512284040833973,0.0,0.0,0.0,0.0,0.0,0.0,0.0,0.0,0.0,0.0,0.0,0.0,0.0,0.0,0.0,0.0,0.0,0.0,0.0,0.0,oscillatory,runaway
23,500,240,modular,6,0.08,0.004,0.12,30,20.0,0.72,0.22,True,static,1.0,False,False,1.0,default,default,0.3939666666666667,0.8333333333333334,0.12083333333333335,0.021476447047353475,0.43925,0.5083333333333333,0.12499999999999994,0.02310738818838877,0.16678333333333334,0.39166666666666666,0.09166666666666666,0.018384028394233944,0.551371197952441,0.7936319179050323,0.13371615110157248,0.024028536259477408,0.5488151398998907,0.7936319179050323,0.13371615110157248,0.02431504490555396,0.025542693137498077,0.5922571028178764,0.07492979099436715,0.012522480645589406,0.0258,0.5916666666666667,0.09166666666666666,0.015948667655951702,2.0598403380064836,2.3876844311677377,0.21879574223105647,0.037913985384502004,1.0,1.0,0.0,0.0,0.17514285714285713,0.5,0.32142857142857145,0.055590338317784274,0.0,0.0,0.0,0.0,0.0,0.0,0.0,0.0,0.0,0.0,0.0,0.0,0.0,0.0,0.0,0.0,0.0,0.0,0.0,0.0,stable,stable
24,500,240,modular,6,0.08,0.004,0.12,30,20.0,0.72,0.22,True,static,1.0,False,False,1.0,default,default,0.391,0.8166666666666667,0.12916666666666665,0.023165467594868202,0.37943333333333334,0.4791666666666667,0.1375,0.024285592436669116,0.22956666666666667,0.4125,0.12083333333333335,0.020962426704304378,0.625779433316019,0.8812806170033208,0.1528868066342055,0.02904182326982691,0.6252056914549201,0.8812806170033208,0.16079135706811054,0.029950356892149498,0.11009661586492506,0.7294205229270722,0.28019080858499024,0.055668928229126835,0.11143333333333334,0.7666666666666667,0.32499999999999996,0.06117235214266872,2.1100389935431414,2.4392645164808764,0.21497980453230925,0.04207642866642268,1.0,1.0,0.0,0.0,0.20171428571428573,0.5,0.4285714285714286,0.0630445258916106,0.0,0.0,0.0,0.0,0.0,0.0,0.0,0.0,0.0,0.0,0.0,0.0,0.0,0.0,0.0,0.0,0.0,0.0,0.0,0.0,stable,runaway
25,500,240,modular,6,0.08,0.004,0.12,30,20.0,0.72,0.22,True,static,1.0,False,False,1.0,default,default,0.34996666666666665,0.775,0.1333333333333333,0.021984817993838886,0.44288333333333335,0.5166666666666667,0.12083333333333335,0.023174584977705408,0.20715,0.39166666666666666,0.10833333333333334,0.019312553487879903,0.629533797911433,0.8459337850823699,0.17331120605956618,0.026328747175017073,0.6301269343536696,0.8459337850823699,0.17331120605956618,0.02553290607741013,0.11440492527282611,0.6912729152795047,0.3654267977181326,0.051041859973397725,0.11284999999999999,0.6958333333333333,0.3625,0.05328203001221164,2.14859780771275,2.396126416669325,0.24489492911719468,0.039026040027556684,1.0,1.0,0.0,0.0,0.29714285714285715,0.5,0.35714285714285715,0.06461818787370652,0.0,0.0,0.0,0.0,0.0,0.0,0.0,0.0,0.0,0.0,0.0,0.0,0.0,0.0,0.0,0.0,0.0,0.0,0.0,0.0,stable,stable
26,500,240,modular,6,0.08,0.004,0.12,30,20.0,0.72,0.22,True,static,1.0,False,False,1.0,default,default,0.36660000000000004,0.8375,0.3083333333333333,0.08251428159213815,0.38111666666666666,0.4666666666666667,0.16666666666666669,0.031974647074761525,0.25228333333333336,0.42916666666666664,0.38749999999999996,0.09809714714392961,0.6597423188287073,0.8786722650876287,0.5362269287337578,0.13404765810077926,0.6624767482245415,0.8786722650876287,0.5362269287337578,0.13377207176862005,0.31538829357212,0.714593654954759,0.7142025963553921,0.19035089162547747,0.31734999999999997,0.7375,0.7375,0.19319216757185348,2.136876579809209,2.4101408643402986,0.6984877317856364,0.181640805327166,1.0,1.0,0.0,0.0,0.27671428571428575,0.6071428571428571,0.4642857142857143,0.09681467674197472,0.0,0.0,0.0,0.0,0.0,0.0,0.0,0.0,0.0,0.0,0.0,0.0,0.0,0.0,0.0,0.0,0.0,0.0,0.0,0.0,oscillatory,runaway
27,500,240,modular,6,0.08,0.004,0.12,30,20.0,0.72,0.22,True,static,1.0,False,False,1.0,default,default,0.3841833333333333,0.7833333333333333,0.12916666666666665,0.02280137057284057,0.37411666666666665,0.475,0.13333333333333336,0.023801499719322078,0.2417,0.4,0.12499999999999997,0.021255692048118415,0.6323502154202109,0.8790308149725313,0.16125717940708628,0.028057890801056286,0.631710674638952,0.8790308149725313,0.16125717940708628,0.02809619672661536,0.11839457915073322,0.7131352994573479,0.2950380961049235,0.05400505352589143,0.11944999999999999,0.7375,0.30416666666666664,0.059534912726343474,2.128876120477035,2.473137368905923,0.24135613685939017,0.04095885758628498,1.0,1.0,0.0,0.0,0.39171428571428574,0.6071428571428571,0.3928571428571428,0.07127640935549605,0.0,0.0,0.0,0.0,0.0,0.0,0.0,0.0,0.0,0.0,0.0,0.0,0.0,0.0,0.0,0.0,0.0,0.0,0.0,0.0,stable,oscillatory
28,500,240,modular,6,0.08,0.004,0.12,30,20.0,0.72,0.22,True,static,1.0,False,False,1.0,default,default,0.3820666666666667,0.825,0.1375,0.022017821064865717,0.39565,0.4666666666666667,0.1375,0.02314284746717415,0.22228333333333333,0.38333333333333336,0.1166666666666667,0.018530612809918377,0.6063941700316662,0.8238111596140343,0.13915202766431878,0.02538915564620924,0.6061417171508604,0.8238111596140343,0.12938713456451456,0.02534555700523147,0.07472849200013465,0.6523055111845046,0.16111312763468025,0.03374848263951496,0.07566666666666666,0.6833333333333333,0.19999999999999998,0.037831497752827896,2.112041017394008,2.414978012090565,0.2072447013801204,0.03891273505693838,1.0,1.0,0.0,0.0,0.3394285714285714,0.5714285714285714,0.3928571428571428,0.06493701815244224,0.0,0.0,0.0,0.0,0.0,0.0,0.0,0.0,0.0,0.0,0.0,0.0,0.0,0.0,0.0,0.0,0.0,0.0,0.0,0.0,stable,stable
29,500,240,modular,6,0.08,0.004,0.12,30,20.0,0.72,0.22,True,static,1.0,False,False,1.0,default,default,0.3765,0.7958333333333333,0.18749999999999994,0.02774837332569645,0.3513333333333334,0.4791666666666667,0.16250000000000003,0.02521353252168808,0.27216666666666667,0.4,0.2708333333333333,0.028279851484758544,0.6789211599910879,0.8656031822913873,0.34534792795196034,0.039372647348528196,0.6808256347013854,0.8656031822913873,0.34534792795196034,0.03954046560563988,0.25180935975820073,0.7138454260149548,0.5215886562399281,0.10330153030547234,0.2528333333333333,0.7333333333333333,0.5541666666666667,0.10787737379903987,2.142944430036262,2.4034632599576065,0.4229627562703506,0.053582848633006046,1.0,1.0,0.0,0.0,0.3277142857142858,0.5357142857142857,0.35714285714285715,0.06724369327836095,0.0,0.0,0.0,0.0,0.0,0.0,0.0,0.0,0.0,0.0,0.0,0.0,0.0,0.0,0.0,0.0,0.0,0.0,0.0,0.0,oscillatory,oscillatory
30,500,240,modular,6,0.08,0.004,0.12,30,20.0,0.72,0.22,True,static,1.0,False,False,1.0,default,default,0.3715833333333334,0.8208333333333333,0.125,0.021687329890463184,0.4339166666666666,0.5,0.12083333333333335,0.022456903170294876,0.1945,0.4,0.1166666666666667,0.019920676026012104,0.6073803831720813,0.8685586595647682,0.1577481389199723,0.026490613029662484,0.6046307211229958,0.8685586595647682,0.1577481389199723,0.02606078744114336,0.07406172359320573,0.7057269849981977,0.25872861327971985,0.03705539510607771,0.07331666666666667,0.7458333333333333,0.3416666666666666,0.04223133710094121,2.0991583414423376,2.462933167298557,0.21168042732675252,0.039117966878316195,1.0,1.0,0.0,0.0,0.20514285714285713,0.5,0.35714285714285715,0.06282531661809007,0.0,0.0,0.0,0.0,0.0,0.0,0.0,0.0,0.0,0.0,0.0,0.0,0.0,0.0,0.0,0.0,0.0,0.0,0.0,0.0,stable,stable
31,500,240,modular,6,0.08,0.004,0.12,30,20.0,0.72,0.22,True,static,1.0,False,False,1.0,default,default,0.3774166666666666,0.7791666666666667,0.32916666666666666,0.10507764985952056,0.406,0.4875,0.17083333333333334,0.02797270495004411,0.21658333333333332,0.42916666666666664,0.375,0.11679900232640879,0.6255875590251642,0.8950532301531141,0.4995972092541447,0.16446029094604042,0.6273260296954527,0.8950532301531141,0.5055320249603261,0.1639188292290661,0.2929682754666861,0.7317610322357798,0.7042579716668433,0.247456373853276,0.294,0.7583333333333333,0.7,0.247273409182809,2.09328897588147,2.431997128446395,0.674141382527216,0.2232247993002043,1.0,1.0,0.0,0.0,0.26242857142857146,0.5357142857142857,0.5,0.12426773268936352,0.0,0.0,0.0,0.0,0.0,0.0,0.0,0.0,0.0,0.0,0.0,0.0,0.0,0.0,0.0,0.0,0.0,0.0,0.0,0.0,oscillatory,runaway
32,500,240,modular,6,0.08,0.004,0.12,30,20.0,0.72,0.22,True,static,1.0,False,False,1.0,default,default,0.3898666666666667,0.8125,0.10833333333333334,0.020223308884112466,0.4056666666666667,0.4666666666666667,0.10416666666666669,0.020712315177207976,0.20446666666666666,0.4041666666666667,0.09166666666666665,0.018113653536612772,0.5883020112373148,0.8169770604155737,0.1327462515314496,0.024735331872837652,0.5867285688357797,0.8169770604155737,0.13400629702792288,0.02572462984534457,0.05298247538584185,0.6422346396768543,0.15172519157789485,0.025539607579110807,0.05391666666666667,0.6916666666666667,0.17916666666666664,0.028894083400508756,2.1034523163870458,2.41536518048362,0.19828331945559663,0.03686044282823855,1.0,1.0,0.0,0.0,0.297,0.5357142857142857,0.3214285714285714,0.06111364455684514,0.0,0.0,0.0,0.0,0.0,0.0,0.0,0.0,0.0,0.0,0.0,0.0,0.0,0.0,0.0,0.0,0.0,0.0,0.0,0.0,stable,runaway
33,500,240,modular,6,0.08,0.004,0.12,30,20.0,0.72,0.22,True,static,1.0,False,False,1.0,default,default,0.34285,0.8333333333333334,0.28333333333333327,0.06289256492004616,0.40746666666666664,0.49166666666666664,0.125,0.025120797050341464,0.24968333333333334,0.44583333333333336,0.32916666666666666,0.0722897122694509,0.6737678120016131,0.9466862291942775,0.4162170628136493,0.10015200305035805,0.6683159051829988,0.9466862291942775,0.43252528557694164,0.1062959738612083,0.2853464329981756,0.733545288901596,0.5963727396239621,0.16168242003137923,0.2863833333333333,0.75,0.6333333333333333,0.16643505657028976,2.1859457845208037,2.5628801107844623,0.60311916651363,0.13918859665002423,1.0,1.0,0.0,0.0,0.29642857142857143,0.5357142857142857,0.5357142857142857,0.11144917391953581,0.0,0.0,0.0,0.0,0.0,0.0,0.0,0.0,0.0,0.0,0.0,0.0,0.0,0.0,0.0,0.0,0.0,0.0,0.0,0.0,oscillatory,runaway
34,500,240,modular,6,0.08,0.004,0.12,30,20.0,0.72,0.22,True,static,1.0,False,False,1.0,default,default,0.37221666666666664,0.8416666666666667,0.1375,0.025316666666666664,0.36743333333333333,0.4625,0.125,0.02424346418224004,0.26034999999999997,0.43333333333333335,0.14166666666666666,0.02327139994833907,0.6591569696873054,0.8709105781089945,0.17797987992661757,0.03125022781196604,0.6575922650132112,0.8709105781089945,0.17797987992661757,0.03187345889312508,0.17829863826441042,0.706548457478767,0.4369100555575329,0.08246592772817724,0.1794166666666667,0.7333333333333333,0.47916666666666663,0.08546933335673354,2.148006774024283,2.4404559078304464,0.2647122960113375,0.04677388222413268,1.0,1.0,0.0,0.0,0.3352857142857143,0.6785714285714286,0.3214285714285714,0.07337922188250318,0.0,0.0,0.0,0.0,0.0,0.0,0.0,0.0,0.0,0.0,0.0,0.0,0.0,0.0,0.0,0.0,0.0,0.0,0.0,0.0,stable,runaway
35,500,240,modular,6,0.08,0.004,0.12,30,20.0,0.72,0.22,True,static,1.0,False,False,1.0,default,default,0.3382833333333334,0.8125,0.1833333333333333,0.025828176904733758,0.39871666666666666,0.4791666666666667,0.15833333333333333,0.025453230530611326,0.263,0.4583333333333333,0.22916666666666666,0.02415286962476946,0.6600163859198506,0.908905390386243,0.277360549570476,0.03165690184970882,0.6596879772932931,0.908905390386243,0.277360549570476,0.03150214403778354,0.17703888606025708,0.7008936242307077,0.45990728623703553,0.07674323192805134,0.17721666666666666,0.75,0.4583333333333333,0.0781319414694002,2.204823955807714,2.5502070376221115,0.4087952235292449,0.04853835255048826,1.0,1.0,0.0,0.0,0.3444285714285714,0.5357142857142857,0.39285714285714285,0.07550226378549649,0.0,0.0,0.0,0.0,0.0,0.0,0.0,0.0,0.0,0.0,0.0,0.0,0.0,0.0,0.0,0.0,0.0,0.0,0.0,0.0,runaway,runaway
36,500,240,modular,6,0.08,0.004,0.12,30,20.0,0.72,0.22,True,static,1.0,False,False,1.0,default,default,0.37356666666666666,0.75,0.13333333333333336,0.02294379606293993,0.38930000000000003,0.45416666666666666,0.13333333333333336,0.022153730561189414,0.23713333333333333,0.4375,0.12083333333333332,0.02027255945031773,0.6190416666176075,0.8495751457087375,0.15721161940041462,0.02751120430269566,0.6189218299170068,0.8495751457087375,0.15721161940041462,0.0271959953564492,0.09321493296364777,0.67500746982423,0.27299282867792163,0.04547791980664961,0.09123333333333332,0.6916666666666667,0.29166666666666663,0.046032367839259465,2.105581592547392,2.4094232024519893,0.2259967968607779,0.04138222876040892,1.0,1.0,0.0,0.0,0.2542857142857143,0.5357142857142857,0.3928571428571429,0.06625553500174416,0.0,0.0,0.0,0.0,0.0,0.0,0.0,0.0,0.0,0.0,0.0,0.0,0.0,0.0,0.0,0.0,0.0,0.0,0.0,0.0,stable,runaway
37,500,240,modular,6,0.08,0.004,0.12,30,20.0,0.72,0.22,True,static,1.0,False,False,1.0,default,default,0.4100333333333333,0.7833333333333333,0.10416666666666663,0.018897354312178198,0.39306666666666673,0.44583333333333336,0.1166666666666667,0.021055112865472313,0.19690000000000002,0.35,0.09166666666666667,0.017154558836906558,0.566598249047273,0.7772566624353453,0.11418962961443235,0.02241466539079914,0.5655749773171315,0.7772566624353453,0.11418962961443235,0.02227139226420185,0.035096653018901455,0.5616895988012414,0.08566717013762734,0.014901879116465762,0.03501666666666667,0.5375,0.09166666666666666,0.018047383620778817,2.0350626384680472,2.293745407127125,0.17507247775213908,0.03275891435960613,1.0,1.0,0.0,0.0,0.2501428571428571,0.39285714285714285,0.3214285714285714,0.0581604045125309,0.0,0.0,0.0,0.0,0.0,0.0,0.0,0.0,0.0,0.0,0.0,0.0,0.0,0.0,0.0,0.0,0.0,0.0,0.0,0.0,stable,stable
38,500,240,modular,6,0.08,0.004,0.12,30,20.0,0.72,0.22,True,static,1.0,False,False,1.0,default,default,0.36660000000000004,0.8208333333333333,0.10416666666666669,0.021160655314364285,0.43511666666666665,0.5,0.125,0.022835772375814224,0.19828333333333334,0.4,0.12083333333333332,0.019650706800972268,0.6167330923425597,0.8150506589929237,0.1290355918022109,0.025998118611081294,0.6171055478853927,0.8150506589929237,0.1290355918022109,0.02521417438940951,0.09101047481268114,0.6437043456936925,0.21144230011223622,0.04072167924438172,0.09174999999999998,0.6666666666666666,0.2333333333333333,0.04499452127142197,2.110398394314589,2.3400022858851472,0.20202859123370187,0.03804507906805881,1.0,1.0,0.0,0.0,0.3514285714285714,0.5357142857142857,0.39285714285714285,0.06894244864007802,0.0,0.0,0.0,0.0,0.0,0.0,0.0,0.0,0.0,0.0,0.0,0.0,0.0,0.0,0.0,0.0,0.0,0.0,0.0,0.0,stable,oscillatory
39,500,240,modular,6,0.08,0.004,0.12,30,20.0,0.72,0.22,True,static,1.0,False,False,1.0,default,default,0.3273833333333333,0.7916666666666666,0.175,0.024454044200863338,0.4171666666666667,0.49166666666666664,0.14583333333333331,0.02631064423384574,0.25545,0.43333333333333335,0.21666666666666667,0.023569171248334835,0.6700725698283091,0.8799643042874116,0.2743056177961333,0.030401951049282776,0.6715226004338696,0.8799643042874116,0.1511391156053159,0.02738281864098803,0.21037817255471394,0.7043505619398822,0.4151525088917954,0.0802424725025563,0.2085,0.7125,0.42083333333333334,0.08168435182660956,2.1764337749499316,2.4300946961946823,0.3849713700625643,0.04452991554490292,1.0,1.0,0.0,0.0,0.2661428571428572,0.5,0.39285714285714285,0.06085798121488274,0.0,0.0,0.0,0.0,0.0,0.0,0.0,0.0,0.0,0.0,0.0,0.0,0.0,0.0,0.0,0.0,0.0,0.0,0.0,0.0,oscillatory,runaway
40,500,240,modular,6,0.08,0.004,0.12,30,20.0,0.72,0.22,True,static,1.0,False,False,1.0,default,default,0.3584833333333334,0.7708333333333334,0.2791666666666666,0.055813849834367574,0.37948333333333334,0.5041666666666667,0.21249999999999997,0.03517373151783713,0.2620333333333333,0.4041666666666667,0.325,0.07835144471475232,0.6680260685105309,0.8714428712986453,0.4080730950139989,0.10066088870844926,0.6630814405395207,0.8714428712986453,0.4080730950139989,0.10581747341606103,0.27854902937394943,0.7116228381865051,0.6339965587898143,0.1796742858538003,0.2779666666666667,0.7416666666666667,0.6375,0.182457236999066,2.170615681913553,2.437162934097458,0.5601424825621919,0.13385918358558666,1.0,1.0,0.0,0.0,0.28885714285714287,0.5714285714285714,0.5,0.09136336960796952,0.0,0.0,0.0,0.0,0.0,0.0,0.0,0.0,0.0,0.0,0.0,0.0,0.0,0.0,0.0,0.0,0.0,0.0,0.0,0.0,oscillatory,runaway
41,500,240,modular,6,0.08,0.004,0.12,30,20.0,0.72,0.22,True,static,1.0,False,False,1.0,default,default,0.3714166666666667,0.7875,0.12916666666666665,0.024077565629993965,0.3487,0.48333333333333334,0.14583333333333331,0.024200642783015314,0.2798833333333333,0.4583333333333333,0.1416666666666667,0.022483951066384116,0.6601903062004892,0.8993679086669489,0.17194734072300444,0.029514496869804323,0.6591958770664896,0.8993679086669489,0.1736253708212523,0.029277686652361693,0.17740539576739267,0.7088867314983421,0.42337828673621064,0.0744189224999189,0.17931666666666665,0.75,0.4458333333333333,0.07752449254554618,2.1617641563775125,2.4933675467676286,0.2643779033546303,0.04500192695202674,1.0,1.0,0.0,0.0,0.27557142857142863,0.5,0.35714285714285715,0.06972379911669549,0.0,0.0,0.0,0.0,0.0,0.0,0.0,0.0,0.0,0.0,0.0,0.0,0.0,0.0,0.0,0.0,0.0,0.0,0.0,0.0,runaway,runaway
42,500,240,modular,6,0.08,0.004,0.12,30,20.0,0.72,0.22,True,static,1.0,False,False,1.0,default,default,0.36251666666666665,0.7958333333333333,0.11250000000000004,0.020660946789104854,0.41425,0.4875,0.125,0.023494828036068796,0.2232333333333333,0.43333333333333335,0.10833333333333334,0.02042101314278451,0.6202650822799985,0.8576619784932356,0.12579895670744756,0.026092099635622718,0.619601673334854,0.8576619784932356,0.1429494902163171,0.027087203325833753,0.09449649863175213,0.6848143224208597,0.22127324731866618,0.043399076368492544,0.09325,0.7125,0.25,0.046119485517993844,2.16071747578471,2.483964181343566,0.20569061714391346,0.03791144992114392,1.0,1.0,0.0,0.0,0.23057142857142857,0.5,0.3571428571428571,0.06608652337223204,0.0,0.0,0.0,0.0,0.0,0.0,0.0,0.0,0.0,0.0,0.0,0.0,0.0,0.0,0.0,0.0,0.0,0.0,0.0,0.0,stable,runaway
43,500,240,modular,6,0.08,0.004,0.12,30,20.0,0.72,0.22,True,static,1.0,False,False,1.0,default,default,0.35794999999999993,0.8208333333333333,0.1333333333333333,0.02411615986567237,0.38733333333333336,0.5208333333333334,0.15416666666666667,0.025171081290507435,0.25471666666666665,0.4125,0.125,0.024055266228693736,0.6593341055035102,0.8694362471587773,0.1618750120723076,0.03142819384768072,0.6603165824243994,0.8694362471587773,0.16374017248190098,0.03203969410725801,0.1862334507201124,0.7089521551609519,0.4143199323910767,0.0879807109024736,0.18481666666666666,0.75,0.45416666666666666,0.08958054879393305,2.1702104135249183,2.4509254898916017,0.23346503926879025,0.045574508828540285,1.0,1.0,0.0,0.0,0.27742857142857147,0.5357142857142857,0.39285714285714285,0.06941975252632587,0.0,0.0,0.0,0.0,0.0,0.0,0.0,0.0,0.0,0.0,0.0,0.0,0.0,0.0,0.0,0.0,0.0,0.0,0.0,0.0,stable,runaway
44,500,240,modular,6,0.08,0.004,0.12,30,20.0,0.72,0.22,True,static,1.0,False,False,1.0,default,default,0.3779333333333333,0.8375,0.13333333333333336,0.022170576096358988,0.36525,0.45416666666666666,0.1375,0.023496601409092717,0.2568166666666666,0.4666666666666667,0.1166666666666667,0.021437693957658373,0.6455709995579111,0.8533741616640053,0.14820863063147205,0.028596785897314306,0.6450654920725255,0.8533741616640053,0.14820863063147205,0.028834739580490494,0.146621865599522,0.6940001108860813,0.33682677621325974,0.06830453187528979,0.14863333333333334,0.7041666666666667,0.37916666666666665,0.07167689074357694,2.1553286411706525,2.4252958081798757,0.23593084403393183,0.04158174142674138,1.0,1.0,0.0,0.0,0.27585714285714286,0.5,0.39285714285714285,0.06428396823025606,0.0,0.0,0.0,0.0,0.0,0.0,0.0,0.0,0.0,0.0,0.0,0.0,0.0,0.0,0.0,0.0,0.0,0.0,0.0,0.0,runaway,runaway
45,500,240,modular,6,0.08,0.004,0.12,30,20.0,0.72,0.22,True,static,1.0,False,False,1.0,default,default,0.3427,0.8125,0.20416666666666666,0.026864660801878736,0.3878,0.49166666666666664,0.175,0.024164804525958365,0.2695,0.4375,0.225,0.027581193270455544,0.6776806596104218,0.8988370855104807,0.3078027121277536,0.03611731717137221,0.676605133346782,0.8988370855104807,0.32219481230965674,0.03913054078306819,0.23587072285143018,0.7236662048137311,0.5287711451059758,0.09816122570049603,0.2388,0.725,0.5125000000000001,0.10143404534748457,2.1973598095848064,2.4589665770726916,0.44830861856548787,0.0532795979792558,1.0,1.0,0.0,0.0,0.2061428571428571,0.5,0.3571428571428571,0.06202385979341716,0.0,0.0,0.0,0.0,0.0,0.0,0.0,0.0,0.0,0.0,0.0,0.0,0.0,0.0,0.0,0.0,0.0,0.0,0.0,0.0,oscillatory,runaway
46,500,240,modular,6,0.08,0.004,0.12,30,20.0,0.72,0.22,True,static,1.0,False,False,1.0,default,default,0.3770666666666666,0.8125,0.13333333333333336,0.02032119856482661,0.42961666666666665,0.48333333333333334,0.1166666666666667,0.020258886938822676,0.19331666666666666,0.4041666666666667,0.10416666666666666,0.016984052977883565,0.5970324766481001,0.838258280778591,0.13885972393543433,0.02338885537381455,0.596607483709043,0.838258280778591,0.13885972393543433,0.02396175755666574,0.06244579988569033,0.6709188863385929,0.15202654658901155,0.027388428196906605,0.06328333333333333,0.6958333333333333,0.175,0.0324424319200779,2.0787212205099674,2.4081860875953778,0.22947798525763097,0.03516056645785298,1.0,1.0,0.0,0.0,0.25457142857142856,0.5714285714285714,0.3214285714285714,0.05587449492991834,0.0,0.0,0.0,0.0,0.0,0.0,0.0,0.0,0.0,0.0,0.0,0.0,0.0,0.0,0.0,0.0,0.0,0.0,0.0,0.0,stable,runaway
47,500,240,modular,6,0.08,0.004,0.12,30,20.0,0.72,0.22,True,static,1.0,False,False,1.0,default,default,0.3502166666666667,0.8,0.1875,0.0268616879175114,0.3818,0.4583333333333333,0.14166666666666666,0.024913940765050487,0.26798333333333335,0.42916666666666664,0.24166666666666664,0.02717233580929938,0.6722599380256473,0.8970851375724104,0.29763681958089155,0.035942999334942126,0.6732722803294929,0.8970851375724104,0.3141084606652574,0.03582280698710807,0.22135772233239584,0.7166257142028177,0.5760802244498691,0.09366486501513775,0.2206,0.7458333333333333,0.6125,0.09861302595949932,2.1913695705541,2.468629736061048,0.4104317309510004,0.051990362491712294,1.0,1.0,0.0,0.0,0.32742857142857146,0.5,0.35714285714285715,0.07160492515269078,0.0,0.0,0.0,0.0,0.0,0.0,0.0,0.0,0.0,0.0,0.0,0.0,0.0,0.0,0.0,0.0,0.0,0.0,0.0,0.0,oscillatory,runaway
48,500,240,modular,6,0.08,0.004,0.12,30,20.0,0.72,0.22,True,static,1.0,False,False,1.0,default,default,0.36058333333333337,0.7791666666666667,0.14999999999999997,0.025221380920868616,0.3823166666666667,0.45416666666666666,0.12916666666666665,0.022967543524625256,0.25709999999999994,0.43333333333333335,0.12499999999999997,0.022764031082194363,0.6552053105914605,0.86967578982823,0.18827154783966726,0.030501088325327847,0.6554669332476974,0.86967578982823,0.17754733195999117,0.030033178456849816,0.16856065472149284,0.6932747982130344,0.41124168331777966,0.07640894857338974,0.1675,0.7166666666666667,0.44166666666666665,0.08103068691688489,2.186613683025874,2.4965467488249584,0.2878820826087054,0.04800444897127181,1.0,1.0,0.0,0.0,0.316,0.6071428571428571,0.49999999999999994,0.07660606892354135,0.0,0.0,0.0,0.0,0.0,0.0,0.0,0.0,0.0,0.0,0.0,0.0,0.0,0.0,0.0,0.0,0.0,0.0,0.0,0.0,stable,runaway
49,500,240,modular,6,0.08,0.004,0.12,30,20.0,0.72,0.22,True,static,1.0,False,False,1.0,default,default,0.35063333333333335,0.8166666666666667,0.13333333333333336,0.024045997587956298,0.3967333333333333,0.4583333333333333,0.10416666666666669,0.02285269252310448,0.2526333333333333,0.43333333333333335,0.11666666666666664,0.0204500475413737,0.6502914199579761,0.8658391624817818,0.13603001416253557,0.028350416854931462,0.6494904506647734,0.8658391624817818,0.14177313313770212,0.028438655320538596,0.15385859965340729,0.692783912575141,0.32608338858395775,0.06713028692373002,0.15230000000000002,0.7083333333333334,0.36250000000000004,0.07158707983987055,2.1460092386720477,2.4292047889346553,0.22002069605133157,0.043023456114604945,1.0,1.0,0.0,0.0,0.2844285714285714,0.6071428571428571,0.35714285714285715,0.06391464333510015,0.0,0.0,0.0,0.0,0.0,0.0,0.0,0.0,0.0,0.0,0.0,0.0,0.0,0.0,0.0,0.0,0.0,0.0,0.0,0.0,stable,runaway
50,500,240,modular,6,0.08,0.004,0.12,30,20.0,0.72,0.22,True,static,1.0,False,False,1.0,default,default,0.35468333333333335,0.7833333333333333,0.16249999999999998,0.02468011457743978,0.37321666666666664,0.48333333333333334,0.1875,0.025904745382522743,0.2721,0.4125,0.27083333333333337,0.02776250469007915,0.6789357588446733,0.8772702980964159,0.29110816062368255,0.03502816536605868,0.6804487421926207,0.8772702980964159,0.2724491039349113,0.03204561626860608,0.24647814634777812,0.7232806164719664,0.5183372009962175,0.09274292678991682,0.24789999999999998,0.7333333333333333,0.5375,0.09582626640610253,2.188561411832542,2.446646645793559,0.38925363136043334,0.049034713343143896,1.0,1.0,0.0,0.0,0.295,0.5714285714285714,0.35714285714285715,0.06405115939940638,0.0,0.0,0.0,0.0,0.0,0.0,0.0,0.0,0.0,0.0,0.0,0.0,0.0,0.0,0.0,0.0,0.0,0.0,0.0,0.0,oscillatory,runaway
