seed,steps,n,topology,num_communities,p_in,p_out,bridge_fraction,delay_steps,k,alarm_threshold,influence_weight,learning,regulator,regulator_force,enable_content,enable_noise,bridge_multiplier,name,condition,L_mean_tail,L_max,L_amp_tail,L_std_tail,M_mean_tail,M_max,M_amp_tail,M_std_tail,R_mean_tail,R_max,R_amp_tail,R_std_tail,alarm_true_mean_tail,alarm_true_max,alarm_true_amp_tail,alarm_true_std_tail,alarm_delayed_mean_tail,alarm_delayed_max,alarm_delayed_amp_tail,alarm_delayed_std_tail,avg_repression_mean_tail,avg_repression_max,avg_repression_amp_tail,avg_repression_std_tail,punished_fraction_mean_tail,punished_fraction_max,punished_fraction_amp_tail,punished_fraction_std_tail,usefulness_mean_tail,usefulness_max,usefulness_amp_tail,usefulness_std_tail,regulator_force_mean_tail,regulator_force_max,regulator_force_amp_tail,regulator_force_std_tail,bridge_radical_fraction_mean_tail,bridge_radical_fraction_max,bridge_radical_fraction_amp_tail,bridge_radical_fraction_std_tail,dangerous_radical_bridge_fraction_mean_tail,dangerous_radical_bridge_fraction_max,dangerous_radical_bridge_fraction_amp_tail,dangerous_radical_bridge_fraction_std_tail,false_positive_rate_mean_tail,false_positive_rate_max,false_positive_rate_amp_tail,false_positive_rate_std_tail,false_negative_rate_mean_tail,false_negative_rate_max,false_negative_rate_amp_tail,false_negative_rate_std_tail,false_positive_bridge_rate_mean_tail,false_positive_bridge_rate_max,false_positive_bridge_rate_amp_tail,false_positive_bridge_rate_std_tail,false_negative_bridge_rate_mean_tail,false_negative_bridge_rate_max,false_negative_bridge_rate_amp_tail,false_negative_bridge_rate_std_tail,regime_fixed,regime
1,500,240,modular,6,0.08,0.004,0.12,0,10.0,0.72,0.22,True,static,1.0,False,False,1.0,default,default,0.3794166666666666,0.8333333333333334,0.1166666666666667,0.025027901097242122,0.3981,0.475,0.14166666666666666,0.025127475002474878,0.22248333333333334,0.3875,0.10833333333333336,0.02063202069061045,0.6170835818240927,0.8350143278851493,0.13934928260819257,0.029413832916597,0.6169641700807198,0.8350143278851493,0.13934928260819257,0.029526096782648076,0.20011837758277093,0.5693788775553811,0.19208623253779644,0.0421569125396321,0.20001666666666668,0.5416666666666666,0.275,0.051804249611183226,2.114062832555474,2.370716128961089,0.22057019520158305,0.044645308914243946,1.0,1.0,0.0,0.0,0.278,0.4642857142857143,0.35714285714285715,0.06382117875081011,0.0,0.0,0.0,0.0,0.0,0.0,0.0,0.0,0.0,0.0,0.0,0.0,0.0,0.0,0.0,0.0,0.0,0.0,0.0,0.0,stable,stable
2,500,240,modular,6,0.08,0.004,0.12,0,10.0,0.72,0.22,True,static,1.0,False,False,1.0,default,default,0.3609333333333333,0.7875,0.1333333333333333,0.023553508820933194,0.42145000000000005,0.49166666666666664,0.125,0.022471469565750354,0.21761666666666668,0.3541666666666667,0.11250000000000002,0.01902849471479841,0.6241826339817569,0.7931353903153742,0.16741436938133325,0.027373487586051667,0.624246875849124,0.7931353903153742,0.16741436938133325,0.02738418660169364,0.2059495427633559,0.4954575576778216,0.24600286889147774,0.04023897060149882,0.20493333333333333,0.5416666666666666,0.25,0.04788407297259126,2.12806159236819,2.338089224511075,0.25215831804746003,0.041247863679816345,1.0,1.0,0.0,0.0,0.2094285714285714,0.4642857142857143,0.39285714285714285,0.06481433451933047,0.0,0.0,0.0,0.0,0.0,0.0,0.0,0.0,0.0,0.0,0.0,0.0,0.0,0.0,0.0,0.0,0.0,0.0,0.0,0.0,stable,stable
3,500,240,modular,6,0.08,0.004,0.12,0,10.0,0.72,0.22,True,static,1.0,False,False,1.0,default,default,0.37861666666666666,0.8,0.12083333333333335,0.023829026417375932,0.41291666666666665,0.48333333333333334,0.11249999999999999,0.0225562568309155,0.20846666666666666,0.3625,0.12916666666666668,0.021245496254762117,0.6021902425161766,0.7715743451004692,0.16975903154526717,0.02953237465981292,0.602215654086744,0.7715743451004692,0.16975903154526717,0.029525480835630506,0.17555352276334868,0.4589861085745548,0.2288136056724102,0.03899820144577556,0.17406666666666668,0.45,0.2541666666666667,0.04544796780690835,2.1057076585997594,2.3240117813033434,0.2449704228618188,0.044015251863819785,1.0,1.0,0.0,0.0,0.2424285714285714,0.4642857142857143,0.35714285714285715,0.06661509910351728,0.0,0.0,0.0,0.0,0.0,0.0,0.0,0.0,0.0,0.0,0.0,0.0,0.0,0.0,0.0,0.0,0.0,0.0,0.0,0.0,stable,oscillatory
4,500,240,modular,6,0.08,0.004,0.12,0,10.0,0.72,0.22,True,static,1.0,False,False,1.0,default,default,0.38806666666666667,0.7791666666666667,0.12083333333333335,0.02401298259969663,0.4133833333333333,0.48333333333333334,0.1375,0.023255471279775095,0.19855,0.35,0.12916666666666668,0.021490831378365365,0.5919010499525389,0.7416598225482877,0.16293641145415372,0.02995723155409923,0.591906428731353,0.7416598225482877,0.16293641145415372,0.029957792196763203,0.1639030364731444,0.40971365129478576,0.20451421937518405,0.038182375181851455,0.161,0.4041666666666667,0.22499999999999998,0.04379370832538492,2.090595889906116,2.2806447604471463,0.22481887454511273,0.04433517407311104,1.0,1.0,0.0,0.0,0.2638571428571429,0.5,0.3928571428571429,0.07468860525610344,0.0,0.0,0.0,0.0,0.0,0.0,0.0,0.0,0.0,0.0,0.0,0.0,0.0,0.0,0.0,0.0,0.0,0.0,0.0,0.0,stable,oscillatory
5,500,240,modular,6,0.08,0.004,0.12,0,10.0,0.72,0.22,True,static,1.0,False,False,1.0,default,default,0.36968333333333336,0.7666666666666667,0.125,0.0227332905669197,0.39881666666666665,0.475,0.13749999999999996,0.028634230680545034,0.2315,0.36666666666666664,0.11666666666666664,0.022781571499789034,0.622529126833686,0.7704038400923772,0.1575811750566487,0.026302557707025765,0.6223694512225252,0.7704038400923772,0.1575811750566487,0.026212513013180054,0.2020342793444001,0.4552720512317866,0.23034455619276573,0.03792369409891471,0.2045,0.4125,0.2583333333333333,0.047838269199459965,2.1080001593106066,2.263269140708434,0.23511579338522148,0.039213035382982264,1.0,1.0,0.0,0.0,0.2628571428571429,0.5,0.4285714285714286,0.07744649239102742,0.0,0.0,0.0,0.0,0.0,0.0,0.0,0.0,0.0,0.0,0.0,0.0,0.0,0.0,0.0,0.0,0.0,0.0,0.0,0.0,stable,stable
6,500,240,modular,6,0.08,0.004,0.12,0,10.0,0.72,0.22,True,static,1.0,False,False,1.0,default,default,0.33566666666666667,0.7958333333333333,0.16249999999999998,0.023795424396766327,0.4408,0.5041666666666667,0.14999999999999997,0.02516222918935796,0.22353333333333333,0.3458333333333333,0.15000000000000002,0.022529338896450354,0.6425486036091809,0.7279313478111883,0.17654713904032804,0.02977260148169693,0.6426974131125662,0.7279313478111883,0.17654713904032804,0.02964070399690438,0.23373704424473993,0.38057944049190673,0.260429034700681,0.04588429509839575,0.23168333333333332,0.3958333333333333,0.3125,0.05244427995501511,2.162382761240237,2.2827334675722972,0.2599986471305171,0.04338418340482878,1.0,1.0,0.0,0.0,0.23942857142857144,0.4642857142857143,0.3928571428571429,0.06616676519466953,0.0,0.0,0.0,0.0,0.0,0.0,0.0,0.0,0.0,0.0,0.0,0.0,0.0,0.0,0.0,0.0,0.0,0.0,0.0,0.0,oscillatory,oscillatory
7,500,240,modular,6,0.08,0.004,0.12,0,10.0,0.72,0.22,True,static,1.0,False,False,1.0,default,default,0.4091,0.8416666666666667,0.125,0.0251654745854536,0.34815,0.425,0.1166666666666667,0.023392359863852987,0.24275,0.3375,0.10833333333333336,0.021953391284466484,0.6170480334235415,0.7406914663163682,0.15580498112603458,0.031659717348131694,0.6169755577473561,0.7406914663163682,0.15580498112603458,0.03169501663082141,0.2020320544556144,0.4165016424361286,0.21974698957287653,0.04606827238785803,0.20575,0.4791666666666667,0.275,0.05401189426619124,2.0916553312915656,2.259849927786519,0.22022639944281885,0.046636589892783534,1.0,1.0,0.0,0.0,0.2987142857142857,0.5,0.35714285714285715,0.07325786159665246,0.0,0.0,0.0,0.0,0.0,0.0,0.0,0.0,0.0,0.0,0.0,0.0,0.0,0.0,0.0,0.0,0.0,0.0,0.0,0.0,stable,stable
8,500,240,modular,6,0.08,0.004,0.12,0,10.0,0.72,0.22,True,static,1.0,False,False,1.0,default,default,0.39308333333333334,0.8,0.15416666666666667,0.026384049263817627,0.37888333333333335,0.4583333333333333,0.15833333333333333,0.027540177720720847,0.22803333333333334,0.3333333333333333,0.12916666666666668,0.022078622138973155,0.6140785770322782,0.729255942373828,0.18135921649316233,0.030185124254707832,0.6142464901743101,0.729255942373828,0.18135921649316233,0.030383925211319433,0.1954107474313055,0.3902080886068492,0.23994102241410392,0.04233115496201806,0.19331666666666666,0.3875,0.275,0.049641629595420095,2.0569483192105693,2.1892780734425936,0.2624501416409324,0.04502199268892512,1.0,1.0,0.0,0.0,0.3395714285714286,0.5714285714285714,0.46428571428571425,0.08325287272116519,0.0,0.0,0.0,0.0,0.0,0.0,0.0,0.0,0.0,0.0,0.0,0.0,0.0,0.0,0.0,0.0,0.0,0.0,0.0,0.0,stable,oscillatory
9,500,240,modular,6,0.08,0.004,0.12,0,10.0,0.72,0.22,True,static,1.0,False,False,1.0,default,default,0.38680000000000003,0.7583333333333333,0.12916666666666665,0.023011084285622006,0.37560000000000004,0.44166666666666665,0.12083333333333335,0.023209217517567837,0.2376,0.375,0.12083333333333332,0.022028794287880984,0.6194878610422887,0.7821402801089382,0.16466380912524692,0.029022079696822474,0.6192301220143664,0.7821402801089382,0.16466380912524692,0.029139282490887087,0.20073009086384208,0.48152661308025624,0.23542998172593343,0.04235791596462112,0.20039999999999997,0.4708333333333333,0.24583333333333332,0.049543538652605565,2.1206254373151805,2.334837096461509,0.2400592764864895,0.04255944791691531,1.0,1.0,0.0,0.0,0.28014285714285714,0.4642857142857143,0.35714285714285715,0.0721009779434937,0.0,0.0,0.0,0.0,0.0,0.0,0.0,0.0,0.0,0.0,0.0,0.0,0.0,0.0,0.0,0.0,0.0,0.0,0.0,0.0,stable,oscillatory
10,500,240,modular,6,0.08,0.004,0.12,0,10.0,0.72,0.22,True,static,1.0,False,False,1.0,default,default,0.3645333333333333,0.7875,0.125,0.023247556621909513,0.4057,0.5,0.15000000000000002,0.023532105728132365,0.22976666666666665,0.36666666666666664,0.10833333333333331,0.019398625380852803,0.6423444006047889,0.815522468549318,0.16708600471084245,0.027248495916012822,0.6422927409013027,0.815522468549318,0.16708600471084245,0.027202407234135355,0.23867056334395648,0.5422341567612802,0.2635809908135791,0.043192802446262765,0.24073333333333335,0.575,0.2666666666666667,0.04964838589745111,2.145395118450666,2.343472810830723,0.22913005330282799,0.04059537683680805,1.0,1.0,0.0,0.0,0.23999999999999996,0.5,0.3214285714285714,0.05909176537127553,0.0,0.0,0.0,0.0,0.0,0.0,0.0,0.0,0.0,0.0,0.0,0.0,0.0,0.0,0.0,0.0,0.0,0.0,0.0,0.0,stable,stable
11,500,240,modular,6,0.08,0.004,0.12,0,10.0,0.72,0.22,True,static,1.0,False,False,1.0,default,default,0.3777,0.8166666666666667,0.125,0.023053416232740865,0.39729999999999993,0.4791666666666667,0.15416666666666667,0.025826644295292325,0.225,0.3541666666666667,0.12083333333333335,0.024261308932353814,0.6291771503500797,0.7784575645813919,0.16410351527907696,0.029325183121261353,0.6291598833893219,0.7784575645813919,0.16410351527907696,0.029322564590565967,0.21471510398834776,0.4738863834106316,0.2472301241370849,0.04447176297241115,0.21459999999999999,0.4625,0.27083333333333337,0.052653542668614,2.111775457347118,2.306508943047645,0.24087618548622292,0.042816678315342666,1.0,1.0,0.0,0.0,0.3182857142857143,0.5,0.35714285714285715,0.06918121722206491,0.0,0.0,0.0,0.0,0.0,0.0,0.0,0.0,0.0,0.0,0.0,0.0,0.0,0.0,0.0,0.0,0.0,0.0,0.0,0.0,stable,oscillatory
12,500,240,modular,6,0.08,0.004,0.12,0,10.0,0.72,0.22,True,static,1.0,False,False,1.0,default,default,0.38245,0.7708333333333334,0.14583333333333337,0.02455119933707698,0.40135,0.4625,0.13333333333333336,0.025050997984112332,0.2162,0.3416666666666667,0.10833333333333331,0.021152331103476776,0.6088891634548614,0.7720527363452485,0.14857028540664363,0.02921239415782353,0.6090910887875459,0.7720527363452485,0.14857028540664363,0.029143347850215405,0.18728364176049847,0.4662880679552885,0.2053752012330719,0.040370125931931955,0.19008333333333333,0.4625,0.23333333333333334,0.047102798336310245,2.0763691839780303,2.2964543788990404,0.22924838529419667,0.04352595474398108,1.0,1.0,0.0,0.0,0.2572857142857143,0.4642857142857143,0.3928571428571429,0.06710470040411873,0.0,0.0,0.0,0.0,0.0,0.0,0.0,0.0,0.0,0.0,0.0,0.0,0.0,0.0,0.0,0.0,0.0,0.0,0.0,0.0,stable,stable
13,500,240,modular,6,0.08,0.004,0.12,0,10.0,0.72,0.22,True,static,1.0,False,False,1.0,default,default,0.38873333333333326,0.8291666666666667,0.1333333333333333,0.02666418738474677,0.3874333333333334,0.45416666666666666,0.12083333333333335,0.02295214828967239,0.22383333333333336,0.31666666666666665,0.12500000000000003,0.021849230853485183,0.623756514606036,0.7277174620593505,0.16340742581348988,0.03279236470892357,0.6239184804408505,0.7277174620593505,0.16340742581348988,0.032769429744641074,0.2097942855936536,0.38722075337919937,0.23665266767360715,0.04891963469798175,0.21139999999999998,0.3958333333333333,0.31666666666666665,0.0558498582510884,2.1266448746389046,2.2806695655151072,0.23440327299926,0.04947350853099047,1.0,1.0,0.0,0.0,0.27485714285714286,0.5,0.35714285714285715,0.07067083802346465,0.0,0.0,0.0,0.0,0.0,0.0,0.0,0.0,0.0,0.0,0.0,0.0,0.0,0.0,0.0,0.0,0.0,0.0,0.0,0.0,stable,oscillatory
14,500,240,modular,6,0.08,0.004,0.12,0,10.0,0.72,0.22,True,static,1.0,False,False,1.0,default,default,0.33345,0.7708333333333334,0.14999999999999997,0.02459505935029319,0.45016666666666666,0.5291666666666667,0.1375,0.024465962751000287,0.21638333333333332,0.35833333333333334,0.12500000000000003,0.02160221825029396,0.6423144057034113,0.7711280246765141,0.16640076280476002,0.03019145989548813,0.6426274669165473,0.7711280246765141,0.16640076280476002,0.03058748075380249,0.2350837590939135,0.46038784874553856,0.2573259507933987,0.04865406441604271,0.2338,0.4875,0.2833333333333333,0.05330524260228903,2.1404321295374524,2.2872292325140813,0.2558039888052206,0.04408443074389877,1.0,1.0,0.0,0.0,0.24057142857142855,0.5,0.4285714285714286,0.0697874323520053,0.0,0.0,0.0,0.0,0.0,0.0,0.0,0.0,0.0,0.0,0.0,0.0,0.0,0.0,0.0,0.0,0.0,0.0,0.0,0.0,stable,oscillatory
15,500,240,modular,6,0.08,0.004,0.12,0,10.0,0.72,0.22,True,static,1.0,False,False,1.0,default,default,0.33951666666666663,0.7791666666666667,0.14166666666666666,0.0242647950285548,0.43426666666666663,0.5125,0.15416666666666662,0.02649614227685901,0.22621666666666668,0.4041666666666667,0.12083333333333335,0.021863979763782966,0.6384652168588772,0.8505958521323673,0.1582511406311401,0.028196276462686333,0.6386495793404092,0.8505958521323673,0.1582511406311401,0.028344320645040232,0.22878278279771888,0.580082500279995,0.2481060996780217,0.04437988070261125,0.22939999999999997,0.5458333333333333,0.31666666666666665,0.05363405841647844,2.1747034535696694,2.396806703455779,0.23848996758564178,0.04336631021928629,1.0,1.0,0.0,0.0,0.20257142857142857,0.4642857142857143,0.35714285714285715,0.0641706907475711,0.0,0.0,0.0,0.0,0.0,0.0,0.0,0.0,0.0,0.0,0.0,0.0,0.0,0.0,0.0,0.0,0.0,0.0,0.0,0.0,stable,runaway
16,500,240,modular,6,0.08,0.004,0.12,0,10.0,0.72,0.22,True,static,1.0,False,False,1.0,default,default,0.3840166666666667,0.7875,0.12083333333333335,0.023091418559956667,0.3783166666666667,0.45,0.1291666666666667,0.025031363659750273,0.23766666666666666,0.4083333333333333,0.1166666666666667,0.022025238048909056,0.6231867595150643,0.8465921628026379,0.1499895270728412,0.02958241685259966,0.6233893145893559,0.8465921628026379,0.1499895270728412,0.02956875280055246,0.2091973808975401,0.5838490556615356,0.21150160826374909,0.04343050826440358,0.20838333333333334,0.5375,0.2625,0.0508845124877021,2.155341747287599,2.422682421350523,0.23504097621336406,0.0430832284932494,1.0,1.0,0.0,0.0,0.2818571428571428,0.5357142857142857,0.39285714285714285,0.06969627987612703,0.0,0.0,0.0,0.0,0.0,0.0,0.0,0.0,0.0,0.0,0.0,0.0,0.0,0.0,0.0,0.0,0.0,0.0,0.0,0.0,stable,runaway
17,500,240,modular,6,0.08,0.004,0.12,0,10.0,0.72,0.22,True,static,1.0,False,False,1.0,default,default,0.38355,0.8166666666666667,0.12916666666666665,0.022883041998631018,0.3986166666666667,0.475,0.12916666666666665,0.023317619708900155,0.21783333333333332,0.35,0.12500000000000003,0.019490738541391623,0.5980776700756317,0.7284452554515183,0.15890025638557181,0.026797531243414663,0.5982405197181621,0.7284452554515183,0.15890025638557181,0.026758737951873574,0.1671041140124575,0.3757842836529657,0.19366309339186508,0.033817289359815574,0.16843333333333332,0.4125,0.25,0.042126674051800796,2.1346623315214592,2.304427148738882,0.2338958904359072,0.04123048852668247,1.0,1.0,0.0,0.0,0.30057142857142854,0.5,0.4285714285714286,0.07023052420858217,0.0,0.0,0.0,0.0,0.0,0.0,0.0,0.0,0.0,0.0,0.0,0.0,0.0,0.0,0.0,0.0,0.0,0.0,0.0,0.0,stable,oscillatory
18,500,240,modular,6,0.08,0.004,0.12,0,10.0,0.72,0.22,True,static,1.0,False,False,1.0,default,default,0.3762833333333333,0.875,0.14583333333333331,0.023870722420758213,0.41505,0.5125,0.12916666666666665,0.024893333556507764,0.2086666666666667,0.3875,0.10000000000000003,0.020042316344286267,0.6172727317034787,0.8097810969177488,0.16250271660391813,0.02859873780875755,0.6173108070482053,0.8097810969177488,0.16250271660391813,0.028545218858716095,0.20012187260069914,0.5318323442644577,0.22233191673419034,0.04079306438915058,0.20085,0.5458333333333333,0.3125,0.04983486341017813,2.1052972241382064,2.3079231692250306,0.2554809856527802,0.04190370638873046,1.0,1.0,0.0,0.0,0.3012857142857143,0.5357142857142857,0.5,0.07777111892454365,0.0,0.0,0.0,0.0,0.0,0.0,0.0,0.0,0.0,0.0,0.0,0.0,0.0,0.0,0.0,0.0,0.0,0.0,0.0,0.0,stable,stable
19,500,240,modular,6,0.08,0.004,0.12,0,10.0,0.72,0.22,True,static,1.0,False,False,1.0,default,default,0.39685000000000004,0.8166666666666667,0.14166666666666666,0.025557826589911747,0.35514999999999997,0.4375,0.14166666666666666,0.024150966164248312,0.24800000000000003,0.37083333333333335,0.11249999999999996,0.022258581366395396,0.6138748307379563,0.7809446727110392,0.15015001201849276,0.031468885755438596,0.6137309850371493,0.7809446727110392,0.15015001201849276,0.0314817541700683,0.1921326815753872,0.47638087808412594,0.21070765598758517,0.04405524630508774,0.19160000000000002,0.475,0.2416666666666667,0.04921038734070503,2.133574014557495,2.3432842079923275,0.22576801847711936,0.047246282298914165,1.0,1.0,0.0,0.0,0.27714285714285714,0.4642857142857143,0.32142857142857145,0.06442841305016961,0.0,0.0,0.0,0.0,0.0,0.0,0.0,0.0,0.0,0.0,0.0,0.0,0.0,0.0,0.0,0.0,0.0,0.0,0.0,0.0,stable,stable
20,500,240,modular,6,0.08,0.004,0.12,0,10.0,0.72,0.22,True,static,1.0,False,False,1.0,default,default,0.3835333333333333,0.7833333333333333,0.15000000000000002,0.02569779497674201,0.3850166666666667,0.44583333333333336,0.1375,0.02412956347166963,0.23145000000000002,0.45416666666666666,0.1375,0.02151860306287975,0.6218172784507114,0.8719080392844626,0.17082986426081903,0.031062226962976443,0.6220768930218254,0.8719080392844626,0.17082986426081903,0.031024373678769708,0.20675538942214525,0.6117598940423189,0.24373261762151283,0.045231355382194034,0.20793333333333333,0.6208333333333333,0.3333333333333333,0.05446564666527578,2.0893643888101474,2.40524608218017,0.2625635056937792,0.04577387916180898,1.0,1.0,0.0,0.0,0.3154285714285714,0.5,0.39285714285714285,0.06772332670204438,0.0,0.0,0.0,0.0,0.0,0.0,0.0,0.0,0.0,0.0,0.0,0.0,0.0,0.0,0.0,0.0,0.0,0.0,0.0,0.0,runaway,runaway
21,500,240,modular,6,0.08,0.004,0.12,0,10.0,0.72,0.22,True,static,1.0,False,False,1.0,default,default,0.37603333333333333,0.7958333333333333,0.14583333333333331,0.026146786503209996,0.4058333333333333,0.475,0.14999999999999997,0.02632594833155219,0.21813333333333332,0.3333333333333333,0.09583333333333335,0.020325517623585053,0.6121335243411922,0.7484162938303114,0.16759032224890114,0.029598415970712045,0.6122391900893693,0.7484162938303114,0.16759032224890114,0.029581330422292964,0.1914518061573204,0.42346388134365914,0.2127794235600147,0.04094000272469348,0.19335000000000002,0.4583333333333333,0.22916666666666669,0.04902535908418554,2.123356160431479,2.255147110355589,0.2525460860081865,0.04503253978589935,1.0,1.0,0.0,0.0,0.2022857142857143,0.39285714285714285,0.32142857142857145,0.05605099718751028,0.0,0.0,0.0,0.0,0.0,0.0,0.0,0.0,0.0,0.0,0.0,0.0,0.0,0.0,0.0,0.0,0.0,0.0,0.0,0.0,stable,stable
22,500,240,modular,6,0.08,0.004,0.12,0,10.0,0.72,0.22,True,static,1.0,False,False,1.0,default,default,0.35525,0.7583333333333333,0.125,0.02393292130564554,0.4288666666666667,0.5041666666666667,0.14166666666666666,0.023808705224023514,0.21588333333333332,0.3458333333333333,0.10833333333333336,0.02100622262304408,0.6206437359594529,0.7530856180554696,0.16925661246241452,0.030287873765289214,0.6209190887612714,0.7530856180554696,0.16925661246241452,0.030319682659737085,0.2003583695874778,0.42433658307276156,0.23790483909713117,0.04345297230175229,0.2021,0.42916666666666664,0.27499999999999997,0.05074616570080278,2.1357924818041365,2.3168658461933216,0.229898174314894,0.04351148564542612,1.0,1.0,0.0,0.0,0.2154285714285714,0.42857142857142855,0.39285714285714285,0.06576643893199569,0.0,0.0,0.0,0.0,0.0,0.0,0.0,0.0,0.0,0.0,0.0,0.0,0.0,0.0,0.0,0.0,0.0,0.0,0.0,0.0,stable,stable
23,500,240,modular,6,0.08,0.004,0.12,0,10.0,0.72,0.22,True,static,1.0,False,False,1.0,default,default,0.35818333333333335,0.8333333333333334,0.13333333333333336,0.025436025414535365,0.41836666666666666,0.4875,0.14166666666666666,0.02620748408798949,0.22344999999999998,0.3458333333333333,0.11666666666666664,0.021628819508547694,0.6304026865539217,0.754419492927344,0.1732934782491351,0.03021208863971022,0.6300648186590203,0.754419492927344,0.1732934782491351,0.03006328707315026,0.21332252804423335,0.4260751642268742,0.2520735524204092,0.044431939227618934,0.21663333333333332,0.4,0.275,0.05211764469821031,2.1664695304445427,2.2916757200225715,0.2594693247776392,0.04545076564286439,1.0,1.0,0.0,0.0,0.29828571428571427,0.5,0.39285714285714285,0.06757550576645237,0.0,0.0,0.0,0.0,0.0,0.0,0.0,0.0,0.0,0.0,0.0,0.0,0.0,0.0,0.0,0.0,0.0,0.0,0.0,0.0,stable,stable
24,500,240,modular,6,0.08,0.004,0.12,0,10.0,0.72,0.22,True,static,1.0,False,False,1.0,default,default,0.38958333333333334,0.8166666666666667,0.12916666666666665,0.02366211810750114,0.40673333333333334,0.4791666666666667,0.13333333333333336,0.024677272494702036,0.20368333333333333,0.32083333333333336,0.12083333333333332,0.021300815060044585,0.6125134676206019,0.7496989555077316,0.16794252193030457,0.0292817217955864,0.6124099812828409,0.7496989555077316,0.16794252193030457,0.029323405646062544,0.1958021425752105,0.4350997863920302,0.23629490979761236,0.04230419818704883,0.1963333333333333,0.4,0.2791666666666667,0.05117942294842071,2.095764510355745,2.24902185140114,0.25014265272168346,0.04304854901659245,1.0,1.0,0.0,0.0,0.19714285714285715,0.42857142857142855,0.35714285714285715,0.07122829064181663,0.0,0.0,0.0,0.0,0.0,0.0,0.0,0.0,0.0,0.0,0.0,0.0,0.0,0.0,0.0,0.0,0.0,0.0,0.0,0.0,stable,oscillatory
25,500,240,modular,6,0.08,0.004,0.12,0,10.0,0.72,0.22,True,static,1.0,False,False,1.0,default,default,0.3726166666666666,0.775,0.14166666666666666,0.02357494550482685,0.4028333333333334,0.49583333333333335,0.1375,0.02426474351353786,0.22454999999999997,0.37916666666666665,0.11250000000000002,0.021347137460975368,0.6250136307638858,0.804210253584537,0.16585748976347425,0.028832312403132027,0.6251312006928014,0.804210253584537,0.16585748976347425,0.02878211179400348,0.21117530805556853,0.5220605180240031,0.2513358878462816,0.0432275767877061,0.21208333333333332,0.5,0.27083333333333337,0.05082547753505781,2.1260953675982464,2.353155549220388,0.2590223815935566,0.0427435744863412,1.0,1.0,0.0,0.0,0.3071428571428571,0.5357142857142857,0.39285714285714285,0.0705662230584484,0.0,0.0,0.0,0.0,0.0,0.0,0.0,0.0,0.0,0.0,0.0,0.0,0.0,0.0,0.0,0.0,0.0,0.0,0.0,0.0,stable,stable
26,500,240,modular,6,0.08,0.004,0.12,0,10.0,0.72,0.22,True,static,1.0,False,False,1.0,default,default,0.37631666666666674,0.8375,0.11249999999999999,0.023181104613695852,0.39198333333333335,0.4625,0.15000000000000002,0.02468067732728041,0.2317,0.35833333333333334,0.13333333333333333,0.02298487425339639,0.6311506504175559,0.7909744747073079,0.16391522701472616,0.030205684516994392,0.6313313869378578,0.7909744747073079,0.16391522701472616,0.030059143589877456,0.22003905441081048,0.4990756424585017,0.2506903992627638,0.04613007258226723,0.22086666666666668,0.5041666666666667,0.275,0.050357047393807974,2.1035549927847286,2.2976662390048035,0.21631756412277303,0.04238924305373014,1.0,1.0,0.0,0.0,0.2805714285714286,0.5,0.35714285714285715,0.07370708713466807,0.0,0.0,0.0,0.0,0.0,0.0,0.0,0.0,0.0,0.0,0.0,0.0,0.0,0.0,0.0,0.0,0.0,0.0,0.0,0.0,stable,oscillatory
27,500,240,modular,6,0.08,0.004,0.12,0,10.0,0.72,0.22,True,static,1.0,False,False,1.0,default,default,0.39113333333333333,0.7833333333333333,0.125,0.023460818400047347,0.39429999999999993,0.4666666666666667,0.14166666666666666,0.024395673569075498,0.21456666666666666,0.3541666666666667,0.1375,0.02104970308579197,0.6111185548131643,0.7728487255175381,0.15997793385716652,0.02869388862074138,0.6107789803527593,0.7728487255175381,0.15997793385716652,0.028153523327565967,0.18924586479075411,0.4673010828700794,0.2301871854065371,0.0400035593168534,0.1872333333333333,0.4166666666666667,0.275,0.044574357351882636,2.091525240305613,2.300214727501452,0.2416481369613439,0.04289212263551685,1.0,1.0,0.0,0.0,0.26942857142857146,0.5357142857142857,0.35714285714285715,0.06654812590317244,0.0,0.0,0.0,0.0,0.0,0.0,0.0,0.0,0.0,0.0,0.0,0.0,0.0,0.0,0.0,0.0,0.0,0.0,0.0,0.0,stable,oscillatory
28,500,240,modular,6,0.08,0.004,0.12,0,10.0,0.72,0.22,True,static,1.0,False,False,1.0,default,default,0.38201666666666667,0.825,0.15416666666666667,0.02464474814460702,0.4073333333333333,0.4708333333333333,0.1375,0.023359509127262642,0.21065,0.3375,0.10833333333333334,0.019832135818189402,0.6034114091902026,0.7193008915209427,0.17990392829823998,0.029502319830833935,0.6034516138787692,0.7193008915209427,0.17990392829823998,0.029503774185301705,0.17741961969187733,0.365770225554165,0.24067133965476706,0.03975368972049551,0.17868333333333333,0.375,0.27083333333333337,0.04673182653300757,2.1043132424664575,2.272446945185892,0.2642780950146899,0.044558846893790235,1.0,1.0,0.0,0.0,0.2364285714285714,0.39285714285714285,0.35714285714285715,0.06255201916837551,0.0,0.0,0.0,0.0,0.0,0.0,0.0,0.0,0.0,0.0,0.0,0.0,0.0,0.0,0.0,0.0,0.0,0.0,0.0,0.0,stable,stable
29,500,240,modular,6,0.08,0.004,0.12,0,10.0,0.72,0.22,True,static,1.0,False,False,1.0,default,default,0.3957833333333334,0.7958333333333333,0.11666666666666664,0.023038259241724163,0.40985000000000005,0.48333333333333334,0.125,0.022592212276701797,0.1943666666666667,0.30416666666666664,0.12083333333333335,0.02002606634697222,0.6010736983581841,0.7262339731055059,0.16352968188118022,0.029452873788489337,0.6009265168829977,0.7262339731055059,0.16352968188118022,0.029171785969289255,0.17846022871639458,0.38805249634437367,0.21206391353945955,0.038975449161720105,0.18009999999999998,0.43333333333333335,0.24583333333333335,0.04558832696596307,2.0606375295368107,2.221316814080368,0.24398106131677455,0.042002227735713,1.0,1.0,0.0,0.0,0.24471428571428572,0.42857142857142855,0.39285714285714285,0.06974896678336488,0.0,0.0,0.0,0.0,0.0,0.0,0.0,0.0,0.0,0.0,0.0,0.0,0.0,0.0,0.0,0.0,0.0,0.0,0.0,0.0,stable,oscillatory
30,500,240,modular,6,0.08,0.004,0.12,0,10.0,0.72,0.22,True,static,1.0,False,False,1.0,default,default,0.38403333333333334,0.8208333333333333,0.14583333333333331,0.024419573205843616,0.40186666666666665,0.5,0.1375,0.0268196445415172,0.21409999999999998,0.35,0.12916666666666665,0.02077514540663113,0.6089474611470674,0.7834935305590751,0.156644848470324,0.027910454204028236,0.6087756335174661,0.7834935305590751,0.156644848470324,0.028057442223296862,0.18627348022533027,0.484905438434651,0.21876466759004506,0.03841214048943245,0.18515,0.49166666666666664,0.30000000000000004,0.04804184807713653,2.103433660204403,2.330393377949471,0.2400865188259429,0.04264961942837947,1.0,1.0,0.0,0.0,0.21342857142857144,0.39285714285714285,0.3214285714285714,0.06152218780112371,0.0,0.0,0.0,0.0,0.0,0.0,0.0,0.0,0.0,0.0,0.0,0.0,0.0,0.0,0.0,0.0,0.0,0.0,0.0,0.0,stable,oscillatory
31,500,240,modular,6,0.08,0.004,0.12,0,10.0,0.72,0.22,True,static,1.0,False,False,1.0,default,default,0.39585000000000004,0.7791666666666667,0.11666666666666664,0.02230937147379001,0.3931,0.475,0.14999999999999997,0.025653156617547954,0.21105,0.4041666666666667,0.10000000000000003,0.021109377852824875,0.6074523090877492,0.8742284777580258,0.13379075625512638,0.027394699601727548,0.6075257722799429,0.8742284777580258,0.13379075625512638,0.02737027712010973,0.18741203140380172,0.621006550128541,0.18729186214697055,0.03786631426069293,0.18676666666666666,0.6083333333333333,0.2583333333333333,0.04580169817327252,2.0606347403083736,2.3978846632997213,0.18670548859326885,0.03857774593939018,1.0,1.0,0.0,0.0,0.22328571428571428,0.5357142857142857,0.3214285714285714,0.060572270883631235,0.0,0.0,0.0,0.0,0.0,0.0,0.0,0.0,0.0,0.0,0.0,0.0,0.0,0.0,0.0,0.0,0.0,0.0,0.0,0.0,stable,runaway
32,500,240,modular,6,0.08,0.004,0.12,0,10.0,0.72,0.22,True,static,1.0,False,False,1.0,default,default,0.38006666666666666,0.8125,0.125,0.02358839168366979,0.38698333333333335,0.4583333333333333,0.13749999999999996,0.027176322414925826,0.23295000000000002,0.3416666666666667,0.11249999999999999,0.020623752487524346,0.6130003498627479,0.7371511606589772,0.13967309317690157,0.02619521636541283,0.6132626929457689,0.7371511606589772,0.13967309317690157,0.02634973910268311,0.19029946030685832,0.3987041021738363,0.19198548081065164,0.03687502846899002,0.19001666666666667,0.4041666666666667,0.22499999999999998,0.042234296884562116,2.1302321210066806,2.2953390379868233,0.21019205176112132,0.04026557455938867,1.0,1.0,0.0,0.0,0.2512857142857143,0.4642857142857143,0.3571428571428571,0.06603477747925478,0.0,0.0,0.0,0.0,0.0,0.0,0.0,0.0,0.0,0.0,0.0,0.0,0.0,0.0,0.0,0.0,0.0,0.0,0.0,0.0,stable,stable
33,500,240,modular,6,0.08,0.004,0.12,0,10.0,0.72,0.22,True,static,1.0,False,False,1.0,default,default,0.38781666666666664,0.8333333333333334,0.14583333333333337,0.024013242874158697,0.3903166666666667,0.4708333333333333,0.13333333333333336,0.023594897047172443,0.22186666666666668,0.35833333333333334,0.10833333333333336,0.0205051213115163,0.6160133880947463,0.8302018949071646,0.1698114453216516,0.02970671304055106,0.615679477997675,0.8302018949071646,0.1698114453216516,0.02965047398215463,0.19608536431587278,0.5565411828098602,0.24007696310309262,0.042298084501583955,0.1958,0.5458333333333333,0.3125,0.0511017394789823,2.1028621371955927,2.3745661387712915,0.22568512653957962,0.043198007347640635,1.0,1.0,0.0,0.0,0.34342857142857136,0.5714285714285714,0.39285714285714285,0.0752931685114247,0.0,0.0,0.0,0.0,0.0,0.0,0.0,0.0,0.0,0.0,0.0,0.0,0.0,0.0,0.0,0.0,0.0,0.0,0.0,0.0,stable,stable
34,500,240,modular,6,0.08,0.004,0.12,0,10.0,0.72,0.22,True,static,1.0,False,False,1.0,default,default,0.38435,0.8416666666666667,0.14583333333333331,0.023641001341830774,0.3925,0.475,0.17916666666666664,0.02438977472448467,0.22315,0.3458333333333333,0.14999999999999997,0.024298085201193212,0.6103213846865214,0.7457689182777116,0.19452966921650694,0.03098178977210273,0.6104194362642933,0.7457689182777116,0.19452966921650694,0.03116645803479514,0.18893913115546582,0.4180256114462725,0.2534208920075817,0.0427578388460275,0.18905000000000002,0.4166666666666667,0.2625,0.051594306856474,2.1120900813712784,2.266702093295632,0.29241786767396594,0.04506721744886861,1.0,1.0,0.0,0.0,0.2287142857142857,0.5357142857142857,0.4642857142857143,0.0634145737450415,0.0,0.0,0.0,0.0,0.0,0.0,0.0,0.0,0.0,0.0,0.0,0.0,0.0,0.0,0.0,0.0,0.0,0.0,0.0,0.0,stable,oscillatory
35,500,240,modular,6,0.08,0.004,0.12,0,10.0,0.72,0.22,True,static,1.0,False,False,1.0,default,default,0.4092,0.8125,0.13749999999999996,0.02411371209729251,0.35593333333333327,0.425,0.1291666666666667,0.023483232788996968,0.23486666666666667,0.35833333333333334,0.1333333333333333,0.021045823021841333,0.5951624378876291,0.7360200918673032,0.1562494229011523,0.02850254975432722,0.5952698424926407,0.7360200918673032,0.1562494229011523,0.028498988608672976,0.16272224078258357,0.3871116678140922,0.19715621244345766,0.03605320710025664,0.16478333333333334,0.3958333333333333,0.2625,0.042977645998304226,2.0833432596083323,2.2688297873835546,0.24042303729021963,0.04355984464763284,1.0,1.0,0.0,0.0,0.3288571428571429,0.5714285714285714,0.39285714285714285,0.06727888955379567,0.0,0.0,0.0,0.0,0.0,0.0,0.0,0.0,0.0,0.0,0.0,0.0,0.0,0.0,0.0,0.0,0.0,0.0,0.0,0.0,stable,oscillatory
36,500,240,modular,6,0.08,0.004,0.12,0,10.0,0.72,0.22,True,static,1.0,False,False,1.0,default,default,0.38815,0.75,0.1375,0.022399336547714484,0.3904,0.45,0.12083333333333335,0.023530264200245038,0.22144999999999998,0.3541666666666667,0.12083333333333335,0.02184783869300475,0.5922938333996326,0.7484476700355391,0.1587313442119439,0.027771233127769076,0.5924137214519953,0.7484476700355391,0.1587313442119439,0.02776120363054816,0.16099871981105054,0.4140420241113513,0.20205466020142393,0.034572415874999284,0.16078333333333333,0.4125,0.26249999999999996,0.03913878795034693,2.0729836001753337,2.248635924642198,0.2515908341288211,0.040982204261924345,1.0,1.0,0.0,0.0,0.28328571428571425,0.5357142857142857,0.35714285714285715,0.07034332714244748,0.0,0.0,0.0,0.0,0.0,0.0,0.0,0.0,0.0,0.0,0.0,0.0,0.0,0.0,0.0,0.0,0.0,0.0,0.0,0.0,stable,oscillatory
37,500,240,modular,6,0.08,0.004,0.12,0,10.0,0.72,0.22,True,static,1.0,False,False,1.0,default,default,0.36918333333333336,0.7833333333333333,0.11249999999999999,0.022797106297851828,0.41923333333333335,0.5041666666666667,0.15000000000000002,0.024895805090639486,0.21158333333333332,0.29583333333333334,0.10416666666666666,0.02146201424739895,0.6191670380094236,0.7272637281970513,0.1449445781303118,0.027943359895504213,0.6191767280962449,0.7272637281970513,0.1449445781303118,0.027946280081603495,0.2005168267272267,0.38364383693424914,0.20386986332332147,0.03999227493689178,0.1985,0.37083333333333335,0.21666666666666667,0.04645906202717016,2.096530818438072,2.232832342853932,0.21914947271836382,0.04018468695652941,1.0,1.0,0.0,0.0,0.21328571428571427,0.4642857142857143,0.4285714285714286,0.07066751700168666,0.0,0.0,0.0,0.0,0.0,0.0,0.0,0.0,0.0,0.0,0.0,0.0,0.0,0.0,0.0,0.0,0.0,0.0,0.0,0.0,stable,stable
38,500,240,modular,6,0.08,0.004,0.12,0,10.0,0.72,0.22,True,static,1.0,False,False,1.0,default,default,0.37943333333333334,0.8208333333333333,0.16250000000000003,0.025159182110005972,0.381,0.4666666666666667,0.12916666666666665,0.02580589941165478,0.23956666666666665,0.37916666666666665,0.10833333333333334,0.022070744839669046,0.6265178907225186,0.806964465061173,0.1891766189989752,0.030403698707307053,0.6266772028880893,0.806964465061173,0.1891766189989752,0.030327269330365014,0.21176139179467082,0.5213759310902596,0.2771896276310274,0.044940660237033005,0.21348333333333333,0.5333333333333333,0.26666666666666666,0.051145948574208254,2.109386730992839,2.33170442612013,0.2885317769232696,0.045129018330962244,1.0,1.0,0.0,0.0,0.24714285714285714,0.4642857142857143,0.4285714285714286,0.07520041250429632,0.0,0.0,0.0,0.0,0.0,0.0,0.0,0.0,0.0,0.0,0.0,0.0,0.0,0.0,0.0,0.0,0.0,0.0,0.0,0.0,stable,stable
39,500,240,modular,6,0.08,0.004,0.12,0,10.0,0.72,0.22,True,static,1.0,False,False,1.0,default,default,0.36138333333333333,0.7916666666666666,0.1375,0.02519513290741333,0.40601666666666664,0.48333333333333334,0.15833333333333333,0.025654916141399142,0.2326,0.4041666666666667,0.11666666666666664,0.022770375490975114,0.633812870369783,0.8192540076349812,0.16066857028068338,0.030423240206725707,0.6336638658225354,0.8192540076349812,0.16066857028068338,0.030312687681479468,0.22022998359180695,0.5348487765037321,0.2424707388511202,0.04599083301046611,0.2207333333333333,0.5625,0.25416666666666665,0.05036936899876087,2.1194028813859194,2.3603178725285425,0.24098177555656086,0.04515051502012221,1.0,1.0,0.0,0.0,0.4018571428571429,0.6071428571428571,0.4285714285714285,0.07683549881110306,0.0,0.0,0.0,0.0,0.0,0.0,0.0,0.0,0.0,0.0,0.0,0.0,0.0,0.0,0.0,0.0,0.0,0.0,0.0,0.0,stable,runaway
40,500,240,modular,6,0.08,0.004,0.12,0,10.0,0.72,0.22,True,static,1.0,False,False,1.0,default,default,0.3529333333333333,0.7708333333333334,0.13333333333333336,0.025854958690527605,0.42755,0.5125,0.1375,0.023625204290709904,0.2195166666666667,0.375,0.13333333333333333,0.022438242404926066,0.6445525113900705,0.7711936366368156,0.19752386293544566,0.03254057420662283,0.6446128771837747,0.7711936366368156,0.19752386293544566,0.03252979779539415,0.2417354763878101,0.46647210150443974,0.2975258824109601,0.0514929995032102,0.24055,0.4875,0.35,0.058165857205446946,2.1463661709093107,2.310930124420708,0.27250330049241844,0.04824384581802096,1.0,1.0,0.0,0.0,0.28857142857142853,0.5,0.4285714285714286,0.06610134457862443,0.0,0.0,0.0,0.0,0.0,0.0,0.0,0.0,0.0,0.0,0.0,0.0,0.0,0.0,0.0,0.0,0.0,0.0,0.0,0.0,stable,oscillatory
41,500,240,modular,6,0.08,0.004,0.12,0,10.0,0.72,0.22,True,static,1.0,False,False,1.0,default,default,0.39008333333333334,0.7875,0.11666666666666664,0.022507560458161116,0.40046666666666664,0.4625,0.12083333333333335,0.024015134117190907,0.20945,0.35,0.10000000000000003,0.019240878069591544,0.5976840434835728,0.7443238971377982,0.13546939580161999,0.026103618599303404,0.5974091387817422,0.7443238971377982,0.13546939580161999,0.02634120917225499,0.16767609776878975,0.40833420788751923,0.17458139840598247,0.033821652535950264,0.16771666666666665,0.45416666666666666,0.22916666666666669,0.042621659204368535,2.088326503278093,2.2958867537304077,0.20589698222869202,0.03928511376735199,1.0,1.0,0.0,0.0,0.2054285714285714,0.42857142857142855,0.35714285714285715,0.06533368041001798,0.0,0.0,0.0,0.0,0.0,0.0,0.0,0.0,0.0,0.0,0.0,0.0,0.0,0.0,0.0,0.0,0.0,0.0,0.0,0.0,stable,stable
42,500,240,modular,6,0.08,0.004,0.12,0,10.0,0.72,0.22,True,static,1.0,False,False,1.0,default,default,0.36181666666666673,0.7958333333333333,0.15416666666666667,0.023292040843744602,0.41681666666666667,0.5041666666666667,0.1375,0.024407814094852678,0.22136666666666668,0.36666666666666664,0.11249999999999999,0.02123267921546093,0.62271433679456,0.7466867801177917,0.18501751582684667,0.02797051657162329,0.622955026655088,0.7466867801177917,0.18501751582684667,0.028066450832808634,0.2026570298589393,0.4125393845430369,0.27097552024972277,0.04074898594057142,0.20316666666666666,0.4583333333333333,0.2833333333333333,0.04783333333333333,2.163024501986184,2.3137868363653973,0.26896849059437145,0.042720656777938903,1.0,1.0,0.0,0.0,0.33,0.6071428571428571,0.3571428571428571,0.07119963311072636,0.0,0.0,0.0,0.0,0.0,0.0,0.0,0.0,0.0,0.0,0.0,0.0,0.0,0.0,0.0,0.0,0.0,0.0,0.0,0.0,stable,stable
43,500,240,modular,6,0.08,0.004,0.12,0,10.0,0.72,0.22,True,static,1.0,False,False,1.0,default,default,0.36360000000000003,0.8208333333333333,0.16249999999999998,0.024659593580502407,0.41479999999999995,0.49583333333333335,0.175,0.025636107348815655,0.2216,0.375,0.10833333333333334,0.02210696220148254,0.628397205630425,0.8000160987650843,0.1774751129149288,0.029358057802457038,0.6282690098537614,0.8000160987650843,0.1774751129149288,0.029470546803574194,0.21536383970271425,0.5138144695111891,0.24998915715719494,0.04432377399050511,0.2167666666666667,0.5083333333333333,0.25,0.05181554893187093,2.143024201491231,2.357243429180498,0.2788773328980576,0.04372965080109785,1.0,1.0,0.0,0.0,0.2547142857142857,0.4642857142857143,0.3214285714285714,0.05743869846743268,0.0,0.0,0.0,0.0,0.0,0.0,0.0,0.0,0.0,0.0,0.0,0.0,0.0,0.0,0.0,0.0,0.0,0.0,0.0,0.0,stable,stable
44,500,240,modular,6,0.08,0.004,0.12,0,10.0,0.72,0.22,True,static,1.0,False,False,1.0,default,default,0.3708333333333333,0.8375,0.14166666666666666,0.023136070923512008,0.39383333333333337,0.4625,0.14166666666666666,0.023609084880377912,0.2353333333333333,0.39166666666666666,0.13749999999999998,0.021292278203872667,0.6256813723676319,0.7732352550024678,0.16654410920006346,0.02910942770748554,0.6255854283726471,0.7732352550024678,0.16654410920006346,0.029189005650716537,0.21049814142191353,0.4675983147738675,0.2603127125251641,0.04467004754344264,0.21141666666666667,0.45416666666666666,0.2833333333333333,0.05304093021222175,2.1541889087718356,2.3225174656140117,0.2522037753364508,0.042185400756095025,1.0,1.0,0.0,0.0,0.2414285714285714,0.4642857142857143,0.3214285714285714,0.060508053098706785,0.0,0.0,0.0,0.0,0.0,0.0,0.0,0.0,0.0,0.0,0.0,0.0,0.0,0.0,0.0,0.0,0.0,0.0,0.0,0.0,stable,oscillatory
45,500,240,modular,6,0.08,0.004,0.12,0,10.0,0.72,0.22,True,static,1.0,False,False,1.0,default,default,0.3743166666666667,0.8125,0.12083333333333335,0.023781814948027457,0.41701666666666665,0.5,0.1375,0.023627955429486015,0.20866666666666667,0.35,0.14166666666666666,0.022737023160964192,0.6119638023059717,0.796543849302902,0.17626162394453393,0.030473548515684713,0.6120193728611257,0.796543849302902,0.17626162394453393,0.03049346807128244,0.19173772414006493,0.5077397751812313,0.2555977608534118,0.043086945882813275,0.1932833333333333,0.55,0.29166666666666663,0.05155859934740922,2.1128300743511153,2.3290414542083555,0.23923388009722624,0.04459560249085724,1.0,1.0,0.0,0.0,0.1757142857142857,0.5357142857142857,0.32142857142857145,0.06253162465211226,0.0,0.0,0.0,0.0,0.0,0.0,0.0,0.0,0.0,0.0,0.0,0.0,0.0,0.0,0.0,0.0,0.0,0.0,0.0,0.0,stable,oscillatory
46,500,240,modular,6,0.08,0.004,0.12,0,10.0,0.72,0.22,True,static,1.0,False,False,1.0,default,default,0.3794,0.8125,0.1375,0.022281681564310478,0.39143333333333336,0.45416666666666666,0.14583333333333331,0.025222917268935323,0.22916666666666669,0.3375,0.11249999999999999,0.01982913120750489,0.6147998600538278,0.7572365761290196,0.13271105116472703,0.025174598084614197,0.6149697950627,0.7572365761290196,0.13271105116472703,0.025130199097406238,0.19232202816472016,0.4345153478379956,0.1843999740505621,0.035253754427296086,0.19191666666666668,0.475,0.27083333333333337,0.04368932300281665,2.0986883496814164,2.255202309828392,0.20511576336243853,0.03873431068491691,1.0,1.0,0.0,0.0,0.31385714285714283,0.5,0.39285714285714285,0.07234286278492418,0.0,0.0,0.0,0.0,0.0,0.0,0.0,0.0,0.0,0.0,0.0,0.0,0.0,0.0,0.0,0.0,0.0,0.0,0.0,0.0,stable,stable
47,500,240,modular,6,0.08,0.004,0.12,0,10.0,0.72,0.22,True,static,1.0,False,False,1.0,default,default,0.38333333333333336,0.8,0.14583333333333331,0.025251512605958655,0.3938833333333333,0.4791666666666667,0.13333333333333336,0.025503599963752392,0.2227833333333333,0.3541666666666667,0.12083333333333335,0.02179806948638648,0.616744608937435,0.7431742022786322,0.2013763215373543,0.029928725046574112,0.6167670938927239,0.7431742022786322,0.2013763215373543,0.029935044320185684,0.1965678259610094,0.4112214509665073,0.2931548393299224,0.043385618512299516,0.1982166666666667,0.44166666666666665,0.24166666666666667,0.04934515905559756,2.104862357467305,2.2657323577072277,0.2513244212953418,0.04536850125531536,1.0,1.0,0.0,0.0,0.28757142857142853,0.5,0.39285714285714285,0.0737592609197555,0.0,0.0,0.0,0.0,0.0,0.0,0.0,0.0,0.0,0.0,0.0,0.0,0.0,0.0,0.0,0.0,0.0,0.0,0.0,0.0,stable,oscillatory
48,500,240,modular,6,0.08,0.004,0.12,0,10.0,0.72,0.22,True,static,1.0,False,False,1.0,default,default,0.4035333333333333,0.7791666666666667,0.12916666666666665,0.02359411414362112,0.3736833333333333,0.45,0.15416666666666667,0.022915963625579638,0.2227833333333333,0.38333333333333336,0.12499999999999997,0.021887090309637373,0.5909209565042339,0.7935788370239825,0.1525087262645768,0.02902931657984705,0.5907915496534488,0.7935788370239825,0.1525087262645768,0.029095774053884717,0.15979670148295952,0.49219246838694014,0.18374856725740557,0.035906132369547095,0.16166666666666665,0.5041666666666667,0.25416666666666665,0.04494131976502495,2.0977661754966612,2.390501650235229,0.23079968046943589,0.04415975724940948,1.0,1.0,0.0,0.0,0.3071428571428571,0.5,0.39285714285714285,0.0608611668689737,0.0,0.0,0.0,0.0,0.0,0.0,0.0,0.0,0.0,0.0,0.0,0.0,0.0,0.0,0.0,0.0,0.0,0.0,0.0,0.0,stable,oscillatory
49,500,240,modular,6,0.08,0.004,0.12,0,10.0,0.72,0.22,True,static,1.0,False,False,1.0,default,default,0.3599666666666667,0.8166666666666667,0.13333333333333336,0.023317828181696323,0.4275,0.49166666666666664,0.14583333333333331,0.02476556749467561,0.21253333333333332,0.3458333333333333,0.12916666666666665,0.022623095377168095,0.6226097093659966,0.7635767216105093,0.14626428891697896,0.028553309343314143,0.6226386276235503,0.7635767216105093,0.14626428891697896,0.028537984798544778,0.20282942988963196,0.4434556483477275,0.20679380936128045,0.04108141674071532,0.2005333333333333,0.4,0.2625,0.048078281074837845,2.1172970377935685,2.2881787473808712,0.22352594925198455,0.04234436912766514,1.0,1.0,0.0,0.0,0.25471428571428567,0.5357142857142857,0.3571428571428571,0.06725841120299395,0.0,0.0,0.0,0.0,0.0,0.0,0.0,0.0,0.0,0.0,0.0,0.0,0.0,0.0,0.0,0.0,0.0,0.0,0.0,0.0,stable,oscillatory
50,500,240,modular,6,0.08,0.004,0.12,0,10.0,0.72,0.22,True,static,1.0,False,False,1.0,default,default,0.391,0.7833333333333333,0.16250000000000003,0.026367593746870418,0.38028333333333336,0.45,0.1375,0.025283179520516535,0.22871666666666668,0.3875,0.12500000000000003,0.02241354377255958,0.6242491306198231,0.7944915189524208,0.17879550189574966,0.032769771617599724,0.6245118438011579,0.7944915189524208,0.17879550189574966,0.032587096899601764,0.21304379675068963,0.5115476380480125,0.27196384130886747,0.04998719584947933,0.2132833333333333,0.5208333333333334,0.29583333333333334,0.055532875648374065,2.1060969301327512,2.301170992624581,0.2765201273957236,0.048033532049847,1.0,1.0,0.0,0.0,0.2497142857142857,0.4642857142857143,0.35714285714285715,0.0606084792343616,0.0,0.0,0.0,0.0,0.0,0.0,0.0,0.0,0.0,0.0,0.0,0.0,0.0,0.0,0.0,0.0,0.0,0.0,0.0,0.0,stable,oscillatory
1,500,240,modular,6,0.08,0.004,0.12,0,10.0,0.72,0.22,False,static,1.0,False,False,1.0,default,default,0.6477166666666667,0.8333333333333334,0.14166666666666672,0.028079653567030422,0.2728666666666667,0.36666666666666664,0.17916666666666664,0.02791910934587038,0.07941666666666668,0.15,0.11249999999999999,0.017740607843776568,0.3232985483203622,0.4190837091675709,0.1672326139607248,0.028287139789772816,0.3232352526297731,0.4190837091675709,0.1672326139607248,0.02827251528051759,0.014458089220682441,0.0352432708802539,0.02836146837423493,0.004141115512051869,0.01465,0.05416666666666667,0.05416666666666667,0.009392801617314305,1.625031139296782,1.76551236484135,0.25379196393726167,0.045521871835055044,1.0,1.0,0.0,0.0,0.07914285714285713,0.25,0.25,0.04919432520782312,0.0,0.0,0.0,0.0,0.0,0.0,0.0,0.0,0.0,0.0,0.0,0.0,0.0,0.0,0.0,0.0,0.0,0.0,0.0,0.0,stable,stable
2,500,240,modular,6,0.08,0.004,0.12,0,10.0,0.72,0.22,False,static,1.0,False,False,1.0,default,default,0.6500833333333333,0.7875,0.17916666666666659,0.03001492684204533,0.2713,0.3416666666666667,0.15,0.027839899425105688,0.07861666666666667,0.13333333333333333,0.09166666666666667,0.016224646888812918,0.3143835928677126,0.40692564952300064,0.17032152803011016,0.02967127121384626,0.31420102197522976,0.40692564952300064,0.17032152803011016,0.02971923868778605,0.012999078453432926,0.030718688383957003,0.023801275982909046,0.003864354787571878,0.01365,0.0625,0.0625,0.009610309857416437,1.6149077434675834,1.7704306872827908,0.29570701874914884,0.047865015364281664,1.0,1.0,0.0,0.0,0.08099999999999999,0.2857142857142857,0.2857142857142857,0.0516584149653732,0.0,0.0,0.0,0.0,0.0,0.0,0.0,0.0,0.0,0.0,0.0,0.0,0.0,0.0,0.0,0.0,0.0,0.0,0.0,0.0,stable,stable
3,500,240,modular,6,0.08,0.004,0.12,0,10.0,0.72,0.22,False,static,1.0,False,False,1.0,default,default,0.6490666666666666,0.8,0.1875,0.029839217296854303,0.2683666666666667,0.37083333333333335,0.17916666666666667,0.02917664591187045,0.08256666666666665,0.12916666666666668,0.10416666666666669,0.01710168932526193,0.3182011844222907,0.40255011089379206,0.16797039630510358,0.02951335914732626,0.3181214775564711,0.40255011089379206,0.16797039630510358,0.02956381047130719,0.01349524415616491,0.02942129983007168,0.023751158455600493,0.004064536059099298,0.013266666666666666,0.0375,0.0375,0.008008398369489649,1.6286939427414084,1.7773999554364117,0.27812749975456663,0.047929486823418646,1.0,1.0,0.0,0.0,0.07785714285714283,0.25,0.25,0.04859768198049729,0.0,0.0,0.0,0.0,0.0,0.0,0.0,0.0,0.0,0.0,0.0,0.0,0.0,0.0,0.0,0.0,0.0,0.0,0.0,0.0,stable,stable
4,500,240,modular,6,0.08,0.004,0.12,0,10.0,0.72,0.22,False,static,1.0,False,False,1.0,default,default,0.6497499999999999,0.7791666666666667,0.1791666666666667,0.030718366746224576,0.2687333333333333,0.36666666666666664,0.18333333333333332,0.028575552876929998,0.08151666666666667,0.14166666666666666,0.10833333333333334,0.018520776621585463,0.3199970139479095,0.421084382237286,0.17668002063661356,0.03239163713714991,0.3197153770953264,0.421084382237286,0.17668002063661356,0.031968113345630725,0.013935713446536251,0.0354420518803987,0.029135181563938524,0.004621416265810906,0.014266666666666667,0.05416666666666667,0.05416666666666667,0.009238566507370672,1.6360282662946974,1.8005383008850382,0.2739762540887878,0.05143726391346018,1.0,1.0,0.0,0.0,0.08299999999999999,0.25,0.25,0.05114784492836747,0.0,0.0,0.0,0.0,0.0,0.0,0.0,0.0,0.0,0.0,0.0,0.0,0.0,0.0,0.0,0.0,0.0,0.0,0.0,0.0,stable,stable
5,500,240,modular,6,0.08,0.004,0.12,0,10.0,0.72,0.22,False,static,1.0,False,False,1.0,default,default,0.6518333333333333,0.7666666666666667,0.19166666666666665,0.028681197867437665,0.27031666666666665,0.3541666666666667,0.15000000000000002,0.02725032619580503,0.07784999999999999,0.15,0.0875,0.01680367849939742,0.31129989663506874,0.4020205490847459,0.17090046521076813,0.028518011332504513,0.3113372991615773,0.4020205490847459,0.17090046521076813,0.028551322357261797,0.012540697822376998,0.029163048910952546,0.023462424086789092,0.0036145556399260355,0.0123,0.0375,0.0375,0.0077613000056548365,1.5997427971040616,1.7602162930470198,0.3037556880887402,0.04637828290943344,1.0,1.0,0.0,0.0,0.08128571428571428,0.2857142857142857,0.2857142857142857,0.05219449497909189,0.0,0.0,0.0,0.0,0.0,0.0,0.0,0.0,0.0,0.0,0.0,0.0,0.0,0.0,0.0,0.0,0.0,0.0,0.0,0.0,stable,stable
6,500,240,modular,6,0.08,0.004,0.12,0,10.0,0.72,0.22,False,static,1.0,False,False,1.0,default,default,0.6483666666666666,0.7958333333333333,0.16666666666666663,0.03289670702871845,0.2732166666666667,0.3625,0.16666666666666666,0.03079186851535104,0.07841666666666668,0.13333333333333333,0.1,0.018140845564024236,0.31556657337599237,0.41082035573031855,0.17911486073294144,0.03183413794971455,0.31550916130843315,0.41082035573031855,0.17911486073294144,0.0318082243892326,0.013232234027681745,0.031809216147233504,0.026146274387779864,0.004383281440824096,0.012016666666666665,0.041666666666666664,0.041666666666666664,0.007833492906176088,1.6139892897854702,1.7704003635204197,0.29125418233579636,0.05275325845966035,1.0,1.0,0.0,0.0,0.07899999999999999,0.25,0.21428571428571427,0.049164654634260604,0.0,0.0,0.0,0.0,0.0,0.0,0.0,0.0,0.0,0.0,0.0,0.0,0.0,0.0,0.0,0.0,0.0,0.0,0.0,0.0,stable,stable
7,500,240,modular,6,0.08,0.004,0.12,0,10.0,0.72,0.22,False,static,1.0,False,False,1.0,default,default,0.6485166666666666,0.8416666666666667,0.20416666666666672,0.033434550492965606,0.26975,0.3541666666666667,0.17500000000000002,0.03191362039422458,0.08173333333333334,0.14166666666666666,0.10416666666666666,0.018248165813460695,0.32765488692379646,0.44158527954074583,0.18675527182315366,0.033957060119222574,0.32757055332735857,0.44158527954074583,0.18675527182315366,0.03389780607892163,0.015465226686251023,0.043940078021528946,0.03325816328157903,0.005556846415486625,0.015416666666666664,0.04583333333333333,0.04583333333333333,0.010132798779760265,1.6329538860994435,1.8120492852524344,0.29373448989682793,0.053321613626390534,1.0,1.0,0.0,0.0,0.08157142857142857,0.25,0.25,0.054624693526436764,0.0,0.0,0.0,0.0,0.0,0.0,0.0,0.0,0.0,0.0,0.0,0.0,0.0,0.0,0.0,0.0,0.0,0.0,0.0,0.0,stable,stable
8,500,240,modular,6,0.08,0.004,0.12,0,10.0,0.72,0.22,False,static,1.0,False,False,1.0,default,default,0.6527166666666667,0.8,0.16666666666666663,0.029996208093690774,0.2673000000000001,0.3625,0.14583333333333334,0.026737177612206314,0.07998333333333332,0.13333333333333333,0.09583333333333333,0.01781735265283694,0.31872876226195707,0.420738715021438,0.1906443540798202,0.0314547902255515,0.31920165524843686,0.420738715021438,0.1906443540798202,0.03181072037018963,0.013973736070115261,0.035625667350213025,0.02778478811388057,0.004589376160307565,0.01325,0.041666666666666664,0.041666666666666664,0.008885459407869065,1.5888192954297407,1.743749585214928,0.28866317428667476,0.04869488643247454,1.0,1.0,0.0,0.0,0.07999999999999999,0.32142857142857145,0.32142857142857145,0.05089003751587679,0.0,0.0,0.0,0.0,0.0,0.0,0.0,0.0,0.0,0.0,0.0,0.0,0.0,0.0,0.0,0.0,0.0,0.0,0.0,0.0,stable,stable
9,500,240,modular,6,0.08,0.004,0.12,0,10.0,0.72,0.22,False,static,1.0,False,False,1.0,default,default,0.6503333333333332,0.7625,0.1958333333333333,0.031748140802957965,0.2693,0.35,0.17916666666666667,0.028570264261990996,0.08036666666666667,0.12916666666666668,0.09166666666666667,0.018060976963854666,0.3184287890377617,0.4039945247541838,0.17360217756485194,0.03321131005295869,0.3185069292817269,0.4039945247541838,0.17360217756485194,0.03320337129454335,0.01382588913790038,0.03012377810508596,0.0229573805508796,0.004643346192745307,0.013883333333333333,0.04583333333333333,0.041666666666666664,0.0082388139653445,1.6305513181208242,1.769630096694282,0.3062433796583366,0.053281457854160136,1.0,1.0,0.0,0.0,0.07971428571428571,0.25,0.25,0.04992565901990107,0.0,0.0,0.0,0.0,0.0,0.0,0.0,0.0,0.0,0.0,0.0,0.0,0.0,0.0,0.0,0.0,0.0,0.0,0.0,0.0,stable,stable
10,500,240,modular,6,0.08,0.004,0.12,0,10.0,0.72,0.22,False,static,1.0,False,False,1.0,default,default,0.6505833333333333,0.7875,0.1791666666666667,0.03086496125598303,0.26863333333333334,0.3416666666666667,0.15000000000000002,0.027126637175375137,0.08078333333333333,0.12916666666666668,0.07916666666666666,0.015884487541134102,0.32267168165372756,0.4109524255622076,0.16711542973046342,0.03133821652504638,0.3228426821182135,0.4109524255622076,0.16711542973046342,0.031481657771534305,0.014550447384539622,0.03266316017469015,0.024371451341792468,0.004592876060955788,0.0145,0.058333333333333334,0.05416666666666667,0.008351646544245032,1.6244004560935257,1.7630045352305606,0.2852599297977054,0.05053491571547412,1.0,1.0,0.0,0.0,0.0797142857142857,0.25,0.25,0.049925659019901064,0.0,0.0,0.0,0.0,0.0,0.0,0.0,0.0,0.0,0.0,0.0,0.0,0.0,0.0,0.0,0.0,0.0,0.0,0.0,0.0,stable,stable
11,500,240,modular,6,0.08,0.004,0.12,0,10.0,0.72,0.22,False,static,1.0,False,False,1.0,default,default,0.6468166666666666,0.8166666666666667,0.17500000000000004,0.03241342743027614,0.27365000000000006,0.3625,0.16666666666666666,0.02953429738832841,0.07953333333333333,0.12916666666666668,0.1,0.017993177719470357,0.3188093201267574,0.4200911192195974,0.18126531649814487,0.033412740072109315,0.31899377997447076,0.4200911192195974,0.18126531649814487,0.03345312724188679,0.013868747029131864,0.0350308440537015,0.02907659213276858,0.00476788217625721,0.013366666666666667,0.05,0.04583333333333333,0.008363213098644164,1.6193651540425467,1.7766654153933772,0.27051000699925565,0.05308922329319348,1.0,1.0,0.0,0.0,0.07614285714285714,0.25,0.25,0.04931386359693532,0.0,0.0,0.0,0.0,0.0,0.0,0.0,0.0,0.0,0.0,0.0,0.0,0.0,0.0,0.0,0.0,0.0,0.0,0.0,0.0,stable,stable
12,500,240,modular,6,0.08,0.004,0.12,0,10.0,0.72,0.22,False,static,1.0,False,False,1.0,default,default,0.6476000000000001,0.7708333333333334,0.17083333333333328,0.0319407611403082,0.2732833333333333,0.35,0.1708333333333333,0.02945873290629528,0.07911666666666667,0.13333333333333333,0.09166666666666667,0.01816009820090923,0.3202427150731555,0.41653546634264166,0.17802587012511661,0.03233549306242741,0.32059544057773076,0.41653546634264166,0.17802587012511661,0.032746009798645,0.014146691228163909,0.03410908184610619,0.028130396105085154,0.004646491798725541,0.014183333333333334,0.07083333333333333,0.07083333333333333,0.009553198998822914,1.6052023755360438,1.7408881999345074,0.26459566821117986,0.05105281448035623,1.0,1.0,0.0,0.0,0.07642857142857142,0.2857142857142857,0.21428571428571427,0.050005101780534675,0.0,0.0,0.0,0.0,0.0,0.0,0.0,0.0,0.0,0.0,0.0,0.0,0.0,0.0,0.0,0.0,0.0,0.0,0.0,0.0,stable,stable
13,500,240,modular,6,0.08,0.004,0.12,0,10.0,0.72,0.22,False,static,1.0,False,False,1.0,default,default,0.6495666666666667,0.8291666666666667,0.15416666666666667,0.03335342727683485,0.26935000000000003,0.35,0.16249999999999998,0.030828058107293537,0.08108333333333333,0.15833333333333333,0.125,0.018749259244626768,0.3221833291357401,0.4368955535926851,0.19329471268650517,0.033891385906801644,0.3216753233848483,0.4368955535926851,0.19329471268650517,0.03355042359770364,0.014393721446074885,0.04151171321989982,0.03520375378844291,0.005022495008027129,0.015133333333333335,0.05416666666666667,0.05416666666666667,0.008644780056324292,1.646494319750352,1.8015547014815434,0.26404680421428584,0.054988398677346326,1.0,1.0,0.0,0.0,0.08542857142857142,0.35714285714285715,0.35714285714285715,0.05676589950788039,0.0,0.0,0.0,0.0,0.0,0.0,0.0,0.0,0.0,0.0,0.0,0.0,0.0,0.0,0.0,0.0,0.0,0.0,0.0,0.0,stable,oscillatory
14,500,240,modular,6,0.08,0.004,0.12,0,10.0,0.72,0.22,False,static,1.0,False,False,1.0,default,default,0.6511166666666667,0.7708333333333334,0.15416666666666667,0.028933645351620203,0.27004999999999996,0.36666666666666664,0.16249999999999998,0.028018054694944276,0.07883333333333332,0.12916666666666668,0.08750000000000002,0.016262601951170737,0.31463752277677814,0.40055585738834937,0.16381461478004705,0.028787296016982676,0.31448983250112006,0.40055585738834937,0.16381461478004705,0.028730566946988566,0.013048732025742698,0.02899981371411632,0.0231793463741374,0.0037491161317850727,0.012883333333333333,0.05,0.041666666666666664,0.008228017852300625,1.5980917778477648,1.7355510225973834,0.24700133838804073,0.04614144108605605,1.0,1.0,0.0,0.0,0.07457142857142855,0.2857142857142857,0.21428571428571427,0.05030843642482048,0.0,0.0,0.0,0.0,0.0,0.0,0.0,0.0,0.0,0.0,0.0,0.0,0.0,0.0,0.0,0.0,0.0,0.0,0.0,0.0,stable,stable
15,500,240,modular,6,0.08,0.004,0.12,0,10.0,0.72,0.22,False,static,1.0,False,False,1.0,default,default,0.6480166666666667,0.7791666666666667,0.1625000000000001,0.029375864053485967,0.2714666666666667,0.37083333333333335,0.15833333333333333,0.028720666194687525,0.08051666666666667,0.15,0.11250000000000002,0.018167347082059065,0.31790349531306406,0.41543207933208026,0.16675019646479447,0.02957722100894421,0.3180439198536703,0.41543207933208026,0.16675019646479447,0.029581162177351093,0.013543786318919743,0.03347366450919749,0.02188492329963704,0.0038597999636582237,0.01375,0.05,0.04583333333333333,0.008557404201430868,1.633441883721259,1.789758690713053,0.25669321002972545,0.04847067333876176,1.0,1.0,0.0,0.0,0.08399999999999999,0.2857142857142857,0.25,0.05331002892208435,0.0,0.0,0.0,0.0,0.0,0.0,0.0,0.0,0.0,0.0,0.0,0.0,0.0,0.0,0.0,0.0,0.0,0.0,0.0,0.0,stable,stable
16,500,240,modular,6,0.08,0.004,0.12,0,10.0,0.72,0.22,False,static,1.0,False,False,1.0,default,default,0.6491166666666667,0.7875,0.16249999999999998,0.030360980989860432,0.2687833333333333,0.37916666666666665,0.16666666666666666,0.028585257466820977,0.08209999999999999,0.15,0.11249999999999999,0.01856687612090114,0.32475555344188956,0.4500602449170619,0.1731891331210305,0.031634365631453124,0.3247799505949656,0.4500602449170619,0.1731891331210305,0.0316393791744805,0.014796886915299243,0.04716106369217769,0.02931141959774389,0.00476908938463687,0.014583333333333334,0.04583333333333333,0.041666666666666664,0.008836870361037202,1.6533816546009126,1.8640177945574044,0.2964207842922706,0.05074177018486494,1.0,1.0,0.0,0.0,0.08257142857142856,0.25,0.25,0.05069234938049612,0.0,0.0,0.0,0.0,0.0,0.0,0.0,0.0,0.0,0.0,0.0,0.0,0.0,0.0,0.0,0.0,0.0,0.0,0.0,0.0,stable,stable
17,500,240,modular,6,0.08,0.004,0.12,0,10.0,0.72,0.22,False,static,1.0,False,False,1.0,default,default,0.6482666666666667,0.8166666666666667,0.15416666666666667,0.03057179164596744,0.27183333333333337,0.37083333333333335,0.15833333333333333,0.029294481846700526,0.0799,0.13333333333333333,0.09583333333333333,0.01813578414810528,0.3110742805113271,0.39514920155295774,0.15053781109342596,0.030525975259210848,0.3112784409782333,0.39514920155295774,0.15053781109342596,0.030430187068464846,0.012455541898483226,0.026956443086000773,0.020794697434236415,0.003971325136280389,0.012183333333333334,0.04583333333333333,0.041666666666666664,0.008323143770368396,1.650552606436113,1.7894869232793602,0.2588509754468551,0.04970185386961244,1.0,1.0,0.0,0.0,0.08271428571428571,0.21428571428571427,0.21428571428571427,0.05141051270242819,0.0,0.0,0.0,0.0,0.0,0.0,0.0,0.0,0.0,0.0,0.0,0.0,0.0,0.0,0.0,0.0,0.0,0.0,0.0,0.0,stable,stable
18,500,240,modular,6,0.08,0.004,0.12,0,10.0,0.72,0.22,False,static,1.0,False,False,1.0,default,default,0.6504833333333333,0.875,0.1875,0.03116002157323458,0.2707833333333334,0.35833333333333334,0.17916666666666667,0.02863681100339988,0.07873333333333332,0.13333333333333333,0.10416666666666666,0.018512938418546336,0.3200528798455464,0.44523310856740284,0.16862490929536855,0.03180826795960727,0.3201883326509023,0.44523310856740284,0.16862490929536855,0.03185062431056952,0.01414423841558022,0.045075491857099866,0.023275915408638968,0.004436945903148444,0.014283333333333332,0.05,0.04583333333333333,0.00847055356973662,1.6222376274501071,1.8134856712388632,0.2882555514352376,0.05153648727169382,1.0,1.0,0.0,0.0,0.081,0.25,0.25,0.05056032969409426,0.0,0.0,0.0,0.0,0.0,0.0,0.0,0.0,0.0,0.0,0.0,0.0,0.0,0.0,0.0,0.0,0.0,0.0,0.0,0.0,stable,stable
19,500,240,modular,6,0.08,0.004,0.12,0,10.0,0.72,0.22,False,static,1.0,False,False,1.0,default,default,0.6514000000000001,0.8166666666666667,0.16249999999999998,0.030907316645451807,0.26776666666666665,0.375,0.1416666666666667,0.028725927119744785,0.08083333333333334,0.1375,0.10416666666666669,0.018951692976266442,0.3157813875433223,0.4117524210099486,0.17926952271030697,0.03149943790059932,0.31557758424466026,0.4117524210099486,0.17926952271030697,0.03185548968132508,0.013282484484522222,0.03223545434864851,0.024278001320336754,0.0042074481755419385,0.013666666666666666,0.04583333333333333,0.0375,0.008605553762283724,1.638663804142599,1.7714066578719048,0.28001014250492484,0.05153430776580568,1.0,1.0,0.0,0.0,0.07985714285714286,0.2857142857142857,0.2857142857142857,0.05565362998594292,0.0,0.0,0.0,0.0,0.0,0.0,0.0,0.0,0.0,0.0,0.0,0.0,0.0,0.0,0.0,0.0,0.0,0.0,0.0,0.0,stable,stable
20,500,240,modular,6,0.08,0.004,0.12,0,10.0,0.72,0.22,False,static,1.0,False,False,1.0,default,default,0.6471666666666667,0.7833333333333333,0.16666666666666663,0.03178093418667516,0.27226666666666666,0.375,0.1875,0.02797371782385904,0.08056666666666666,0.13333333333333333,0.09583333333333333,0.018599910394049395,0.3229590027600265,0.42572607640122573,0.1866834202794843,0.033629811439828,0.3230323038073736,0.42572607640122573,0.1866834202794843,0.03366439341008652,0.014582550734116928,0.03734435851217841,0.03131519843458468,0.004984084747263404,0.013433333333333334,0.05,0.04583333333333333,0.008698084080225177,1.6105004189510828,1.7639163829062883,0.2704900104595529,0.052549968285446017,1.0,1.0,0.0,0.0,0.083,0.2857142857142857,0.21428571428571427,0.05094795263355555,0.0,0.0,0.0,0.0,0.0,0.0,0.0,0.0,0.0,0.0,0.0,0.0,0.0,0.0,0.0,0.0,0.0,0.0,0.0,0.0,stable,stable
21,500,240,modular,6,0.08,0.004,0.12,0,10.0,0.72,0.22,False,static,1.0,False,False,1.0,default,default,0.6482,0.7958333333333333,0.16666666666666663,0.03323249748196618,0.2712,0.3541666666666667,0.14583333333333334,0.02960159530235566,0.08059999999999999,0.14583333333333334,0.09166666666666667,0.017417296639324436,0.32151516062024943,0.43895426421455164,0.16317926003209607,0.03273443683023265,0.32144861775327505,0.43895426421455164,0.16317926003209607,0.03282381662312091,0.014262512380334255,0.042127471561287405,0.025871595870903288,0.004835064385935201,0.013933333333333334,0.05416666666666667,0.041666666666666664,0.009038559373902213,1.6310797530989463,1.8066326732750881,0.2813443932282973,0.05417570759785837,1.0,1.0,0.0,0.0,0.08214285714285714,0.2857142857142857,0.21428571428571427,0.04951293378749534,0.0,0.0,0.0,0.0,0.0,0.0,0.0,0.0,0.0,0.0,0.0,0.0,0.0,0.0,0.0,0.0,0.0,0.0,0.0,0.0,stable,stable
22,500,240,modular,6,0.08,0.004,0.12,0,10.0,0.72,0.22,False,static,1.0,False,False,1.0,default,default,0.6492833333333333,0.7583333333333333,0.1791666666666667,0.030424775174920267,0.2705833333333333,0.3458333333333333,0.14583333333333334,0.027878830080666345,0.08013333333333332,0.1375,0.09583333333333335,0.016808860097513388,0.31372247494821115,0.40502998894489844,0.18425134526634018,0.03070409996299797,0.3136547863337247,0.40502998894489844,0.18425134526634018,0.030643622869481774,0.012876687836209594,0.02996995866762883,0.025052036589799685,0.0039130913537968924,0.01295,0.041666666666666664,0.041666666666666664,0.00842484750933544,1.6260402736836406,1.7730965357541288,0.29411679552554726,0.050135770379916594,1.0,1.0,0.0,0.0,0.08028571428571428,0.2857142857142857,0.2857142857142857,0.05153877082313065,0.0,0.0,0.0,0.0,0.0,0.0,0.0,0.0,0.0,0.0,0.0,0.0,0.0,0.0,0.0,0.0,0.0,0.0,0.0,0.0,stable,stable
23,500,240,modular,6,0.08,0.004,0.12,0,10.0,0.72,0.22,False,static,1.0,False,False,1.0,default,default,0.6479666666666667,0.8333333333333334,0.16666666666666663,0.031872645882567635,0.2714333333333333,0.3625,0.1708333333333333,0.028767284659256022,0.08059999999999999,0.13333333333333333,0.1,0.017504792994428062,0.3151500984858965,0.41146454954248457,0.1906908079569403,0.03193932600856329,0.3150011709196806,0.41146454954248457,0.1906908079569403,0.03196875112484427,0.01308987748730028,0.03182803439903394,0.026917553833088817,0.0042522906622821585,0.013683333333333334,0.04583333333333333,0.04583333333333333,0.008830329678003093,1.640970463563423,1.7905462708547368,0.2850273114919948,0.0522533828305586,1.0,1.0,0.0,0.0,0.07942857142857142,0.25,0.21428571428571427,0.04637117331150587,0.0,0.0,0.0,0.0,0.0,0.0,0.0,0.0,0.0,0.0,0.0,0.0,0.0,0.0,0.0,0.0,0.0,0.0,0.0,0.0,stable,stable
24,500,240,modular,6,0.08,0.004,0.12,0,10.0,0.72,0.22,False,static,1.0,False,False,1.0,default,default,0.6486166666666666,0.8166666666666667,0.1708333333333334,0.029370057503821434,0.2694,0.35833333333333334,0.175,0.028742651234706932,0.08198333333333332,0.15,0.10833333333333334,0.018564369995594607,0.3284513385227313,0.41569508339302136,0.16697475221973296,0.0311472437168839,0.32852188483329586,0.41569508339302136,0.16697475221973296,0.031103720522728234,0.015525256085862138,0.03452130510844573,0.027771749761588943,0.004858488127252342,0.015866666666666668,0.058333333333333334,0.058333333333333334,0.009627737705885705,1.6343779561117753,1.7601830721059657,0.2470911517329415,0.047641262547515884,1.0,1.0,0.0,0.0,0.07871428571428571,0.25,0.25,0.053001540216357126,0.0,0.0,0.0,0.0,0.0,0.0,0.0,0.0,0.0,0.0,0.0,0.0,0.0,0.0,0.0,0.0,0.0,0.0,0.0,0.0,stable,stable
25,500,240,modular,6,0.08,0.004,0.12,0,10.0,0.72,0.22,False,static,1.0,False,False,1.0,default,default,0.6512166666666667,0.775,0.16666666666666674,0.03223145892516261,0.2710333333333333,0.3541666666666667,0.16666666666666669,0.031560594276900285,0.07774999999999999,0.15,0.12083333333333332,0.017308676372784194,0.31853278135845303,0.4003187230549429,0.16794755204334605,0.031693688762812845,0.31855387680745684,0.4003187230549429,0.16794755204334605,0.031704190106067814,0.013885216987417105,0.029345193539579713,0.023061064057234137,0.004352279421843293,0.014533333333333332,0.058333333333333334,0.058333333333333334,0.009258869621431477,1.6198708233292214,1.7459987180988767,0.2673195626189606,0.051046720107991016,1.0,1.0,0.0,0.0,0.07328571428571427,0.25,0.21428571428571427,0.047612594800887184,0.0,0.0,0.0,0.0,0.0,0.0,0.0,0.0,0.0,0.0,0.0,0.0,0.0,0.0,0.0,0.0,0.0,0.0,0.0,0.0,stable,oscillatory
26,500,240,modular,6,0.08,0.004,0.12,0,10.0,0.72,0.22,False,static,1.0,False,False,1.0,default,default,0.6522833333333334,0.8375,0.18333333333333335,0.030661598313054574,0.2673666666666667,0.3458333333333333,0.15833333333333333,0.026086054171189293,0.08034999999999999,0.14583333333333334,0.09583333333333335,0.017956034268921037,0.3191319310565589,0.43058722576783914,0.20201610182039384,0.032382245697954976,0.319027633001829,0.43058722576783914,0.20201610182039384,0.03245220613878991,0.013959280720972946,0.03904532609675561,0.03361978342424228,0.004795416344719592,0.014333333333333332,0.05416666666666667,0.05416666666666667,0.008488554385497896,1.6070069809575875,1.7927800013373383,0.3186317307776012,0.0514295013016421,1.0,1.0,0.0,0.0,0.08199999999999998,0.2857142857142857,0.2857142857142857,0.0533613021901506,0.0,0.0,0.0,0.0,0.0,0.0,0.0,0.0,0.0,0.0,0.0,0.0,0.0,0.0,0.0,0.0,0.0,0.0,0.0,0.0,stable,stable
27,500,240,modular,6,0.08,0.004,0.12,0,10.0,0.72,0.22,False,static,1.0,False,False,1.0,default,default,0.65035,0.7833333333333333,0.19166666666666665,0.03123748193721411,0.2725166666666667,0.3458333333333333,0.15833333333333333,0.03145123650634069,0.07713333333333333,0.15416666666666667,0.125,0.01735748317649256,0.3167289432268956,0.4171866194311576,0.20654656618545134,0.030132408010807837,0.3165667062492727,0.4171866194311576,0.20654656618545134,0.03034303743218317,0.013493743275985057,0.03429454041690801,0.029764756802041895,0.004153491766357131,0.01365,0.05,0.05,0.008498186080962611,1.621826863975631,1.7619393594842683,0.29254732979492903,0.049018976990429,1.0,1.0,0.0,0.0,0.08028571428571428,0.2857142857142857,0.21428571428571427,0.04992974656291312,0.0,0.0,0.0,0.0,0.0,0.0,0.0,0.0,0.0,0.0,0.0,0.0,0.0,0.0,0.0,0.0,0.0,0.0,0.0,0.0,stable,oscillatory
28,500,240,modular,6,0.08,0.004,0.12,0,10.0,0.72,0.22,False,static,1.0,False,False,1.0,default,default,0.6504666666666667,0.825,0.15833333333333333,0.03102515108746451,0.2686666666666666,0.3541666666666667,0.15000000000000002,0.028062925324665956,0.08086666666666667,0.13333333333333333,0.09166666666666667,0.01697707604716169,0.3156026267497207,0.4137006858222519,0.17222047018712797,0.030863794101227502,0.3154692688211153,0.4137006858222519,0.17222047018712797,0.03093623404666727,0.013223857645580915,0.032785070023065736,0.026264694249875323,0.004207362757241391,0.013216666666666665,0.0625,0.0625,0.008674691797278897,1.6275569486931394,1.7749691760819821,0.2549724598953482,0.0510808159751096,1.0,1.0,0.0,0.0,0.07657142857142857,0.2857142857142857,0.21428571428571427,0.0512504853137798,0.0,0.0,0.0,0.0,0.0,0.0,0.0,0.0,0.0,0.0,0.0,0.0,0.0,0.0,0.0,0.0,0.0,0.0,0.0,0.0,stable,stable
29,500,240,modular,6,0.08,0.004,0.12,0,10.0,0.72,0.22,False,static,1.0,False,False,1.0,default,default,0.652,0.7958333333333333,0.17083333333333328,0.031234329404252196,0.2690166666666666,0.35,0.1375,0.029535143849695772,0.07898333333333334,0.14166666666666666,0.09166666666666667,0.01620295754895795,0.3210410206954537,0.41119457340064414,0.16535558094973288,0.030804326764495675,0.32131596395967915,0.41119457340064414,0.16535558094973288,0.03088362647255744,0.014356785703803436,0.03281768383381081,0.025762517733511806,0.004564906242575501,0.014166666666666668,0.05416666666666667,0.04583333333333333,0.008959786703810408,1.6093487240506128,1.7564054136201401,0.2706937002163188,0.04962190616391465,1.0,1.0,0.0,0.0,0.07942857142857142,0.25,0.25,0.049870035173070267,0.0,0.0,0.0,0.0,0.0,0.0,0.0,0.0,0.0,0.0,0.0,0.0,0.0,0.0,0.0,0.0,0.0,0.0,0.0,0.0,stable,stable
30,500,240,modular,6,0.08,0.004,0.12,0,10.0,0.72,0.22,False,static,1.0,False,False,1.0,default,default,0.6526833333333334,0.8208333333333333,0.16666666666666663,0.029077621215559492,0.26893333333333336,0.36666666666666664,0.1708333333333333,0.02806245019792661,0.07838333333333333,0.14166666666666666,0.1,0.018443163442798467,0.31640434285848584,0.4357086661739657,0.17382772855302717,0.03111946651525372,0.31636168605540527,0.4357086661739657,0.17382772855302717,0.03111335326212654,0.01348815459856087,0.04084018625784021,0.025994351278488124,0.004314873781229297,0.013816666666666666,0.05416666666666667,0.0375,0.008416402636122713,1.6223075783242635,1.8221049238300568,0.2691935428385166,0.0480639028624058,1.0,1.0,0.0,0.0,0.07942857142857142,0.25,0.25,0.05058111287419284,0.0,0.0,0.0,0.0,0.0,0.0,0.0,0.0,0.0,0.0,0.0,0.0,0.0,0.0,0.0,0.0,0.0,0.0,0.0,0.0,stable,stable
31,500,240,modular,6,0.08,0.004,0.12,0,10.0,0.72,0.22,False,static,1.0,False,False,1.0,default,default,0.6468666666666666,0.7791666666666667,0.16666666666666663,0.028166942799435414,0.2731,0.3625,0.14583333333333331,0.026191092633438058,0.08003333333333333,0.1375,0.07916666666666666,0.016255734031070047,0.3258390082909897,0.4096537504079697,0.14986147118556006,0.0287362566682464,0.3260229421535759,0.4096537504079697,0.14986147118556006,0.028683763995131565,0.014947915038183617,0.03238825244847009,0.022204547688851252,0.004218434038032607,0.015550000000000001,0.0625,0.0625,0.010182514969844686,1.6130421403868958,1.749199525200915,0.2362314490881905,0.045933651671331115,1.0,1.0,0.0,0.0,0.078,0.25,0.25,0.0485260292029348,0.0,0.0,0.0,0.0,0.0,0.0,0.0,0.0,0.0,0.0,0.0,0.0,0.0,0.0,0.0,0.0,0.0,0.0,0.0,0.0,stable,stable
32,500,240,modular,6,0.08,0.004,0.12,0,10.0,0.72,0.22,False,static,1.0,False,False,1.0,default,default,0.6506333333333333,0.8125,0.17499999999999993,0.031900696613780144,0.2699,0.35833333333333334,0.15,0.028330215514731107,0.07946666666666667,0.14166666666666666,0.10833333333333334,0.01689983563365172,0.315351771056803,0.41784590840341085,0.16943237357405175,0.032013828263089274,0.3151404218789042,0.41784590840341085,0.16943237357405175,0.0318499472785493,0.013225959283324876,0.0341296451940307,0.027090343880710452,0.004343503262683382,0.012950000000000001,0.04583333333333333,0.04583333333333333,0.007537333009021751,1.6284253542735165,1.797609536402336,0.293456866681588,0.05225935051937802,1.0,1.0,0.0,0.0,0.07728571428571428,0.2857142857142857,0.2857142857142857,0.04908738563593939,0.0,0.0,0.0,0.0,0.0,0.0,0.0,0.0,0.0,0.0,0.0,0.0,0.0,0.0,0.0,0.0,0.0,0.0,0.0,0.0,stable,stable
33,500,240,modular,6,0.08,0.004,0.12,0,10.0,0.72,0.22,False,static,1.0,False,False,1.0,default,default,0.6513499999999999,0.8333333333333334,0.16249999999999998,0.03029571385159587,0.26831666666666665,0.35833333333333334,0.15833333333333333,0.028896121423702063,0.08033333333333334,0.15416666666666667,0.12083333333333335,0.017087194685559776,0.31761221430593045,0.41241870927356233,0.17154255504379756,0.030471561334521467,0.31744269798647257,0.41241870927356233,0.17154255504379756,0.030291170419610918,0.013586571497772088,0.03270869669748533,0.026603951850557615,0.004173891715702919,0.013600000000000001,0.06666666666666667,0.041666666666666664,0.007721614684334704,1.621154226740983,1.7750658140354276,0.27911902205113326,0.0495267747789255,1.0,1.0,0.0,0.0,0.07742857142857142,0.2857142857142857,0.2857142857142857,0.05175215661482827,0.0,0.0,0.0,0.0,0.0,0.0,0.0,0.0,0.0,0.0,0.0,0.0,0.0,0.0,0.0,0.0,0.0,0.0,0.0,0.0,stable,oscillatory
34,500,240,modular,6,0.08,0.004,0.12,0,10.0,0.72,0.22,False,static,1.0,False,False,1.0,default,default,0.6494500000000001,0.8416666666666667,0.15416666666666667,0.029581154849366888,0.27101666666666663,0.3625,0.16249999999999998,0.028201305131342964,0.07953333333333333,0.12916666666666668,0.09166666666666667,0.017942934232975636,0.31953525474676386,0.42706161510078033,0.1571170273011497,0.02981143974914692,0.31939025169647606,0.42706161510078033,0.1571170273011497,0.029741861602249252,0.013816603872986593,0.03758810272606903,0.02383874347718136,0.004124490938787813,0.013933333333333334,0.05,0.04583333333333333,0.008450903962167465,1.6246138282819214,1.816450888361105,0.26293233450036224,0.048185181536868245,1.0,1.0,0.0,0.0,0.08242857142857142,0.42857142857142855,0.42857142857142855,0.05557142857142857,0.0,0.0,0.0,0.0,0.0,0.0,0.0,0.0,0.0,0.0,0.0,0.0,0.0,0.0,0.0,0.0,0.0,0.0,0.0,0.0,stable,stable
35,500,240,modular,6,0.08,0.004,0.12,0,10.0,0.72,0.22,False,static,1.0,False,False,1.0,default,default,0.6497999999999999,0.8125,0.2041666666666666,0.030006277121073628,0.2692166666666667,0.36666666666666664,0.18749999999999997,0.02890281128194972,0.08098333333333332,0.14166666666666666,0.09583333333333333,0.017089381043339295,0.3095547793706935,0.3946053980315386,0.15125353434577157,0.028133810407543907,0.30954746880288164,0.3946053980315386,0.15125353434577157,0.028139373798524707,0.012076957960177727,0.02665892946739169,0.01745515720650979,0.0033498970302278264,0.0117,0.04583333333333333,0.041666666666666664,0.008328265125462805,1.623398995117423,1.7572884771425514,0.30083020137173877,0.04859341244157612,1.0,1.0,0.0,0.0,0.0852857142857143,0.25,0.25,0.05274911741209612,0.0,0.0,0.0,0.0,0.0,0.0,0.0,0.0,0.0,0.0,0.0,0.0,0.0,0.0,0.0,0.0,0.0,0.0,0.0,0.0,stable,stable
36,500,240,modular,6,0.08,0.004,0.12,0,10.0,0.72,0.22,False,static,1.0,False,False,1.0,default,default,0.6490666666666667,0.75,0.20833333333333326,0.031685801236516015,0.27048333333333335,0.39166666666666666,0.19999999999999998,0.028615307674972383,0.08045,0.15,0.1,0.016656838769039516,0.31292401758964994,0.41739790604631444,0.18011715303385703,0.031108936436694382,0.312871353325606,0.41739790604631444,0.18011715303385703,0.03111893356139588,0.012740949043695793,0.03356785300238098,0.02595870839130205,0.004002300086758711,0.0122,0.05416666666666667,0.05416666666666667,0.00886904729945669,1.6067667891349915,1.7951697537054336,0.3222507141415676,0.051511210554078084,1.0,1.0,0.0,0.0,0.0747142857142857,0.2857142857142857,0.25,0.050753707012495194,0.0,0.0,0.0,0.0,0.0,0.0,0.0,0.0,0.0,0.0,0.0,0.0,0.0,0.0,0.0,0.0,0.0,0.0,0.0,0.0,stable,stable
37,500,240,modular,6,0.08,0.004,0.12,0,10.0,0.72,0.22,False,static,1.0,False,False,1.0,default,default,0.6494166666666668,0.7833333333333333,0.15416666666666667,0.030226115455935707,0.26963333333333334,0.3458333333333333,0.15416666666666665,0.027672770411041648,0.08095000000000001,0.14583333333333334,0.0875,0.016127107958685934,0.3200032050759488,0.4086025510785597,0.17398081384352548,0.029946749629905144,0.3198808371429557,0.4086025510785597,0.17398081384352548,0.029967196016450176,0.013871293416329361,0.03149291074554315,0.025763278575250938,0.004094350444521588,0.014483333333333334,0.05,0.05,0.009310821064164474,1.6062797435953484,1.7467229975506358,0.2657976913609099,0.048480897208318184,1.0,1.0,0.0,0.0,0.08028571428571428,0.2857142857142857,0.2857142857142857,0.052906540624164104,0.0,0.0,0.0,0.0,0.0,0.0,0.0,0.0,0.0,0.0,0.0,0.0,0.0,0.0,0.0,0.0,0.0,0.0,0.0,0.0,stable,stable
38,500,240,modular,6,0.08,0.004,0.12,0,10.0,0.72,0.22,False,static,1.0,False,False,1.0,default,default,0.6525833333333333,0.8208333333333333,0.19166666666666676,0.03139234248454018,0.2704166666666667,0.37916666666666665,0.175,0.02802838343140356,0.077,0.15833333333333333,0.09583333333333335,0.017087194685559776,0.31324042416388315,0.4434294541318871,0.16886263593091977,0.031347374976172696,0.31334465500687164,0.4434294541318871,0.16886263593091977,0.031412189753427106,0.013055771853165428,0.043805449641254234,0.022639390019309938,0.004046949784185616,0.01355,0.041666666666666664,0.0375,0.008799952651387772,1.6093825387977208,1.808136352042499,0.26473203441931537,0.05033722444438708,1.0,1.0,0.0,0.0,0.0747142857142857,0.25,0.21428571428571427,0.04633969515371001,0.0,0.0,0.0,0.0,0.0,0.0,0.0,0.0,0.0,0.0,0.0,0.0,0.0,0.0,0.0,0.0,0.0,0.0,0.0,0.0,stable,stable
39,500,240,modular,6,0.08,0.004,0.12,0,10.0,0.72,0.22,False,static,1.0,False,False,1.0,default,default,0.6477833333333333,0.7916666666666666,0.19166666666666665,0.02884614840455789,0.27153333333333335,0.35833333333333334,0.17083333333333334,0.026479740683523822,0.08068333333333333,0.12916666666666668,0.1,0.016861107450118585,0.31775256756388215,0.41743537939314096,0.1638587979871135,0.029801699048323065,0.3176110284174561,0.41743537939314096,0.1638587979871135,0.02995898706256924,0.013431324820484395,0.03392748614867505,0.021893752843542343,0.0039667655987015325,0.013016666666666666,0.041666666666666664,0.041666666666666664,0.0079719821876369,1.6069073021280464,1.7557011033125938,0.2731129844331961,0.046765377565938404,1.0,1.0,0.0,0.0,0.08314285714285714,0.25,0.25,0.051065384257711746,0.0,0.0,0.0,0.0,0.0,0.0,0.0,0.0,0.0,0.0,0.0,0.0,0.0,0.0,0.0,0.0,0.0,0.0,0.0,0.0,stable,stable
40,500,240,modular,6,0.08,0.004,0.12,0,10.0,0.72,0.22,False,static,1.0,False,False,1.0,default,default,0.6513500000000001,0.7708333333333334,0.14583333333333326,0.030102551571438443,0.26915,0.3625,0.13749999999999998,0.027746616410334112,0.0795,0.12916666666666668,0.1,0.017951323071016243,0.3190298111018813,0.40446330714042605,0.15078707571494546,0.031059953860253838,0.31906014888467543,0.40446330714042605,0.15078707571494546,0.03106996198399117,0.013913199971203487,0.030498549026077897,0.0222540794452466,0.004283654850901064,0.013733333333333334,0.04583333333333333,0.0375,0.008740455111466197,1.6195731971065717,1.7666987648358998,0.25230401784942513,0.04959777267706815,1.0,1.0,0.0,0.0,0.07928571428571428,0.2857142857142857,0.2857142857142857,0.049223563297200144,0.0,0.0,0.0,0.0,0.0,0.0,0.0,0.0,0.0,0.0,0.0,0.0,0.0,0.0,0.0,0.0,0.0,0.0,0.0,0.0,stable,stable
41,500,240,modular,6,0.08,0.004,0.12,0,10.0,0.72,0.22,False,static,1.0,False,False,1.0,default,default,0.6562666666666667,0.7875,0.15416666666666656,0.03143831703157435,0.26541666666666663,0.3625,0.15416666666666665,0.02860713294889153,0.07831666666666666,0.12916666666666668,0.09583333333333335,0.018496613804213524,0.3069266278746438,0.3994063606911565,0.15989850800541183,0.03251826894637922,0.3070715633705606,0.3994063606911565,0.15989850800541183,0.03244705219366023,0.01213924225106002,0.02837002912136936,0.021969405729760666,0.0040290339756191154,0.011783333333333333,0.05416666666666667,0.05416666666666667,0.008273132551955288,1.6105177765015604,1.7752645054308664,0.26845144793766984,0.051675131922914,1.0,1.0,0.0,0.0,0.07485714285714284,0.25,0.21428571428571427,0.04649423927449814,0.0,0.0,0.0,0.0,0.0,0.0,0.0,0.0,0.0,0.0,0.0,0.0,0.0,0.0,0.0,0.0,0.0,0.0,0.0,0.0,stable,stable
42,500,240,modular,6,0.08,0.004,0.12,0,10.0,0.72,0.22,False,static,1.0,False,False,1.0,default,default,0.6477833333333333,0.7958333333333333,0.15000000000000002,0.03150864519813923,0.27259999999999995,0.3625,0.175,0.030123652574753353,0.07961666666666666,0.14583333333333334,0.11250000000000002,0.01884528381909443,0.3142037631336868,0.4135063125790412,0.15579435331952424,0.0316746344810644,0.314276813434669,0.4135063125790412,0.15579435331952424,0.03172625873172643,0.01298363456071041,0.032472157286123515,0.020890901142197497,0.0040469203216706336,0.013066666666666666,0.041666666666666664,0.041666666666666664,0.008454847393326768,1.6439301846750896,1.813702780180698,0.23683664793881154,0.05141915502007265,1.0,1.0,0.0,0.0,0.0747142857142857,0.32142857142857145,0.25,0.04442857142857142,0.0,0.0,0.0,0.0,0.0,0.0,0.0,0.0,0.0,0.0,0.0,0.0,0.0,0.0,0.0,0.0,0.0,0.0,0.0,0.0,stable,stable
43,500,240,modular,6,0.08,0.004,0.12,0,10.0,0.72,0.22,False,static,1.0,False,False,1.0,default,default,0.6484500000000001,0.8208333333333333,0.17500000000000004,0.031717507433242254,0.27145,0.375,0.19583333333333333,0.029452791793723808,0.08009999999999999,0.1375,0.10833333333333334,0.01760179915046565,0.32114399787273623,0.4139396811580887,0.17283080917196394,0.03183807901471979,0.32122197492782173,0.4139396811580887,0.17283080917196394,0.03181699952871567,0.014195417423027781,0.033331908818608806,0.024720877170554642,0.004294257615356081,0.013883333333333333,0.041666666666666664,0.041666666666666664,0.008569341346399447,1.6306511792370482,1.7741876722991268,0.26292538070262217,0.05180457798800571,1.0,1.0,0.0,0.0,0.07757142857142856,0.2857142857142857,0.2857142857142857,0.04936349969401295,0.0,0.0,0.0,0.0,0.0,0.0,0.0,0.0,0.0,0.0,0.0,0.0,0.0,0.0,0.0,0.0,0.0,0.0,0.0,0.0,stable,stable
44,500,240,modular,6,0.08,0.004,0.12,0,10.0,0.72,0.22,False,static,1.0,False,False,1.0,default,default,0.64795,0.8375,0.16666666666666663,0.030106851379710895,0.27126666666666666,0.3625,0.1583333333333333,0.028246553378735918,0.08078333333333333,0.14583333333333334,0.10416666666666669,0.017198522223338456,0.32116822457988575,0.44785995707125703,0.1993702950159524,0.03139536699040029,0.32106575360363265,0.44785995707125703,0.1993702950159524,0.03155606370997642,0.014163267226621624,0.04580920724650482,0.03921908144007492,0.004833737846326816,0.013550000000000001,0.05,0.05,0.008161239693412597,1.6407548285620064,1.8160120514275142,0.2757484322635453,0.04880276251311768,1.0,1.0,0.0,0.0,0.08028571428571428,0.25,0.25,0.05271331783857871,0.0,0.0,0.0,0.0,0.0,0.0,0.0,0.0,0.0,0.0,0.0,0.0,0.0,0.0,0.0,0.0,0.0,0.0,0.0,0.0,stable,stable
45,500,240,modular,6,0.08,0.004,0.12,0,10.0,0.72,0.22,False,static,1.0,False,False,1.0,default,default,0.6473,0.8125,0.1625000000000001,0.030895235159415044,0.27181666666666665,0.3458333333333333,0.16666666666666666,0.028789316112443907,0.08088333333333332,0.14583333333333334,0.09166666666666667,0.016969261425687724,0.3228551786398453,0.41541584477843935,0.1552323489191281,0.030750368124806263,0.3230453901988285,0.41541584477843935,0.1552323489191281,0.030740407931922033,0.014413317385425853,0.03377130052422952,0.023625382044997992,0.004411063885124334,0.014683333333333333,0.04583333333333333,0.04583333333333333,0.00909195309661852,1.6270402372166795,1.7879958545361865,0.2618399660690882,0.050250529253797666,1.0,1.0,0.0,0.0,0.07228571428571427,0.32142857142857145,0.17857142857142858,0.04780146014335477,0.0,0.0,0.0,0.0,0.0,0.0,0.0,0.0,0.0,0.0,0.0,0.0,0.0,0.0,0.0,0.0,0.0,0.0,0.0,0.0,stable,stable
46,500,240,modular,6,0.08,0.004,0.12,0,10.0,0.72,0.22,False,static,1.0,False,False,1.0,default,default,0.6485833333333333,0.8125,0.16249999999999998,0.03097725420010266,0.2712333333333333,0.3458333333333333,0.14583333333333331,0.02770090251237313,0.08018333333333334,0.14166666666666666,0.10416666666666669,0.018234803414228395,0.3169742485894032,0.41040685568623825,0.1476202972169509,0.03071906292159745,0.31683288986357616,0.41040685568623825,0.1476202972169509,0.030892332974356954,0.01338739886364729,0.03176157561348128,0.020261903791671095,0.0041148311667680215,0.0135,0.05416666666666667,0.05416666666666667,0.007973915809270458,1.6084368853211022,1.7544872270062237,0.26489614989159516,0.0505498068915865,1.0,1.0,0.0,0.0,0.07942857142857143,0.2857142857142857,0.2857142857142857,0.04956216463458094,0.0,0.0,0.0,0.0,0.0,0.0,0.0,0.0,0.0,0.0,0.0,0.0,0.0,0.0,0.0,0.0,0.0,0.0,0.0,0.0,stable,stable
47,500,240,modular,6,0.08,0.004,0.12,0,10.0,0.72,0.22,False,static,1.0,False,False,1.0,default,default,0.6504333333333333,0.8,0.17083333333333328,0.02985299166098954,0.27243333333333336,0.3625,0.14583333333333334,0.02762488813451458,0.07713333333333333,0.13333333333333333,0.10416666666666666,0.01758800096025065,0.3148829891005709,0.4064797033046442,0.18147972174036645,0.03003808019476292,0.31498222760452427,0.4064797033046442,0.18147972174036645,0.02999757224464921,0.01316671423905411,0.0307328282629225,0.025546388385226704,0.003891585852573567,0.013149999999999998,0.0625,0.04583333333333333,0.00869592816590999,1.6163481172595693,1.752564781033424,0.29397043555209135,0.0489891837881722,1.0,1.0,0.0,0.0,0.07699999999999999,0.2857142857142857,0.21428571428571427,0.05105599167300823,0.0,0.0,0.0,0.0,0.0,0.0,0.0,0.0,0.0,0.0,0.0,0.0,0.0,0.0,0.0,0.0,0.0,0.0,0.0,0.0,stable,stable
48,500,240,modular,6,0.08,0.004,0.12,0,10.0,0.72,0.22,False,static,1.0,False,False,1.0,default,default,0.6514500000000001,0.7791666666666667,0.14583333333333337,0.028294978942090297,0.27015,0.3625,0.11666666666666664,0.025680023580812988,0.0784,0.1375,0.09583333333333333,0.016699001966185484,0.31121520653565893,0.4048726146578412,0.15754426287366005,0.028698527353481648,0.3112967864370634,0.4048726146578412,0.15754426287366005,0.028698266698970992,0.012509776555039969,0.029878565387026858,0.023488213889849736,0.003703879611208242,0.013016666666666666,0.0375,0.0375,0.00801541916835573,1.6336132928939315,1.787102516576781,0.26697928355744627,0.046740342976555854,1.0,1.0,0.0,0.0,0.07971428571428571,0.25,0.25,0.0495152007169598,0.0,0.0,0.0,0.0,0.0,0.0,0.0,0.0,0.0,0.0,0.0,0.0,0.0,0.0,0.0,0.0,0.0,0.0,0.0,0.0,stable,stable
49,500,240,modular,6,0.08,0.004,0.12,0,10.0,0.72,0.22,False,static,1.0,False,False,1.0,default,default,0.64825,0.8166666666666667,0.1875,0.030407989629920182,0.2727333333333333,0.375,0.17083333333333334,0.028734918749764294,0.07901666666666667,0.1375,0.07916666666666666,0.016173271846544292,0.3139699180393146,0.41289776833454567,0.18211600070508788,0.0294684918460972,0.31404570347106897,0.41289776833454567,0.18211600070508788,0.029518542332011816,0.012908325512520915,0.032364418605563126,0.026924559253524737,0.0038130766650900736,0.012766666666666666,0.04583333333333333,0.04583333333333333,0.008278888814327682,1.6074741596758102,1.7718928599998711,0.2870778423627651,0.04768458674626899,1.0,1.0,0.0,0.0,0.08014285714285714,0.2857142857142857,0.2857142857142857,0.051513620152581874,0.0,0.0,0.0,0.0,0.0,0.0,0.0,0.0,0.0,0.0,0.0,0.0,0.0,0.0,0.0,0.0,0.0,0.0,0.0,0.0,stable,stable
50,500,240,modular,6,0.08,0.004,0.12,0,10.0,0.72,0.22,False,static,1.0,False,False,1.0,default,default,0.6463833333333333,0.7833333333333333,0.1791666666666667,0.03336940131983858,0.27163333333333334,0.3458333333333333,0.15833333333333335,0.03080266943698946,0.08198333333333334,0.12916666666666668,0.09166666666666667,0.01771055084154954,0.32844509092365554,0.41172978652134823,0.17773501844825823,0.03416235953197404,0.3286104776865367,0.41172978652134823,0.17773501844825823,0.03407621902877675,0.01558075732131364,0.03306343156980192,0.027261601858954272,0.005186032736231024,0.015716666666666664,0.05416666666666667,0.05416666666666667,0.010020825537072503,1.6316806796435963,1.7559843082334907,0.26372959248196537,0.05373188539327944,1.0,1.0,0.0,0.0,0.08842857142857141,0.25,0.25,0.05413305602958363,0.0,0.0,0.0,0.0,0.0,0.0,0.0,0.0,0.0,0.0,0.0,0.0,0.0,0.0,0.0,0.0,0.0,0.0,0.0,0.0,stable,stable
1,500,240,modular,6,0.08,0.004,0.12,4,10.0,0.72,0.22,True,static,1.0,False,False,1.0,default,default,0.37981666666666664,0.8333333333333334,0.14583333333333337,0.024476343454218993,0.3670833333333334,0.44166666666666665,0.14166666666666666,0.025574645647594024,0.25310000000000005,0.42083333333333334,0.15833333333333333,0.022863751028890933,0.6411310186787189,0.8373928286798874,0.17059278459511762,0.03094921547413001,0.6415472315917853,0.8373928286798874,0.17059278459511762,0.031059093362617914,0.23774746713615605,0.572615259062863,0.2632728978992457,0.048818023364189674,0.23771666666666666,0.6333333333333333,0.275,0.05380412262188754,2.1320705073151576,2.3954036187186842,0.25189022563883756,0.04497237047474404,1.0,1.0,0.0,0.0,0.29957142857142854,0.5357142857142857,0.4285714285714286,0.07796401577075183,0.0,0.0,0.0,0.0,0.0,0.0,0.0,0.0,0.0,0.0,0.0,0.0,0.0,0.0,0.0,0.0,0.0,0.0,0.0,0.0,oscillatory,runaway
2,500,240,modular,6,0.08,0.004,0.12,4,10.0,0.72,0.22,True,static,1.0,False,False,1.0,default,default,0.36783333333333335,0.7875,0.14583333333333331,0.02308258121518379,0.38856666666666667,0.48333333333333334,0.15000000000000002,0.026530401848110445,0.24359999999999998,0.3541666666666667,0.11666666666666664,0.02240128964541501,0.6342411346006325,0.7968363904724831,0.14554496573168274,0.027082002888072828,0.6346306150999035,0.7968363904724831,0.14554496573168274,0.027011860695609125,0.22138318148385655,0.5013761381690001,0.21680085351728634,0.04130810810953578,0.21856666666666666,0.5208333333333334,0.2791666666666667,0.04732571534940949,2.1334583713182727,2.344168610650498,0.25564370002130743,0.041430278370288696,1.0,1.0,0.0,0.0,0.21842857142857142,0.5,0.3214285714285714,0.060509570840201025,0.0,0.0,0.0,0.0,0.0,0.0,0.0,0.0,0.0,0.0,0.0,0.0,0.0,0.0,0.0,0.0,0.0,0.0,0.0,0.0,stable,stable
3,500,240,modular,6,0.08,0.004,0.12,4,10.0,0.72,0.22,True,static,1.0,False,False,1.0,default,default,0.35719999999999996,0.8,0.12083333333333335,0.022778376685893234,0.42923333333333336,0.5,0.125,0.024386836157603096,0.21356666666666665,0.4,0.12083333333333335,0.021437272836502937,0.6084306757375502,0.8104424841882599,0.13093715027456598,0.027595282497127255,0.6089547304022056,0.8104424841882599,0.13093715027456598,0.02759357544032305,0.18420627927912217,0.5218109406460129,0.18224544060459757,0.03774789256679852,0.18284999999999998,0.5208333333333334,0.24166666666666667,0.04501823396012874,2.141186184439711,2.3436405041126482,0.2249577208008091,0.04106627417679366,1.0,1.0,0.0,0.0,0.2521428571428571,0.4642857142857143,0.3214285714285714,0.05847116854502233,0.0,0.0,0.0,0.0,0.0,0.0,0.0,0.0,0.0,0.0,0.0,0.0,0.0,0.0,0.0,0.0,0.0,0.0,0.0,0.0,stable,oscillatory
4,500,240,modular,6,0.08,0.004,0.12,4,10.0,0.72,0.22,True,static,1.0,False,False,1.0,default,default,0.3722166666666667,0.7791666666666667,0.1291666666666667,0.02314724005626205,0.43989999999999996,0.5166666666666667,0.14583333333333337,0.02546655759138945,0.18788333333333332,0.36666666666666664,0.12916666666666665,0.021423124836908777,0.5928322028894546,0.7811522696618876,0.1771656347261219,0.028741104134198735,0.5927402111394633,0.7811522696618876,0.18081896487377802,0.02911997746895315,0.1647801410104508,0.47949782889733916,0.24636607902847224,0.03750597891940331,0.1618333333333333,0.5,0.25416666666666665,0.04317889144786682,2.1153387350855084,2.338736142848946,0.23607623361655206,0.04151361839578578,1.0,1.0,0.0,0.0,0.22857142857142856,0.4642857142857143,0.3928571428571429,0.07235118435486057,0.0,0.0,0.0,0.0,0.0,0.0,0.0,0.0,0.0,0.0,0.0,0.0,0.0,0.0,0.0,0.0,0.0,0.0,0.0,0.0,stable,oscillatory
5,500,240,modular,6,0.08,0.004,0.12,4,10.0,0.72,0.22,True,static,1.0,False,False,1.0,default,default,0.3689666666666667,0.7666666666666667,0.11249999999999999,0.02270252066279083,0.40441666666666665,0.4708333333333333,0.1333333333333333,0.023493645713019696,0.22661666666666666,0.4166666666666667,0.11249999999999999,0.02060434824658782,0.6144927542869902,0.7959885797802684,0.1556595071108402,0.027481038653661576,0.6145548836514916,0.7959885797802684,0.1556595071108402,0.027677551018902576,0.19119634628872553,0.497571531411249,0.22196733558352794,0.03918901800888536,0.19191666666666665,0.5083333333333333,0.2583333333333333,0.04524785139159157,2.103042130693381,2.308963377986082,0.2170077539680597,0.04022238427194782,1.0,1.0,0.0,0.0,0.2611428571428572,0.4642857142857143,0.2857142857142857,0.06576333573147436,0.0,0.0,0.0,0.0,0.0,0.0,0.0,0.0,0.0,0.0,0.0,0.0,0.0,0.0,0.0,0.0,0.0,0.0,0.0,0.0,stable,runaway
6,500,240,modular,6,0.08,0.004,0.12,4,10.0,0.72,0.22,True,static,1.0,False,False,1.0,default,default,0.34631666666666666,0.7958333333333333,0.15833333333333338,0.025543584756690323,0.41529999999999995,0.48333333333333334,0.14583333333333331,0.024651887464361737,0.23838333333333334,0.3333333333333333,0.13333333333333333,0.02268712924398619,0.641050141087516,0.7437191558470494,0.1870930736387093,0.029964326899430654,0.6405133974005064,0.7437191558470494,0.1870930736387093,0.029521063598015443,0.2302903014384409,0.40928185127422073,0.27097409451925636,0.0456533746964244,0.22885,0.3875,0.25416666666666665,0.052077370325315,2.1533225370790734,2.2778047799902152,0.25889780165655596,0.04644623499838208,1.0,1.0,0.0,0.0,0.2738571428571429,0.5,0.3214285714285714,0.057739916515212195,0.0,0.0,0.0,0.0,0.0,0.0,0.0,0.0,0.0,0.0,0.0,0.0,0.0,0.0,0.0,0.0,0.0,0.0,0.0,0.0,stable,oscillatory
7,500,240,modular,6,0.08,0.004,0.12,4,10.0,0.72,0.22,True,static,1.0,False,False,1.0,default,default,0.39146666666666663,0.8416666666666667,0.1166666666666667,0.02409100800437098,0.3923833333333333,0.4666666666666667,0.12083333333333329,0.023569642669237806,0.21614999999999998,0.35833333333333334,0.10833333333333331,0.02144624416742682,0.6057382785113363,0.7770336927817791,0.1513562629834424,0.03009417875234726,0.6058324217947612,0.7770336927817791,0.15619293432227,0.03032554212011634,0.18595355228994756,0.48242363092522605,0.2180671869916285,0.04246811017741161,0.1866,0.44583333333333336,0.2625,0.047733589384788104,2.100782677912999,2.290560685973567,0.22894583193867923,0.04511809799618505,1.0,1.0,0.0,0.0,0.27214285714285713,0.5,0.39285714285714285,0.07217114014194147,0.0,0.0,0.0,0.0,0.0,0.0,0.0,0.0,0.0,0.0,0.0,0.0,0.0,0.0,0.0,0.0,0.0,0.0,0.0,0.0,stable,stable
8,500,240,modular,6,0.08,0.004,0.12,4,10.0,0.72,0.22,True,static,1.0,False,False,1.0,default,default,0.3558333333333334,0.8,0.1333333333333333,0.02317206172191945,0.43598333333333333,0.5,0.13333333333333336,0.025652425702931962,0.20818333333333333,0.375,0.12916666666666665,0.021906803864451693,0.6254136808130931,0.7518322144284517,0.15814820899033155,0.028836444091949368,0.6249214084486345,0.7518322144284517,0.15814820899033155,0.02905156979057661,0.21061743171129677,0.431824405297592,0.22496249434819632,0.04374971400289075,0.21251666666666666,0.49166666666666664,0.22083333333333333,0.05005205345992865,2.0937828208226494,2.2573808764352292,0.23445582258539654,0.04084011461681549,1.0,1.0,0.0,0.0,0.2464285714285714,0.5,0.4642857142857143,0.06641320866901618,0.0,0.0,0.0,0.0,0.0,0.0,0.0,0.0,0.0,0.0,0.0,0.0,0.0,0.0,0.0,0.0,0.0,0.0,0.0,0.0,stable,oscillatory
9,500,240,modular,6,0.08,0.004,0.12,4,10.0,0.72,0.22,True,static,1.0,False,False,1.0,default,default,0.3708333333333333,0.7583333333333333,0.12083333333333329,0.02374342014116753,0.41873333333333335,0.48333333333333334,0.1375,0.026191728974366443,0.21043333333333333,0.3875,0.10416666666666669,0.020416659863944444,0.6196131902467914,0.8099512542169596,0.1418145727282878,0.027055140931290404,0.6193108419601131,0.8099512542169596,0.1418145727282878,0.02680427657233252,0.20044528828485836,0.526169285127868,0.2046456442883759,0.03859811934982126,0.2001,0.5416666666666666,0.22083333333333333,0.044114636019252286,2.1246092577565334,2.3475093220300773,0.23827375424588837,0.04117350670018529,1.0,1.0,0.0,0.0,0.22171428571428572,0.5,0.3214285714285714,0.06132815713147475,0.0,0.0,0.0,0.0,0.0,0.0,0.0,0.0,0.0,0.0,0.0,0.0,0.0,0.0,0.0,0.0,0.0,0.0,0.0,0.0,stable,stable
10,500,240,modular,6,0.08,0.004,0.12,4,10.0,0.72,0.22,True,static,1.0,False,False,1.0,default,default,0.35098333333333337,0.7875,0.1291666666666667,0.02324249580211022,0.4386666666666667,0.5041666666666667,0.1375,0.02490035698093057,0.21035,0.38333333333333336,0.10416666666666669,0.021435361490355655,0.636639829170582,0.815522468549318,0.14519621805824034,0.02802767880544477,0.6369636731809719,0.815522468549318,0.14519621805824034,0.027634534597511373,0.23024692064416924,0.5422341567612802,0.22768392566536924,0.04356755440608565,0.23051666666666665,0.5583333333333333,0.26666666666666666,0.05025542812030911,2.1423198214709194,2.3486795967290512,0.22859694329024327,0.04107274992970256,1.0,1.0,0.0,0.0,0.22885714285714287,0.5,0.3571428571428571,0.06430095057538388,0.0,0.0,0.0,0.0,0.0,0.0,0.0,0.0,0.0,0.0,0.0,0.0,0.0,0.0,0.0,0.0,0.0,0.0,0.0,0.0,stable,stable
11,500,240,modular,6,0.08,0.004,0.12,4,10.0,0.72,0.22,True,static,1.0,False,False,1.0,default,default,0.38454999999999995,0.8166666666666667,0.14583333333333331,0.026330806840825994,0.4152833333333333,0.4791666666666667,0.12916666666666665,0.024388983168635792,0.2001666666666667,0.38333333333333336,0.12916666666666668,0.02178429607665934,0.6076200684591255,0.8051061114545115,0.17799274739317728,0.031121078727226543,0.6076403475940376,0.8051061114545115,0.17799274739317728,0.03136866221124477,0.18441307289387152,0.5171851169814384,0.2314613088888957,0.0423789012540582,0.18275,0.5708333333333333,0.23333333333333334,0.04972710249172198,2.0836356673191014,2.3422760903252855,0.25235438124549114,0.04667241351788395,1.0,1.0,0.0,0.0,0.335,0.5357142857142857,0.35714285714285715,0.06741964226592503,0.0,0.0,0.0,0.0,0.0,0.0,0.0,0.0,0.0,0.0,0.0,0.0,0.0,0.0,0.0,0.0,0.0,0.0,0.0,0.0,stable,oscillatory
12,500,240,modular,6,0.08,0.004,0.12,4,10.0,0.72,0.22,True,static,1.0,False,False,1.0,default,default,0.3727833333333333,0.7708333333333334,0.13333333333333336,0.023523398516748763,0.39163333333333333,0.4583333333333333,0.12916666666666665,0.02475432622122175,0.23558333333333337,0.3875,0.10833333333333336,0.02088343974434182,0.637448742618871,0.8304513161438783,0.166545022479061,0.02859137273456808,0.6365846471146963,0.8304513161438783,0.166545022479061,0.02820904125953592,0.2274299910312461,0.5583410616751753,0.2512287713417538,0.044293972237107224,0.22761666666666666,0.525,0.2666666666666666,0.05164004959546633,2.1069936341703723,2.3218715906388683,0.26488725267708624,0.041122958691630275,1.0,1.0,0.0,0.0,0.209,0.4642857142857143,0.3571428571428571,0.05957005822336162,0.0,0.0,0.0,0.0,0.0,0.0,0.0,0.0,0.0,0.0,0.0,0.0,0.0,0.0,0.0,0.0,0.0,0.0,0.0,0.0,stable,stable
13,500,240,modular,6,0.08,0.004,0.12,4,10.0,0.72,0.22,True,static,1.0,False,False,1.0,default,default,0.38039999999999996,0.8291666666666667,0.125,0.022561791694022098,0.40126666666666666,0.475,0.13749999999999996,0.024926135324639116,0.21833333333333332,0.375,0.12083333333333335,0.021311186420907367,0.6133441095424437,0.7855176032132171,0.15430176954485697,0.028434586409768862,0.6141403651969193,0.7855176032132171,0.15430176954485697,0.028485038132481773,0.19481719351461327,0.4907898835840484,0.2032330971264274,0.040408721723024975,0.19526666666666667,0.5208333333333334,0.2583333333333333,0.04929881675388703,2.1461794822296216,2.343338568026049,0.21185541670432873,0.04139348943938029,1.0,1.0,0.0,0.0,0.28071428571428575,0.5,0.39285714285714285,0.06260093889887282,0.0,0.0,0.0,0.0,0.0,0.0,0.0,0.0,0.0,0.0,0.0,0.0,0.0,0.0,0.0,0.0,0.0,0.0,0.0,0.0,stable,oscillatory
14,500,240,modular,6,0.08,0.004,0.12,4,10.0,0.72,0.22,True,static,1.0,False,False,1.0,default,default,0.38205,0.7708333333333334,0.14166666666666666,0.02503509203764455,0.394,0.4666666666666667,0.15833333333333338,0.024717290394467687,0.22394999999999998,0.36666666666666664,0.11250000000000002,0.02046528904158345,0.6033591262625182,0.7960912359642066,0.17140361775072344,0.0287959821104955,0.6036388331075584,0.7960912359642066,0.17140361775072344,0.029365101881147552,0.17824099605930535,0.5019594845400753,0.21443747242618333,0.03894285046126294,0.17733333333333334,0.5416666666666666,0.25416666666666665,0.04691866484791645,2.082019630727906,2.2989888228644255,0.2601456354823972,0.04379139218979424,1.0,1.0,0.0,0.0,0.26928571428571435,0.5,0.39285714285714285,0.06492145961365431,0.0,0.0,0.0,0.0,0.0,0.0,0.0,0.0,0.0,0.0,0.0,0.0,0.0,0.0,0.0,0.0,0.0,0.0,0.0,0.0,stable,stable
15,500,240,modular,6,0.08,0.004,0.12,4,10.0,0.72,0.22,True,static,1.0,False,False,1.0,default,default,0.3597666666666667,0.7791666666666667,0.16666666666666669,0.02703703221714823,0.4448333333333333,0.5208333333333334,0.14999999999999997,0.02801487700014643,0.1954,0.4083333333333333,0.09999999999999998,0.020654727734293128,0.6103094948953524,0.8294193519458914,0.16799675959661797,0.029662724552461994,0.6101337214579596,0.8294193519458914,0.16799675959661797,0.02980423686396191,0.1873060509810656,0.552314190432492,0.2178629974681986,0.04076212965257601,0.18921666666666667,0.5416666666666666,0.2541666666666667,0.048797031444318184,2.1299163778339705,2.3929258254487125,0.2669856428382513,0.045533369404893345,1.0,1.0,0.0,0.0,0.1977142857142857,0.5357142857142857,0.32142857142857145,0.06437200557727572,0.0,0.0,0.0,0.0,0.0,0.0,0.0,0.0,0.0,0.0,0.0,0.0,0.0,0.0,0.0,0.0,0.0,0.0,0.0,0.0,stable,runaway
16,500,240,modular,6,0.08,0.004,0.12,4,10.0,0.72,0.22,True,static,1.0,False,False,1.0,default,default,0.37171666666666664,0.7875,0.28750000000000003,0.07491929175971819,0.38355,0.4583333333333333,0.14166666666666666,0.027611294991562983,0.24473333333333336,0.4583333333333333,0.2875,0.08513901051287308,0.6585513314991255,0.8951038834537856,0.43978674039549986,0.128192931117333,0.6610694519888661,0.8951038834537856,0.43978674039549986,0.12683893948429034,0.3091083220008626,0.6377697150602077,0.517536011180215,0.15629026805294424,0.31045000000000006,0.6833333333333333,0.5708333333333334,0.15769355038597277,2.1741259456721544,2.482227370878478,0.6199830707695941,0.16795435746726833,1.0,1.0,0.0,0.0,0.32142857142857145,0.6428571428571429,0.5714285714285714,0.1365762103167671,0.0,0.0,0.0,0.0,0.0,0.0,0.0,0.0,0.0,0.0,0.0,0.0,0.0,0.0,0.0,0.0,0.0,0.0,0.0,0.0,runaway,runaway
17,500,240,modular,6,0.08,0.004,0.12,4,10.0,0.72,0.22,True,static,1.0,False,False,1.0,default,default,0.3639,0.8166666666666667,0.14583333333333331,0.023383541220268585,0.43698333333333333,0.5041666666666667,0.14166666666666666,0.02490141116036956,0.19911666666666664,0.4125,0.1,0.020662237428593147,0.5956543409298674,0.8136253513219404,0.1668755386054429,0.026810163717515517,0.5955811771250412,0.8136253513219404,0.1668755386054429,0.02676140083184962,0.1637412738175762,0.5180223042350774,0.2164953534140297,0.03389627130923175,0.16413333333333333,0.5083333333333333,0.2791666666666667,0.04266600259899886,2.1504701941724993,2.4106136171669803,0.2793130030766391,0.04228536829225361,1.0,1.0,0.0,0.0,0.24871428571428572,0.4642857142857143,0.3928571428571429,0.0600457308717145,0.0,0.0,0.0,0.0,0.0,0.0,0.0,0.0,0.0,0.0,0.0,0.0,0.0,0.0,0.0,0.0,0.0,0.0,0.0,0.0,stable,runaway
18,500,240,modular,6,0.08,0.004,0.12,4,10.0,0.72,0.22,True,static,1.0,False,False,1.0,default,default,0.39083333333333337,0.875,0.14583333333333331,0.02290984747027162,0.41633333333333333,0.4875,0.12916666666666665,0.023277313705265337,0.1928333333333333,0.3541666666666667,0.1333333333333333,0.02026285600139658,0.5919077158153161,0.7779017076107911,0.1578994591048225,0.02773710335605169,0.592005832461716,0.7779017076107911,0.1578994591048225,0.027537230005722065,0.16552054711464986,0.47969084377201937,0.20605272795526483,0.0358812225385063,0.16605,0.5,0.28750000000000003,0.04583145753737273,2.075197878434957,2.3077449470427975,0.2348763556196476,0.04189406938762748,1.0,1.0,0.0,0.0,0.17557142857142854,0.39285714285714285,0.32142857142857145,0.06473005169036045,0.0,0.0,0.0,0.0,0.0,0.0,0.0,0.0,0.0,0.0,0.0,0.0,0.0,0.0,0.0,0.0,0.0,0.0,0.0,0.0,stable,oscillatory
19,500,240,modular,6,0.08,0.004,0.12,4,10.0,0.72,0.22,True,static,1.0,False,False,1.0,default,default,0.37456666666666666,0.8166666666666667,0.13333333333333336,0.024502403510222783,0.40670000000000006,0.475,0.12916666666666665,0.0247509595773578,0.21873333333333334,0.32916666666666666,0.11249999999999999,0.02007018241626673,0.6183981895374088,0.7273229240324248,0.1683965080793185,0.027810650285187342,0.6185869310290386,0.7273229240324248,0.1683965080793185,0.02784764011905673,0.19825166149547852,0.3811396082162362,0.2448309528401343,0.04026475789848276,0.19818333333333335,0.37083333333333335,0.24583333333333335,0.04420083269703311,2.1373743746949305,2.2667245025753084,0.2487557501524309,0.043811500128401425,1.0,1.0,0.0,0.0,0.337,0.5357142857142857,0.39285714285714285,0.06583358735850414,0.0,0.0,0.0,0.0,0.0,0.0,0.0,0.0,0.0,0.0,0.0,0.0,0.0,0.0,0.0,0.0,0.0,0.0,0.0,0.0,stable,stable
20,500,240,modular,6,0.08,0.004,0.12,4,10.0,0.72,0.22,True,static,1.0,False,False,1.0,default,default,0.39936666666666665,0.7833333333333333,0.14166666666666666,0.02548722991791946,0.37511666666666665,0.4666666666666667,0.16666666666666669,0.023997690861136345,0.22551666666666664,0.39166666666666666,0.12916666666666668,0.022643302909837747,0.611283277955685,0.816646109991468,0.16257654648714048,0.03127401457365888,0.6115499655686364,0.816646109991468,0.16257654648714048,0.031219818058346838,0.19169615309071714,0.5401822625807393,0.2323201002394076,0.0439949873012768,0.19106666666666666,0.55,0.30000000000000004,0.050272048783482945,2.0681015100509783,2.3316369944010145,0.25399102110409943,0.047070603470906226,1.0,1.0,0.0,0.0,0.258,0.5,0.3928571428571429,0.06864044146187896,0.0,0.0,0.0,0.0,0.0,0.0,0.0,0.0,0.0,0.0,0.0,0.0,0.0,0.0,0.0,0.0,0.0,0.0,0.0,0.0,stable,oscillatory
21,500,240,modular,6,0.08,0.004,0.12,4,10.0,0.72,0.22,True,static,1.0,False,False,1.0,default,default,0.37681666666666674,0.7958333333333333,0.15833333333333333,0.025176427466977912,0.4002,0.4791666666666667,0.17083333333333334,0.026808767222682956,0.22298333333333334,0.3541666666666667,0.12916666666666665,0.021223735402714678,0.6257942343069791,0.7637646974496586,0.15882618417586347,0.02918722879657651,0.6260824677846947,0.7637646974496586,0.15882618417586347,0.02903965058884783,0.2113109923558327,0.4510223265280376,0.23221402491581905,0.043109832180677994,0.21231666666666665,0.43333333333333335,0.31666666666666665,0.052687835935399316,2.1250381979567745,2.278606067563931,0.2682678005152632,0.04418158181070303,1.0,1.0,0.0,0.0,0.21814285714285714,0.4642857142857143,0.3928571428571429,0.06452669120256377,0.0,0.0,0.0,0.0,0.0,0.0,0.0,0.0,0.0,0.0,0.0,0.0,0.0,0.0,0.0,0.0,0.0,0.0,0.0,0.0,stable,oscillatory
22,500,240,modular,6,0.08,0.004,0.12,4,10.0,0.72,0.22,True,static,1.0,False,False,1.0,default,default,0.3543333333333334,0.7583333333333333,0.15833333333333333,0.022616365755797282,0.41255000000000003,0.4875,0.14999999999999997,0.024814539868570785,0.23311666666666667,0.3875,0.125,0.02056210781456458,0.6315059196645191,0.7859374475132701,0.13937032295521645,0.026560569792914577,0.6318546553142484,0.7859374475132701,0.13937032295521645,0.02639217771419958,0.21568041812373215,0.48059140808240153,0.2041911995307124,0.03957794247690485,0.2154,0.5291666666666667,0.23333333333333334,0.045670085030210604,2.159386497244248,2.346256895795068,0.2506265064859896,0.039891216237143805,1.0,1.0,0.0,0.0,0.28728571428571426,0.5357142857142857,0.3928571428571429,0.06633695679434423,0.0,0.0,0.0,0.0,0.0,0.0,0.0,0.0,0.0,0.0,0.0,0.0,0.0,0.0,0.0,0.0,0.0,0.0,0.0,0.0,stable,oscillatory
23,500,240,modular,6,0.08,0.004,0.12,4,10.0,0.72,0.22,True,static,1.0,False,False,1.0,default,default,0.3606333333333333,0.8333333333333334,0.14583333333333331,0.02264432722682561,0.39003333333333334,0.4791666666666667,0.15000000000000002,0.025264687697346362,0.24933333333333335,0.42083333333333334,0.13333333333333336,0.02269299940999916,0.6271588081671357,0.8213015783989709,0.179823542005078,0.027605568681767504,0.6276622437268409,0.8213015783989709,0.179823542005078,0.027594147880123175,0.20934443485997076,0.5341218010220693,0.25891564309625725,0.04047045081279621,0.20876666666666668,0.55,0.2583333333333333,0.04797952109436321,2.175068688242061,2.3788941993432084,0.2830579065441374,0.042349806973874186,1.0,1.0,0.0,0.0,0.19785714285714284,0.39285714285714285,0.35714285714285715,0.06776685722958908,0.0,0.0,0.0,0.0,0.0,0.0,0.0,0.0,0.0,0.0,0.0,0.0,0.0,0.0,0.0,0.0,0.0,0.0,0.0,0.0,stable,runaway
24,500,240,modular,6,0.08,0.004,0.12,4,10.0,0.72,0.22,True,static,1.0,False,False,1.0,default,default,0.3886,0.8166666666666667,0.16666666666666669,0.024461670697917045,0.42410000000000003,0.49166666666666664,0.14999999999999997,0.024014370697563573,0.18730000000000002,0.4083333333333333,0.11666666666666664,0.021113818539840994,0.5998601870230673,0.8427835622048423,0.17683307065226572,0.03049275282470616,0.5997566880582801,0.8427835622048423,0.17683307065226572,0.030522172397904977,0.1785028495112796,0.5865776666484505,0.2580835347865708,0.041709965180193334,0.17743333333333333,0.6416666666666667,0.3375,0.0496031025015349,2.0846271062637176,2.3462958937516234,0.28227572484355923,0.043702568411156696,1.0,1.0,0.0,0.0,0.20471428571428568,0.5,0.35714285714285715,0.06360929851163946,0.0,0.0,0.0,0.0,0.0,0.0,0.0,0.0,0.0,0.0,0.0,0.0,0.0,0.0,0.0,0.0,0.0,0.0,0.0,0.0,stable,runaway
25,500,240,modular,6,0.08,0.004,0.12,4,10.0,0.72,0.22,True,static,1.0,False,False,1.0,default,default,0.39920000000000005,0.775,0.14583333333333331,0.023295779302983904,0.38495000000000007,0.4625,0.14166666666666666,0.022924035179018743,0.21585,0.36666666666666664,0.12916666666666668,0.02219765377992308,0.6046539614995754,0.780252073632932,0.16150228162433045,0.031236552039243956,0.6045054032732402,0.780252073632932,0.16150228162433045,0.03170383211825016,0.18241820160343913,0.4827140374201049,0.218697089193638,0.043856016581304856,0.18118333333333334,0.48333333333333334,0.25416666666666665,0.04994888776428249,2.0803827910393173,2.2913620987836243,0.23855252796993498,0.043536001762277704,1.0,1.0,0.0,0.0,0.31457142857142856,0.6428571428571429,0.5,0.07280053823528325,0.0,0.0,0.0,0.0,0.0,0.0,0.0,0.0,0.0,0.0,0.0,0.0,0.0,0.0,0.0,0.0,0.0,0.0,0.0,0.0,stable,oscillatory
26,500,240,modular,6,0.08,0.004,0.12,4,10.0,0.72,0.22,True,static,1.0,False,False,1.0,default,default,0.35258333333333336,0.8375,0.14999999999999997,0.02492892674963944,0.4327833333333333,0.5166666666666667,0.15000000000000008,0.025793846165316256,0.21463333333333331,0.375,0.12083333333333332,0.022042358212213946,0.6300390868490506,0.7909744747073079,0.1684914636790067,0.03013917716051696,0.6297624500140463,0.7909744747073079,0.1684914636790067,0.030038893474368493,0.2176797500023156,0.4990756424585017,0.2456187296403809,0.04525341275681508,0.22076666666666667,0.5375,0.275,0.052344966859819056,2.1291401546622146,2.2976662390048035,0.25981798429046266,0.04388487453527321,1.0,1.0,0.0,0.0,0.2824285714285714,0.5357142857142857,0.3214285714285714,0.07138870315936206,0.0,0.0,0.0,0.0,0.0,0.0,0.0,0.0,0.0,0.0,0.0,0.0,0.0,0.0,0.0,0.0,0.0,0.0,0.0,0.0,stable,oscillatory
27,500,240,modular,6,0.08,0.004,0.12,4,10.0,0.72,0.22,True,static,1.0,False,False,1.0,default,default,0.36910000000000004,0.7833333333333333,0.1375,0.024268086039076094,0.4248,0.49583333333333335,0.1375,0.023704523712668107,0.20610000000000003,0.37083333333333335,0.10416666666666669,0.019550816976393708,0.6145694525662596,0.833798493325546,0.14667012301256388,0.028350616808788195,0.614670267602472,0.833798493325546,0.14667012301256388,0.028458626933499917,0.19478869625916542,0.5625092046973513,0.20960781599954997,0.04064091235691157,0.19645,0.575,0.2625,0.0480317632174562,2.113443540343231,2.420246497189637,0.22033751453811146,0.042605434725390315,1.0,1.0,0.0,0.0,0.25585714285714284,0.5357142857142857,0.39285714285714285,0.07158112281081615,0.0,0.0,0.0,0.0,0.0,0.0,0.0,0.0,0.0,0.0,0.0,0.0,0.0,0.0,0.0,0.0,0.0,0.0,0.0,0.0,stable,stable
28,500,240,modular,6,0.08,0.004,0.12,4,10.0,0.72,0.22,True,static,1.0,False,False,1.0,default,default,0.3738333333333333,0.825,0.11666666666666664,0.023523628782802862,0.39931666666666665,0.48333333333333334,0.15833333333333333,0.024992048735547872,0.22685,0.37083333333333335,0.125,0.02347829375780484,0.6257049292479199,0.8107023804773623,0.15750131713870041,0.029334137781415946,0.6256751092876834,0.8107023804773623,0.15750131713870041,0.029027902379354542,0.2083900158627021,0.52297071333834,0.22632580355376564,0.04288261808337131,0.20815,0.5416666666666666,0.25833333333333336,0.04927143921403374,2.131391884857195,2.343263170854644,0.2300930864343913,0.04405892307349094,1.0,1.0,0.0,0.0,0.29057142857142854,0.4642857142857143,0.4285714285714286,0.07372646632475134,0.0,0.0,0.0,0.0,0.0,0.0,0.0,0.0,0.0,0.0,0.0,0.0,0.0,0.0,0.0,0.0,0.0,0.0,0.0,0.0,stable,oscillatory
29,500,240,modular,6,0.08,0.004,0.12,4,10.0,0.72,0.22,True,static,1.0,False,False,1.0,default,default,0.3792166666666667,0.7958333333333333,0.14166666666666666,0.022884013099881664,0.4269833333333333,0.5083333333333333,0.15416666666666662,0.024947661881092847,0.19379999999999997,0.37916666666666665,0.11249999999999999,0.019430188424774016,0.6142804348155554,0.8051755066086778,0.15809675545732838,0.026995213753503885,0.6141134460086652,0.8051755066086778,0.15809675545732838,0.02705254830787877,0.19630347400819734,0.5275606209546028,0.2342283148348559,0.0393090966925285,0.19360000000000002,0.6208333333333333,0.2791666666666667,0.04716120109675843,2.079825450288483,2.2899450575912046,0.25581691303404663,0.04012295226695599,1.0,1.0,0.0,0.0,0.3141428571428571,0.5357142857142857,0.4642857142857143,0.06905321816378662,0.0,0.0,0.0,0.0,0.0,0.0,0.0,0.0,0.0,0.0,0.0,0.0,0.0,0.0,0.0,0.0,0.0,0.0,0.0,0.0,stable,stable
30,500,240,modular,6,0.08,0.004,0.12,4,10.0,0.72,0.22,True,static,1.0,False,False,1.0,default,default,0.39648333333333335,0.8208333333333333,0.1375,0.024654439537107487,0.3927833333333333,0.4708333333333333,0.12083333333333329,0.02378293622653762,0.21073333333333333,0.3875,0.14999999999999997,0.022893254707688705,0.6024237075095755,0.8283340936925155,0.18161049650237537,0.030925254867393333,0.6017618713444058,0.8283340936925155,0.18161049650237537,0.031198782133702797,0.17740072376703464,0.5542855842747118,0.23946168651930752,0.04186332709831468,0.17675,0.5541666666666667,0.25416666666666665,0.0493758966163316,2.0797397463207847,2.4043629427816025,0.24900710891130817,0.04561302242508186,1.0,1.0,0.0,0.0,0.176,0.4642857142857143,0.2857142857142857,0.062134810644899785,0.0,0.0,0.0,0.0,0.0,0.0,0.0,0.0,0.0,0.0,0.0,0.0,0.0,0.0,0.0,0.0,0.0,0.0,0.0,0.0,stable,oscillatory
31,500,240,modular,6,0.08,0.004,0.12,4,10.0,0.72,0.22,True,static,1.0,False,False,1.0,default,default,0.3619333333333333,0.7791666666666667,0.14166666666666672,0.02450535088959598,0.42023333333333335,0.48333333333333334,0.1375,0.025485311673807545,0.21783333333333335,0.36666666666666664,0.12916666666666665,0.021019831905449034,0.638244991999966,0.8113067237986765,0.17864086918906352,0.029522608811497784,0.6380015397353178,0.8113067237986765,0.17864086918906352,0.029264743234314466,0.23307827818307966,0.5379571632653446,0.2815182276930337,0.04629905643075071,0.2325833333333333,0.55,0.29583333333333334,0.05159733251072406,2.113765156409727,2.3195865820571724,0.25035379173431704,0.042335820690608664,1.0,1.0,0.0,0.0,0.30157142857142855,0.5357142857142857,0.42857142857142855,0.07290320672659337,0.0,0.0,0.0,0.0,0.0,0.0,0.0,0.0,0.0,0.0,0.0,0.0,0.0,0.0,0.0,0.0,0.0,0.0,0.0,0.0,stable,oscillatory
32,500,240,modular,6,0.08,0.004,0.12,4,10.0,0.72,0.22,True,static,1.0,False,False,1.0,default,default,0.38208333333333333,0.8125,0.15000000000000002,0.022271213358154615,0.39575,0.4791666666666667,0.15000000000000002,0.024265458990095364,0.22216666666666665,0.3958333333333333,0.12499999999999997,0.021538724815240724,0.5995890755744933,0.841045750066595,0.1771171497400882,0.027171485536801022,0.5996808251218252,0.841045750066595,0.1771171497400882,0.026856536523709517,0.17208967542248482,0.5658969119465439,0.2394221140936695,0.03508447160738924,0.1727,0.5208333333333334,0.22916666666666663,0.041491150328179086,2.1173796953633617,2.4270968011569263,0.2790504484141081,0.04109301566382566,1.0,1.0,0.0,0.0,0.27614285714285713,0.5,0.3214285714285714,0.06448556237718674,0.0,0.0,0.0,0.0,0.0,0.0,0.0,0.0,0.0,0.0,0.0,0.0,0.0,0.0,0.0,0.0,0.0,0.0,0.0,0.0,stable,oscillatory
33,500,240,modular,6,0.08,0.004,0.12,4,10.0,0.72,0.22,True,static,1.0,False,False,1.0,default,default,0.3781333333333333,0.8333333333333334,0.11666666666666664,0.02393658288060349,0.35785,0.44166666666666665,0.1333333333333333,0.02513523975970346,0.2640166666666667,0.4,0.11250000000000002,0.023096831191986297,0.6514360025291355,0.8343363742577634,0.16236552149738848,0.030003974423738325,0.6514677783711934,0.8343363742577634,0.16236552149738848,0.0304669415892266,0.25086129963224774,0.5622193682306497,0.2628085717627483,0.04978468914929002,0.2522833333333333,0.5833333333333334,0.2833333333333333,0.0596971081562769,2.1512300234024497,2.4048324624687476,0.24821597074992363,0.04424622171343496,1.0,1.0,0.0,0.0,0.3792857142857143,0.5714285714285714,0.3571428571428571,0.07210041184178563,0.0,0.0,0.0,0.0,0.0,0.0,0.0,0.0,0.0,0.0,0.0,0.0,0.0,0.0,0.0,0.0,0.0,0.0,0.0,0.0,stable,stable
34,500,240,modular,6,0.08,0.004,0.12,4,10.0,0.72,0.22,True,static,1.0,False,False,1.0,default,default,0.3593166666666666,0.8416666666666667,0.14166666666666666,0.02351576894105079,0.40026666666666666,0.49166666666666664,0.1333333333333333,0.02523084531987693,0.24041666666666667,0.35833333333333334,0.11666666666666667,0.020764051467219335,0.6505147000088025,0.7926096879867234,0.16863615475255656,0.02817722510348918,0.6508333510212448,0.7926096879867234,0.16863615475255656,0.028015488920133634,0.24930629770494706,0.4994566610532011,0.2751778105575208,0.04604022010169165,0.24956666666666666,0.5333333333333333,0.31666666666666665,0.05256827306782422,2.1593263153460147,2.3268689746251847,0.25215768558467744,0.04189652894625117,1.0,1.0,0.0,0.0,0.2824285714285714,0.6071428571428571,0.35714285714285715,0.073570873784316,0.0,0.0,0.0,0.0,0.0,0.0,0.0,0.0,0.0,0.0,0.0,0.0,0.0,0.0,0.0,0.0,0.0,0.0,0.0,0.0,stable,stable
35,500,240,modular,6,0.08,0.004,0.12,4,10.0,0.72,0.22,True,static,1.0,False,False,1.0,default,default,0.37418333333333337,0.8125,0.14583333333333337,0.02235042256622655,0.3985,0.475,0.11666666666666664,0.023261198020165106,0.22731666666666667,0.4083333333333333,0.12916666666666665,0.02039150830887973,0.6008356163488846,0.819758963635416,0.1604175161310214,0.02697287255870814,0.6013923930767296,0.819758963635416,0.1604175161310214,0.026444941232451825,0.17007079963441846,0.5237707201485242,0.20603849727516202,0.03394258212955704,0.17121666666666666,0.49583333333333335,0.22499999999999998,0.04163405723950312,2.123242509568032,2.4047465347561996,0.2491639747927028,0.04082508918638964,1.0,1.0,0.0,0.0,0.27342857142857147,0.4642857142857143,0.3928571428571429,0.06326233041059737,0.0,0.0,0.0,0.0,0.0,0.0,0.0,0.0,0.0,0.0,0.0,0.0,0.0,0.0,0.0,0.0,0.0,0.0,0.0,0.0,stable,runaway
36,500,240,modular,6,0.08,0.004,0.12,4,10.0,0.72,0.22,True,static,1.0,False,False,1.0,default,default,0.41080000000000005,0.75,0.12083333333333335,0.024591642663492185,0.36960000000000004,0.4666666666666667,0.14583333333333331,0.022114123189591862,0.2196,0.36666666666666664,0.15000000000000002,0.021082009181079282,0.5827941763815268,0.7458191001732091,0.16672408563021235,0.029681360943476395,0.5822600198007899,0.7458191001732091,0.16672408563021235,0.029779781164947384,0.1491840792804229,0.40936074827730684,0.1952033538262268,0.035375989298371456,0.14786666666666667,0.425,0.19166666666666665,0.04140288503098412,2.0372118103296613,2.2523970176339376,0.22855236454905214,0.04471328092244871,1.0,1.0,0.0,0.0,0.28871428571428565,0.5714285714285714,0.4285714285714286,0.07385990599970808,0.0,0.0,0.0,0.0,0.0,0.0,0.0,0.0,0.0,0.0,0.0,0.0,0.0,0.0,0.0,0.0,0.0,0.0,0.0,0.0,oscillatory,oscillatory
37,500,240,modular,6,0.08,0.004,0.12,4,10.0,0.72,0.22,True,static,1.0,False,False,1.0,default,default,0.35378333333333334,0.7833333333333333,0.17083333333333334,0.026173677404768496,0.42325000000000007,0.5166666666666667,0.15000000000000008,0.02412194137202799,0.22296666666666667,0.37083333333333335,0.11666666666666664,0.02197293790097264,0.6446978506137688,0.8008207090566414,0.18494819609870528,0.03149411954840832,0.6449170058725363,0.8008207090566414,0.18494819609870528,0.031173879217260163,0.24009042883443307,0.5121610240314698,0.2924329120759104,0.04989560418885436,0.24071666666666663,0.5125,0.35,0.05885009440188785,2.1247666194872936,2.3125218382296224,0.2802384443636148,0.04605282577970028,1.0,1.0,0.0,0.0,0.27042857142857146,0.5,0.3214285714285714,0.06280858514046418,0.0,0.0,0.0,0.0,0.0,0.0,0.0,0.0,0.0,0.0,0.0,0.0,0.0,0.0,0.0,0.0,0.0,0.0,0.0,0.0,stable,stable
38,500,240,modular,6,0.08,0.004,0.12,4,10.0,0.72,0.22,True,static,1.0,False,False,1.0,default,default,0.39168333333333333,0.8208333333333333,0.13333333333333336,0.02436840509074541,0.3955166666666666,0.4666666666666667,0.12916666666666665,0.02412864249991882,0.21280000000000002,0.3625,0.1166666666666667,0.02042041462197409,0.6010875416254428,0.806964465061173,0.1620767621916459,0.028313484160963378,0.6012929893866347,0.806964465061173,0.1620767621916459,0.028705190765306032,0.17579866547273007,0.5213759310902596,0.217743246217865,0.03892927085449817,0.17411666666666667,0.575,0.2791666666666667,0.04838342519224257,2.0798335867611315,2.33170442612013,0.24102202017005503,0.04273103665323058,1.0,1.0,0.0,0.0,0.2181428571428571,0.39285714285714285,0.3214285714285714,0.05873166235741422,0.0,0.0,0.0,0.0,0.0,0.0,0.0,0.0,0.0,0.0,0.0,0.0,0.0,0.0,0.0,0.0,0.0,0.0,0.0,0.0,stable,stable
39,500,240,modular,6,0.08,0.004,0.12,4,10.0,0.72,0.22,True,static,1.0,False,False,1.0,default,default,0.3801333333333333,0.7916666666666666,0.1375,0.023997314664585104,0.4068333333333334,0.4708333333333333,0.12083333333333335,0.023590252224170896,0.21303333333333332,0.3958333333333333,0.10833333333333331,0.02036456617646336,0.6068660614863929,0.7924793669209698,0.1330623622711944,0.028003289199000907,0.6064857008132736,0.7924793669209698,0.1330623622711944,0.027833594409209704,0.18091603564285866,0.49384926113715966,0.18312800704737608,0.037947598497828514,0.17965,0.5,0.20833333333333331,0.042967717209810234,2.082132919420129,2.2972694743007547,0.22987665580963146,0.0419138589930456,1.0,1.0,0.0,0.0,0.2154285714285714,0.42857142857142855,0.2857142857142857,0.06403697911267794,0.0,0.0,0.0,0.0,0.0,0.0,0.0,0.0,0.0,0.0,0.0,0.0,0.0,0.0,0.0,0.0,0.0,0.0,0.0,0.0,stable,stable
40,500,240,modular,6,0.08,0.004,0.12,4,10.0,0.72,0.22,True,static,1.0,False,False,1.0,default,default,0.38365,0.7708333333333334,0.12916666666666665,0.02593468826794638,0.3885166666666667,0.45416666666666666,0.12083333333333335,0.022982656504416544,0.2278333333333333,0.37916666666666665,0.1375,0.021900025367818893,0.6207500665877018,0.806044036423358,0.17906429088544984,0.03254723292688792,0.6200316342400265,0.806044036423358,0.17906429088544984,0.032741952634936046,0.20418184023480557,0.524284860166663,0.26399594241265123,0.04800398397979577,0.2021,0.5416666666666666,0.28750000000000003,0.05432189041056817,2.1142069692978733,2.3415832100763736,0.25896088713484455,0.04775676604705116,1.0,1.0,0.0,0.0,0.246,0.6071428571428571,0.39285714285714285,0.06416114915760542,0.0,0.0,0.0,0.0,0.0,0.0,0.0,0.0,0.0,0.0,0.0,0.0,0.0,0.0,0.0,0.0,0.0,0.0,0.0,0.0,stable,oscillatory
41,500,240,modular,6,0.08,0.004,0.12,4,10.0,0.72,0.22,True,static,1.0,False,False,1.0,default,default,0.37333333333333335,0.7875,0.14583333333333337,0.0224258035902098,0.42956666666666665,0.5125,0.14999999999999997,0.026023088039491223,0.1971,0.375,0.12083333333333332,0.0211063708128349,0.5958122116411749,0.7708448871718282,0.14339337483771608,0.025923701149569742,0.5956295253657882,0.7708448871718282,0.14339337483771608,0.026235637657431917,0.1653903038967594,0.4549081756959331,0.18788089040922581,0.033672758999295095,0.16408333333333333,0.4625,0.21249999999999997,0.03976397378420712,2.103253335272915,2.3132162147555233,0.2292741420130726,0.03905024003294662,1.0,1.0,0.0,0.0,0.27785714285714286,0.4642857142857143,0.35714285714285715,0.0704540666690297,0.0,0.0,0.0,0.0,0.0,0.0,0.0,0.0,0.0,0.0,0.0,0.0,0.0,0.0,0.0,0.0,0.0,0.0,0.0,0.0,stable,oscillatory
42,500,240,modular,6,0.08,0.004,0.12,4,10.0,0.72,0.22,True,static,1.0,False,False,1.0,default,default,0.36443333333333333,0.7958333333333333,0.15416666666666667,0.02583356989139003,0.4182166666666666,0.5208333333333334,0.16666666666666669,0.025820432262497507,0.21734999999999996,0.36666666666666664,0.12916666666666668,0.022311363572055484,0.6117480835850263,0.7607507187685059,0.1714491762750091,0.030162615010351192,0.612137931437519,0.7607507187685059,0.1714491762750091,0.030212210437285125,0.18789297669308264,0.4374278059700647,0.21689300157630567,0.04095075258195561,0.18973333333333334,0.42916666666666664,0.2541666666666667,0.0491201587945316,2.1537203699374605,2.3448332842936863,0.27475669484244003,0.04727962835045197,1.0,1.0,0.0,0.0,0.21857142857142856,0.42857142857142855,0.3214285714285714,0.062286369590261834,0.0,0.0,0.0,0.0,0.0,0.0,0.0,0.0,0.0,0.0,0.0,0.0,0.0,0.0,0.0,0.0,0.0,0.0,0.0,0.0,stable,oscillatory
43,500,240,modular,6,0.08,0.004,0.12,4,10.0,0.72,0.22,True,static,1.0,False,False,1.0,default,default,0.3960833333333334,0.8208333333333333,0.1333333333333333,0.024040041828397703,0.3869333333333333,0.4666666666666667,0.16666666666666669,0.023888304902422674,0.21698333333333333,0.35833333333333334,0.10416666666666669,0.019180350187974496,0.5987865123332042,0.7825434494189651,0.13135340095355819,0.028196569727827206,0.5985958541848613,0.7825434494189651,0.13135340095355819,0.028108708935159325,0.17327433998876746,0.48510423678479636,0.17087696104614516,0.03742664532345417,0.17128333333333332,0.5291666666666667,0.22083333333333333,0.04425626446554707,2.0899185736961523,2.307597958814245,0.19950831674751135,0.04241302172942754,1.0,1.0,0.0,0.0,0.19799999999999998,0.4642857142857143,0.2857142857142857,0.05785343903488595,0.0,0.0,0.0,0.0,0.0,0.0,0.0,0.0,0.0,0.0,0.0,0.0,0.0,0.0,0.0,0.0,0.0,0.0,0.0,0.0,stable,stable
44,500,240,modular,6,0.08,0.004,0.12,4,10.0,0.72,0.22,True,static,1.0,False,False,1.0,default,default,0.36943333333333334,0.8375,0.13333333333333336,0.024460535108165107,0.4127,0.4791666666666667,0.1375,0.02507685962972415,0.21786666666666668,0.4166666666666667,0.12916666666666665,0.021806064396044607,0.6238758711734383,0.8094211915546558,0.16571513687907047,0.030096744124088984,0.6240102989908584,0.8094211915546558,0.16571513687907047,0.029895731903051687,0.20838530860500304,0.526770250601861,0.23963810737673175,0.04422314019405814,0.21035,0.5208333333333334,0.275,0.052802327915853604,2.141528816667205,2.3633108145649575,0.24590780369410048,0.04303537582337022,1.0,1.0,0.0,0.0,0.21871428571428572,0.42857142857142855,0.3571428571428571,0.059382708951756145,0.0,0.0,0.0,0.0,0.0,0.0,0.0,0.0,0.0,0.0,0.0,0.0,0.0,0.0,0.0,0.0,0.0,0.0,0.0,0.0,stable,runaway
45,500,240,modular,6,0.08,0.004,0.12,4,10.0,0.72,0.22,True,static,1.0,False,False,1.0,default,default,0.3515333333333333,0.8125,0.1375,0.023643979736452526,0.4296333333333333,0.5,0.11666666666666664,0.02351545591024479,0.21883333333333332,0.37083333333333335,0.10416666666666666,0.020413094925670738,0.6372096258934241,0.8062846380270167,0.176020274859784,0.02808851702049264,0.6371352534173225,0.8062846380270167,0.176020274859784,0.02847380297212671,0.2285467901947371,0.5231547299501943,0.26441000724281405,0.04413728710212779,0.22978333333333337,0.5375,0.2625,0.05010372851506274,2.1514680853674757,2.3355979523031243,0.2507249671762546,0.04191932058338341,1.0,1.0,0.0,0.0,0.28128571428571425,0.5357142857142857,0.35714285714285715,0.06417275790507104,0.0,0.0,0.0,0.0,0.0,0.0,0.0,0.0,0.0,0.0,0.0,0.0,0.0,0.0,0.0,0.0,0.0,0.0,0.0,0.0,stable,stable
46,500,240,modular,6,0.08,0.004,0.12,4,10.0,0.72,0.22,True,static,1.0,False,False,1.0,default,default,0.38883333333333336,0.8125,0.12916666666666665,0.025359087785906915,0.4092,0.48333333333333334,0.1333333333333333,0.02373345037424324,0.20196666666666668,0.3958333333333333,0.11666666666666667,0.02247267476539255,0.5868608426069961,0.7677926754488902,0.15705899590077654,0.03145871046851062,0.586967496821262,0.7677926754488902,0.15705899590077654,0.031141759103001126,0.15682280470011034,0.4530309737573544,0.18667274923418972,0.038463779374621074,0.15601666666666666,0.4875,0.22500000000000003,0.04464187433838822,2.0620361343937565,2.2619330812816325,0.24588083019798912,0.046345230542073526,1.0,1.0,0.0,0.0,0.159,0.39285714285714285,0.32142857142857145,0.05306541977135585,0.0,0.0,0.0,0.0,0.0,0.0,0.0,0.0,0.0,0.0,0.0,0.0,0.0,0.0,0.0,0.0,0.0,0.0,0.0,0.0,stable,stable
47,500,240,modular,6,0.08,0.004,0.12,4,10.0,0.72,0.22,True,static,1.0,False,False,1.0,default,default,0.37516666666666665,0.8,0.1833333333333333,0.024960524389078403,0.38700000000000007,0.4625,0.15833333333333338,0.02369423277227323,0.2378333333333333,0.39166666666666666,0.11249999999999999,0.021279228265037142,0.6264019996099155,0.8467303803479092,0.20366517044239296,0.030290604818123706,0.6263805690167978,0.8467303803479092,0.20366517044239296,0.030256291188527323,0.21058833749004827,0.5753650860634908,0.268984208062678,0.04472019667699135,0.21293333333333334,0.55,0.3208333333333333,0.05157202083817671,2.131924280906694,2.3931668453360473,0.31673839196795606,0.0452188397117605,1.0,1.0,0.0,0.0,0.24757142857142855,0.5357142857142857,0.4642857142857143,0.06600262827172498,0.0,0.0,0.0,0.0,0.0,0.0,0.0,0.0,0.0,0.0,0.0,0.0,0.0,0.0,0.0,0.0,0.0,0.0,0.0,0.0,stable,stable
48,500,240,modular,6,0.08,0.004,0.12,4,10.0,0.72,0.22,True,static,1.0,False,False,1.0,default,default,0.39525,0.7791666666666667,0.125,0.024074681260149174,0.38073333333333337,0.44166666666666665,0.12083333333333329,0.023901789798162723,0.22401666666666664,0.38333333333333336,0.14583333333333331,0.021713212823327437,0.5928679660039352,0.7959799084768863,0.15570125207216035,0.02866237377145535,0.5933424952808282,0.7959799084768863,0.15570125207216035,0.028727118200807866,0.16287349243129307,0.4960042905014134,0.19020095322841418,0.0361323015086938,0.16131666666666666,0.5166666666666667,0.20416666666666666,0.039381358393139373,2.1175867153566577,2.390501650235229,0.23813918340136309,0.044603288597459566,1.0,1.0,0.0,0.0,0.25742857142857145,0.5357142857142857,0.3571428571428571,0.06240028780676694,0.0,0.0,0.0,0.0,0.0,0.0,0.0,0.0,0.0,0.0,0.0,0.0,0.0,0.0,0.0,0.0,0.0,0.0,0.0,0.0,stable,oscillatory
49,500,240,modular,6,0.08,0.004,0.12,4,10.0,0.72,0.22,True,static,1.0,False,False,1.0,default,default,0.3666666666666667,0.8166666666666667,0.1375,0.024246992940706414,0.41548333333333337,0.4875,0.14166666666666666,0.02483394294553771,0.21785000000000002,0.38333333333333336,0.10833333333333334,0.020576476590730707,0.609529068464733,0.812500860921999,0.17066026631734155,0.028363740784762722,0.6092957933873031,0.812500860921999,0.17066026631734155,0.028483651983982235,0.18413190309475122,0.5229173250873157,0.22761276031262317,0.038695470094604015,0.18366666666666667,0.5666666666666667,0.2416666666666667,0.04496171210658637,2.1024403068878614,2.3423959534946928,0.2542800314876523,0.04266562903738002,1.0,1.0,0.0,0.0,0.2725714285714286,0.5357142857142857,0.4285714285714286,0.06701142150592614,0.0,0.0,0.0,0.0,0.0,0.0,0.0,0.0,0.0,0.0,0.0,0.0,0.0,0.0,0.0,0.0,0.0,0.0,0.0,0.0,stable,stable
50,500,240,modular,6,0.08,0.004,0.12,4,10.0,0.72,0.22,True,static,1.0,False,False,1.0,default,default,0.38811666666666667,0.7833333333333333,0.12083333333333335,0.023436563314615903,0.39708333333333334,0.4708333333333333,0.14166666666666666,0.024282052128178036,0.21480000000000002,0.37083333333333335,0.10833333333333334,0.019996221865364688,0.6174981880157102,0.8247451821353057,0.1558601180645809,0.028074566368046557,0.6174665900457414,0.8247451821353057,0.1558601180645809,0.028142883155562504,0.2018375899922741,0.5584841285422564,0.22319843307053466,0.041093045127433905,0.20326666666666665,0.55,0.2708333333333333,0.04815796922628694,2.1021596427108045,2.358082349274575,0.23055111524695548,0.04204867452960952,1.0,1.0,0.0,0.0,0.2427142857142857,0.4642857142857143,0.3571428571428571,0.06595437507729669,0.0,0.0,0.0,0.0,0.0,0.0,0.0,0.0,0.0,0.0,0.0,0.0,0.0,0.0,0.0,0.0,0.0,0.0,0.0,0.0,stable,stable
1,500,240,modular,6,0.08,0.004,0.12,4,10.0,0.72,0.22,False,static,1.0,False,False,1.0,default,default,0.6477166666666667,0.8333333333333334,0.14166666666666672,0.028079653567030422,0.2728666666666667,0.36666666666666664,0.17916666666666664,0.02791910934587038,0.07941666666666668,0.15,0.11249999999999999,0.017740607843776568,0.3232985483203622,0.4190837091675709,0.1672326139607248,0.028287139789772816,0.3232249510455327,0.4190837091675709,0.1672326139607248,0.028365816730815147,0.01446044092582198,0.0352432708802539,0.02836146837423493,0.0041563042533070945,0.014666666666666666,0.05416666666666667,0.05416666666666667,0.009385272150200723,1.625031139296782,1.76551236484135,0.25379196393726167,0.045521871835055044,1.0,1.0,0.0,0.0,0.07914285714285713,0.25,0.25,0.04919432520782312,0.0,0.0,0.0,0.0,0.0,0.0,0.0,0.0,0.0,0.0,0.0,0.0,0.0,0.0,0.0,0.0,0.0,0.0,0.0,0.0,stable,stable
2,500,240,modular,6,0.08,0.004,0.12,4,10.0,0.72,0.22,False,static,1.0,False,False,1.0,default,default,0.6500833333333333,0.7875,0.17916666666666659,0.03001492684204533,0.2713,0.3416666666666667,0.15,0.027839899425105688,0.07861666666666667,0.13333333333333333,0.09166666666666667,0.016224646888812918,0.3143835928677126,0.40692564952300064,0.17032152803011016,0.02967127121384626,0.3142280169719707,0.40692564952300064,0.17032152803011016,0.030178492127764668,0.013022857107593478,0.030718688383957003,0.023801275982909046,0.003975032597490363,0.013633333333333332,0.04583333333333333,0.04583333333333333,0.009344873817589335,1.6149077434675834,1.7704306872827908,0.29570701874914884,0.047865015364281664,1.0,1.0,0.0,0.0,0.08099999999999999,0.2857142857142857,0.2857142857142857,0.0516584149653732,0.0,0.0,0.0,0.0,0.0,0.0,0.0,0.0,0.0,0.0,0.0,0.0,0.0,0.0,0.0,0.0,0.0,0.0,0.0,0.0,stable,stable
3,500,240,modular,6,0.08,0.004,0.12,4,10.0,0.72,0.22,False,static,1.0,False,False,1.0,default,default,0.6490666666666666,0.8,0.1875,0.029839217296854303,0.2683666666666667,0.37083333333333335,0.17916666666666667,0.02917664591187045,0.08256666666666665,0.12916666666666668,0.10416666666666669,0.01710168932526193,0.3182011844222907,0.40255011089379206,0.16797039630510358,0.02951335914732626,0.31783789696578296,0.40255011089379206,0.16797039630510358,0.029526441579696625,0.01345719273198204,0.02942129983007168,0.023751158455600493,0.00405726808727739,0.012899999999999998,0.05,0.0375,0.00756314161649186,1.6286939427414084,1.7773999554364117,0.27812749975456663,0.047929486823418646,1.0,1.0,0.0,0.0,0.07785714285714283,0.25,0.25,0.04859768198049729,0.0,0.0,0.0,0.0,0.0,0.0,0.0,0.0,0.0,0.0,0.0,0.0,0.0,0.0,0.0,0.0,0.0,0.0,0.0,0.0,stable,stable
4,500,240,modular,6,0.08,0.004,0.12,4,10.0,0.72,0.22,False,static,1.0,False,False,1.0,default,default,0.6497499999999999,0.7791666666666667,0.1791666666666667,0.030718366746224576,0.2687333333333333,0.36666666666666664,0.18333333333333332,0.028575552876929998,0.08151666666666667,0.14166666666666666,0.10833333333333334,0.018520776621585463,0.3199970139479095,0.421084382237286,0.17668002063661356,0.03239163713714991,0.3196756108624924,0.421084382237286,0.17668002063661356,0.03228392912479758,0.01394243056155912,0.0354420518803987,0.029135181563938524,0.0046526068516343005,0.013333333333333334,0.05,0.05,0.008266397845091497,1.6360282662946974,1.8005383008850382,0.2739762540887878,0.05143726391346018,1.0,1.0,0.0,0.0,0.08299999999999999,0.25,0.25,0.05114784492836747,0.0,0.0,0.0,0.0,0.0,0.0,0.0,0.0,0.0,0.0,0.0,0.0,0.0,0.0,0.0,0.0,0.0,0.0,0.0,0.0,stable,stable
5,500,240,modular,6,0.08,0.004,0.12,4,10.0,0.72,0.22,False,static,1.0,False,False,1.0,default,default,0.6518333333333333,0.7666666666666667,0.19166666666666665,0.028681197867437665,0.27031666666666665,0.3541666666666667,0.15000000000000002,0.02725032619580503,0.07784999999999999,0.15,0.0875,0.01680367849939742,0.31129989663506874,0.4020205490847459,0.17090046521076813,0.028518011332504513,0.312296730234764,0.4020205490847459,0.17090046521076813,0.02843950020276793,0.01265506097860532,0.029163048910952546,0.023462424086789092,0.003625409555666232,0.011983333333333334,0.07083333333333333,0.07083333333333333,0.008288026839295883,1.5997427971040616,1.7602162930470198,0.3037556880887402,0.04637828290943344,1.0,1.0,0.0,0.0,0.08128571428571428,0.2857142857142857,0.2857142857142857,0.05219449497909189,0.0,0.0,0.0,0.0,0.0,0.0,0.0,0.0,0.0,0.0,0.0,0.0,0.0,0.0,0.0,0.0,0.0,0.0,0.0,0.0,stable,stable
6,500,240,modular,6,0.08,0.004,0.12,4,10.0,0.72,0.22,False,static,1.0,False,False,1.0,default,default,0.6483666666666666,0.7958333333333333,0.16666666666666663,0.03289670702871845,0.2732166666666667,0.3625,0.16666666666666666,0.03079186851535104,0.07841666666666668,0.13333333333333333,0.1,0.018140845564024236,0.31556657337599237,0.41082035573031855,0.17911486073294144,0.03183413794971455,0.3149403253165913,0.41082035573031855,0.17911486073294144,0.031525212287242456,0.013144738630788261,0.031809216147233504,0.026146274387779864,0.004280301532285626,0.011966666666666667,0.04583333333333333,0.0375,0.007664419960658036,1.6139892897854702,1.7704003635204197,0.29125418233579636,0.05275325845966035,1.0,1.0,0.0,0.0,0.07899999999999999,0.25,0.21428571428571427,0.049164654634260604,0.0,0.0,0.0,0.0,0.0,0.0,0.0,0.0,0.0,0.0,0.0,0.0,0.0,0.0,0.0,0.0,0.0,0.0,0.0,0.0,stable,stable
7,500,240,modular,6,0.08,0.004,0.12,4,10.0,0.72,0.22,False,static,1.0,False,False,1.0,default,default,0.6485166666666666,0.8416666666666667,0.20416666666666672,0.033434550492965606,0.26975,0.3541666666666667,0.17500000000000002,0.03191362039422458,0.08173333333333334,0.14166666666666666,0.10416666666666666,0.018248165813460695,0.32765488692379646,0.44158527954074583,0.18675527182315366,0.033957060119222574,0.32692010602499777,0.44158527954074583,0.18675527182315366,0.03392146186265357,0.015372571680736498,0.043940078021528946,0.03325816328157903,0.005567558586301603,0.015633333333333336,0.05,0.05,0.00987640285394097,1.6329538860994435,1.8120492852524344,0.29373448989682793,0.053321613626390534,1.0,1.0,0.0,0.0,0.08157142857142857,0.25,0.25,0.054624693526436764,0.0,0.0,0.0,0.0,0.0,0.0,0.0,0.0,0.0,0.0,0.0,0.0,0.0,0.0,0.0,0.0,0.0,0.0,0.0,0.0,stable,stable
8,500,240,modular,6,0.08,0.004,0.12,4,10.0,0.72,0.22,False,static,1.0,False,False,1.0,default,default,0.6527166666666667,0.8,0.16666666666666663,0.029996208093690774,0.2673000000000001,0.3625,0.14583333333333334,0.026737177612206314,0.07998333333333332,0.13333333333333333,0.09583333333333333,0.01781735265283694,0.31872876226195707,0.420738715021438,0.1906443540798202,0.0314547902255515,0.3193371434443562,0.420738715021438,0.1906443540798202,0.031647155771584945,0.013984747342888982,0.035625667350213025,0.02778478811388057,0.00456595942522639,0.013150000000000002,0.05,0.0375,0.008461169475249204,1.5888192954297407,1.743749585214928,0.28866317428667476,0.04869488643247454,1.0,1.0,0.0,0.0,0.07999999999999999,0.32142857142857145,0.32142857142857145,0.05089003751587679,0.0,0.0,0.0,0.0,0.0,0.0,0.0,0.0,0.0,0.0,0.0,0.0,0.0,0.0,0.0,0.0,0.0,0.0,0.0,0.0,stable,stable
9,500,240,modular,6,0.08,0.004,0.12,4,10.0,0.72,0.22,False,static,1.0,False,False,1.0,default,default,0.6503333333333332,0.7625,0.1958333333333333,0.031748140802957965,0.2693,0.35,0.17916666666666667,0.028570264261990996,0.08036666666666667,0.12916666666666668,0.09166666666666667,0.018060976963854666,0.3184287890377617,0.4039945247541838,0.17360217756485194,0.03321131005295869,0.31853932951842784,0.4039945247541838,0.17360217756485194,0.033115325768779014,0.013826541078935725,0.03012377810508596,0.0229573805508796,0.004633224696575194,0.013983333333333332,0.05,0.05,0.008721445471429097,1.6305513181208242,1.769630096694282,0.3062433796583366,0.053281457854160136,1.0,1.0,0.0,0.0,0.07971428571428571,0.25,0.25,0.04992565901990107,0.0,0.0,0.0,0.0,0.0,0.0,0.0,0.0,0.0,0.0,0.0,0.0,0.0,0.0,0.0,0.0,0.0,0.0,0.0,0.0,stable,stable
10,500,240,modular,6,0.08,0.004,0.12,4,10.0,0.72,0.22,False,static,1.0,False,False,1.0,default,default,0.6505833333333333,0.7875,0.1791666666666667,0.03086496125598303,0.26863333333333334,0.3416666666666667,0.15000000000000002,0.027126637175375137,0.08078333333333333,0.12916666666666668,0.07916666666666666,0.015884487541134102,0.32267168165372756,0.4109524255622076,0.16711542973046342,0.03133821652504638,0.3228351070048967,0.4109524255622076,0.16711542973046342,0.03148235963416944,0.014549189425888212,0.03266316017469015,0.024371451341792468,0.0045904158177092974,0.014716666666666666,0.04583333333333333,0.04583333333333333,0.00854011774574046,1.6244004560935257,1.7630045352305606,0.2852599297977054,0.05053491571547412,1.0,1.0,0.0,0.0,0.0797142857142857,0.25,0.25,0.049925659019901064,0.0,0.0,0.0,0.0,0.0,0.0,0.0,0.0,0.0,0.0,0.0,0.0,0.0,0.0,0.0,0.0,0.0,0.0,0.0,0.0,stable,stable
11,500,240,modular,6,0.08,0.004,0.12,4,10.0,0.72,0.22,False,static,1.0,False,False,1.0,default,default,0.6468166666666666,0.8166666666666667,0.17500000000000004,0.03241342743027614,0.27365000000000006,0.3625,0.16666666666666666,0.02953429738832841,0.07953333333333333,0.12916666666666668,0.1,0.017993177719470357,0.3188093201267574,0.4200911192195974,0.18126531649814487,0.033412740072109315,0.3188812752130052,0.4200911192195974,0.18126531649814487,0.03340464156355934,0.01385147897237968,0.0350308440537015,0.02907659213276858,0.0047575481376043545,0.013416666666666665,0.05416666666666667,0.041666666666666664,0.008202726511485202,1.6193651540425467,1.7766654153933772,0.27051000699925565,0.05308922329319348,1.0,1.0,0.0,0.0,0.07614285714285714,0.25,0.25,0.04931386359693532,0.0,0.0,0.0,0.0,0.0,0.0,0.0,0.0,0.0,0.0,0.0,0.0,0.0,0.0,0.0,0.0,0.0,0.0,0.0,0.0,stable,stable
12,500,240,modular,6,0.08,0.004,0.12,4,10.0,0.72,0.22,False,static,1.0,False,False,1.0,default,default,0.6476000000000001,0.7708333333333334,0.17083333333333328,0.0319407611403082,0.2732833333333333,0.35,0.1708333333333333,0.02945873290629528,0.07911666666666667,0.13333333333333333,0.09166666666666667,0.01816009820090923,0.3202427150731555,0.41653546634264166,0.17802587012511661,0.03233549306242741,0.32083048788370466,0.41653546634264166,0.17802587012511661,0.03264571871671961,0.014174773185866641,0.03410908184610619,0.028130396105085154,0.004640123288608013,0.01395,0.05,0.05,0.009562382896886459,1.6052023755360438,1.7408881999345074,0.26459566821117986,0.05105281448035623,1.0,1.0,0.0,0.0,0.07642857142857142,0.2857142857142857,0.21428571428571427,0.050005101780534675,0.0,0.0,0.0,0.0,0.0,0.0,0.0,0.0,0.0,0.0,0.0,0.0,0.0,0.0,0.0,0.0,0.0,0.0,0.0,0.0,stable,stable
13,500,240,modular,6,0.08,0.004,0.12,4,10.0,0.72,0.22,False,static,1.0,False,False,1.0,default,default,0.6495666666666667,0.8291666666666667,0.15416666666666667,0.03335342727683485,0.26935000000000003,0.35,0.16249999999999998,0.030828058107293537,0.08108333333333333,0.15833333333333333,0.125,0.018749259244626768,0.3221833291357401,0.4368955535926851,0.19329471268650517,0.033891385906801644,0.32168421870626157,0.4368955535926851,0.19329471268650517,0.03350372267823469,0.014391583309389461,0.04151171321989982,0.03520375378844291,0.005002057444876199,0.015966666666666667,0.05,0.05,0.009714479456518044,1.646494319750352,1.8015547014815434,0.26404680421428584,0.054988398677346326,1.0,1.0,0.0,0.0,0.08542857142857142,0.35714285714285715,0.35714285714285715,0.05676589950788039,0.0,0.0,0.0,0.0,0.0,0.0,0.0,0.0,0.0,0.0,0.0,0.0,0.0,0.0,0.0,0.0,0.0,0.0,0.0,0.0,stable,oscillatory
14,500,240,modular,6,0.08,0.004,0.12,4,10.0,0.72,0.22,False,static,1.0,False,False,1.0,default,default,0.6511166666666667,0.7708333333333334,0.15416666666666667,0.028933645351620203,0.27004999999999996,0.36666666666666664,0.16249999999999998,0.028018054694944276,0.07883333333333332,0.12916666666666668,0.08750000000000002,0.016262601951170737,0.31463752277677814,0.40055585738834937,0.16381461478004705,0.028787296016982676,0.31479417322264913,0.40055585738834937,0.16381461478004705,0.028785616431819996,0.013088812482554207,0.02899981371411632,0.0231793463741374,0.0037572065852341427,0.012416666666666664,0.05,0.0375,0.0081004972412535,1.5980917778477648,1.7355510225973834,0.24700133838804073,0.04614144108605605,1.0,1.0,0.0,0.0,0.07457142857142855,0.2857142857142857,0.21428571428571427,0.05030843642482048,0.0,0.0,0.0,0.0,0.0,0.0,0.0,0.0,0.0,0.0,0.0,0.0,0.0,0.0,0.0,0.0,0.0,0.0,0.0,0.0,stable,stable
15,500,240,modular,6,0.08,0.004,0.12,4,10.0,0.72,0.22,False,static,1.0,False,False,1.0,default,default,0.6480166666666667,0.7791666666666667,0.1625000000000001,0.029375864053485967,0.2714666666666667,0.37083333333333335,0.15833333333333333,0.028720666194687525,0.08051666666666667,0.15,0.11250000000000002,0.018167347082059065,0.31790349531306406,0.41543207933208026,0.16675019646479447,0.02957722100894421,0.3177484806903612,0.41543207933208026,0.16675019646479447,0.02967090628084986,0.013508957760226746,0.03347366450919749,0.02188492329963704,0.003871967213904083,0.013850000000000001,0.04583333333333333,0.04583333333333333,0.00897819890376436,1.633441883721259,1.789758690713053,0.25669321002972545,0.04847067333876176,1.0,1.0,0.0,0.0,0.08399999999999999,0.2857142857142857,0.25,0.05331002892208435,0.0,0.0,0.0,0.0,0.0,0.0,0.0,0.0,0.0,0.0,0.0,0.0,0.0,0.0,0.0,0.0,0.0,0.0,0.0,0.0,stable,stable
16,500,240,modular,6,0.08,0.004,0.12,4,10.0,0.72,0.22,False,static,1.0,False,False,1.0,default,default,0.6491166666666667,0.7875,0.16249999999999998,0.030360980989860432,0.2687833333333333,0.37916666666666665,0.16666666666666666,0.028585257466820977,0.08209999999999999,0.15,0.11249999999999999,0.01856687612090114,0.32475555344188956,0.4500602449170619,0.1731891331210305,0.031634365631453124,0.324814185170041,0.4500602449170619,0.1731891331210305,0.03174593578413592,0.01480538893997329,0.04716106369217769,0.02931141959774389,0.0047760246379891635,0.0144,0.05416666666666667,0.04583333333333333,0.00890542905573149,1.6533816546009126,1.8640177945574044,0.2964207842922706,0.05074177018486494,1.0,1.0,0.0,0.0,0.08257142857142856,0.25,0.25,0.05069234938049612,0.0,0.0,0.0,0.0,0.0,0.0,0.0,0.0,0.0,0.0,0.0,0.0,0.0,0.0,0.0,0.0,0.0,0.0,0.0,0.0,stable,stable
17,500,240,modular,6,0.08,0.004,0.12,4,10.0,0.72,0.22,False,static,1.0,False,False,1.0,default,default,0.6482666666666667,0.8166666666666667,0.15416666666666667,0.03057179164596744,0.27183333333333337,0.37083333333333335,0.15833333333333333,0.029294481846700526,0.0799,0.13333333333333333,0.09583333333333333,0.01813578414810528,0.3110742805113271,0.39514920155295774,0.15053781109342596,0.030525975259210848,0.31139781953933343,0.39514920155295774,0.15053781109342596,0.03048560284755618,0.012473001468244255,0.026956443086000773,0.020794697434236415,0.003995436136139389,0.012216666666666667,0.04583333333333333,0.04583333333333333,0.00824892248855705,1.650552606436113,1.7894869232793602,0.2588509754468551,0.04970185386961244,1.0,1.0,0.0,0.0,0.08271428571428571,0.21428571428571427,0.21428571428571427,0.05141051270242819,0.0,0.0,0.0,0.0,0.0,0.0,0.0,0.0,0.0,0.0,0.0,0.0,0.0,0.0,0.0,0.0,0.0,0.0,0.0,0.0,stable,stable
18,500,240,modular,6,0.08,0.004,0.12,4,10.0,0.72,0.22,False,static,1.0,False,False,1.0,default,default,0.6504833333333333,0.875,0.1875,0.03116002157323458,0.2707833333333334,0.35833333333333334,0.17916666666666667,0.02863681100339988,0.07873333333333332,0.13333333333333333,0.10416666666666666,0.018512938418546336,0.3200528798455464,0.44523310856740284,0.16862490929536855,0.03180826795960727,0.31968183375587,0.44523310856740284,0.16862490929536855,0.03216440072494421,0.014086537685644341,0.045075491857099866,0.023275915408638968,0.004455195197531901,0.013733333333333332,0.05416666666666667,0.04583333333333333,0.008998827084064282,1.6222376274501071,1.8134856712388632,0.2882555514352376,0.05153648727169382,1.0,1.0,0.0,0.0,0.081,0.25,0.25,0.05056032969409426,0.0,0.0,0.0,0.0,0.0,0.0,0.0,0.0,0.0,0.0,0.0,0.0,0.0,0.0,0.0,0.0,0.0,0.0,0.0,0.0,stable,stable
19,500,240,modular,6,0.08,0.004,0.12,4,10.0,0.72,0.22,False,static,1.0,False,False,1.0,default,default,0.6514000000000001,0.8166666666666667,0.16249999999999998,0.030907316645451807,0.26776666666666665,0.375,0.1416666666666667,0.028725927119744785,0.08083333333333334,0.1375,0.10416666666666669,0.018951692976266442,0.3157813875433223,0.4117524210099486,0.17926952271030697,0.03149943790059932,0.31552737785278434,0.4117524210099486,0.17926952271030697,0.032145825478785695,0.0132882115463327,0.03223545434864851,0.024278001320336754,0.004251576270300114,0.013266666666666666,0.041666666666666664,0.0375,0.007743886477588484,1.638663804142599,1.7714066578719048,0.28001014250492484,0.05153430776580568,1.0,1.0,0.0,0.0,0.07985714285714286,0.2857142857142857,0.2857142857142857,0.05565362998594292,0.0,0.0,0.0,0.0,0.0,0.0,0.0,0.0,0.0,0.0,0.0,0.0,0.0,0.0,0.0,0.0,0.0,0.0,0.0,0.0,stable,stable
20,500,240,modular,6,0.08,0.004,0.12,4,10.0,0.72,0.22,False,static,1.0,False,False,1.0,default,default,0.6471666666666667,0.7833333333333333,0.16666666666666663,0.03178093418667516,0.27226666666666666,0.375,0.1875,0.02797371782385904,0.08056666666666666,0.13333333333333333,0.09583333333333333,0.018599910394049395,0.3229590027600265,0.42572607640122573,0.1866834202794843,0.033629811439828,0.3225512278929021,0.42572607640122573,0.1866834202794843,0.03334921315544601,0.014502343179505389,0.03734435851217841,0.03131519843458468,0.004940799295931878,0.013433333333333334,0.05,0.05,0.008380930735902785,1.6105004189510828,1.7639163829062883,0.2704900104595529,0.052549968285446017,1.0,1.0,0.0,0.0,0.083,0.2857142857142857,0.21428571428571427,0.05094795263355555,0.0,0.0,0.0,0.0,0.0,0.0,0.0,0.0,0.0,0.0,0.0,0.0,0.0,0.0,0.0,0.0,0.0,0.0,0.0,0.0,stable,stable
21,500,240,modular,6,0.08,0.004,0.12,4,10.0,0.72,0.22,False,static,1.0,False,False,1.0,default,default,0.6482,0.7958333333333333,0.16666666666666663,0.03323249748196618,0.2712,0.3541666666666667,0.14583333333333334,0.02960159530235566,0.08059999999999999,0.14583333333333334,0.09166666666666667,0.017417296639324436,0.32151516062024943,0.43895426421455164,0.16317926003209607,0.03273443683023265,0.32166687939258465,0.43895426421455164,0.16317926003209607,0.03300629975649878,0.014300814705716735,0.042127471561287405,0.025871595870903288,0.004868698862830232,0.013649999999999999,0.058333333333333334,0.058333333333333334,0.009279442631729319,1.6310797530989463,1.8066326732750881,0.2813443932282973,0.05417570759785837,1.0,1.0,0.0,0.0,0.08214285714285714,0.2857142857142857,0.21428571428571427,0.04951293378749534,0.0,0.0,0.0,0.0,0.0,0.0,0.0,0.0,0.0,0.0,0.0,0.0,0.0,0.0,0.0,0.0,0.0,0.0,0.0,0.0,stable,stable
22,500,240,modular,6,0.08,0.004,0.12,4,10.0,0.72,0.22,False,static,1.0,False,False,1.0,default,default,0.6492833333333333,0.7583333333333333,0.1791666666666667,0.030424775174920267,0.2705833333333333,0.3458333333333333,0.14583333333333334,0.027878830080666345,0.08013333333333332,0.1375,0.09583333333333335,0.016808860097513388,0.31372247494821115,0.40502998894489844,0.18425134526634018,0.03070409996299797,0.3134035862075284,0.40502998894489844,0.18425134526634018,0.030586262292656912,0.012844380396663208,0.02996995866762883,0.025052036589799685,0.003911959732976671,0.012866666666666667,0.05,0.05,0.008366865867482545,1.6260402736836406,1.7730965357541288,0.29411679552554726,0.050135770379916594,1.0,1.0,0.0,0.0,0.08028571428571428,0.2857142857142857,0.2857142857142857,0.05153877082313065,0.0,0.0,0.0,0.0,0.0,0.0,0.0,0.0,0.0,0.0,0.0,0.0,0.0,0.0,0.0,0.0,0.0,0.0,0.0,0.0,stable,stable
23,500,240,modular,6,0.08,0.004,0.12,4,10.0,0.72,0.22,False,static,1.0,False,False,1.0,default,default,0.6479666666666667,0.8333333333333334,0.16666666666666663,0.031872645882567635,0.2714333333333333,0.3625,0.1708333333333333,0.028767284659256022,0.08059999999999999,0.13333333333333333,0.1,0.017504792994428062,0.3151500984858965,0.41146454954248457,0.1906908079569403,0.03193932600856329,0.31514481432890445,0.41146454954248457,0.1906908079569403,0.03167834620819474,0.013097901266522483,0.03182803439903394,0.026917553833088817,0.004226257939917453,0.014150000000000001,0.0625,0.0625,0.009256364177028568,1.640970463563423,1.7905462708547368,0.2850273114919948,0.0522533828305586,1.0,1.0,0.0,0.0,0.07942857142857142,0.25,0.21428571428571427,0.04637117331150587,0.0,0.0,0.0,0.0,0.0,0.0,0.0,0.0,0.0,0.0,0.0,0.0,0.0,0.0,0.0,0.0,0.0,0.0,0.0,0.0,stable,stable
24,500,240,modular,6,0.08,0.004,0.12,4,10.0,0.72,0.22,False,static,1.0,False,False,1.0,default,default,0.6486166666666666,0.8166666666666667,0.1708333333333334,0.029370057503821434,0.2694,0.35833333333333334,0.175,0.028742651234706932,0.08198333333333332,0.15,0.10833333333333334,0.018564369995594607,0.3284513385227313,0.41569508339302136,0.16697475221973296,0.0311472437168839,0.32827649445554846,0.41569508339302136,0.16697475221973296,0.03127333100253209,0.015497483575748006,0.03452130510844573,0.027771749761588943,0.004892565042395531,0.01565,0.058333333333333334,0.05416666666666667,0.009675699802426007,1.6343779561117753,1.7601830721059657,0.2470911517329415,0.047641262547515884,1.0,1.0,0.0,0.0,0.07871428571428571,0.25,0.25,0.053001540216357126,0.0,0.0,0.0,0.0,0.0,0.0,0.0,0.0,0.0,0.0,0.0,0.0,0.0,0.0,0.0,0.0,0.0,0.0,0.0,0.0,stable,stable
25,500,240,modular,6,0.08,0.004,0.12,4,10.0,0.72,0.22,False,static,1.0,False,False,1.0,default,default,0.6512166666666667,0.775,0.16666666666666674,0.03223145892516261,0.2710333333333333,0.3541666666666667,0.16666666666666669,0.031560594276900285,0.07774999999999999,0.15,0.12083333333333332,0.017308676372784194,0.31853278135845303,0.4003187230549429,0.16794755204334605,0.031693688762812845,0.3181273078879586,0.4003187230549429,0.16794755204334605,0.0314673620266817,0.013814769870557004,0.029345193539579713,0.023061064057234137,0.0042706390563363675,0.014583333333333332,0.05,0.05,0.009370832406995657,1.6198708233292214,1.7459987180988767,0.2673195626189606,0.051046720107991016,1.0,1.0,0.0,0.0,0.07328571428571427,0.25,0.21428571428571427,0.047612594800887184,0.0,0.0,0.0,0.0,0.0,0.0,0.0,0.0,0.0,0.0,0.0,0.0,0.0,0.0,0.0,0.0,0.0,0.0,0.0,0.0,stable,oscillatory
26,500,240,modular,6,0.08,0.004,0.12,4,10.0,0.72,0.22,False,static,1.0,False,False,1.0,default,default,0.6522833333333334,0.8375,0.18333333333333335,0.030661598313054574,0.2673666666666667,0.3458333333333333,0.15833333333333333,0.026086054171189293,0.08034999999999999,0.14583333333333334,0.09583333333333335,0.017956034268921037,0.3191319310565589,0.43058722576783914,0.20201610182039384,0.032382245697954976,0.3187286430167682,0.43058722576783914,0.20201610182039384,0.03202902482118153,0.013900816654525578,0.03904532609675561,0.03361978342424228,0.004727368258862363,0.014199999999999999,0.05416666666666667,0.041666666666666664,0.008613555208700606,1.6070069809575875,1.7927800013373383,0.3186317307776012,0.0514295013016421,1.0,1.0,0.0,0.0,0.08199999999999998,0.2857142857142857,0.2857142857142857,0.0533613021901506,0.0,0.0,0.0,0.0,0.0,0.0,0.0,0.0,0.0,0.0,0.0,0.0,0.0,0.0,0.0,0.0,0.0,0.0,0.0,0.0,stable,stable
27,500,240,modular,6,0.08,0.004,0.12,4,10.0,0.72,0.22,False,static,1.0,False,False,1.0,default,default,0.65035,0.7833333333333333,0.19166666666666665,0.03123748193721411,0.2725166666666667,0.3458333333333333,0.15833333333333333,0.03145123650634069,0.07713333333333333,0.15416666666666667,0.125,0.01735748317649256,0.3167289432268956,0.4171866194311576,0.20654656618545134,0.030132408010807837,0.31664373867697704,0.4171866194311576,0.20654656618545134,0.030060962529671092,0.013492061548028523,0.03429454041690801,0.029764756802041895,0.004106434993469388,0.013366666666666667,0.05,0.0375,0.008118839544882973,1.621826863975631,1.7619393594842683,0.29254732979492903,0.049018976990429,1.0,1.0,0.0,0.0,0.08028571428571428,0.2857142857142857,0.21428571428571427,0.04992974656291312,0.0,0.0,0.0,0.0,0.0,0.0,0.0,0.0,0.0,0.0,0.0,0.0,0.0,0.0,0.0,0.0,0.0,0.0,0.0,0.0,stable,oscillatory
28,500,240,modular,6,0.08,0.004,0.12,4,10.0,0.72,0.22,False,static,1.0,False,False,1.0,default,default,0.6504666666666667,0.825,0.15833333333333333,0.03102515108746451,0.2686666666666666,0.3541666666666667,0.15000000000000002,0.028062925324665956,0.08086666666666667,0.13333333333333333,0.09166666666666667,0.01697707604716169,0.3156026267497207,0.4137006858222519,0.17222047018712797,0.030863794101227502,0.3149783911236337,0.4137006858222519,0.17222047018712797,0.0310280998676453,0.013164968543434692,0.032785070023065736,0.026264694249875323,0.004212023961263239,0.013216666666666665,0.06666666666666667,0.06666666666666667,0.008934965646890372,1.6275569486931394,1.7749691760819821,0.2549724598953482,0.0510808159751096,1.0,1.0,0.0,0.0,0.07657142857142857,0.2857142857142857,0.21428571428571427,0.0512504853137798,0.0,0.0,0.0,0.0,0.0,0.0,0.0,0.0,0.0,0.0,0.0,0.0,0.0,0.0,0.0,0.0,0.0,0.0,0.0,0.0,stable,stable
29,500,240,modular,6,0.08,0.004,0.12,4,10.0,0.72,0.22,False,static,1.0,False,False,1.0,default,default,0.652,0.7958333333333333,0.17083333333333328,0.031234329404252196,0.2690166666666666,0.35,0.1375,0.029535143849695772,0.07898333333333334,0.14166666666666666,0.09166666666666667,0.01620295754895795,0.3210410206954537,0.41119457340064414,0.16535558094973288,0.030804326764495675,0.32142885072577,0.41119457340064414,0.16535558094973288,0.03074647628577253,0.01436561865234633,0.03281768383381081,0.025762517733511806,0.004536197207687929,0.014433333333333333,0.05,0.05,0.009310149778005126,1.6093487240506128,1.7564054136201401,0.2706937002163188,0.04962190616391465,1.0,1.0,0.0,0.0,0.07942857142857142,0.25,0.25,0.049870035173070267,0.0,0.0,0.0,0.0,0.0,0.0,0.0,0.0,0.0,0.0,0.0,0.0,0.0,0.0,0.0,0.0,0.0,0.0,0.0,0.0,stable,stable
30,500,240,modular,6,0.08,0.004,0.12,4,10.0,0.72,0.22,False,static,1.0,False,False,1.0,default,default,0.6526833333333334,0.8208333333333333,0.16666666666666663,0.029077621215559492,0.26893333333333336,0.36666666666666664,0.1708333333333333,0.02806245019792661,0.07838333333333333,0.14166666666666666,0.1,0.018443163442798467,0.31640434285848584,0.4357086661739657,0.17382772855302717,0.03111946651525372,0.3167727291478847,0.4357086661739657,0.17382772855302717,0.03128260820488468,0.013548387200547863,0.04084018625784021,0.025994351278488124,0.004343940392788325,0.014083333333333331,0.04583333333333333,0.0375,0.008320406640703727,1.6223075783242635,1.8221049238300568,0.2691935428385166,0.0480639028624058,1.0,1.0,0.0,0.0,0.07942857142857142,0.25,0.25,0.05058111287419284,0.0,0.0,0.0,0.0,0.0,0.0,0.0,0.0,0.0,0.0,0.0,0.0,0.0,0.0,0.0,0.0,0.0,0.0,0.0,0.0,stable,stable
31,500,240,modular,6,0.08,0.004,0.12,4,10.0,0.72,0.22,False,static,1.0,False,False,1.0,default,default,0.6468666666666666,0.7791666666666667,0.16666666666666663,0.028166942799435414,0.2731,0.3625,0.14583333333333331,0.026191092633438058,0.08003333333333333,0.1375,0.07916666666666666,0.016255734031070047,0.3258390082909897,0.4096537504079697,0.14986147118556006,0.0287362566682464,0.32591175042840914,0.4096537504079697,0.14986147118556006,0.02865727882590099,0.014931210179583335,0.03238825244847009,0.022204547688851252,0.004217067114300392,0.014916666666666668,0.05,0.041666666666666664,0.008403454977302821,1.6130421403868958,1.749199525200915,0.2362314490881905,0.045933651671331115,1.0,1.0,0.0,0.0,0.078,0.25,0.25,0.0485260292029348,0.0,0.0,0.0,0.0,0.0,0.0,0.0,0.0,0.0,0.0,0.0,0.0,0.0,0.0,0.0,0.0,0.0,0.0,0.0,0.0,stable,stable
32,500,240,modular,6,0.08,0.004,0.12,4,10.0,0.72,0.22,False,static,1.0,False,False,1.0,default,default,0.6506333333333333,0.8125,0.17499999999999993,0.031900696613780144,0.2699,0.35833333333333334,0.15,0.028330215514731107,0.07946666666666667,0.14166666666666666,0.10833333333333334,0.01689983563365172,0.315351771056803,0.41784590840341085,0.16943237357405175,0.032013828263089274,0.3143557368419269,0.41784590840341085,0.16943237357405175,0.03208533539980918,0.013134535958337265,0.0341296451940307,0.027090343880710452,0.004352524662977338,0.012966666666666668,0.04583333333333333,0.0375,0.008270026199071762,1.6284253542735165,1.797609536402336,0.293456866681588,0.05225935051937802,1.0,1.0,0.0,0.0,0.07728571428571428,0.2857142857142857,0.2857142857142857,0.04908738563593939,0.0,0.0,0.0,0.0,0.0,0.0,0.0,0.0,0.0,0.0,0.0,0.0,0.0,0.0,0.0,0.0,0.0,0.0,0.0,0.0,stable,stable
33,500,240,modular,6,0.08,0.004,0.12,4,10.0,0.72,0.22,False,static,1.0,False,False,1.0,default,default,0.6513499999999999,0.8333333333333334,0.16249999999999998,0.03029571385159587,0.26831666666666665,0.35833333333333334,0.15833333333333333,0.028896121423702063,0.08033333333333334,0.15416666666666667,0.12083333333333335,0.017087194685559776,0.31761221430593045,0.41241870927356233,0.17154255504379756,0.030471561334521467,0.31709661487257756,0.41241870927356233,0.17154255504379756,0.03048795050127653,0.01354936339905709,0.03270869669748533,0.026603951850557615,0.004200014563932427,0.013416666666666667,0.05,0.04583333333333333,0.007373469709407882,1.621154226740983,1.7750658140354276,0.27911902205113326,0.0495267747789255,1.0,1.0,0.0,0.0,0.07742857142857142,0.2857142857142857,0.2857142857142857,0.05175215661482827,0.0,0.0,0.0,0.0,0.0,0.0,0.0,0.0,0.0,0.0,0.0,0.0,0.0,0.0,0.0,0.0,0.0,0.0,0.0,0.0,stable,oscillatory
34,500,240,modular,6,0.08,0.004,0.12,4,10.0,0.72,0.22,False,static,1.0,False,False,1.0,default,default,0.6494500000000001,0.8416666666666667,0.15416666666666667,0.029581154849366888,0.27101666666666663,0.3625,0.16249999999999998,0.028201305131342964,0.07953333333333333,0.12916666666666668,0.09166666666666667,0.017942934232975636,0.31953525474676386,0.42706161510078033,0.1571170273011497,0.02981143974914692,0.31916765920465967,0.42706161510078033,0.1571170273011497,0.02948408067608259,0.013775003443452054,0.03758810272606903,0.02383874347718136,0.004057099381059489,0.014016666666666665,0.058333333333333334,0.05416666666666667,0.00873958109852971,1.6246138282819214,1.816450888361105,0.26293233450036224,0.048185181536868245,1.0,1.0,0.0,0.0,0.08242857142857142,0.42857142857142855,0.42857142857142855,0.05557142857142857,0.0,0.0,0.0,0.0,0.0,0.0,0.0,0.0,0.0,0.0,0.0,0.0,0.0,0.0,0.0,0.0,0.0,0.0,0.0,0.0,stable,stable
35,500,240,modular,6,0.08,0.004,0.12,4,10.0,0.72,0.22,False,static,1.0,False,False,1.0,default,default,0.6497999999999999,0.8125,0.2041666666666666,0.030006277121073628,0.2692166666666667,0.36666666666666664,0.18749999999999997,0.02890281128194972,0.08098333333333332,0.14166666666666666,0.09583333333333333,0.017089381043339295,0.3095547793706935,0.3946053980315386,0.15125353434577157,0.028133810407543907,0.30887479882692787,0.3946053980315386,0.15125353434577157,0.028053647166848553,0.011994897584991495,0.02665892946739169,0.01745515720650979,0.003320177367231316,0.011516666666666668,0.04583333333333333,0.0375,0.007651597509307742,1.623398995117423,1.7572884771425514,0.30083020137173877,0.04859341244157612,1.0,1.0,0.0,0.0,0.0852857142857143,0.25,0.25,0.05274911741209612,0.0,0.0,0.0,0.0,0.0,0.0,0.0,0.0,0.0,0.0,0.0,0.0,0.0,0.0,0.0,0.0,0.0,0.0,0.0,0.0,stable,stable
36,500,240,modular,6,0.08,0.004,0.12,4,10.0,0.72,0.22,False,static,1.0,False,False,1.0,default,default,0.6490666666666667,0.75,0.20833333333333326,0.031685801236516015,0.27048333333333335,0.39166666666666666,0.19999999999999998,0.028615307674972383,0.08045,0.15,0.1,0.016656838769039516,0.31292401758964994,0.41739790604631444,0.18011715303385703,0.031108936436694382,0.3125451074278055,0.41739790604631444,0.1660378932213308,0.030432789357231524,0.01266910141844421,0.03356785300238098,0.022000087450179496,0.003812971823395484,0.012266666666666665,0.04583333333333333,0.0375,0.008254695633395577,1.6067667891349915,1.7951697537054336,0.3222507141415676,0.051511210554078084,1.0,1.0,0.0,0.0,0.0747142857142857,0.2857142857142857,0.25,0.050753707012495194,0.0,0.0,0.0,0.0,0.0,0.0,0.0,0.0,0.0,0.0,0.0,0.0,0.0,0.0,0.0,0.0,0.0,0.0,0.0,0.0,stable,stable
37,500,240,modular,6,0.08,0.004,0.12,4,10.0,0.72,0.22,False,static,1.0,False,False,1.0,default,default,0.6494166666666668,0.7833333333333333,0.15416666666666667,0.030226115455935707,0.26963333333333334,0.3458333333333333,0.15416666666666665,0.027672770411041648,0.08095000000000001,0.14583333333333334,0.0875,0.016127107958685934,0.3200032050759488,0.4086025510785597,0.17398081384352548,0.029946749629905144,0.3201334065899381,0.4086025510785597,0.17398081384352548,0.029872864383883587,0.01390032006032786,0.03149291074554315,0.025763278575250938,0.004072327439057052,0.0141,0.05416666666666667,0.0375,0.008296317790977446,1.6062797435953484,1.7467229975506358,0.2657976913609099,0.048480897208318184,1.0,1.0,0.0,0.0,0.08028571428571428,0.2857142857142857,0.2857142857142857,0.052906540624164104,0.0,0.0,0.0,0.0,0.0,0.0,0.0,0.0,0.0,0.0,0.0,0.0,0.0,0.0,0.0,0.0,0.0,0.0,0.0,0.0,stable,stable
38,500,240,modular,6,0.08,0.004,0.12,4,10.0,0.72,0.22,False,static,1.0,False,False,1.0,default,default,0.6525833333333333,0.8208333333333333,0.19166666666666676,0.03139234248454018,0.2704166666666667,0.37916666666666665,0.175,0.02802838343140356,0.077,0.15833333333333333,0.09583333333333335,0.017087194685559776,0.31324042416388315,0.4434294541318871,0.16886263593091977,0.031347374976172696,0.3137131272208946,0.4434294541318871,0.16886263593091977,0.031718415877016445,0.013114503078304302,0.043805449641254234,0.022639390019309938,0.00409776217924005,0.013583333333333333,0.0625,0.041666666666666664,0.008636566318727472,1.6093825387977208,1.808136352042499,0.26473203441931537,0.05033722444438708,1.0,1.0,0.0,0.0,0.0747142857142857,0.25,0.21428571428571427,0.04633969515371001,0.0,0.0,0.0,0.0,0.0,0.0,0.0,0.0,0.0,0.0,0.0,0.0,0.0,0.0,0.0,0.0,0.0,0.0,0.0,0.0,stable,stable
39,500,240,modular,6,0.08,0.004,0.12,4,10.0,0.72,0.22,False,static,1.0,False,False,1.0,default,default,0.6477833333333333,0.7916666666666666,0.19166666666666665,0.02884614840455789,0.27153333333333335,0.35833333333333334,0.17083333333333334,0.026479740683523822,0.08068333333333333,0.12916666666666668,0.1,0.016861107450118585,0.31775256756388215,0.41743537939314096,0.1638587979871135,0.029801699048323065,0.31788018292056197,0.41743537939314096,0.1638587979871135,0.029712829911565118,0.013457929084813493,0.03392748614867505,0.021893752843542343,0.003946256838097748,0.01315,0.041666666666666664,0.041666666666666664,0.007944757181101676,1.6069073021280464,1.7557011033125938,0.2731129844331961,0.046765377565938404,1.0,1.0,0.0,0.0,0.08314285714285714,0.25,0.25,0.051065384257711746,0.0,0.0,0.0,0.0,0.0,0.0,0.0,0.0,0.0,0.0,0.0,0.0,0.0,0.0,0.0,0.0,0.0,0.0,0.0,0.0,stable,stable
40,500,240,modular,6,0.08,0.004,0.12,4,10.0,0.72,0.22,False,static,1.0,False,False,1.0,default,default,0.6513500000000001,0.7708333333333334,0.14583333333333326,0.030102551571438443,0.26915,0.3625,0.13749999999999998,0.027746616410334112,0.0795,0.12916666666666668,0.1,0.017951323071016243,0.3190298111018813,0.40446330714042605,0.15078707571494546,0.031059953860253838,0.3190744287134329,0.40446330714042605,0.15078707571494546,0.031012495446837807,0.013911862386104541,0.030498549026077897,0.0222540794452466,0.004263827563499656,0.013816666666666666,0.05,0.041666666666666664,0.00820753380200844,1.6195731971065717,1.7666987648358998,0.25230401784942513,0.04959777267706815,1.0,1.0,0.0,0.0,0.07928571428571428,0.2857142857142857,0.2857142857142857,0.049223563297200144,0.0,0.0,0.0,0.0,0.0,0.0,0.0,0.0,0.0,0.0,0.0,0.0,0.0,0.0,0.0,0.0,0.0,0.0,0.0,0.0,stable,stable
41,500,240,modular,6,0.08,0.004,0.12,4,10.0,0.72,0.22,False,static,1.0,False,False,1.0,default,default,0.6562666666666667,0.7875,0.15416666666666656,0.03143831703157435,0.26541666666666663,0.3625,0.15416666666666665,0.02860713294889153,0.07831666666666666,0.12916666666666668,0.09583333333333335,0.018496613804213524,0.3069266278746438,0.3994063606911565,0.15989850800541183,0.03251826894637922,0.30758963615939505,0.3994063606911565,0.15989850800541183,0.0325815633720814,0.012204007940005764,0.02837002912136936,0.021969405729760666,0.004042865247934224,0.011949999999999999,0.041666666666666664,0.041666666666666664,0.008327681416683625,1.6105177765015604,1.7752645054308664,0.26845144793766984,0.051675131922914,1.0,1.0,0.0,0.0,0.07485714285714284,0.25,0.21428571428571427,0.04649423927449814,0.0,0.0,0.0,0.0,0.0,0.0,0.0,0.0,0.0,0.0,0.0,0.0,0.0,0.0,0.0,0.0,0.0,0.0,0.0,0.0,stable,stable
42,500,240,modular,6,0.08,0.004,0.12,4,10.0,0.72,0.22,False,static,1.0,False,False,1.0,default,default,0.6477833333333333,0.7958333333333333,0.15000000000000002,0.03150864519813923,0.27259999999999995,0.3625,0.175,0.030123652574753353,0.07961666666666666,0.14583333333333334,0.11250000000000002,0.01884528381909443,0.3142037631336868,0.4135063125790412,0.15579435331952424,0.0316746344810644,0.31338560784320335,0.4135063125790412,0.15579435331952424,0.03118146274915135,0.012850114369991852,0.032472157286123515,0.020890901142197497,0.003937808194336991,0.013,0.04583333333333333,0.04583333333333333,0.008773381458834571,1.6439301846750896,1.813702780180698,0.23683664793881154,0.05141915502007265,1.0,1.0,0.0,0.0,0.0747142857142857,0.32142857142857145,0.25,0.04442857142857142,0.0,0.0,0.0,0.0,0.0,0.0,0.0,0.0,0.0,0.0,0.0,0.0,0.0,0.0,0.0,0.0,0.0,0.0,0.0,0.0,stable,stable
43,500,240,modular,6,0.08,0.004,0.12,4,10.0,0.72,0.22,False,static,1.0,False,False,1.0,default,default,0.6484500000000001,0.8208333333333333,0.17500000000000004,0.031717507433242254,0.27145,0.375,0.19583333333333333,0.029452791793723808,0.08009999999999999,0.1375,0.10833333333333334,0.01760179915046565,0.32114399787273623,0.4139396811580887,0.17283080917196394,0.03183807901471979,0.32178705709805355,0.4139396811580887,0.18284391174736495,0.03259758615973402,0.014312933762452051,0.033331908818608806,0.02776761395184177,0.004514019139220248,0.013933333333333334,0.05,0.041666666666666664,0.008844395588921458,1.6306511792370482,1.7741876722991268,0.26292538070262217,0.05180457798800571,1.0,1.0,0.0,0.0,0.07757142857142856,0.2857142857142857,0.2857142857142857,0.04936349969401295,0.0,0.0,0.0,0.0,0.0,0.0,0.0,0.0,0.0,0.0,0.0,0.0,0.0,0.0,0.0,0.0,0.0,0.0,0.0,0.0,stable,stable
44,500,240,modular,6,0.08,0.004,0.12,4,10.0,0.72,0.22,False,static,1.0,False,False,1.0,default,default,0.64795,0.8375,0.16666666666666663,0.030106851379710895,0.27126666666666666,0.3625,0.1583333333333333,0.028246553378735918,0.08078333333333333,0.14583333333333334,0.10416666666666669,0.017198522223338456,0.32116822457988575,0.44785995707125703,0.1993702950159524,0.03139536699040029,0.32124260862675363,0.44785995707125703,0.1993702950159524,0.031386643941035214,0.014180787482007823,0.04580920724650482,0.03921908144007492,0.004818683746285789,0.013383333333333332,0.041666666666666664,0.041666666666666664,0.007681887065616683,1.6407548285620064,1.8160120514275142,0.2757484322635453,0.04880276251311768,1.0,1.0,0.0,0.0,0.08028571428571428,0.25,0.25,0.05271331783857871,0.0,0.0,0.0,0.0,0.0,0.0,0.0,0.0,0.0,0.0,0.0,0.0,0.0,0.0,0.0,0.0,0.0,0.0,0.0,0.0,stable,stable
45,500,240,modular,6,0.08,0.004,0.12,4,10.0,0.72,0.22,False,static,1.0,False,False,1.0,default,default,0.6473,0.8125,0.1625000000000001,0.030895235159415044,0.27181666666666665,0.3458333333333333,0.16666666666666666,0.028789316112443907,0.08088333333333332,0.14583333333333334,0.09166666666666667,0.016969261425687724,0.3228551786398453,0.41541584477843935,0.1552323489191281,0.030750368124806263,0.3228767508574288,0.41541584477843935,0.1552323489191281,0.03076704440245942,0.01439054130491454,0.03377130052422952,0.023625382044997992,0.004407223333477266,0.0148,0.041666666666666664,0.0375,0.009089921158440631,1.6270402372166795,1.7879958545361865,0.2618399660690882,0.050250529253797666,1.0,1.0,0.0,0.0,0.07228571428571427,0.32142857142857145,0.17857142857142858,0.04780146014335477,0.0,0.0,0.0,0.0,0.0,0.0,0.0,0.0,0.0,0.0,0.0,0.0,0.0,0.0,0.0,0.0,0.0,0.0,0.0,0.0,stable,stable
46,500,240,modular,6,0.08,0.004,0.12,4,10.0,0.72,0.22,False,static,1.0,False,False,1.0,default,default,0.6485833333333333,0.8125,0.16249999999999998,0.03097725420010266,0.2712333333333333,0.3458333333333333,0.14583333333333331,0.02770090251237313,0.08018333333333334,0.14166666666666666,0.10416666666666669,0.018234803414228395,0.3169742485894032,0.41040685568623825,0.1476202972169509,0.03071906292159745,0.31709757655363613,0.41040685568623825,0.1476202972169509,0.030937290466398294,0.013423384466420999,0.03176157561348128,0.020261903791671095,0.004125157472676726,0.013733333333333332,0.04583333333333333,0.041666666666666664,0.008010826008180014,1.6084368853211022,1.7544872270062237,0.26489614989159516,0.0505498068915865,1.0,1.0,0.0,0.0,0.07942857142857143,0.2857142857142857,0.2857142857142857,0.04956216463458094,0.0,0.0,0.0,0.0,0.0,0.0,0.0,0.0,0.0,0.0,0.0,0.0,0.0,0.0,0.0,0.0,0.0,0.0,0.0,0.0,stable,stable
47,500,240,modular,6,0.08,0.004,0.12,4,10.0,0.72,0.22,False,static,1.0,False,False,1.0,default,default,0.6504333333333333,0.8,0.17083333333333328,0.02985299166098954,0.27243333333333336,0.3625,0.14583333333333334,0.02762488813451458,0.07713333333333333,0.13333333333333333,0.10416666666666666,0.01758800096025065,0.3148829891005709,0.4064797033046442,0.18147972174036645,0.03003808019476292,0.3147357860315624,0.4064797033046442,0.18147972174036645,0.02992362179643795,0.013132595315520553,0.0307328282629225,0.025546388385226704,0.0038772173176209045,0.013216666666666666,0.06666666666666667,0.04583333333333333,0.008389825186895532,1.6163481172595693,1.752564781033424,0.29397043555209135,0.0489891837881722,1.0,1.0,0.0,0.0,0.07699999999999999,0.2857142857142857,0.21428571428571427,0.05105599167300823,0.0,0.0,0.0,0.0,0.0,0.0,0.0,0.0,0.0,0.0,0.0,0.0,0.0,0.0,0.0,0.0,0.0,0.0,0.0,0.0,stable,stable
48,500,240,modular,6,0.08,0.004,0.12,4,10.0,0.72,0.22,False,static,1.0,False,False,1.0,default,default,0.6514500000000001,0.7791666666666667,0.14583333333333337,0.028294978942090297,0.27015,0.3625,0.11666666666666664,0.025680023580812988,0.0784,0.1375,0.09583333333333333,0.016699001966185484,0.31121520653565893,0.4048726146578412,0.15754426287366005,0.028698527353481648,0.3114110115977995,0.4048726146578412,0.15754426287366005,0.02829766923115682,0.012508691541305088,0.029878565387026858,0.023488213889849736,0.00363375016122125,0.01325,0.041666666666666664,0.041666666666666664,0.0081004972412535,1.6336132928939315,1.787102516576781,0.26697928355744627,0.046740342976555854,1.0,1.0,0.0,0.0,0.07971428571428571,0.25,0.25,0.0495152007169598,0.0,0.0,0.0,0.0,0.0,0.0,0.0,0.0,0.0,0.0,0.0,0.0,0.0,0.0,0.0,0.0,0.0,0.0,0.0,0.0,stable,stable
49,500,240,modular,6,0.08,0.004,0.12,4,10.0,0.72,0.22,False,static,1.0,False,False,1.0,default,default,0.64825,0.8166666666666667,0.1875,0.030407989629920182,0.2727333333333333,0.375,0.17083333333333334,0.028734918749764294,0.07901666666666667,0.1375,0.07916666666666666,0.016173271846544292,0.3139699180393146,0.41289776833454567,0.18211600070508788,0.0294684918460972,0.3141279098670035,0.41289776833454567,0.18211600070508788,0.029757708116880634,0.012927753775966475,0.032364418605563126,0.026924559253524737,0.003851500514636207,0.012716666666666666,0.0375,0.0375,0.007959637763952159,1.6074741596758102,1.7718928599998711,0.2870778423627651,0.04768458674626899,1.0,1.0,0.0,0.0,0.08014285714285714,0.2857142857142857,0.2857142857142857,0.051513620152581874,0.0,0.0,0.0,0.0,0.0,0.0,0.0,0.0,0.0,0.0,0.0,0.0,0.0,0.0,0.0,0.0,0.0,0.0,0.0,0.0,stable,stable
50,500,240,modular,6,0.08,0.004,0.12,4,10.0,0.72,0.22,False,static,1.0,False,False,1.0,default,default,0.6463833333333333,0.7833333333333333,0.1791666666666667,0.03336940131983858,0.27163333333333334,0.3458333333333333,0.15833333333333335,0.03080266943698946,0.08198333333333334,0.12916666666666668,0.09166666666666667,0.01771055084154954,0.32844509092365554,0.41172978652134823,0.17773501844825823,0.03416235953197404,0.32825756003662243,0.41172978652134823,0.17773501844825823,0.033632751221751744,0.015502707721380139,0.03306343156980192,0.027261601858954272,0.0050600628677501674,0.015366666666666666,0.05416666666666667,0.05416666666666667,0.009345468301683858,1.6316806796435963,1.7559843082334907,0.26372959248196537,0.05373188539327944,1.0,1.0,0.0,0.0,0.08842857142857141,0.25,0.25,0.05413305602958363,0.0,0.0,0.0,0.0,0.0,0.0,0.0,0.0,0.0,0.0,0.0,0.0,0.0,0.0,0.0,0.0,0.0,0.0,0.0,0.0,stable,stable
1,500,240,modular,6,0.08,0.004,0.12,8,10.0,0.72,0.22,True,static,1.0,False,False,1.0,default,default,0.3857,0.8333333333333334,0.14583333333333331,0.02616367286482878,0.37728333333333336,0.4625,0.16250000000000003,0.026910246912447477,0.23701666666666665,0.3875,0.13749999999999998,0.022781626368633123,0.6339375613538911,0.8812973136146371,0.18221380268955756,0.032279445705687596,0.6344314940274803,0.8812973136146371,0.18221380268955756,0.032311625195011066,0.22677259062488017,0.6250670888809704,0.2733497561068041,0.05000199662076519,0.22758333333333333,0.6958333333333333,0.32083333333333336,0.057697065686990436,2.107467421661248,2.45551624497364,0.23431471394337144,0.046408347766520794,1.0,1.0,0.0,0.0,0.2107142857142857,0.5357142857142857,0.4285714285714286,0.06785714285714287,0.0,0.0,0.0,0.0,0.0,0.0,0.0,0.0,0.0,0.0,0.0,0.0,0.0,0.0,0.0,0.0,0.0,0.0,0.0,0.0,stable,oscillatory
2,500,240,modular,6,0.08,0.004,0.12,8,10.0,0.72,0.22,True,static,1.0,False,False,1.0,default,default,0.3737166666666667,0.7875,0.12916666666666665,0.025269772236585133,0.39316666666666666,0.4708333333333333,0.1375,0.024335045601856682,0.23311666666666667,0.4125,0.12916666666666665,0.022233489504698885,0.6204124355851481,0.8860043610652721,0.17844938511935582,0.031655569891978715,0.6204017104813333,0.8860043610652721,0.17844938511935582,0.0313893754842247,0.20110024870996193,0.6166549351662487,0.26270878191097896,0.045858235156021464,0.20053333333333334,0.6041666666666666,0.3333333333333333,0.05479881385577611,2.1167177814072913,2.4838156498457726,0.26157015028219543,0.04668664503112633,1.0,1.0,0.0,0.0,0.22357142857142856,0.5,0.3571428571428571,0.0683665092851517,0.0,0.0,0.0,0.0,0.0,0.0,0.0,0.0,0.0,0.0,0.0,0.0,0.0,0.0,0.0,0.0,0.0,0.0,0.0,0.0,stable,runaway
3,500,240,modular,6,0.08,0.004,0.12,8,10.0,0.72,0.22,True,static,1.0,False,False,1.0,default,default,0.3858,0.8,0.14166666666666666,0.02486125946572744,0.3969166666666667,0.4666666666666667,0.14166666666666666,0.02383988837595046,0.21728333333333333,0.3625,0.10833333333333331,0.019356889385091464,0.5988517000760194,0.773391182376708,0.15874553404500447,0.028584487010501747,0.5993934054004337,0.773391182376708,0.15874553404500447,0.028502590946627097,0.171667665704679,0.46209642499466386,0.20332051907016208,0.03722000372751052,0.17023333333333332,0.4625,0.2791666666666667,0.043578486027447585,2.107277726901641,2.348057672169717,0.23513895062355128,0.04422122259352778,1.0,1.0,0.0,0.0,0.23928571428571427,0.5357142857142857,0.3571428571428571,0.06104949480811886,0.0,0.0,0.0,0.0,0.0,0.0,0.0,0.0,0.0,0.0,0.0,0.0,0.0,0.0,0.0,0.0,0.0,0.0,0.0,0.0,stable,stable
4,500,240,modular,6,0.08,0.004,0.12,8,10.0,0.72,0.22,True,static,1.0,False,False,1.0,default,default,0.39505,0.7791666666666667,0.125,0.024250091637856637,0.4073,0.49583333333333335,0.15833333333333333,0.02150359143130385,0.19765,0.36666666666666664,0.12916666666666665,0.02032287299243556,0.5865284353478047,0.8078250026864044,0.17241342765115641,0.029717408008061014,0.586987694656411,0.8078250026864044,0.17241342765115641,0.029790822799266634,0.15777248153011625,0.5225235332355503,0.2123364761201214,0.03697564689223855,0.15576666666666666,0.5458333333333333,0.25,0.0469907910599986,2.0825753015341246,2.3724362047359735,0.24207044229345076,0.04447741970985647,1.0,1.0,0.0,0.0,0.20828571428571427,0.5,0.3214285714285714,0.060984440973221414,0.0,0.0,0.0,0.0,0.0,0.0,0.0,0.0,0.0,0.0,0.0,0.0,0.0,0.0,0.0,0.0,0.0,0.0,0.0,0.0,stable,oscillatory
5,500,240,modular,6,0.08,0.004,0.12,8,10.0,0.72,0.22,True,static,1.0,False,False,1.0,default,default,0.3760166666666667,0.7666666666666667,0.1375,0.025798519552701297,0.3903666666666667,0.4666666666666667,0.12083333333333335,0.025652138745574846,0.2336166666666667,0.425,0.11666666666666667,0.022567559066549978,0.6198723563388326,0.8172609452736291,0.1542278759646537,0.03164911864733408,0.6203106909723096,0.8172609452736291,0.1542278759646537,0.031876279029419696,0.200161779977117,0.5299312019545858,0.2128175238807097,0.04483578631021525,0.20095,0.5458333333333333,0.2791666666666667,0.053563308855554805,2.093724649770487,2.336494010660533,0.2227584636841391,0.045657824523741876,1.0,1.0,0.0,0.0,0.25271428571428567,0.4642857142857143,0.3214285714285714,0.06544806322261826,0.0,0.0,0.0,0.0,0.0,0.0,0.0,0.0,0.0,0.0,0.0,0.0,0.0,0.0,0.0,0.0,0.0,0.0,0.0,0.0,stable,runaway
6,500,240,modular,6,0.08,0.004,0.12,8,10.0,0.72,0.22,True,static,1.0,False,False,1.0,default,default,0.387,0.7958333333333333,0.1333333333333333,0.024324770182767286,0.40470000000000006,0.475,0.12916666666666665,0.023018567384710205,0.2083,0.325,0.12083333333333332,0.021157452062518723,0.5927734552936468,0.7201533062398536,0.17492494134238934,0.029508373314489102,0.5920189793342397,0.7201533062398536,0.17492494134238934,0.029098007934215218,0.1622049513254111,0.36635051103582766,0.2285464791555559,0.037135969192907924,0.15871666666666667,0.4083333333333333,0.29583333333333334,0.043872355887404894,2.0759393607322774,2.235047735020665,0.24505765292527038,0.04432087219137745,1.0,1.0,0.0,0.0,0.2141428571428571,0.39285714285714285,0.35714285714285715,0.0623107747750036,0.0,0.0,0.0,0.0,0.0,0.0,0.0,0.0,0.0,0.0,0.0,0.0,0.0,0.0,0.0,0.0,0.0,0.0,0.0,0.0,stable,oscillatory
7,500,240,modular,6,0.08,0.004,0.12,8,10.0,0.72,0.22,True,static,1.0,False,False,1.0,default,default,0.3813666666666667,0.8416666666666667,0.1375,0.02333080938730302,0.4105666666666666,0.4875,0.1375,0.02509727740878148,0.20806666666666665,0.3458333333333333,0.11249999999999999,0.02158795960715139,0.6141228878970036,0.8008427195498048,0.1838592693585498,0.028753138883457534,0.6148049816299039,0.8008427195498048,0.1838592693585498,0.029263557477071413,0.19835088041628157,0.5223964780675184,0.27717446479535407,0.04294541769495044,0.19786666666666666,0.55,0.27083333333333337,0.04897594647715686,2.1120706446704682,2.3475772518463836,0.2698765949467983,0.042049881824658214,1.0,1.0,0.0,0.0,0.2741428571428572,0.5,0.35714285714285715,0.06809192466131085,0.0,0.0,0.0,0.0,0.0,0.0,0.0,0.0,0.0,0.0,0.0,0.0,0.0,0.0,0.0,0.0,0.0,0.0,0.0,0.0,stable,stable
8,500,240,modular,6,0.08,0.004,0.12,8,10.0,0.72,0.22,True,static,1.0,False,False,1.0,default,default,0.40463333333333334,0.8,0.14583333333333331,0.02312836161752732,0.4139666666666667,0.4708333333333333,0.11249999999999999,0.02239640348111475,0.1814,0.375,0.11666666666666665,0.01979438753227232,0.579917033944005,0.784437096228726,0.18592806537031953,0.027409428534694236,0.5795149128938488,0.784437096228726,0.18592806537031953,0.027277809007266778,0.14959032238253706,0.4891301164162728,0.23486999698875644,0.032457708821929165,0.1499,0.4875,0.2375,0.039775285458854136,2.012269265175039,2.236251697721674,0.27978908442112393,0.040837314299813805,1.0,1.0,0.0,0.0,0.2322857142857143,0.5,0.35714285714285715,0.061879408727700334,0.0,0.0,0.0,0.0,0.0,0.0,0.0,0.0,0.0,0.0,0.0,0.0,0.0,0.0,0.0,0.0,0.0,0.0,0.0,0.0,stable,stable
9,500,240,modular,6,0.08,0.004,0.12,8,10.0,0.72,0.22,True,static,1.0,False,False,1.0,default,default,0.3450333333333333,0.7583333333333333,0.18333333333333335,0.026466414776299244,0.4219666666666667,0.5,0.16250000000000003,0.02849403446337496,0.233,0.38333333333333336,0.14583333333333334,0.02381992629898105,0.654491724798229,0.8190383538404079,0.23112565446655553,0.03139344589563354,0.653809787268409,0.8190383538404079,0.23112565446655553,0.031578038801548296,0.2543865442849829,0.5397255329791143,0.36143401226099175,0.051823496464129294,0.25220000000000004,0.5708333333333333,0.4,0.05983675941908768,2.177544937347099,2.3560819379234124,0.3472704578791026,0.04693388035376579,1.0,1.0,0.0,0.0,0.3978571428571428,0.6428571428571429,0.3928571428571428,0.0722841614740048,0.0,0.0,0.0,0.0,0.0,0.0,0.0,0.0,0.0,0.0,0.0,0.0,0.0,0.0,0.0,0.0,0.0,0.0,0.0,0.0,stable,oscillatory
10,500,240,modular,6,0.08,0.004,0.12,8,10.0,0.72,0.22,True,static,1.0,False,False,1.0,default,default,0.37023333333333336,0.7875,0.11666666666666664,0.022731549294611075,0.41979999999999995,0.4875,0.1375,0.024302240408836568,0.20996666666666663,0.38333333333333336,0.10416666666666669,0.021038298410280237,0.6197794930090574,0.821209640814906,0.15272277174466287,0.028832228702832148,0.6191564888771811,0.821209640814906,0.1421737968640353,0.028382906384547477,0.20338238946867362,0.5506928297203479,0.20780211942529847,0.041602814868166346,0.20551666666666665,0.5625,0.25416666666666665,0.04697720783055923,2.1127126022084894,2.3594107865983576,0.23502725147907633,0.041886817120840754,1.0,1.0,0.0,0.0,0.19242857142857142,0.5,0.35714285714285715,0.06273380757012041,0.0,0.0,0.0,0.0,0.0,0.0,0.0,0.0,0.0,0.0,0.0,0.0,0.0,0.0,0.0,0.0,0.0,0.0,0.0,0.0,stable,stable
11,500,240,modular,6,0.08,0.004,0.12,8,10.0,0.72,0.22,True,static,1.0,False,False,1.0,default,default,0.37723333333333336,0.8166666666666667,0.12916666666666665,0.024086326226951074,0.40435000000000004,0.49583333333333335,0.15416666666666667,0.026505392533092833,0.21841666666666665,0.4125,0.11666666666666667,0.020379898865739685,0.6127644644615184,0.8382779897254432,0.15880419803446322,0.0271268836610991,0.6122599190033364,0.8382779897254432,0.15880419803446322,0.027585571374842344,0.18999906616150616,0.5649026260422222,0.22554322859664896,0.03877665051081462,0.18863333333333332,0.5875,0.24166666666666664,0.04688157657568933,2.0969311257724477,2.394783200750173,0.23882828983819304,0.04175922291726418,1.0,1.0,0.0,0.0,0.19714285714285715,0.42857142857142855,0.32142857142857145,0.06071008388821651,0.0,0.0,0.0,0.0,0.0,0.0,0.0,0.0,0.0,0.0,0.0,0.0,0.0,0.0,0.0,0.0,0.0,0.0,0.0,0.0,stable,runaway
12,500,240,modular,6,0.08,0.004,0.12,8,10.0,0.72,0.22,True,static,1.0,False,False,1.0,default,default,0.3552666666666667,0.7708333333333334,0.13749999999999996,0.025414038115445826,0.41938333333333333,0.49583333333333335,0.15000000000000002,0.025691443668618117,0.22535000000000002,0.42083333333333334,0.11666666666666667,0.02025057612349173,0.6391631496705539,0.8669953940314737,0.17646950434266673,0.02868416651404579,0.6383350188647987,0.8669953940314737,0.17646950434266673,0.028316000579187168,0.23020667313258622,0.6043889306810305,0.27449212276514445,0.04408902548681981,0.22761666666666666,0.6041666666666666,0.2916666666666667,0.05014036132033088,2.1206238368299157,2.3640353446665565,0.269613779619182,0.04389930010085258,1.0,1.0,0.0,0.0,0.2658571428571429,0.5357142857142857,0.4285714285714286,0.07084461294744626,0.0,0.0,0.0,0.0,0.0,0.0,0.0,0.0,0.0,0.0,0.0,0.0,0.0,0.0,0.0,0.0,0.0,0.0,0.0,0.0,stable,runaway
13,500,240,modular,6,0.08,0.004,0.12,8,10.0,0.72,0.22,True,static,1.0,False,False,1.0,default,default,0.40523333333333333,0.8291666666666667,0.14166666666666666,0.0233119187446155,0.3913833333333333,0.475,0.13749999999999996,0.022625949949363695,0.20338333333333333,0.38333333333333336,0.1166666666666667,0.021551237396802377,0.5946969845705975,0.8246001446465079,0.14712650718206355,0.029990496616925974,0.5948574439315777,0.8246001446465079,0.14712650718206355,0.03015669719997859,0.1690696790126945,0.5518093395538552,0.18516842229650088,0.038690570560164485,0.1714166666666667,0.5541666666666667,0.22083333333333333,0.04509873427639997,2.0905684402586195,2.3997573505197756,0.21742181927503146,0.043889664419949674,1.0,1.0,0.0,0.0,0.21942857142857142,0.4642857142857143,0.35714285714285715,0.06557500768321009,0.0,0.0,0.0,0.0,0.0,0.0,0.0,0.0,0.0,0.0,0.0,0.0,0.0,0.0,0.0,0.0,0.0,0.0,0.0,0.0,stable,stable
14,500,240,modular,6,0.08,0.004,0.12,8,10.0,0.72,0.22,True,static,1.0,False,False,1.0,default,default,0.34564999999999996,0.7708333333333334,0.13333333333333336,0.023541505899156066,0.43770000000000003,0.49166666666666664,0.125,0.024474226806536253,0.21665,0.4,0.11666666666666667,0.020366427985508133,0.6337763971433306,0.8384937647337217,0.16043220929919066,0.026858399627553802,0.6339187729059718,0.8384937647337217,0.16043220929919066,0.027230565266351824,0.22110841313147286,0.564033242632086,0.24347526760477972,0.041727995096743076,0.21994999999999998,0.5458333333333333,0.2583333333333333,0.04768659548435901,2.131475251305766,2.3641642858568797,0.23765593182330447,0.04135475970385618,1.0,1.0,0.0,0.0,0.19142857142857142,0.4642857142857143,0.32142857142857145,0.05853657499585108,0.0,0.0,0.0,0.0,0.0,0.0,0.0,0.0,0.0,0.0,0.0,0.0,0.0,0.0,0.0,0.0,0.0,0.0,0.0,0.0,stable,stable
15,500,240,modular,6,0.08,0.004,0.12,8,10.0,0.72,0.22,True,static,1.0,False,False,1.0,default,default,0.38839999999999997,0.7791666666666667,0.13333333333333336,0.022339451898180294,0.3955166666666667,0.4666666666666667,0.11666666666666664,0.022717400330534692,0.21608333333333332,0.4083333333333333,0.10833333333333331,0.019656953816228322,0.5974274824741219,0.8493356072835615,0.13860796166340583,0.026304510718457352,0.5971908577956943,0.8493356072835615,0.13860796166340583,0.026073920218576567,0.16935032152556942,0.5785185412806724,0.1842462721576364,0.03417617291639512,0.16976666666666668,0.6333333333333333,0.22916666666666669,0.04044167267669438,2.100742594199568,2.4135760386013567,0.21396912256128986,0.03992183201493102,1.0,1.0,0.0,0.0,0.32557142857142857,0.5714285714285714,0.3214285714285714,0.07127254387352876,0.0,0.0,0.0,0.0,0.0,0.0,0.0,0.0,0.0,0.0,0.0,0.0,0.0,0.0,0.0,0.0,0.0,0.0,0.0,0.0,stable,runaway
16,500,240,modular,6,0.08,0.004,0.12,8,10.0,0.72,0.22,True,static,1.0,False,False,1.0,default,default,0.36188333333333333,0.7875,0.1375,0.02426062768263747,0.41281666666666667,0.4791666666666667,0.12083333333333335,0.02457352346643752,0.2253,0.4583333333333333,0.10833333333333336,0.019196903685519472,0.648008402665846,0.911116882062019,0.1528378593969545,0.027897885692512458,0.6467728499033385,0.911116882062019,0.1284937224866517,0.02728512961011558,0.2450963484349653,0.6520407448610991,0.20688375777698034,0.04459951152122009,0.24573333333333336,0.6708333333333333,0.2958333333333333,0.05326418433932255,2.177227625130834,2.523035731772943,0.24440878740791439,0.04276276054394641,1.0,1.0,0.0,0.0,0.36128571428571427,0.5357142857142857,0.3571428571428571,0.07170076708097341,0.0,0.0,0.0,0.0,0.0,0.0,0.0,0.0,0.0,0.0,0.0,0.0,0.0,0.0,0.0,0.0,0.0,0.0,0.0,0.0,runaway,runaway
17,500,240,modular,6,0.08,0.004,0.12,8,10.0,0.72,0.22,True,static,1.0,False,False,1.0,default,default,0.4195,0.8166666666666667,0.125,0.022083176100069178,0.37581666666666674,0.43333333333333335,0.1375,0.022213290566185317,0.20468333333333333,0.425,0.125,0.018636053766825207,0.5702610118841648,0.8414859145761517,0.1517607488511633,0.025209656820863145,0.5703840814718998,0.8414859145761517,0.1517607488511633,0.025070885093354693,0.13409121530424023,0.5561093250298544,0.17721101700531774,0.027486031112763456,0.13475,0.5333333333333333,0.22083333333333333,0.03425405491000704,2.076532360500789,2.447562660032273,0.21883552872040402,0.04023859648863992,1.0,1.0,0.0,0.0,0.2844285714285714,0.42857142857142855,0.2857142857142857,0.06155617974912123,0.0,0.0,0.0,0.0,0.0,0.0,0.0,0.0,0.0,0.0,0.0,0.0,0.0,0.0,0.0,0.0,0.0,0.0,0.0,0.0,stable,runaway
18,500,240,modular,6,0.08,0.004,0.12,8,10.0,0.72,0.22,True,static,1.0,False,False,1.0,default,default,0.40771666666666667,0.875,0.16249999999999998,0.02527559758607763,0.39631666666666665,0.4666666666666667,0.125,0.022775529021786128,0.19596666666666668,0.3625,0.1,0.01906812348746812,0.588258988253246,0.7771043893742842,0.19041803543804425,0.02960297337370367,0.5887658715856667,0.7771043893742842,0.19041803543804425,0.030043970028470948,0.1619256052586153,0.4783156455697321,0.24316093584745685,0.03806225618468167,0.16176666666666664,0.5041666666666667,0.25416666666666665,0.044514554423868556,2.0540665955370843,2.3046162490214335,0.29427536633720663,0.04434544175454441,1.0,1.0,0.0,0.0,0.24071428571428571,0.5357142857142857,0.5,0.07235471015512848,0.0,0.0,0.0,0.0,0.0,0.0,0.0,0.0,0.0,0.0,0.0,0.0,0.0,0.0,0.0,0.0,0.0,0.0,0.0,0.0,stable,stable
19,500,240,modular,6,0.08,0.004,0.12,8,10.0,0.72,0.22,True,static,1.0,False,False,1.0,default,default,0.35926666666666673,0.8166666666666667,0.14583333333333337,0.024697413269859303,0.4302,0.5,0.125,0.024245022398651464,0.21053333333333332,0.325,0.1,0.019483440262039055,0.6180889960007712,0.7266919280852554,0.1463147608782993,0.028445392237846995,0.617821842420815,0.7266919280852554,0.1463147608782993,0.028790809619513354,0.19738106380509415,0.37998099950621544,0.19890659140942163,0.040276199636429894,0.19746666666666668,0.42916666666666664,0.2666666666666667,0.04942276803255763,2.1518916505248065,2.285313369642877,0.25119295262169095,0.04382461613301248,1.0,1.0,0.0,0.0,0.25171428571428567,0.42857142857142855,0.3571428571428571,0.062246383388097015,0.0,0.0,0.0,0.0,0.0,0.0,0.0,0.0,0.0,0.0,0.0,0.0,0.0,0.0,0.0,0.0,0.0,0.0,0.0,0.0,stable,stable
20,500,240,modular,6,0.08,0.004,0.12,8,10.0,0.72,0.22,True,static,1.0,False,False,1.0,default,default,0.39985,0.7833333333333333,0.12916666666666665,0.023079987723855777,0.42086666666666667,0.5,0.14166666666666666,0.023360079908539125,0.17928333333333335,0.39166666666666666,0.1125,0.019448657480087866,0.5694611868926418,0.816646109991468,0.1482501252438745,0.02730198368583642,0.5695925897050856,0.816646109991468,0.1482501252438745,0.02692701583487771,0.13810331047577715,0.5401822625807393,0.16682792716812606,0.030217147123309918,0.13623333333333335,0.55,0.19999999999999998,0.038072387194220784,2.0258191513524304,2.3518468988652,0.21957686466763793,0.04086198944549551,1.0,1.0,0.0,0.0,0.17228571428571426,0.42857142857142855,0.35714285714285715,0.06317516949574672,0.0,0.0,0.0,0.0,0.0,0.0,0.0,0.0,0.0,0.0,0.0,0.0,0.0,0.0,0.0,0.0,0.0,0.0,0.0,0.0,stable,stable
21,500,240,modular,6,0.08,0.004,0.12,8,10.0,0.72,0.22,True,static,1.0,False,False,1.0,default,default,0.3998333333333334,0.7958333333333333,0.1375,0.025684517601941532,0.37698333333333334,0.4625,0.1791666666666667,0.026455355475467218,0.22318333333333334,0.35,0.11249999999999999,0.01921637756359576,0.5946769821488851,0.7796165079461859,0.1701620833376386,0.027943585992002355,0.5938906068432097,0.7796165079461859,0.15823162091383824,0.02758159984551058,0.16652117212713125,0.4785425908457797,0.19738967091189683,0.03561213530222212,0.16935,0.5375,0.2625,0.04555012196593013,2.0904197124020727,2.322768538411691,0.2380045136336455,0.043065167927487526,1.0,1.0,0.0,0.0,0.2464285714285714,0.4642857142857143,0.3571428571428571,0.06532883852371128,0.0,0.0,0.0,0.0,0.0,0.0,0.0,0.0,0.0,0.0,0.0,0.0,0.0,0.0,0.0,0.0,0.0,0.0,0.0,0.0,stable,stable
22,500,240,modular,6,0.08,0.004,0.12,8,10.0,0.72,0.22,True,static,1.0,False,False,1.0,default,default,0.3452,0.7583333333333333,0.15000000000000002,0.02632888148023003,0.4321333333333333,0.5083333333333333,0.13749999999999996,0.02598779628124623,0.22266666666666668,0.39166666666666666,0.10833333333333334,0.019677257035584112,0.6304185321310304,0.8245899660199415,0.15887685595749268,0.02862922020093439,0.6305650818492343,0.8245899660199415,0.15887685595749268,0.029329195418714253,0.21420959719357796,0.5395547814348199,0.23664137041704925,0.04422708023257092,0.21233333333333335,0.5625,0.2791666666666667,0.05049174850078641,2.1654845598773274,2.384134631485391,0.25291683913529894,0.04499138897937332,1.0,1.0,0.0,0.0,0.2547142857142857,0.5,0.39285714285714285,0.06905499139623937,0.0,0.0,0.0,0.0,0.0,0.0,0.0,0.0,0.0,0.0,0.0,0.0,0.0,0.0,0.0,0.0,0.0,0.0,0.0,0.0,stable,stable
23,500,240,modular,6,0.08,0.004,0.12,8,10.0,0.72,0.22,True,static,1.0,False,False,1.0,default,default,0.3817833333333333,0.8333333333333334,0.12083333333333329,0.023001213736090827,0.3710833333333334,0.44166666666666665,0.15416666666666667,0.024463833850536725,0.24713333333333332,0.35833333333333334,0.13333333333333336,0.022477865655894567,0.6139733262740019,0.7627374925158874,0.15494141470428568,0.029288462244190093,0.6144018575515424,0.7627374925158874,0.15494141470428568,0.028859276133082888,0.1906584134216476,0.4406639262220677,0.20470476609807764,0.039660681580430804,0.1927333333333333,0.44583333333333336,0.2833333333333333,0.04847509096891355,2.1520674336484964,2.3340514235834036,0.23991429858079494,0.04363825768358003,1.0,1.0,0.0,0.0,0.25357142857142856,0.5,0.4285714285714286,0.06687255622084597,0.0,0.0,0.0,0.0,0.0,0.0,0.0,0.0,0.0,0.0,0.0,0.0,0.0,0.0,0.0,0.0,0.0,0.0,0.0,0.0,stable,oscillatory
24,500,240,modular,6,0.08,0.004,0.12,8,10.0,0.72,0.22,True,static,1.0,False,False,1.0,default,default,0.4169666666666667,0.8166666666666667,0.1375,0.023832027936278432,0.37465,0.4583333333333333,0.15833333333333333,0.023710106846378122,0.20838333333333334,0.4125,0.10416666666666669,0.019876291013276204,0.5890572899215774,0.8823286570777993,0.1407088895578742,0.029689772692792812,0.5891509929996702,0.8823286570777993,0.1407088895578742,0.02927646523032695,0.16441473496637507,0.6334532140876751,0.17520622490964122,0.03700632538904079,0.16583333333333333,0.6666666666666666,0.22916666666666663,0.0441257672265688,2.0484937724555383,2.412632656525554,0.22571859630547086,0.0429000003568768,1.0,1.0,0.0,0.0,0.20214285714285712,0.5,0.35714285714285715,0.05412099068432748,0.0,0.0,0.0,0.0,0.0,0.0,0.0,0.0,0.0,0.0,0.0,0.0,0.0,0.0,0.0,0.0,0.0,0.0,0.0,0.0,stable,runaway
25,500,240,modular,6,0.08,0.004,0.12,8,10.0,0.72,0.22,True,static,1.0,False,False,1.0,default,default,0.3884666666666666,0.775,0.10833333333333334,0.023381711751803896,0.4280833333333333,0.5041666666666667,0.15833333333333333,0.023935822758182162,0.18345,0.35833333333333334,0.11666666666666667,0.018967816309621823,0.5802695069995661,0.788330961032541,0.15969622506473435,0.02765630371150244,0.5803443870464627,0.788330961032541,0.15969622506473435,0.0279886647263769,0.15092811142053503,0.4963418139653287,0.1798613884973045,0.03332404263153428,0.15041666666666662,0.5541666666666667,0.21666666666666667,0.04132736852122198,2.0658865828199766,2.309587563889664,0.21387307191469396,0.04076222389118055,1.0,1.0,0.0,0.0,0.21871428571428572,0.4642857142857143,0.3928571428571429,0.06401355086134147,0.0,0.0,0.0,0.0,0.0,0.0,0.0,0.0,0.0,0.0,0.0,0.0,0.0,0.0,0.0,0.0,0.0,0.0,0.0,0.0,stable,stable
26,500,240,modular,6,0.08,0.004,0.12,8,10.0,0.72,0.22,True,static,1.0,False,False,1.0,default,default,0.37451666666666666,0.8375,0.12916666666666665,0.024297970880073277,0.40348333333333336,0.475,0.14166666666666666,0.024378776060791533,0.222,0.4041666666666667,0.12083333333333332,0.021577380131362872,0.6285642498640983,0.8449897846408015,0.19033783369507717,0.02948973526302407,0.6281962519963291,0.8449897846408015,0.19033783369507717,0.029371867694590423,0.215212158186062,0.5786911864468436,0.26789334907773854,0.043460797085707395,0.21843333333333334,0.5583333333333333,0.32083333333333336,0.05242127430728864,2.1011185505335472,2.3771172189137393,0.26984726075504106,0.04400988840499793,1.0,1.0,0.0,0.0,0.3132857142857142,0.5357142857142857,0.39285714285714285,0.06895739589760906,0.0,0.0,0.0,0.0,0.0,0.0,0.0,0.0,0.0,0.0,0.0,0.0,0.0,0.0,0.0,0.0,0.0,0.0,0.0,0.0,stable,runaway
27,500,240,modular,6,0.08,0.004,0.12,8,10.0,0.72,0.22,True,static,1.0,False,False,1.0,default,default,0.3472833333333333,0.7833333333333333,0.14583333333333331,0.024603415526214152,0.42179999999999995,0.5083333333333333,0.16249999999999998,0.02496740096828485,0.2309166666666667,0.375,0.1166666666666667,0.0213289383493673,0.6441987694896665,0.833798493325546,0.18686645561308612,0.029539656160693352,0.6446141691915667,0.833798493325546,0.18686645561308612,0.029620434462435306,0.2400881656304595,0.5625092046973513,0.2951759959496815,0.0479144888444856,0.2422833333333333,0.5708333333333333,0.35,0.05701457172415565,2.1662423101805843,2.420246497189637,0.2521934217052899,0.04502790022963371,1.0,1.0,0.0,0.0,0.29514285714285715,0.5357142857142857,0.39285714285714285,0.06934739522498157,0.0,0.0,0.0,0.0,0.0,0.0,0.0,0.0,0.0,0.0,0.0,0.0,0.0,0.0,0.0,0.0,0.0,0.0,0.0,0.0,stable,stable
28,500,240,modular,6,0.08,0.004,0.12,8,10.0,0.72,0.22,True,static,1.0,False,False,1.0,default,default,0.41645,0.825,0.13333333333333336,0.023455519369412585,0.37385,0.42916666666666664,0.1333333333333333,0.022909780783664332,0.2097,0.37916666666666665,0.1333333333333333,0.020855161897664034,0.5690149760523016,0.7985587666054506,0.15382113159713995,0.02879775630615732,0.5694518538998444,0.7985587666054506,0.15382113159713995,0.02839336330318084,0.13608270623346835,0.5042454006923627,0.18199165819548507,0.031542482706763596,0.14001666666666665,0.5125,0.22916666666666663,0.04005707386550678,2.0518746706663427,2.3774250901113874,0.253236801677283,0.04317531131813023,1.0,1.0,0.0,0.0,0.21671428571428572,0.5,0.4642857142857143,0.06699999999999999,0.0,0.0,0.0,0.0,0.0,0.0,0.0,0.0,0.0,0.0,0.0,0.0,0.0,0.0,0.0,0.0,0.0,0.0,0.0,0.0,stable,oscillatory
29,500,240,modular,6,0.08,0.004,0.12,8,10.0,0.72,0.22,True,static,1.0,False,False,1.0,default,default,0.4024,0.7958333333333333,0.125,0.02523921111639145,0.38889999999999997,0.4666666666666667,0.15000000000000002,0.024183580288194624,0.2087,0.39166666666666666,0.10833333333333334,0.020269133621785066,0.6028799761783108,0.8660626179236963,0.1536214288020984,0.03051897768050927,0.6023035584801385,0.8660626179236963,0.1536214288020984,0.03025407778594893,0.1805290856781644,0.6108741738362095,0.1989747485253418,0.04100995071964052,0.18164999999999998,0.6375,0.2708333333333333,0.04921198194207044,2.0524808109930137,2.3941109942529164,0.228858490266739,0.04405598440544785,1.0,1.0,0.0,0.0,0.22314285714285714,0.5,0.35714285714285715,0.06302833829771676,0.0,0.0,0.0,0.0,0.0,0.0,0.0,0.0,0.0,0.0,0.0,0.0,0.0,0.0,0.0,0.0,0.0,0.0,0.0,0.0,stable,stable
30,500,240,modular,6,0.08,0.004,0.12,8,10.0,0.72,0.22,True,static,1.0,False,False,1.0,default,default,0.3756333333333333,0.8208333333333333,0.1375,0.024261629513836588,0.4115333333333333,0.4791666666666667,0.1375,0.025882405005889404,0.21283333333333332,0.39166666666666666,0.13749999999999998,0.02269422344513638,0.6137842398698574,0.8283340936925155,0.15656156057339032,0.02978097267464448,0.6133194818997669,0.8283340936925155,0.15656156057339032,0.029639059453425706,0.192845509949461,0.5542855842747118,0.2318860874553385,0.04257752808959746,0.19305,0.5625,0.3375,0.05095848255633643,2.10798864905966,2.4043629427816025,0.2321238898246203,0.04399806501255314,1.0,1.0,0.0,0.0,0.18371428571428572,0.42857142857142855,0.28571428571428575,0.0578887039137717,0.0,0.0,0.0,0.0,0.0,0.0,0.0,0.0,0.0,0.0,0.0,0.0,0.0,0.0,0.0,0.0,0.0,0.0,0.0,0.0,stable,oscillatory
31,500,240,modular,6,0.08,0.004,0.12,8,10.0,0.72,0.22,True,static,1.0,False,False,1.0,default,default,0.3421666666666666,0.7791666666666667,0.11249999999999999,0.023070543990118653,0.43993333333333334,0.5,0.13333333333333336,0.023942546973025985,0.2179,0.4041666666666667,0.12083333333333335,0.022909992967650117,0.653290346814911,0.8725809253502045,0.15037718524985133,0.029739760823872263,0.6537295507929655,0.8725809253502045,0.15037718524985133,0.030059558140565962,0.25873733415371325,0.6191941135413377,0.24863501410052188,0.05047575217271398,0.25939999999999996,0.6083333333333333,0.2791666666666667,0.05677661881835201,2.1324031081189236,2.402958187857123,0.2059023020754882,0.041905985629802425,1.0,1.0,0.0,0.0,0.18757142857142856,0.5,0.32142857142857145,0.06040357470162419,0.0,0.0,0.0,0.0,0.0,0.0,0.0,0.0,0.0,0.0,0.0,0.0,0.0,0.0,0.0,0.0,0.0,0.0,0.0,0.0,stable,runaway
32,500,240,modular,6,0.08,0.004,0.12,8,10.0,0.72,0.22,True,static,1.0,False,False,1.0,default,default,0.3923666666666667,0.8125,0.1333333333333333,0.023963142995488344,0.42251666666666665,0.49583333333333335,0.1375,0.023157366238653113,0.18511666666666668,0.3958333333333333,0.0875,0.018836290328335177,0.5810368298479022,0.8234986940364307,0.13835224061935536,0.026976721740980224,0.580682554274928,0.8234986940364307,0.13835224061935536,0.02759214014891669,0.1487488870467952,0.5420246700053447,0.15690597930552574,0.03246212044377029,0.14861666666666667,0.5458333333333333,0.19166666666666668,0.0382657411328259,2.081127697429958,2.4251761003541135,0.23520753871037892,0.04199568580517859,1.0,1.0,0.0,0.0,0.32628571428571423,0.6428571428571429,0.42857142857142855,0.07427802157971036,0.0,0.0,0.0,0.0,0.0,0.0,0.0,0.0,0.0,0.0,0.0,0.0,0.0,0.0,0.0,0.0,0.0,0.0,0.0,0.0,stable,stable
33,500,240,modular,6,0.08,0.004,0.12,8,10.0,0.72,0.22,True,static,1.0,False,False,1.0,default,default,0.3642666666666666,0.8333333333333334,0.14583333333333331,0.026419500373776942,0.3996,0.4625,0.14583333333333337,0.026388781286330328,0.23613333333333333,0.4166666666666667,0.12500000000000003,0.024828724404518963,0.640219790287796,0.8756873268077591,0.18010619634714164,0.03339917227170682,0.6395984066240177,0.8756873268077591,0.18010619634714164,0.03302841970981855,0.23233165189618907,0.6123452201685272,0.2822354883318092,0.052357756696995564,0.232,0.6416666666666667,0.3333333333333333,0.059920317459476506,2.1435522194214633,2.4386475507316185,0.2769561331200272,0.0492199248781241,1.0,1.0,0.0,0.0,0.2814285714285715,0.4642857142857143,0.35714285714285715,0.06992707571725953,0.0,0.0,0.0,0.0,0.0,0.0,0.0,0.0,0.0,0.0,0.0,0.0,0.0,0.0,0.0,0.0,0.0,0.0,0.0,0.0,stable,runaway
34,500,240,modular,6,0.08,0.004,0.12,8,10.0,0.72,0.22,True,static,1.0,False,False,1.0,default,default,0.4083,0.8416666666666667,0.14166666666666666,0.02357903965625214,0.38138333333333335,0.45,0.13333333333333336,0.024048914274407023,0.21031666666666665,0.3875,0.125,0.021292206451083352,0.5875017689625792,0.8461235071969285,0.1678517056051555,0.02816958768054443,0.5876593286510708,0.8461235071969285,0.1678517056051555,0.028082931292761848,0.15856684161784057,0.577486438523933,0.21504071780601153,0.035044746482763685,0.16163333333333332,0.6041666666666666,0.2625,0.04525175257502312,2.0587263123451067,2.3887821508545484,0.2566098253487772,0.04307694516953997,1.0,1.0,0.0,0.0,0.2597142857142857,0.6071428571428571,0.4285714285714286,0.066834550517357,0.0,0.0,0.0,0.0,0.0,0.0,0.0,0.0,0.0,0.0,0.0,0.0,0.0,0.0,0.0,0.0,0.0,0.0,0.0,0.0,stable,oscillatory
35,500,240,modular,6,0.08,0.004,0.12,8,10.0,0.72,0.22,True,static,1.0,False,False,1.0,default,default,0.33770000000000006,0.8125,0.1333333333333333,0.02370159394546189,0.42569999999999997,0.49583333333333335,0.14583333333333331,0.024646027401321022,0.2366,0.4083333333333333,0.1333333333333333,0.02291944831602871,0.6380147822414779,0.8266924914824443,0.17676499220656405,0.02878631399196371,0.637349753444145,0.8266924914824443,0.1674245048272075,0.028313605772219284,0.2205655548053116,0.5333970022494429,0.2372485698020954,0.04205876333132345,0.22103333333333336,0.5458333333333333,0.2666666666666666,0.047673239640051504,2.191409254068254,2.420817811030837,0.2577125389987005,0.044393071175241786,1.0,1.0,0.0,0.0,0.3067142857142857,0.5,0.35714285714285715,0.07007881859967768,0.0,0.0,0.0,0.0,0.0,0.0,0.0,0.0,0.0,0.0,0.0,0.0,0.0,0.0,0.0,0.0,0.0,0.0,0.0,0.0,stable,runaway
36,500,240,modular,6,0.08,0.004,0.12,8,10.0,0.72,0.22,True,static,1.0,False,False,1.0,default,default,0.3892833333333333,0.75,0.12916666666666665,0.022850972505441523,0.3957,0.4666666666666667,0.125,0.02494124206120368,0.21501666666666666,0.375,0.1166666666666667,0.02260130895914364,0.5931814437360137,0.7911680326864329,0.14137236820939525,0.027894285711059074,0.5942175934368479,0.7911680326864329,0.14137236820939525,0.02782697703948245,0.16325101328099115,0.4866926307246307,0.17528369016236828,0.035045664841530454,0.16151666666666664,0.475,0.22916666666666666,0.041199949433625926,2.0673916571609006,2.3210889711849507,0.21724924939377432,0.04195761165288477,1.0,1.0,0.0,0.0,0.3152857142857143,0.5357142857142857,0.35714285714285715,0.06622487971961559,0.0,0.0,0.0,0.0,0.0,0.0,0.0,0.0,0.0,0.0,0.0,0.0,0.0,0.0,0.0,0.0,0.0,0.0,0.0,0.0,stable,stable
37,500,240,modular,6,0.08,0.004,0.12,8,10.0,0.72,0.22,True,static,1.0,False,False,1.0,default,default,0.42973333333333336,0.7833333333333333,0.1375,0.025294619542064235,0.37773333333333337,0.44166666666666665,0.12916666666666665,0.023372609800552634,0.19253333333333336,0.31666666666666665,0.11249999999999999,0.020684777011125838,0.5610414995211338,0.7234566755359959,0.16324091436326887,0.030357981098344682,0.5611484956933995,0.7234566755359959,0.16324091436326887,0.03024271970335077,0.12867828473840653,0.37660216976458294,0.17808857724240273,0.03250034749509486,0.12735,0.39166666666666666,0.22916666666666669,0.03793953156742391,1.9955561858768263,2.223324934704354,0.23682596388230892,0.045553444621882835,1.0,1.0,0.0,0.0,0.2357142857142857,0.4642857142857143,0.4285714285714286,0.061112141817735534,0.0,0.0,0.0,0.0,0.0,0.0,0.0,0.0,0.0,0.0,0.0,0.0,0.0,0.0,0.0,0.0,0.0,0.0,0.0,0.0,stable,stable
38,500,240,modular,6,0.08,0.004,0.12,8,10.0,0.72,0.22,True,static,1.0,False,False,1.0,default,default,0.37318333333333326,0.8208333333333333,0.13333333333333336,0.02247757524487214,0.40498333333333336,0.4708333333333333,0.14166666666666666,0.024781539948562966,0.22183333333333335,0.3958333333333333,0.12916666666666668,0.021287711635276034,0.6170407992084485,0.806964465061173,0.13808123523088878,0.027365237042516484,0.6168135752918451,0.806964465061173,0.13808123523088878,0.02694822408114772,0.19679115715887688,0.5213759310902596,0.20030901464440568,0.0388681678191442,0.19603333333333334,0.5291666666666667,0.22916666666666669,0.04785207530620915,2.1133325768679105,2.33170442612013,0.19176917320892706,0.040297747505621144,1.0,1.0,0.0,0.0,0.3217142857142857,0.5357142857142857,0.35714285714285715,0.069765788937863,0.0,0.0,0.0,0.0,0.0,0.0,0.0,0.0,0.0,0.0,0.0,0.0,0.0,0.0,0.0,0.0,0.0,0.0,0.0,0.0,stable,oscillatory
39,500,240,modular,6,0.08,0.004,0.12,8,10.0,0.72,0.22,True,static,1.0,False,False,1.0,default,default,0.3581833333333333,0.7916666666666666,0.12916666666666665,0.024535512810799145,0.4356999999999999,0.5,0.14583333333333331,0.025589364110027345,0.20611666666666667,0.3958333333333333,0.11250000000000002,0.021085546655891515,0.6113367168902835,0.8082565858941188,0.15873908368094225,0.028347780830680472,0.611783676282404,0.8082565858941188,0.15873908368094225,0.02844851730385957,0.18824136000418365,0.5185481898013855,0.21618671593830896,0.03949690529100856,0.18611666666666668,0.5208333333333334,0.23333333333333334,0.045922219869881924,2.1012887322120983,2.3478642773556953,0.24338002372826217,0.04292327293989673,1.0,1.0,0.0,0.0,0.20542857142857138,0.42857142857142855,0.35714285714285715,0.06204935494410552,0.0,0.0,0.0,0.0,0.0,0.0,0.0,0.0,0.0,0.0,0.0,0.0,0.0,0.0,0.0,0.0,0.0,0.0,0.0,0.0,stable,stable
40,500,240,modular,6,0.08,0.004,0.12,8,10.0,0.72,0.22,True,static,1.0,False,False,1.0,default,default,0.3540333333333333,0.7708333333333334,0.15416666666666667,0.02547022226487673,0.3865,0.4791666666666667,0.16666666666666669,0.028118795611950853,0.2594666666666667,0.39166666666666666,0.17916666666666664,0.024584751371531096,0.6633981123989481,0.8691282512758992,0.2494892317639772,0.03184128850021422,0.6631151790990082,0.8691282512758992,0.2494892317639772,0.031963057898159286,0.2720879492894542,0.608974388734907,0.378831877443206,0.053255388823402035,0.2709499999999999,0.6,0.3541666666666667,0.0591424856690274,2.1814288853645705,2.416183635092627,0.3541041738167936,0.04613076941771828,1.0,1.0,0.0,0.0,0.402,0.6785714285714286,0.46428571428571425,0.08510545679044443,0.0,0.0,0.0,0.0,0.0,0.0,0.0,0.0,0.0,0.0,0.0,0.0,0.0,0.0,0.0,0.0,0.0,0.0,0.0,0.0,oscillatory,oscillatory
41,500,240,modular,6,0.08,0.004,0.12,8,10.0,0.72,0.22,True,static,1.0,False,False,1.0,default,default,0.36841666666666667,0.7875,0.1375,0.023515509066713118,0.40256666666666674,0.4875,0.1291666666666667,0.02414817683479323,0.22901666666666665,0.4125,0.11249999999999999,0.0227466053633406,0.6148236024621155,0.8246664562694058,0.1619149438241636,0.0299273046910608,0.6144199347135825,0.8246664562694058,0.1619149438241636,0.030134199558885817,0.19101583024447344,0.5391894443371001,0.21780886152463813,0.042035017463121535,0.1925833333333333,0.5583333333333333,0.2833333333333333,0.05020022410308544,2.1328726178060733,2.382848642795329,0.26245154480727373,0.04412182159583817,1.0,1.0,0.0,0.0,0.18985714285714284,0.42857142857142855,0.39285714285714285,0.0651542909765202,0.0,0.0,0.0,0.0,0.0,0.0,0.0,0.0,0.0,0.0,0.0,0.0,0.0,0.0,0.0,0.0,0.0,0.0,0.0,0.0,stable,runaway
42,500,240,modular,6,0.08,0.004,0.12,8,10.0,0.72,0.22,True,static,1.0,False,False,1.0,default,default,0.3591333333333333,0.7958333333333333,0.1291666666666667,0.023065101102940973,0.44025,0.5041666666666667,0.1166666666666667,0.022739619121211727,0.20061666666666667,0.36666666666666664,0.12083333333333332,0.021031596600247816,0.607987773958808,0.7797206192968645,0.16103197659361934,0.027737972379106815,0.6083946611083542,0.7797206192968645,0.16103197659361934,0.028056799843102078,0.18233967565244222,0.46986346759836783,0.2295559429168572,0.03913949645080459,0.18323333333333336,0.48333333333333334,0.2375,0.04631103780117891,2.1446264649469957,2.3900114701887523,0.2398758567391237,0.04280153918879267,1.0,1.0,0.0,0.0,0.1352857142857143,0.5357142857142857,0.25,0.05677398800758772,0.0,0.0,0.0,0.0,0.0,0.0,0.0,0.0,0.0,0.0,0.0,0.0,0.0,0.0,0.0,0.0,0.0,0.0,0.0,0.0,stable,oscillatory
43,500,240,modular,6,0.08,0.004,0.12,8,10.0,0.72,0.22,True,static,1.0,False,False,1.0,default,default,0.38109999999999994,0.8208333333333333,0.14583333333333331,0.02647873360516574,0.41305,0.49583333333333335,0.14166666666666666,0.02552047652811801,0.20585,0.37083333333333335,0.12083333333333332,0.021324535946494434,0.6076260214584936,0.8169664648171939,0.15445947628557355,0.03089762756439997,0.6075750128750483,0.8169664648171939,0.15445947628557355,0.03088569352299964,0.18586158399864308,0.5399097513263305,0.20655288227600582,0.04285700459470939,0.18333333333333335,0.5291666666666667,0.22916666666666669,0.047888759989514584,2.1053476789890655,2.373527585013487,0.25859461320222055,0.04640171863977537,1.0,1.0,0.0,0.0,0.19714285714285712,0.42857142857142855,0.39285714285714285,0.05469768491164756,0.0,0.0,0.0,0.0,0.0,0.0,0.0,0.0,0.0,0.0,0.0,0.0,0.0,0.0,0.0,0.0,0.0,0.0,0.0,0.0,stable,oscillatory
44,500,240,modular,6,0.08,0.004,0.12,8,10.0,0.72,0.22,True,static,1.0,False,False,1.0,default,default,0.38073333333333337,0.8375,0.15000000000000002,0.024942511679638218,0.38111666666666666,0.44166666666666665,0.12916666666666665,0.024333110729575405,0.23815000000000003,0.425,0.13333333333333333,0.02119177644485919,0.6249861623152096,0.821544439948642,0.1918543283134022,0.030338138873751197,0.6250240406792211,0.821544439948642,0.1918543283134022,0.02967600303790661,0.20984768396841164,0.5448243358422746,0.2566003341178476,0.043614919543106624,0.21084999999999998,0.5583333333333333,0.3,0.05340866814790773,2.1399631982803493,2.3977205094533227,0.28059588595614393,0.04576165683323203,1.0,1.0,0.0,0.0,0.2961428571428571,0.5,0.3928571428571429,0.06968163755427177,0.0,0.0,0.0,0.0,0.0,0.0,0.0,0.0,0.0,0.0,0.0,0.0,0.0,0.0,0.0,0.0,0.0,0.0,0.0,0.0,stable,runaway
45,500,240,modular,6,0.08,0.004,0.12,8,10.0,0.72,0.22,True,static,1.0,False,False,1.0,default,default,0.3714666666666667,0.8125,0.125,0.02379925302282499,0.40938333333333327,0.475,0.14583333333333331,0.024402760545115018,0.21915,0.36666666666666664,0.1166666666666667,0.021477048472988813,0.613059769223546,0.827849437457642,0.14691042039750413,0.029056213501008323,0.6128932846508014,0.827849437457642,0.14691042039750413,0.028658133113291167,0.19263112820603992,0.5551083773592427,0.19950916628076432,0.04012728761031563,0.19381666666666666,0.6333333333333333,0.2625,0.047877473826424884,2.1255499658402432,2.3779824949151416,0.2286377425624322,0.04328066155194282,1.0,1.0,0.0,0.0,0.22642857142857142,0.42857142857142855,0.3571428571428571,0.07242519011549302,0.0,0.0,0.0,0.0,0.0,0.0,0.0,0.0,0.0,0.0,0.0,0.0,0.0,0.0,0.0,0.0,0.0,0.0,0.0,0.0,stable,stable
46,500,240,modular,6,0.08,0.004,0.12,8,10.0,0.72,0.22,True,static,1.0,False,False,1.0,default,default,0.3941666666666666,0.8125,0.11249999999999999,0.022702789843247605,0.3968333333333333,0.4625,0.14583333333333337,0.027061657993059724,0.209,0.375,0.11249999999999999,0.018881207588499205,0.5875519172932112,0.7838272186937221,0.12894361745098726,0.0240500842227234,0.5870901980982326,0.7838272186937221,0.13933684715680394,0.024457139079761714,0.15570114963236634,0.48026354877891675,0.15968995565575894,0.02996868361929118,0.153,0.49166666666666664,0.20416666666666666,0.03859188170241681,2.0654569584367,2.314127515992828,0.20976003407540467,0.0370173268832905,1.0,1.0,0.0,0.0,0.29571428571428565,0.5,0.32142857142857145,0.06430158534243942,0.0,0.0,0.0,0.0,0.0,0.0,0.0,0.0,0.0,0.0,0.0,0.0,0.0,0.0,0.0,0.0,0.0,0.0,0.0,0.0,stable,stable
47,500,240,modular,6,0.08,0.004,0.12,8,10.0,0.72,0.22,True,static,1.0,False,False,1.0,default,default,0.37111666666666665,0.8,0.125,0.024852123763484595,0.39011666666666667,0.4708333333333333,0.14999999999999997,0.02439319691134304,0.23876666666666665,0.4,0.13333333333333333,0.022390002729392913,0.6346620250245423,0.8646343708675006,0.15958417568008776,0.03093430097154819,0.6350623384467665,0.8646343708675006,0.15958417568008776,0.030974376899201538,0.22379380615527275,0.5968628953595443,0.23277321541717302,0.04724849900975047,0.22621666666666668,0.6375,0.2791666666666667,0.05483667922922475,2.135217245775039,2.419599070858398,0.22820851900548345,0.04622729757710928,1.0,1.0,0.0,0.0,0.3058571428571429,0.5,0.4285714285714286,0.07428145592190255,0.0,0.0,0.0,0.0,0.0,0.0,0.0,0.0,0.0,0.0,0.0,0.0,0.0,0.0,0.0,0.0,0.0,0.0,0.0,0.0,stable,oscillatory
48,500,240,modular,6,0.08,0.004,0.12,8,10.0,0.72,0.22,True,static,1.0,False,False,1.0,default,default,0.37651666666666667,0.7791666666666667,0.14166666666666672,0.02444363698161321,0.4036166666666667,0.4875,0.15833333333333333,0.025092390391422567,0.21986666666666668,0.4041666666666667,0.10833333333333334,0.020256247321642662,0.60497101048573,0.8347169530429764,0.14809542413983978,0.027927329963283443,0.6049676399844999,0.8347169530429764,0.14809542413983978,0.02754621451387401,0.17757080485396481,0.5525590274665494,0.2016766794972858,0.037672850639825985,0.17755,0.575,0.23333333333333334,0.04334243814605317,2.1269419568558137,2.4394042929240225,0.23426073874390507,0.043298453082501714,1.0,1.0,0.0,0.0,0.2542857142857143,0.5357142857142857,0.35714285714285715,0.06334228364970104,0.0,0.0,0.0,0.0,0.0,0.0,0.0,0.0,0.0,0.0,0.0,0.0,0.0,0.0,0.0,0.0,0.0,0.0,0.0,0.0,stable,runaway
49,500,240,modular,6,0.08,0.004,0.12,8,10.0,0.72,0.22,True,static,1.0,False,False,1.0,default,default,0.3752166666666667,0.8166666666666667,0.1333333333333333,0.023936147698964984,0.41973333333333335,0.49583333333333335,0.14583333333333337,0.02628711133278478,0.20505,0.4166666666666667,0.1166666666666667,0.020989024909858642,0.6001265753559165,0.8405037054260739,0.14115749221738005,0.02778533101907955,0.5989343068017263,0.8405037054260739,0.14115749221738005,0.027371235317297116,0.17022475813716925,0.5618830682313115,0.1832671619505845,0.03552250605075957,0.1696,0.5333333333333333,0.23333333333333334,0.04162839575738336,2.0892563022220085,2.3929966943020036,0.23501739572943303,0.04220097909262549,1.0,1.0,0.0,0.0,0.25728571428571434,0.5357142857142857,0.3928571428571429,0.0740448016612998,0.0,0.0,0.0,0.0,0.0,0.0,0.0,0.0,0.0,0.0,0.0,0.0,0.0,0.0,0.0,0.0,0.0,0.0,0.0,0.0,stable,runaway
50,500,240,modular,6,0.08,0.004,0.12,8,10.0,0.72,0.22,True,static,1.0,False,False,1.0,default,default,0.3834666666666667,0.7833333333333333,0.12916666666666665,0.02484359966760945,0.37625,0.4583333333333333,0.14166666666666666,0.02471293520945391,0.24028333333333332,0.375,0.10833333333333334,0.021793608900062624,0.6459073479992561,0.8247451821353057,0.14330899487830806,0.03113735326092945,0.6459822320972658,0.8247451821353057,0.14330899487830806,0.030777634777106766,0.24634128971356867,0.5584841285422564,0.23167401242743285,0.050186214620376195,0.24425,0.5625,0.25833333333333336,0.05766094624806484,2.1207185663832213,2.358082349274575,0.2324293398190227,0.04511602111482404,1.0,1.0,0.0,0.0,0.3385714285714285,0.5357142857142857,0.42857142857142855,0.07547130823927023,0.0,0.0,0.0,0.0,0.0,0.0,0.0,0.0,0.0,0.0,0.0,0.0,0.0,0.0,0.0,0.0,0.0,0.0,0.0,0.0,stable,stable
1,500,240,modular,6,0.08,0.004,0.12,8,10.0,0.72,0.22,False,static,1.0,False,False,1.0,default,default,0.6477166666666667,0.8333333333333334,0.14166666666666672,0.028079653567030422,0.2728666666666667,0.36666666666666664,0.17916666666666664,0.02791910934587038,0.07941666666666668,0.15,0.11249999999999999,0.017740607843776568,0.3232985483203622,0.4190837091675709,0.1672326139607248,0.028287139789772816,0.3234262109218837,0.4190837091675709,0.1672326139607248,0.028555587865965834,0.01449643421329737,0.0352432708802539,0.02836146837423493,0.004193268907130518,0.014483333333333332,0.04583333333333333,0.04583333333333333,0.009175586569200297,1.625031139296782,1.76551236484135,0.25379196393726167,0.045521871835055044,1.0,1.0,0.0,0.0,0.07914285714285713,0.25,0.25,0.04919432520782312,0.0,0.0,0.0,0.0,0.0,0.0,0.0,0.0,0.0,0.0,0.0,0.0,0.0,0.0,0.0,0.0,0.0,0.0,0.0,0.0,stable,stable
2,500,240,modular,6,0.08,0.004,0.12,8,10.0,0.72,0.22,False,static,1.0,False,False,1.0,default,default,0.6500833333333333,0.7875,0.17916666666666659,0.03001492684204533,0.2713,0.3416666666666667,0.15,0.027839899425105688,0.07861666666666667,0.13333333333333333,0.09166666666666667,0.016224646888812918,0.3143835928677126,0.40692564952300064,0.17032152803011016,0.02967127121384626,0.31406031420717645,0.40692564952300064,0.17032152803011016,0.030242009302548174,0.013003471726954699,0.030718688383957003,0.023801275982909046,0.003974629245558317,0.013333333333333334,0.05,0.04583333333333333,0.00929456232906579,1.6149077434675834,1.7704306872827908,0.29570701874914884,0.047865015364281664,1.0,1.0,0.0,0.0,0.08099999999999999,0.2857142857142857,0.2857142857142857,0.0516584149653732,0.0,0.0,0.0,0.0,0.0,0.0,0.0,0.0,0.0,0.0,0.0,0.0,0.0,0.0,0.0,0.0,0.0,0.0,0.0,0.0,stable,stable
3,500,240,modular,6,0.08,0.004,0.12,8,10.0,0.72,0.22,False,static,1.0,False,False,1.0,default,default,0.6490666666666666,0.8,0.1875,0.029839217296854303,0.2683666666666667,0.37083333333333335,0.17916666666666667,0.02917664591187045,0.08256666666666665,0.12916666666666668,0.10416666666666669,0.01710168932526193,0.3182011844222907,0.40255011089379206,0.16797039630510358,0.02951335914732626,0.31751171138040263,0.40255011089379206,0.16797039630510358,0.029481336669238294,0.013414056031075962,0.02942129983007168,0.023751158455600493,0.004055768766281222,0.013066666666666666,0.05,0.041666666666666664,0.007920507840059527,1.6286939427414084,1.7773999554364117,0.27812749975456663,0.047929486823418646,1.0,1.0,0.0,0.0,0.07785714285714283,0.25,0.25,0.04859768198049729,0.0,0.0,0.0,0.0,0.0,0.0,0.0,0.0,0.0,0.0,0.0,0.0,0.0,0.0,0.0,0.0,0.0,0.0,0.0,0.0,stable,stable
4,500,240,modular,6,0.08,0.004,0.12,8,10.0,0.72,0.22,False,static,1.0,False,False,1.0,default,default,0.6497499999999999,0.7791666666666667,0.1791666666666667,0.030718366746224576,0.2687333333333333,0.36666666666666664,0.18333333333333332,0.028575552876929998,0.08151666666666667,0.14166666666666666,0.10833333333333334,0.018520776621585463,0.3199970139479095,0.421084382237286,0.17668002063661356,0.03239163713714991,0.31987389490996226,0.421084382237286,0.17668002063661356,0.03221404490554199,0.013967026836699748,0.0354420518803987,0.029135181563938524,0.004653546414264614,0.013716666666666667,0.058333333333333334,0.058333333333333334,0.00887288315912903,1.6360282662946974,1.8005383008850382,0.2739762540887878,0.05143726391346018,1.0,1.0,0.0,0.0,0.08299999999999999,0.25,0.25,0.05114784492836747,0.0,0.0,0.0,0.0,0.0,0.0,0.0,0.0,0.0,0.0,0.0,0.0,0.0,0.0,0.0,0.0,0.0,0.0,0.0,0.0,stable,stable
5,500,240,modular,6,0.08,0.004,0.12,8,10.0,0.72,0.22,False,static,1.0,False,False,1.0,default,default,0.6518333333333333,0.7666666666666667,0.19166666666666665,0.028681197867437665,0.27031666666666665,0.3541666666666667,0.15000000000000002,0.02725032619580503,0.07784999999999999,0.15,0.0875,0.01680367849939742,0.31129989663506874,0.4020205490847459,0.17090046521076813,0.028518011332504513,0.31177518153859074,0.4020205490847459,0.17090046521076813,0.028658661843622486,0.01259772422015536,0.029163048910952546,0.023462424086789092,0.0036357536596321586,0.012233333333333334,0.04583333333333333,0.0375,0.007402026749478821,1.5997427971040616,1.7602162930470198,0.3037556880887402,0.04637828290943344,1.0,1.0,0.0,0.0,0.08128571428571428,0.2857142857142857,0.2857142857142857,0.05219449497909189,0.0,0.0,0.0,0.0,0.0,0.0,0.0,0.0,0.0,0.0,0.0,0.0,0.0,0.0,0.0,0.0,0.0,0.0,0.0,0.0,stable,stable
6,500,240,modular,6,0.08,0.004,0.12,8,10.0,0.72,0.22,False,static,1.0,False,False,1.0,default,default,0.6483666666666666,0.7958333333333333,0.16666666666666663,0.03289670702871845,0.2732166666666667,0.3625,0.16666666666666666,0.03079186851535104,0.07841666666666668,0.13333333333333333,0.1,0.018140845564024236,0.31556657337599237,0.41082035573031855,0.17911486073294144,0.03183413794971455,0.3154830008253297,0.41082035573031855,0.17911486073294144,0.03164269801490116,0.013217797444319323,0.031809216147233504,0.026146274387779864,0.004300365053595276,0.012166666666666666,0.05416666666666667,0.04583333333333333,0.008343327340522552,1.6139892897854702,1.7704003635204197,0.29125418233579636,0.05275325845966035,1.0,1.0,0.0,0.0,0.07899999999999999,0.25,0.21428571428571427,0.049164654634260604,0.0,0.0,0.0,0.0,0.0,0.0,0.0,0.0,0.0,0.0,0.0,0.0,0.0,0.0,0.0,0.0,0.0,0.0,0.0,0.0,stable,stable
7,500,240,modular,6,0.08,0.004,0.12,8,10.0,0.72,0.22,False,static,1.0,False,False,1.0,default,default,0.6485166666666666,0.8416666666666667,0.20416666666666672,0.033434550492965606,0.26975,0.3541666666666667,0.17500000000000002,0.03191362039422458,0.08173333333333334,0.14166666666666666,0.10416666666666666,0.018248165813460695,0.32765488692379646,0.44158527954074583,0.18675527182315366,0.033957060119222574,0.32703006446545363,0.44158527954074583,0.18675527182315366,0.03328103690178431,0.015358702824100807,0.043940078021528946,0.03325816328157903,0.0054800991846468885,0.015050000000000001,0.05416666666666667,0.05,0.0090652112802491,1.6329538860994435,1.8120492852524344,0.29373448989682793,0.053321613626390534,1.0,1.0,0.0,0.0,0.08157142857142857,0.25,0.25,0.054624693526436764,0.0,0.0,0.0,0.0,0.0,0.0,0.0,0.0,0.0,0.0,0.0,0.0,0.0,0.0,0.0,0.0,0.0,0.0,0.0,0.0,stable,stable
8,500,240,modular,6,0.08,0.004,0.12,8,10.0,0.72,0.22,False,static,1.0,False,False,1.0,default,default,0.6527166666666667,0.8,0.16666666666666663,0.029996208093690774,0.2673000000000001,0.3625,0.14583333333333334,0.026737177612206314,0.07998333333333332,0.13333333333333333,0.09583333333333333,0.01781735265283694,0.31872876226195707,0.420738715021438,0.1906443540798202,0.0314547902255515,0.3190888751195677,0.420738715021438,0.1906443540798202,0.031219554854213967,0.013931292911293525,0.035625667350213025,0.02778478811388057,0.00447158998129698,0.01285,0.05416666666666667,0.05416666666666667,0.009049386105636607,1.5888192954297407,1.743749585214928,0.28866317428667476,0.04869488643247454,1.0,1.0,0.0,0.0,0.07999999999999999,0.32142857142857145,0.32142857142857145,0.05089003751587679,0.0,0.0,0.0,0.0,0.0,0.0,0.0,0.0,0.0,0.0,0.0,0.0,0.0,0.0,0.0,0.0,0.0,0.0,0.0,0.0,stable,stable
9,500,240,modular,6,0.08,0.004,0.12,8,10.0,0.72,0.22,False,static,1.0,False,False,1.0,default,default,0.6503333333333332,0.7625,0.1958333333333333,0.031748140802957965,0.2693,0.35,0.17916666666666667,0.028570264261990996,0.08036666666666667,0.12916666666666668,0.09166666666666667,0.018060976963854666,0.3184287890377617,0.4039945247541838,0.17360217756485194,0.03321131005295869,0.31870080021916253,0.4039945247541838,0.17360217756485194,0.03307050536569418,0.013848300040121372,0.03012377810508596,0.0229573805508796,0.004653315662483501,0.013733333333333334,0.04583333333333333,0.04583333333333333,0.008580080289704623,1.6305513181208242,1.769630096694282,0.3062433796583366,0.053281457854160136,1.0,1.0,0.0,0.0,0.07971428571428571,0.25,0.25,0.04992565901990107,0.0,0.0,0.0,0.0,0.0,0.0,0.0,0.0,0.0,0.0,0.0,0.0,0.0,0.0,0.0,0.0,0.0,0.0,0.0,0.0,stable,stable
10,500,240,modular,6,0.08,0.004,0.12,8,10.0,0.72,0.22,False,static,1.0,False,False,1.0,default,default,0.6505833333333333,0.7875,0.1791666666666667,0.03086496125598303,0.26863333333333334,0.3416666666666667,0.15000000000000002,0.027126637175375137,0.08078333333333333,0.12916666666666668,0.07916666666666666,0.015884487541134102,0.32267168165372756,0.4109524255622076,0.16711542973046342,0.03133821652504638,0.3225535663568543,0.4109524255622076,0.16711542973046342,0.03150553957760958,0.014509360381300936,0.03266316017469015,0.024371451341792468,0.004574382269558206,0.014666666666666666,0.05416666666666667,0.05416666666666667,0.008621678104251707,1.6244004560935257,1.7630045352305606,0.2852599297977054,0.05053491571547412,1.0,1.0,0.0,0.0,0.0797142857142857,0.25,0.25,0.049925659019901064,0.0,0.0,0.0,0.0,0.0,0.0,0.0,0.0,0.0,0.0,0.0,0.0,0.0,0.0,0.0,0.0,0.0,0.0,0.0,0.0,stable,stable
11,500,240,modular,6,0.08,0.004,0.12,8,10.0,0.72,0.22,False,static,1.0,False,False,1.0,default,default,0.6468166666666666,0.8166666666666667,0.17500000000000004,0.03241342743027614,0.27365000000000006,0.3625,0.16666666666666666,0.02953429738832841,0.07953333333333333,0.12916666666666668,0.1,0.017993177719470357,0.3188093201267574,0.4200911192195974,0.18126531649814487,0.033412740072109315,0.31954439711562294,0.4200911192195974,0.18126531649814487,0.03404590425381679,0.013975086528758908,0.0350308440537015,0.02907659213276858,0.004949491052578844,0.013366666666666667,0.058333333333333334,0.041666666666666664,0.00803284922469398,1.6193651540425467,1.7766654153933772,0.27051000699925565,0.05308922329319348,1.0,1.0,0.0,0.0,0.07614285714285714,0.25,0.25,0.04931386359693532,0.0,0.0,0.0,0.0,0.0,0.0,0.0,0.0,0.0,0.0,0.0,0.0,0.0,0.0,0.0,0.0,0.0,0.0,0.0,0.0,stable,stable
12,500,240,modular,6,0.08,0.004,0.12,8,10.0,0.72,0.22,False,static,1.0,False,False,1.0,default,default,0.6476000000000001,0.7708333333333334,0.17083333333333328,0.0319407611403082,0.2732833333333333,0.35,0.1708333333333333,0.02945873290629528,0.07911666666666667,0.13333333333333333,0.09166666666666667,0.01816009820090923,0.3202427150731555,0.41653546634264166,0.17802587012511661,0.03233549306242741,0.32078387339109277,0.41653546634264166,0.17802587012511661,0.03250250145225012,0.014164032937068487,0.03410908184610619,0.028130396105085154,0.0046343346639551065,0.013883333333333333,0.058333333333333334,0.058333333333333334,0.009716266429721518,1.6052023755360438,1.7408881999345074,0.26459566821117986,0.05105281448035623,1.0,1.0,0.0,0.0,0.07642857142857142,0.2857142857142857,0.21428571428571427,0.050005101780534675,0.0,0.0,0.0,0.0,0.0,0.0,0.0,0.0,0.0,0.0,0.0,0.0,0.0,0.0,0.0,0.0,0.0,0.0,0.0,0.0,stable,stable
13,500,240,modular,6,0.08,0.004,0.12,8,10.0,0.72,0.22,False,static,1.0,False,False,1.0,default,default,0.6495666666666667,0.8291666666666667,0.15416666666666667,0.03335342727683485,0.26935000000000003,0.35,0.16249999999999998,0.030828058107293537,0.08108333333333333,0.15833333333333333,0.125,0.018749259244626768,0.3221833291357401,0.4368955535926851,0.19329471268650517,0.033891385906801644,0.3213937617116885,0.4368955535926851,0.19329471268650517,0.033720296362692186,0.014361452726969313,0.04151171321989982,0.03520375378844291,0.005028020206474334,0.0151,0.04583333333333333,0.041666666666666664,0.008501045687312695,1.646494319750352,1.8015547014815434,0.26404680421428584,0.054988398677346326,1.0,1.0,0.0,0.0,0.08542857142857142,0.35714285714285715,0.35714285714285715,0.05676589950788039,0.0,0.0,0.0,0.0,0.0,0.0,0.0,0.0,0.0,0.0,0.0,0.0,0.0,0.0,0.0,0.0,0.0,0.0,0.0,0.0,stable,oscillatory
14,500,240,modular,6,0.08,0.004,0.12,8,10.0,0.72,0.22,False,static,1.0,False,False,1.0,default,default,0.6511166666666667,0.7708333333333334,0.15416666666666667,0.028933645351620203,0.27004999999999996,0.36666666666666664,0.16249999999999998,0.028018054694944276,0.07883333333333332,0.12916666666666668,0.08750000000000002,0.016262601951170737,0.31463752277677814,0.40055585738834937,0.16381461478004705,0.028787296016982676,0.31502618603153537,0.40055585738834937,0.16381461478004705,0.028708127902089216,0.013115510468678976,0.02899981371411632,0.0231793463741374,0.0037505039216996178,0.012899999999999998,0.04583333333333333,0.041666666666666664,0.00802641472472818,1.5980917778477648,1.7355510225973834,0.24700133838804073,0.04614144108605605,1.0,1.0,0.0,0.0,0.07457142857142855,0.2857142857142857,0.21428571428571427,0.05030843642482048,0.0,0.0,0.0,0.0,0.0,0.0,0.0,0.0,0.0,0.0,0.0,0.0,0.0,0.0,0.0,0.0,0.0,0.0,0.0,0.0,stable,stable
15,500,240,modular,6,0.08,0.004,0.12,8,10.0,0.72,0.22,False,static,1.0,False,False,1.0,default,default,0.6480166666666667,0.7791666666666667,0.1625000000000001,0.029375864053485967,0.2714666666666667,0.37083333333333335,0.15833333333333333,0.028720666194687525,0.08051666666666667,0.15,0.11250000000000002,0.018167347082059065,0.31790349531306406,0.41543207933208026,0.16675019646479447,0.02957722100894421,0.31714181974681727,0.41543207933208026,0.16675019646479447,0.029939323211064312,0.013439313460166656,0.03347366450919749,0.02188492329963704,0.0038942067492877108,0.013683333333333336,0.058333333333333334,0.058333333333333334,0.009237739622512281,1.633441883721259,1.789758690713053,0.25669321002972545,0.04847067333876176,1.0,1.0,0.0,0.0,0.08399999999999999,0.2857142857142857,0.25,0.05331002892208435,0.0,0.0,0.0,0.0,0.0,0.0,0.0,0.0,0.0,0.0,0.0,0.0,0.0,0.0,0.0,0.0,0.0,0.0,0.0,0.0,stable,stable
16,500,240,modular,6,0.08,0.004,0.12,8,10.0,0.72,0.22,False,static,1.0,False,False,1.0,default,default,0.6491166666666667,0.7875,0.16249999999999998,0.030360980989860432,0.2687833333333333,0.37916666666666665,0.16666666666666666,0.028585257466820977,0.08209999999999999,0.15,0.11249999999999999,0.01856687612090114,0.32475555344188956,0.4500602449170619,0.1731891331210305,0.031634365631453124,0.3248372062974362,0.4500602449170619,0.1731891331210305,0.031694588945728526,0.014806863144819389,0.04716106369217769,0.02931141959774389,0.00477297256358505,0.014399999999999998,0.04583333333333333,0.04583333333333333,0.008975336576790125,1.6533816546009126,1.8640177945574044,0.2964207842922706,0.05074177018486494,1.0,1.0,0.0,0.0,0.08257142857142856,0.25,0.25,0.05069234938049612,0.0,0.0,0.0,0.0,0.0,0.0,0.0,0.0,0.0,0.0,0.0,0.0,0.0,0.0,0.0,0.0,0.0,0.0,0.0,0.0,stable,stable
17,500,240,modular,6,0.08,0.004,0.12,8,10.0,0.72,0.22,False,static,1.0,False,False,1.0,default,default,0.6482666666666667,0.8166666666666667,0.15416666666666667,0.03057179164596744,0.27183333333333337,0.37083333333333335,0.15833333333333333,0.029294481846700526,0.0799,0.13333333333333333,0.09583333333333333,0.01813578414810528,0.3110742805113271,0.39514920155295774,0.15053781109342596,0.030525975259210848,0.3119316044369181,0.39514920155295774,0.15053781109342596,0.030640443278304855,0.012542131652871847,0.026956443086000773,0.020794697434236415,0.004012845074340596,0.011933333333333334,0.041666666666666664,0.0375,0.007716216689544171,1.650552606436113,1.7894869232793602,0.2588509754468551,0.04970185386961244,1.0,1.0,0.0,0.0,0.08271428571428571,0.21428571428571427,0.21428571428571427,0.05141051270242819,0.0,0.0,0.0,0.0,0.0,0.0,0.0,0.0,0.0,0.0,0.0,0.0,0.0,0.0,0.0,0.0,0.0,0.0,0.0,0.0,stable,stable
18,500,240,modular,6,0.08,0.004,0.12,8,10.0,0.72,0.22,False,static,1.0,False,False,1.0,default,default,0.6504833333333333,0.875,0.1875,0.03116002157323458,0.2707833333333334,0.35833333333333334,0.17916666666666667,0.02863681100339988,0.07873333333333332,0.13333333333333333,0.10416666666666666,0.018512938418546336,0.3200528798455464,0.44523310856740284,0.16862490929536855,0.03180826795960727,0.3189057980185163,0.44523310856740284,0.16862490929536855,0.032256414000073,0.013985283411054128,0.045075491857099866,0.023275915408638968,0.004451623391101291,0.013850000000000001,0.05416666666666667,0.05,0.008735130222269157,1.6222376274501071,1.8134856712388632,0.2882555514352376,0.05153648727169382,1.0,1.0,0.0,0.0,0.081,0.25,0.25,0.05056032969409426,0.0,0.0,0.0,0.0,0.0,0.0,0.0,0.0,0.0,0.0,0.0,0.0,0.0,0.0,0.0,0.0,0.0,0.0,0.0,0.0,stable,stable
19,500,240,modular,6,0.08,0.004,0.12,8,10.0,0.72,0.22,False,static,1.0,False,False,1.0,default,default,0.6514000000000001,0.8166666666666667,0.16249999999999998,0.030907316645451807,0.26776666666666665,0.375,0.1416666666666667,0.028725927119744785,0.08083333333333334,0.1375,0.10416666666666669,0.018951692976266442,0.3157813875433223,0.4117524210099486,0.17926952271030697,0.03149943790059932,0.31575372937756324,0.4117524210099486,0.17926952271030697,0.03213000275514075,0.013315895440600436,0.03223545434864851,0.024278001320336754,0.004246480081513309,0.0136,0.06666666666666667,0.06666666666666667,0.008686579687464259,1.638663804142599,1.7714066578719048,0.28001014250492484,0.05153430776580568,1.0,1.0,0.0,0.0,0.07985714285714286,0.2857142857142857,0.2857142857142857,0.05565362998594292,0.0,0.0,0.0,0.0,0.0,0.0,0.0,0.0,0.0,0.0,0.0,0.0,0.0,0.0,0.0,0.0,0.0,0.0,0.0,0.0,stable,stable
20,500,240,modular,6,0.08,0.004,0.12,8,10.0,0.72,0.22,False,static,1.0,False,False,1.0,default,default,0.6471666666666667,0.7833333333333333,0.16666666666666663,0.03178093418667516,0.27226666666666666,0.375,0.1875,0.02797371782385904,0.08056666666666666,0.13333333333333333,0.09583333333333333,0.018599910394049395,0.3229590027600265,0.42572607640122573,0.1866834202794843,0.033629811439828,0.3224390075895637,0.42572607640122573,0.1866834202794843,0.0332709863926391,0.014483888805238598,0.03734435851217841,0.03131519843458468,0.00493432574263548,0.013300000000000001,0.05416666666666667,0.05,0.008687411070687925,1.6105004189510828,1.7639163829062883,0.2704900104595529,0.052549968285446017,1.0,1.0,0.0,0.0,0.083,0.2857142857142857,0.21428571428571427,0.05094795263355555,0.0,0.0,0.0,0.0,0.0,0.0,0.0,0.0,0.0,0.0,0.0,0.0,0.0,0.0,0.0,0.0,0.0,0.0,0.0,0.0,stable,stable
21,500,240,modular,6,0.08,0.004,0.12,8,10.0,0.72,0.22,False,static,1.0,False,False,1.0,default,default,0.6482,0.7958333333333333,0.16666666666666663,0.03323249748196618,0.2712,0.3541666666666667,0.14583333333333334,0.02960159530235566,0.08059999999999999,0.14583333333333334,0.09166666666666667,0.017417296639324436,0.32151516062024943,0.43895426421455164,0.16317926003209607,0.03273443683023265,0.3218995782925725,0.43895426421455164,0.16317926003209607,0.03312815309699779,0.014337732238847385,0.042127471561287405,0.025871595870903288,0.00488519072504282,0.0141,0.05416666666666667,0.041666666666666664,0.00871276203176824,1.6310797530989463,1.8066326732750881,0.2813443932282973,0.05417570759785837,1.0,1.0,0.0,0.0,0.08214285714285714,0.2857142857142857,0.21428571428571427,0.04951293378749534,0.0,0.0,0.0,0.0,0.0,0.0,0.0,0.0,0.0,0.0,0.0,0.0,0.0,0.0,0.0,0.0,0.0,0.0,0.0,0.0,stable,stable
22,500,240,modular,6,0.08,0.004,0.12,8,10.0,0.72,0.22,False,static,1.0,False,False,1.0,default,default,0.6492833333333333,0.7583333333333333,0.1791666666666667,0.030424775174920267,0.2705833333333333,0.3458333333333333,0.14583333333333334,0.027878830080666345,0.08013333333333332,0.1375,0.09583333333333335,0.016808860097513388,0.31372247494821115,0.40502998894489844,0.18425134526634018,0.03070409996299797,0.31347019234962914,0.40502998894489844,0.18425134526634018,0.030377429236821213,0.01284517329368063,0.02996995866762883,0.025052036589799685,0.003887672983742899,0.01275,0.04583333333333333,0.04583333333333333,0.008291980731070498,1.6260402736836406,1.7730965357541288,0.29411679552554726,0.050135770379916594,1.0,1.0,0.0,0.0,0.08028571428571428,0.2857142857142857,0.2857142857142857,0.05153877082313065,0.0,0.0,0.0,0.0,0.0,0.0,0.0,0.0,0.0,0.0,0.0,0.0,0.0,0.0,0.0,0.0,0.0,0.0,0.0,0.0,stable,stable
23,500,240,modular,6,0.08,0.004,0.12,8,10.0,0.72,0.22,False,static,1.0,False,False,1.0,default,default,0.6479666666666667,0.8333333333333334,0.16666666666666663,0.031872645882567635,0.2714333333333333,0.3625,0.1708333333333333,0.028767284659256022,0.08059999999999999,0.13333333333333333,0.1,0.017504792994428062,0.3151500984858965,0.41146454954248457,0.1906908079569403,0.03193932600856329,0.31505530909656304,0.41146454954248457,0.1906908079569403,0.03169442812773843,0.013087503268625124,0.03182803439903394,0.026917553833088817,0.0042293671806233,0.013366666666666667,0.05,0.05,0.008886569141750436,1.640970463563423,1.7905462708547368,0.2850273114919948,0.0522533828305586,1.0,1.0,0.0,0.0,0.07942857142857142,0.25,0.21428571428571427,0.04637117331150587,0.0,0.0,0.0,0.0,0.0,0.0,0.0,0.0,0.0,0.0,0.0,0.0,0.0,0.0,0.0,0.0,0.0,0.0,0.0,0.0,stable,stable
24,500,240,modular,6,0.08,0.004,0.12,8,10.0,0.72,0.22,False,static,1.0,False,False,1.0,default,default,0.6486166666666666,0.8166666666666667,0.1708333333333334,0.029370057503821434,0.2694,0.35833333333333334,0.175,0.028742651234706932,0.08198333333333332,0.15,0.10833333333333334,0.018564369995594607,0.3284513385227313,0.41569508339302136,0.16697475221973296,0.0311472437168839,0.3282075585414642,0.41569508339302136,0.16697475221973296,0.03145235098632203,0.015495988903130378,0.03452130510844573,0.027771749761588943,0.004924864205521569,0.0159,0.04583333333333333,0.041666666666666664,0.009065870063044141,1.6343779561117753,1.7601830721059657,0.2470911517329415,0.047641262547515884,1.0,1.0,0.0,0.0,0.07871428571428571,0.25,0.25,0.053001540216357126,0.0,0.0,0.0,0.0,0.0,0.0,0.0,0.0,0.0,0.0,0.0,0.0,0.0,0.0,0.0,0.0,0.0,0.0,0.0,0.0,stable,stable
25,500,240,modular,6,0.08,0.004,0.12,8,10.0,0.72,0.22,False,static,1.0,False,False,1.0,default,default,0.6512166666666667,0.775,0.16666666666666674,0.03223145892516261,0.2710333333333333,0.3541666666666667,0.16666666666666669,0.031560594276900285,0.07774999999999999,0.15,0.12083333333333332,0.017308676372784194,0.31853278135845303,0.4003187230549429,0.16794755204334605,0.031693688762812845,0.3182640590360653,0.4003187230549429,0.16794755204334605,0.03157339310838291,0.013837246920829764,0.029345193539579713,0.023061064057234137,0.004286822213933884,0.014733333333333334,0.058333333333333334,0.05416666666666667,0.009182471223901426,1.6198708233292214,1.7459987180988767,0.2673195626189606,0.051046720107991016,1.0,1.0,0.0,0.0,0.07328571428571427,0.25,0.21428571428571427,0.047612594800887184,0.0,0.0,0.0,0.0,0.0,0.0,0.0,0.0,0.0,0.0,0.0,0.0,0.0,0.0,0.0,0.0,0.0,0.0,0.0,0.0,stable,oscillatory
26,500,240,modular,6,0.08,0.004,0.12,8,10.0,0.72,0.22,False,static,1.0,False,False,1.0,default,default,0.6522833333333334,0.8375,0.18333333333333335,0.030661598313054574,0.2673666666666667,0.3458333333333333,0.15833333333333333,0.026086054171189293,0.08034999999999999,0.14583333333333334,0.09583333333333335,0.017956034268921037,0.3191319310565589,0.43058722576783914,0.20201610182039384,0.032382245697954976,0.3188535449764593,0.43058722576783914,0.20201610182039384,0.031867863093901834,0.013911488450637546,0.03904532609675561,0.03361978342424228,0.0047142488019943024,0.014150000000000001,0.04583333333333333,0.04583333333333333,0.008747205903093348,1.6070069809575875,1.7927800013373383,0.3186317307776012,0.0514295013016421,1.0,1.0,0.0,0.0,0.08199999999999998,0.2857142857142857,0.2857142857142857,0.0533613021901506,0.0,0.0,0.0,0.0,0.0,0.0,0.0,0.0,0.0,0.0,0.0,0.0,0.0,0.0,0.0,0.0,0.0,0.0,0.0,0.0,stable,stable
27,500,240,modular,6,0.08,0.004,0.12,8,10.0,0.72,0.22,False,static,1.0,False,False,1.0,default,default,0.65035,0.7833333333333333,0.19166666666666665,0.03123748193721411,0.2725166666666667,0.3458333333333333,0.15833333333333333,0.03145123650634069,0.07713333333333333,0.15416666666666667,0.125,0.01735748317649256,0.3167289432268956,0.4171866194311576,0.20654656618545134,0.030132408010807837,0.3163475743025234,0.4171866194311576,0.20654656618545134,0.030110089116759567,0.013456140132890137,0.03429454041690801,0.029764756802041895,0.004116822797422475,0.013383333333333332,0.041666666666666664,0.0375,0.008282193080472238,1.621826863975631,1.7619393594842683,0.29254732979492903,0.049018976990429,1.0,1.0,0.0,0.0,0.08028571428571428,0.2857142857142857,0.21428571428571427,0.04992974656291312,0.0,0.0,0.0,0.0,0.0,0.0,0.0,0.0,0.0,0.0,0.0,0.0,0.0,0.0,0.0,0.0,0.0,0.0,0.0,0.0,stable,oscillatory
28,500,240,modular,6,0.08,0.004,0.12,8,10.0,0.72,0.22,False,static,1.0,False,False,1.0,default,default,0.6504666666666667,0.825,0.15833333333333333,0.03102515108746451,0.2686666666666666,0.3541666666666667,0.15000000000000002,0.028062925324665956,0.08086666666666667,0.13333333333333333,0.09166666666666667,0.01697707604716169,0.3156026267497207,0.4137006858222519,0.17222047018712797,0.030863794101227502,0.31523029736045194,0.4137006858222519,0.17222047018712797,0.03095671218657928,0.01319402151843804,0.032785070023065736,0.026264694249875323,0.004204428379411802,0.013183333333333333,0.05,0.0375,0.00817463896586401,1.6275569486931394,1.7749691760819821,0.2549724598953482,0.0510808159751096,1.0,1.0,0.0,0.0,0.07657142857142857,0.2857142857142857,0.21428571428571427,0.0512504853137798,0.0,0.0,0.0,0.0,0.0,0.0,0.0,0.0,0.0,0.0,0.0,0.0,0.0,0.0,0.0,0.0,0.0,0.0,0.0,0.0,stable,stable
29,500,240,modular,6,0.08,0.004,0.12,8,10.0,0.72,0.22,False,static,1.0,False,False,1.0,default,default,0.652,0.7958333333333333,0.17083333333333328,0.031234329404252196,0.2690166666666666,0.35,0.1375,0.029535143849695772,0.07898333333333334,0.14166666666666666,0.09166666666666667,0.01620295754895795,0.3210410206954537,0.41119457340064414,0.16535558094973288,0.030804326764495675,0.3209180095839627,0.41119457340064414,0.16535558094973288,0.03024949726332414,0.014271531928726223,0.03281768383381081,0.025762517733511806,0.004410644951410784,0.014316666666666667,0.05416666666666667,0.05416666666666667,0.009270158215118734,1.6093487240506128,1.7564054136201401,0.2706937002163188,0.04962190616391465,1.0,1.0,0.0,0.0,0.07942857142857142,0.25,0.25,0.049870035173070267,0.0,0.0,0.0,0.0,0.0,0.0,0.0,0.0,0.0,0.0,0.0,0.0,0.0,0.0,0.0,0.0,0.0,0.0,0.0,0.0,stable,stable
30,500,240,modular,6,0.08,0.004,0.12,8,10.0,0.72,0.22,False,static,1.0,False,False,1.0,default,default,0.6526833333333334,0.8208333333333333,0.16666666666666663,0.029077621215559492,0.26893333333333336,0.36666666666666664,0.1708333333333333,0.02806245019792661,0.07838333333333333,0.14166666666666666,0.1,0.018443163442798467,0.31640434285848584,0.4357086661739657,0.17382772855302717,0.03111946651525372,0.3164635624246326,0.4357086661739657,0.17382772855302717,0.031326450903359435,0.013509116574470322,0.04084018625784021,0.025994351278488124,0.004339039193809007,0.014433333333333333,0.05,0.04583333333333333,0.008991415659147094,1.6223075783242635,1.8221049238300568,0.2691935428385166,0.0480639028624058,1.0,1.0,0.0,0.0,0.07942857142857142,0.25,0.25,0.05058111287419284,0.0,0.0,0.0,0.0,0.0,0.0,0.0,0.0,0.0,0.0,0.0,0.0,0.0,0.0,0.0,0.0,0.0,0.0,0.0,0.0,stable,stable
31,500,240,modular,6,0.08,0.004,0.12,8,10.0,0.72,0.22,False,static,1.0,False,False,1.0,default,default,0.6468666666666666,0.7791666666666667,0.16666666666666663,0.028166942799435414,0.2731,0.3625,0.14583333333333331,0.026191092633438058,0.08003333333333333,0.1375,0.07916666666666666,0.016255734031070047,0.3258390082909897,0.4096537504079697,0.14986147118556006,0.0287362566682464,0.3259131998952328,0.4096537504079697,0.14986147118556006,0.02857209395791613,0.014928022218916403,0.03238825244847009,0.022204547688851252,0.0042045474846095976,0.015816666666666666,0.05416666666666667,0.05,0.009184059257454977,1.6130421403868958,1.749199525200915,0.2362314490881905,0.045933651671331115,1.0,1.0,0.0,0.0,0.078,0.25,0.25,0.0485260292029348,0.0,0.0,0.0,0.0,0.0,0.0,0.0,0.0,0.0,0.0,0.0,0.0,0.0,0.0,0.0,0.0,0.0,0.0,0.0,0.0,stable,stable
32,500,240,modular,6,0.08,0.004,0.12,8,10.0,0.72,0.22,False,static,1.0,False,False,1.0,default,default,0.6506333333333333,0.8125,0.17499999999999993,0.031900696613780144,0.2699,0.35833333333333334,0.15,0.028330215514731107,0.07946666666666667,0.14166666666666666,0.10833333333333334,0.01689983563365172,0.315351771056803,0.41784590840341085,0.16943237357405175,0.032013828263089274,0.3145153509410475,0.41784590840341085,0.16943237357405175,0.03205159975414903,0.013153345012880254,0.0341296451940307,0.027090343880710452,0.0043500876916655416,0.012983333333333335,0.04583333333333333,0.04583333333333333,0.0079040952817019,1.6284253542735165,1.797609536402336,0.293456866681588,0.05225935051937802,1.0,1.0,0.0,0.0,0.07728571428571428,0.2857142857142857,0.2857142857142857,0.04908738563593939,0.0,0.0,0.0,0.0,0.0,0.0,0.0,0.0,0.0,0.0,0.0,0.0,0.0,0.0,0.0,0.0,0.0,0.0,0.0,0.0,stable,stable
33,500,240,modular,6,0.08,0.004,0.12,8,10.0,0.72,0.22,False,static,1.0,False,False,1.0,default,default,0.6513499999999999,0.8333333333333334,0.16249999999999998,0.03029571385159587,0.26831666666666665,0.35833333333333334,0.15833333333333333,0.028896121423702063,0.08033333333333334,0.15416666666666667,0.12083333333333335,0.017087194685559776,0.31761221430593045,0.41241870927356233,0.17154255504379756,0.030471561334521467,0.31721175442274174,0.41241870927356233,0.17154255504379756,0.030348064007924294,0.013559564611245285,0.03270869669748533,0.026603951850557615,0.0041884056175892055,0.013633333333333332,0.05416666666666667,0.05416666666666667,0.007894723976597705,1.621154226740983,1.7750658140354276,0.27911902205113326,0.0495267747789255,1.0,1.0,0.0,0.0,0.07742857142857142,0.2857142857142857,0.2857142857142857,0.05175215661482827,0.0,0.0,0.0,0.0,0.0,0.0,0.0,0.0,0.0,0.0,0.0,0.0,0.0,0.0,0.0,0.0,0.0,0.0,0.0,0.0,stable,oscillatory
34,500,240,modular,6,0.08,0.004,0.12,8,10.0,0.72,0.22,False,static,1.0,False,False,1.0,default,default,0.6494500000000001,0.8416666666666667,0.15416666666666667,0.029581154849366888,0.27101666666666663,0.3625,0.16249999999999998,0.028201305131342964,0.07953333333333333,0.12916666666666668,0.09166666666666667,0.017942934232975636,0.31953525474676386,0.42706161510078033,0.1571170273011497,0.02981143974914692,0.3194326250755548,0.42706161510078033,0.1571170273011497,0.029475553559581397,0.013810383752640877,0.03758810272606903,0.02383874347718136,0.0040643372747741005,0.014583333333333334,0.058333333333333334,0.05416666666666667,0.008426561840065286,1.6246138282819214,1.816450888361105,0.26293233450036224,0.048185181536868245,1.0,1.0,0.0,0.0,0.08242857142857142,0.42857142857142855,0.42857142857142855,0.05557142857142857,0.0,0.0,0.0,0.0,0.0,0.0,0.0,0.0,0.0,0.0,0.0,0.0,0.0,0.0,0.0,0.0,0.0,0.0,0.0,0.0,stable,stable
35,500,240,modular,6,0.08,0.004,0.12,8,10.0,0.72,0.22,False,static,1.0,False,False,1.0,default,default,0.6497999999999999,0.8125,0.2041666666666666,0.030006277121073628,0.2692166666666667,0.36666666666666664,0.18749999999999997,0.02890281128194972,0.08098333333333332,0.14166666666666666,0.09583333333333333,0.017089381043339295,0.3095547793706935,0.3946053980315386,0.15125353434577157,0.028133810407543907,0.30889935260233303,0.3946053980315386,0.15125353434577157,0.027746614227607942,0.011988020116237237,0.02665892946739169,0.01745515720650979,0.0032826385053522367,0.01185,0.05,0.04583333333333333,0.008295396983334258,1.623398995117423,1.7572884771425514,0.30083020137173877,0.04859341244157612,1.0,1.0,0.0,0.0,0.0852857142857143,0.25,0.25,0.05274911741209612,0.0,0.0,0.0,0.0,0.0,0.0,0.0,0.0,0.0,0.0,0.0,0.0,0.0,0.0,0.0,0.0,0.0,0.0,0.0,0.0,stable,stable
36,500,240,modular,6,0.08,0.004,0.12,8,10.0,0.72,0.22,False,static,1.0,False,False,1.0,default,default,0.6490666666666667,0.75,0.20833333333333326,0.031685801236516015,0.27048333333333335,0.39166666666666666,0.19999999999999998,0.028615307674972383,0.08045,0.15,0.1,0.016656838769039516,0.31292401758964994,0.41739790604631444,0.18011715303385703,0.031108936436694382,0.31293605367880595,0.41739790604631444,0.16738401325455057,0.03114906888414073,0.012745920189056719,0.03356785300238098,0.022356776900485945,0.003950813384664687,0.012516666666666667,0.04583333333333333,0.04583333333333333,0.008909249251324278,1.6067667891349915,1.7951697537054336,0.3222507141415676,0.051511210554078084,1.0,1.0,0.0,0.0,0.0747142857142857,0.2857142857142857,0.25,0.050753707012495194,0.0,0.0,0.0,0.0,0.0,0.0,0.0,0.0,0.0,0.0,0.0,0.0,0.0,0.0,0.0,0.0,0.0,0.0,0.0,0.0,stable,stable
37,500,240,modular,6,0.08,0.004,0.12,8,10.0,0.72,0.22,False,static,1.0,False,False,1.0,default,default,0.6494166666666668,0.7833333333333333,0.15416666666666667,0.030226115455935707,0.26963333333333334,0.3458333333333333,0.15416666666666665,0.027672770411041648,0.08095000000000001,0.14583333333333334,0.0875,0.016127107958685934,0.3200032050759488,0.4086025510785597,0.17398081384352548,0.029946749629905144,0.3202588811694253,0.4086025510785597,0.17398081384352548,0.02995385256779468,0.013920281139152769,0.03149291074554315,0.025763278575250938,0.004085099352921824,0.013800000000000002,0.04583333333333333,0.04583333333333333,0.008857137736813677,1.6062797435953484,1.7467229975506358,0.2657976913609099,0.048480897208318184,1.0,1.0,0.0,0.0,0.08028571428571428,0.2857142857142857,0.2857142857142857,0.052906540624164104,0.0,0.0,0.0,0.0,0.0,0.0,0.0,0.0,0.0,0.0,0.0,0.0,0.0,0.0,0.0,0.0,0.0,0.0,0.0,0.0,stable,stable
38,500,240,modular,6,0.08,0.004,0.12,8,10.0,0.72,0.22,False,static,1.0,False,False,1.0,default,default,0.6525833333333333,0.8208333333333333,0.19166666666666676,0.03139234248454018,0.2704166666666667,0.37916666666666665,0.175,0.02802838343140356,0.077,0.15833333333333333,0.09583333333333335,0.017087194685559776,0.31324042416388315,0.4434294541318871,0.16886263593091977,0.031347374976172696,0.31380035714011556,0.4434294541318871,0.16886263593091977,0.03154362400598268,0.013119140159358604,0.043805449641254234,0.022639390019309938,0.00407971914572581,0.013200000000000002,0.05,0.04583333333333333,0.00861581233675747,1.6093825387977208,1.808136352042499,0.26473203441931537,0.05033722444438708,1.0,1.0,0.0,0.0,0.0747142857142857,0.25,0.21428571428571427,0.04633969515371001,0.0,0.0,0.0,0.0,0.0,0.0,0.0,0.0,0.0,0.0,0.0,0.0,0.0,0.0,0.0,0.0,0.0,0.0,0.0,0.0,stable,stable
39,500,240,modular,6,0.08,0.004,0.12,8,10.0,0.72,0.22,False,static,1.0,False,False,1.0,default,default,0.6477833333333333,0.7916666666666666,0.19166666666666665,0.02884614840455789,0.27153333333333335,0.35833333333333334,0.17083333333333334,0.026479740683523822,0.08068333333333333,0.12916666666666668,0.1,0.016861107450118585,0.31775256756388215,0.41743537939314096,0.1638587979871135,0.029801699048323065,0.317639553644835,0.41743537939314096,0.1638587979871135,0.029665294135165193,0.013427213064835576,0.03392748614867505,0.021893752843542343,0.003955684551153266,0.013633333333333332,0.058333333333333334,0.058333333333333334,0.008658265158538144,1.6069073021280464,1.7557011033125938,0.2731129844331961,0.046765377565938404,1.0,1.0,0.0,0.0,0.08314285714285714,0.25,0.25,0.051065384257711746,0.0,0.0,0.0,0.0,0.0,0.0,0.0,0.0,0.0,0.0,0.0,0.0,0.0,0.0,0.0,0.0,0.0,0.0,0.0,0.0,stable,stable
40,500,240,modular,6,0.08,0.004,0.12,8,10.0,0.72,0.22,False,static,1.0,False,False,1.0,default,default,0.6513500000000001,0.7708333333333334,0.14583333333333326,0.030102551571438443,0.26915,0.3625,0.13749999999999998,0.027746616410334112,0.0795,0.12916666666666668,0.1,0.017951323071016243,0.3190298111018813,0.40446330714042605,0.15078707571494546,0.031059953860253838,0.3192247504038902,0.40446330714042605,0.15078707571494546,0.030704217839011786,0.013921261749060896,0.030498549026077897,0.0222540794452466,0.0042381455865114805,0.013816666666666666,0.04583333333333333,0.04583333333333333,0.008716347986526365,1.6195731971065717,1.7666987648358998,0.25230401784942513,0.04959777267706815,1.0,1.0,0.0,0.0,0.07928571428571428,0.2857142857142857,0.2857142857142857,0.049223563297200144,0.0,0.0,0.0,0.0,0.0,0.0,0.0,0.0,0.0,0.0,0.0,0.0,0.0,0.0,0.0,0.0,0.0,0.0,0.0,0.0,stable,stable
41,500,240,modular,6,0.08,0.004,0.12,8,10.0,0.72,0.22,False,static,1.0,False,False,1.0,default,default,0.6562666666666667,0.7875,0.15416666666666656,0.03143831703157435,0.26541666666666663,0.3625,0.15416666666666665,0.02860713294889153,0.07831666666666666,0.12916666666666668,0.09583333333333335,0.018496613804213524,0.3069266278746438,0.3994063606911565,0.15989850800541183,0.03251826894637922,0.30744800174045817,0.3994063606911565,0.15989850800541183,0.03248848327545286,0.012184508865404568,0.02837002912136936,0.021969405729760666,0.004035795566464049,0.0123,0.04583333333333333,0.04583333333333333,0.008777433185922483,1.6105177765015604,1.7752645054308664,0.26845144793766984,0.051675131922914,1.0,1.0,0.0,0.0,0.07485714285714284,0.25,0.21428571428571427,0.04649423927449814,0.0,0.0,0.0,0.0,0.0,0.0,0.0,0.0,0.0,0.0,0.0,0.0,0.0,0.0,0.0,0.0,0.0,0.0,0.0,0.0,stable,stable
42,500,240,modular,6,0.08,0.004,0.12,8,10.0,0.72,0.22,False,static,1.0,False,False,1.0,default,default,0.6477833333333333,0.7958333333333333,0.15000000000000002,0.03150864519813923,0.27259999999999995,0.3625,0.175,0.030123652574753353,0.07961666666666666,0.14583333333333334,0.11250000000000002,0.01884528381909443,0.3142037631336868,0.4135063125790412,0.15579435331952424,0.0316746344810644,0.31359775589645605,0.4135063125790412,0.15579435331952424,0.03126802785722412,0.01287991028144171,0.032472157286123515,0.020890901142197497,0.003954468183826057,0.01285,0.05,0.041666666666666664,0.007954890180120513,1.6439301846750896,1.813702780180698,0.23683664793881154,0.05141915502007265,1.0,1.0,0.0,0.0,0.0747142857142857,0.32142857142857145,0.25,0.04442857142857142,0.0,0.0,0.0,0.0,0.0,0.0,0.0,0.0,0.0,0.0,0.0,0.0,0.0,0.0,0.0,0.0,0.0,0.0,0.0,0.0,stable,stable
43,500,240,modular,6,0.08,0.004,0.12,8,10.0,0.72,0.22,False,static,1.0,False,False,1.0,default,default,0.6484500000000001,0.8208333333333333,0.17500000000000004,0.031717507433242254,0.27145,0.375,0.19583333333333333,0.029452791793723808,0.08009999999999999,0.1375,0.10833333333333334,0.01760179915046565,0.32114399787273623,0.4139396811580887,0.17283080917196394,0.03183807901471979,0.3220318753070984,0.4139396811580887,0.18282167556875603,0.03229327290206946,0.01433733211379763,0.033331908818608806,0.02776638577625883,0.004505237600816506,0.014216666666666667,0.05416666666666667,0.041666666666666664,0.008638431570603544,1.6306511792370482,1.7741876722991268,0.26292538070262217,0.05180457798800571,1.0,1.0,0.0,0.0,0.07757142857142856,0.2857142857142857,0.2857142857142857,0.04936349969401295,0.0,0.0,0.0,0.0,0.0,0.0,0.0,0.0,0.0,0.0,0.0,0.0,0.0,0.0,0.0,0.0,0.0,0.0,0.0,0.0,stable,stable
44,500,240,modular,6,0.08,0.004,0.12,8,10.0,0.72,0.22,False,static,1.0,False,False,1.0,default,default,0.64795,0.8375,0.16666666666666663,0.030106851379710895,0.27126666666666666,0.3625,0.1583333333333333,0.028246553378735918,0.08078333333333333,0.14583333333333334,0.10416666666666669,0.017198522223338456,0.32116822457988575,0.44785995707125703,0.1993702950159524,0.03139536699040029,0.32117187019038396,0.44785995707125703,0.1993702950159524,0.03104496811835557,0.014159274385788227,0.04580920724650482,0.03921908144007492,0.004791595133412169,0.013066666666666666,0.058333333333333334,0.058333333333333334,0.008330732927606737,1.6407548285620064,1.8160120514275142,0.2757484322635453,0.04880276251311768,1.0,1.0,0.0,0.0,0.08028571428571428,0.25,0.25,0.05271331783857871,0.0,0.0,0.0,0.0,0.0,0.0,0.0,0.0,0.0,0.0,0.0,0.0,0.0,0.0,0.0,0.0,0.0,0.0,0.0,0.0,stable,stable
45,500,240,modular,6,0.08,0.004,0.12,8,10.0,0.72,0.22,False,static,1.0,False,False,1.0,default,default,0.6473,0.8125,0.1625000000000001,0.030895235159415044,0.27181666666666665,0.3458333333333333,0.16666666666666666,0.028789316112443907,0.08088333333333332,0.14583333333333334,0.09166666666666667,0.016969261425687724,0.3228551786398453,0.41541584477843935,0.1552323489191281,0.030750368124806263,0.32216823534169264,0.41541584477843935,0.1552323489191281,0.030581606400302608,0.014282374151772142,0.03377130052422952,0.023625382044997992,0.00433322448661347,0.0148,0.05416666666666667,0.05416666666666667,0.0098312992246419,1.6270402372166795,1.7879958545361865,0.2618399660690882,0.050250529253797666,1.0,1.0,0.0,0.0,0.07228571428571427,0.32142857142857145,0.17857142857142858,0.04780146014335477,0.0,0.0,0.0,0.0,0.0,0.0,0.0,0.0,0.0,0.0,0.0,0.0,0.0,0.0,0.0,0.0,0.0,0.0,0.0,0.0,stable,stable
46,500,240,modular,6,0.08,0.004,0.12,8,10.0,0.72,0.22,False,static,1.0,False,False,1.0,default,default,0.6485833333333333,0.8125,0.16249999999999998,0.03097725420010266,0.2712333333333333,0.3458333333333333,0.14583333333333331,0.02770090251237313,0.08018333333333334,0.14166666666666666,0.10416666666666669,0.018234803414228395,0.3169742485894032,0.41040685568623825,0.1476202972169509,0.03071906292159745,0.3172893112256604,0.41040685568623825,0.1476202972169509,0.030726157263921392,0.013439463664515434,0.03176157561348128,0.020261903791671095,0.0040923353066078146,0.013699999999999999,0.041666666666666664,0.041666666666666664,0.008229621295458659,1.6084368853211022,1.7544872270062237,0.26489614989159516,0.0505498068915865,1.0,1.0,0.0,0.0,0.07942857142857143,0.2857142857142857,0.2857142857142857,0.04956216463458094,0.0,0.0,0.0,0.0,0.0,0.0,0.0,0.0,0.0,0.0,0.0,0.0,0.0,0.0,0.0,0.0,0.0,0.0,0.0,0.0,stable,stable
47,500,240,modular,6,0.08,0.004,0.12,8,10.0,0.72,0.22,False,static,1.0,False,False,1.0,default,default,0.6504333333333333,0.8,0.17083333333333328,0.02985299166098954,0.27243333333333336,0.3625,0.14583333333333334,0.02762488813451458,0.07713333333333333,0.13333333333333333,0.10416666666666666,0.01758800096025065,0.3148829891005709,0.4064797033046442,0.18147972174036645,0.03003808019476292,0.3147634506466047,0.4064797033046442,0.18147972174036645,0.030066295342791528,0.01314144122421921,0.0307328282629225,0.025546388385226704,0.0038973865328609213,0.0132,0.05,0.04583333333333333,0.008469487718995892,1.6163481172595693,1.752564781033424,0.29397043555209135,0.0489891837881722,1.0,1.0,0.0,0.0,0.07699999999999999,0.2857142857142857,0.21428571428571427,0.05105599167300823,0.0,0.0,0.0,0.0,0.0,0.0,0.0,0.0,0.0,0.0,0.0,0.0,0.0,0.0,0.0,0.0,0.0,0.0,0.0,0.0,stable,stable
48,500,240,modular,6,0.08,0.004,0.12,8,10.0,0.72,0.22,False,static,1.0,False,False,1.0,default,default,0.6514500000000001,0.7791666666666667,0.14583333333333337,0.028294978942090297,0.27015,0.3625,0.11666666666666664,0.025680023580812988,0.0784,0.1375,0.09583333333333333,0.016699001966185484,0.31121520653565893,0.4048726146578412,0.15754426287366005,0.028698527353481648,0.31120540300603133,0.4048726146578412,0.15754426287366005,0.028225173081359915,0.012481628216818363,0.029878565387026858,0.023488213889849736,0.003624413771396165,0.01325,0.0375,0.0375,0.007865624931024589,1.6336132928939315,1.787102516576781,0.26697928355744627,0.046740342976555854,1.0,1.0,0.0,0.0,0.07971428571428571,0.25,0.25,0.0495152007169598,0.0,0.0,0.0,0.0,0.0,0.0,0.0,0.0,0.0,0.0,0.0,0.0,0.0,0.0,0.0,0.0,0.0,0.0,0.0,0.0,stable,stable
49,500,240,modular,6,0.08,0.004,0.12,8,10.0,0.72,0.22,False,static,1.0,False,False,1.0,default,default,0.64825,0.8166666666666667,0.1875,0.030407989629920182,0.2727333333333333,0.375,0.17083333333333334,0.028734918749764294,0.07901666666666667,0.1375,0.07916666666666666,0.016173271846544292,0.3139699180393146,0.41289776833454567,0.18211600070508788,0.0294684918460972,0.31456099538365045,0.41289776833454567,0.18211600070508788,0.029736774772320566,0.012980683557400475,0.032364418605563126,0.026924559253524737,0.0038496493090622095,0.013183333333333333,0.058333333333333334,0.058333333333333334,0.008859536606893663,1.6074741596758102,1.7718928599998711,0.2870778423627651,0.04768458674626899,1.0,1.0,0.0,0.0,0.08014285714285714,0.2857142857142857,0.2857142857142857,0.051513620152581874,0.0,0.0,0.0,0.0,0.0,0.0,0.0,0.0,0.0,0.0,0.0,0.0,0.0,0.0,0.0,0.0,0.0,0.0,0.0,0.0,stable,stable
50,500,240,modular,6,0.08,0.004,0.12,8,10.0,0.72,0.22,False,static,1.0,False,False,1.0,default,default,0.6463833333333333,0.7833333333333333,0.1791666666666667,0.03336940131983858,0.27163333333333334,0.3458333333333333,0.15833333333333335,0.03080266943698946,0.08198333333333334,0.12916666666666668,0.09166666666666667,0.01771055084154954,0.32844509092365554,0.41172978652134823,0.17773501844825823,0.03416235953197404,0.32785709391050605,0.41172978652134823,0.17773501844825823,0.03343469578065778,0.015434570779196622,0.03306343156980192,0.027261601858954272,0.005028328420754225,0.015400000000000002,0.04583333333333333,0.04583333333333333,0.009116895182998309,1.6316806796435963,1.7559843082334907,0.26372959248196537,0.05373188539327944,1.0,1.0,0.0,0.0,0.08842857142857141,0.25,0.25,0.05413305602958363,0.0,0.0,0.0,0.0,0.0,0.0,0.0,0.0,0.0,0.0,0.0,0.0,0.0,0.0,0.0,0.0,0.0,0.0,0.0,0.0,stable,stable
1,500,240,modular,6,0.08,0.004,0.12,14,10.0,0.72,0.22,True,static,1.0,False,False,1.0,default,default,0.3526666666666667,0.8333333333333334,0.15833333333333333,0.0233238075793812,0.41914999999999997,0.49166666666666664,0.12916666666666665,0.024235814866065925,0.22818333333333335,0.4041666666666667,0.11666666666666664,0.020924925328421128,0.6502693720129443,0.895761475297153,0.16326810209966736,0.02889389571179862,0.6514717672686695,0.895761475297153,0.16326810209966736,0.02916045128000455,0.2534305304001823,0.6393753911105009,0.2639914092366674,0.04829945425146306,0.2533166666666667,0.6666666666666666,0.3125,0.05778828456818331,2.1553108863580666,2.471007575189675,0.2427173793326376,0.042072963167401826,1.0,1.0,0.0,0.0,0.2467142857142857,0.5714285714285714,0.39285714285714285,0.06368304807595895,0.0,0.0,0.0,0.0,0.0,0.0,0.0,0.0,0.0,0.0,0.0,0.0,0.0,0.0,0.0,0.0,0.0,0.0,0.0,0.0,stable,runaway
2,500,240,modular,6,0.08,0.004,0.12,14,10.0,0.72,0.22,True,static,1.0,False,False,1.0,default,default,0.3591333333333333,0.7875,0.125,0.02475825339378994,0.38083333333333336,0.45,0.15000000000000002,0.025171633064048727,0.26003333333333334,0.4125,0.1333333333333333,0.02271255159597882,0.6545746003433826,0.8860043610652721,0.1587228167306718,0.030274748081362816,0.6546931328517978,0.8860043610652721,0.1587228167306718,0.02965984319783876,0.2534033676157794,0.6166549351662487,0.2533929744511592,0.04869365042017027,0.25211666666666666,0.6,0.2875,0.054385764579427294,2.16852546878207,2.4838156498457726,0.21942868248475023,0.044839724856540294,1.0,1.0,0.0,0.0,0.3241428571428572,0.5714285714285714,0.4642857142857143,0.07611604995810338,0.0,0.0,0.0,0.0,0.0,0.0,0.0,0.0,0.0,0.0,0.0,0.0,0.0,0.0,0.0,0.0,0.0,0.0,0.0,0.0,stable,runaway
3,500,240,modular,6,0.08,0.004,0.12,14,10.0,0.72,0.22,True,static,1.0,False,False,1.0,default,default,0.41356666666666664,0.8,0.14583333333333331,0.024197704206988083,0.36885,0.44583333333333336,0.14166666666666666,0.02404618819411232,0.21758333333333335,0.36666666666666664,0.125,0.01948093797650525,0.5847506573639737,0.8018903818483296,0.13304325005632267,0.02702003736766091,0.5850471771879754,0.8018903818483296,0.13304325005632267,0.026825475514140225,0.15346407060040793,0.508723218367389,0.16080488732823356,0.03187168263036758,0.15346666666666667,0.5125,0.20833333333333334,0.038925627091216455,2.0676564082126294,2.3660123844205527,0.21648461969501676,0.04313529911885951,1.0,1.0,0.0,0.0,0.23257142857142857,0.4642857142857143,0.3214285714285714,0.06625799913202625,0.0,0.0,0.0,0.0,0.0,0.0,0.0,0.0,0.0,0.0,0.0,0.0,0.0,0.0,0.0,0.0,0.0,0.0,0.0,0.0,stable,oscillatory
4,500,240,modular,6,0.08,0.004,0.12,14,10.0,0.72,0.22,True,static,1.0,False,False,1.0,default,default,0.35783333333333334,0.7791666666666667,0.14166666666666666,0.025141819964177435,0.42636666666666667,0.5083333333333333,0.1833333333333333,0.026821301650408805,0.21580000000000002,0.4,0.12083333333333335,0.023125839324107663,0.6258971673856406,0.8388546004261723,0.17396729465103133,0.03064161417411281,0.6252238634648776,0.8388546004261723,0.17396729465103133,0.030734285037321223,0.20964791006724656,0.5669176280703562,0.24119848848234393,0.04479441834072614,0.20588333333333333,0.5916666666666667,0.29166666666666663,0.05296130925286664,2.152792034923639,2.399916056256741,0.2531533065387688,0.04596650914416332,1.0,1.0,0.0,0.0,0.195,0.5,0.35714285714285715,0.0672377748542212,0.0,0.0,0.0,0.0,0.0,0.0,0.0,0.0,0.0,0.0,0.0,0.0,0.0,0.0,0.0,0.0,0.0,0.0,0.0,0.0,stable,oscillatory
5,500,240,modular,6,0.08,0.004,0.12,14,10.0,0.72,0.22,True,static,1.0,False,False,1.0,default,default,0.3570833333333333,0.7666666666666667,0.15416666666666667,0.024333476026978874,0.39748333333333336,0.4666666666666667,0.1375,0.026520165283547285,0.24543333333333334,0.4375,0.11250000000000002,0.021212705836099483,0.6426394968974367,0.8316020456077106,0.16223092633471614,0.027631004357199635,0.641860433295037,0.8316020456077106,0.17540669098495498,0.028332791810557978,0.23161505742925015,0.5500950248971227,0.2628170109150784,0.04401631291926187,0.2301,0.5708333333333333,0.35833333333333334,0.05368468641573271,2.1364906173697955,2.3748915553452554,0.2582186416140533,0.041173174015238845,1.0,1.0,0.0,0.0,0.34042857142857147,0.5357142857142857,0.3571428571428571,0.06866972121863389,0.0,0.0,0.0,0.0,0.0,0.0,0.0,0.0,0.0,0.0,0.0,0.0,0.0,0.0,0.0,0.0,0.0,0.0,0.0,0.0,stable,runaway
6,500,240,modular,6,0.08,0.004,0.12,14,10.0,0.72,0.22,True,static,1.0,False,False,1.0,default,default,0.38045000000000007,0.7958333333333333,0.1375,0.022090854065276274,0.3820666666666667,0.45,0.1375,0.024510337954966405,0.23748333333333332,0.3625,0.11249999999999999,0.02151064981713838,0.6140626320861555,0.765024778857686,0.1594093938850094,0.027100105623120704,0.6146368629012483,0.765024778857686,0.1594093938850094,0.027243985820252736,0.19172934660640292,0.447116427338453,0.22656731719177364,0.03823242504510591,0.19058333333333333,0.4666666666666667,0.2833333333333333,0.04629922305563621,2.111887821215785,2.2850606133619706,0.2370655912151125,0.04011437631865095,1.0,1.0,0.0,0.0,0.24942857142857142,0.42857142857142855,0.2857142857142857,0.05958769904561697,0.0,0.0,0.0,0.0,0.0,0.0,0.0,0.0,0.0,0.0,0.0,0.0,0.0,0.0,0.0,0.0,0.0,0.0,0.0,0.0,stable,stable
7,500,240,modular,6,0.08,0.004,0.12,14,10.0,0.72,0.22,True,static,1.0,False,False,1.0,default,default,0.39759999999999995,0.8416666666666667,0.13333333333333336,0.02513443852565639,0.39311666666666667,0.475,0.15416666666666662,0.024984333980405487,0.20928333333333332,0.3625,0.10416666666666666,0.019996534421966444,0.6040422858524752,0.8247970584633928,0.1602843335864459,0.029528226871139377,0.6031842816560238,0.8247970584633928,0.1602843335864459,0.029082102016575337,0.18207991090798645,0.5591051131841134,0.22128695082618938,0.03983913731246563,0.17971666666666664,0.5666666666666667,0.2583333333333333,0.04719098607432003,2.091196244467421,2.3645940451252216,0.22581571549137336,0.04400195713273429,1.0,1.0,0.0,0.0,0.2695714285714286,0.5,0.3571428571428571,0.06185582314659516,0.0,0.0,0.0,0.0,0.0,0.0,0.0,0.0,0.0,0.0,0.0,0.0,0.0,0.0,0.0,0.0,0.0,0.0,0.0,0.0,stable,stable
8,500,240,modular,6,0.08,0.004,0.12,14,10.0,0.72,0.22,True,static,1.0,False,False,1.0,default,default,0.4038166666666666,0.8,0.1333333333333333,0.0244000739980663,0.4013,0.49166666666666664,0.15416666666666662,0.025816747363764558,0.19488333333333335,0.4083333333333333,0.12083333333333332,0.01944365792060057,0.5841107750037489,0.8173473658153972,0.17073839342159047,0.027179980094296244,0.5832483994137863,0.8173473658153972,0.17073839342159047,0.027090303500282072,0.15401736218986292,0.5413970756325117,0.22351987683091945,0.03309033404530664,0.15443333333333334,0.6125,0.2625,0.041394927225446354,2.016530633223927,2.2929349182403715,0.2338696140225487,0.041430569080967726,1.0,1.0,0.0,0.0,0.20557142857142854,0.42857142857142855,0.39285714285714285,0.05560960862502605,0.0,0.0,0.0,0.0,0.0,0.0,0.0,0.0,0.0,0.0,0.0,0.0,0.0,0.0,0.0,0.0,0.0,0.0,0.0,0.0,stable,runaway
9,500,240,modular,6,0.08,0.004,0.12,14,10.0,0.72,0.22,True,static,1.0,False,False,1.0,default,default,0.3878,0.7583333333333333,0.125,0.024495895347769775,0.37805,0.45,0.125,0.02424562388922541,0.23414999999999997,0.3875,0.1166666666666667,0.022222667356652855,0.6216990729261095,0.8347048963233867,0.1612300050250547,0.02957074326441332,0.6213150879129009,0.8347048963233867,0.1612300050250547,0.0286339629609581,0.20366937295418977,0.5617892186896071,0.22781931961019164,0.04154258050171491,0.20451666666666668,0.5875,0.2666666666666666,0.05078087183619876,2.123799220298708,2.397111761193133,0.24057193404065336,0.044736396800003776,1.0,1.0,0.0,0.0,0.26471428571428574,0.5,0.3928571428571429,0.07251192723846701,0.0,0.0,0.0,0.0,0.0,0.0,0.0,0.0,0.0,0.0,0.0,0.0,0.0,0.0,0.0,0.0,0.0,0.0,0.0,0.0,stable,stable
10,500,240,modular,6,0.08,0.004,0.12,14,10.0,0.72,0.22,True,static,1.0,False,False,1.0,default,default,0.3884666666666666,0.7875,0.1375,0.022834768811325127,0.35566666666666663,0.4583333333333333,0.13749999999999996,0.02394379993976636,0.25586666666666663,0.39166666666666666,0.1,0.020059605623685074,0.6453756716530324,0.845194688222018,0.14693398311672423,0.027424898066506047,0.644410631057289,0.845194688222018,0.14693398311672423,0.028107615644232132,0.2422015628216638,0.5838850652895301,0.22660562843383222,0.04532962900979811,0.24255000000000002,0.6125,0.24166666666666664,0.05124137054720097,2.121454867112102,2.4098462691618083,0.24472236145508353,0.04083633532744995,1.0,1.0,0.0,0.0,0.305,0.5357142857142857,0.39285714285714285,0.07143214276786161,0.0,0.0,0.0,0.0,0.0,0.0,0.0,0.0,0.0,0.0,0.0,0.0,0.0,0.0,0.0,0.0,0.0,0.0,0.0,0.0,stable,stable
11,500,240,modular,6,0.08,0.004,0.12,14,10.0,0.72,0.22,True,static,1.0,False,False,1.0,default,default,0.34346666666666664,0.8166666666666667,0.12916666666666665,0.02609457159385198,0.41386666666666666,0.4875,0.15833333333333333,0.02811818312448765,0.24266666666666667,0.42083333333333334,0.13333333333333333,0.02244685080609552,0.6577027377857082,0.8532891330504941,0.1755077931096538,0.029791572965772332,0.6590942819002665,0.8532891330504941,0.15580824620073486,0.029032925404830726,0.2620111416906434,0.5839956753302471,0.24777826590479893,0.0482525666029818,0.2618666666666667,0.5916666666666667,0.2625,0.05708438198550166,2.161402510535187,2.4178439116232977,0.2539635495482293,0.04549864940694069,1.0,1.0,0.0,0.0,0.209,0.39285714285714285,0.35714285714285715,0.06466254633061695,0.0,0.0,0.0,0.0,0.0,0.0,0.0,0.0,0.0,0.0,0.0,0.0,0.0,0.0,0.0,0.0,0.0,0.0,0.0,0.0,stable,runaway
12,500,240,modular,6,0.08,0.004,0.12,14,10.0,0.72,0.22,True,static,1.0,False,False,1.0,default,default,0.36829999999999996,0.7708333333333334,0.13333333333333336,0.024590513075845595,0.4077166666666666,0.4875,0.125,0.022811918181317215,0.22398333333333334,0.42916666666666664,0.11250000000000002,0.019961970788922062,0.6224305081025306,0.8750894140470861,0.16763928416783258,0.030103736777622212,0.6231811358091165,0.8750894140470861,0.16763928416783258,0.030308809694027092,0.20759986843127023,0.6133036359767622,0.23614870329880752,0.044296484419328555,0.20625,0.65,0.275,0.04928833815191762,2.0980650449566975,2.4096098581025642,0.23627212830623212,0.04439922300131082,1.0,1.0,0.0,0.0,0.2562857142857143,0.5714285714285714,0.3928571428571429,0.0655532187599962,0.0,0.0,0.0,0.0,0.0,0.0,0.0,0.0,0.0,0.0,0.0,0.0,0.0,0.0,0.0,0.0,0.0,0.0,0.0,0.0,stable,runaway
13,500,240,modular,6,0.08,0.004,0.12,14,10.0,0.72,0.22,True,static,1.0,False,False,1.0,default,default,0.3900166666666667,0.8291666666666667,0.12083333333333335,0.021841913072500465,0.38275,0.4666666666666667,0.15000000000000002,0.023605701994786486,0.22723333333333331,0.4083333333333333,0.12083333333333332,0.021573800983806467,0.6120091363894293,0.8480940652726318,0.15970820129483831,0.02761329481216196,0.611179724104966,0.8480940652726318,0.15970820129483831,0.027538804281968185,0.19046218842533527,0.5835780182814198,0.21499863629252972,0.03864731117967372,0.19344999999999998,0.6125,0.25416666666666665,0.04652001062864119,2.132739860172306,2.431543247348942,0.23315240006027338,0.04032216315585634,1.0,1.0,0.0,0.0,0.2897142857142857,0.5,0.3928571428571429,0.06935798881343734,0.0,0.0,0.0,0.0,0.0,0.0,0.0,0.0,0.0,0.0,0.0,0.0,0.0,0.0,0.0,0.0,0.0,0.0,0.0,0.0,stable,runaway
14,500,240,modular,6,0.08,0.004,0.12,14,10.0,0.72,0.22,True,static,1.0,False,False,1.0,default,default,0.38226666666666664,0.7708333333333334,0.12083333333333329,0.025110334304602334,0.42158333333333337,0.5,0.14583333333333331,0.02474719400479802,0.19615000000000002,0.4,0.1166666666666667,0.02057431651355641,0.594299298319485,0.848399564018036,0.14601255146106584,0.02979193179276714,0.5945113621527389,0.848399564018036,0.1523374669455645,0.02955360896418925,0.1664232352708849,0.5767707108762636,0.19184992614317536,0.03788848088920161,0.16685,0.5833333333333334,0.21666666666666665,0.044864391348942996,2.058709536612322,2.377205137854292,0.21334968741621463,0.04416324518657098,1.0,1.0,0.0,0.0,0.29371428571428565,0.4642857142857143,0.35714285714285715,0.06819300341153567,0.0,0.0,0.0,0.0,0.0,0.0,0.0,0.0,0.0,0.0,0.0,0.0,0.0,0.0,0.0,0.0,0.0,0.0,0.0,0.0,stable,stable
15,500,240,modular,6,0.08,0.004,0.12,14,10.0,0.72,0.22,True,static,1.0,False,False,1.0,default,default,0.37533333333333335,0.7791666666666667,0.125,0.02296494913752018,0.39725,0.48333333333333334,0.18333333333333335,0.026236239779697426,0.22741666666666668,0.45,0.13333333333333336,0.021185195302380385,0.6259241079818533,0.9018268995564157,0.1356996191538986,0.027201295959463544,0.6263910831966085,0.9018268995564157,0.14005870062707926,0.028284506224454387,0.2101968327295183,0.6342855878168947,0.2052266978395862,0.042310704600298094,0.20905,0.6291666666666667,0.2958333333333333,0.049598109843017206,2.1353484365370896,2.4830283759817897,0.1982311178147711,0.04003436386985695,1.0,1.0,0.0,0.0,0.27,0.5357142857142857,0.39285714285714285,0.06909029879624998,0.0,0.0,0.0,0.0,0.0,0.0,0.0,0.0,0.0,0.0,0.0,0.0,0.0,0.0,0.0,0.0,0.0,0.0,0.0,0.0,stable,runaway
16,500,240,modular,6,0.08,0.004,0.12,14,10.0,0.72,0.22,True,static,1.0,False,False,1.0,default,default,0.36275,0.7875,0.26666666666666666,0.07415922247285078,0.3929166666666667,0.5458333333333333,0.24999999999999994,0.042958717263075825,0.24433333333333335,0.4583333333333333,0.3333333333333333,0.10683047318064261,0.6542421684762616,0.911116882062019,0.4238625206695512,0.13480170917912443,0.6584221162519909,0.911116882062019,0.4238625206695512,0.13228066259750507,0.30744945105699834,0.6520407448610991,0.518493003284108,0.16770326863861343,0.3066166666666666,0.6708333333333333,0.5416666666666666,0.16860633061134514,2.1859063150804996,2.523035731772943,0.584425423603739,0.18210402052626232,1.0,1.0,0.0,0.0,0.24285714285714283,0.5357142857142857,0.4642857142857143,0.11221335363803132,0.0,0.0,0.0,0.0,0.0,0.0,0.0,0.0,0.0,0.0,0.0,0.0,0.0,0.0,0.0,0.0,0.0,0.0,0.0,0.0,runaway,runaway
17,500,240,modular,6,0.08,0.004,0.12,14,10.0,0.72,0.22,True,static,1.0,False,False,1.0,default,default,0.41441666666666666,0.8166666666666667,0.12083333333333335,0.02309716793606235,0.40771666666666667,0.4625,0.12083333333333335,0.020668555021255513,0.17786666666666667,0.425,0.09999999999999998,0.01773192350285527,0.5407876885286808,0.8414859145761517,0.15308680148400156,0.026859245634975278,0.5397454142634988,0.8414859145761517,0.15308680148400156,0.02634371619592278,0.10422214833617023,0.5561093250298544,0.1383469901491675,0.023146101435571064,0.10566666666666667,0.5666666666666667,0.18333333333333332,0.03103045099396541,2.0630606666726408,2.447562660032273,0.24026112770654473,0.0416870134663305,1.0,1.0,0.0,0.0,0.2952857142857143,0.5,0.39285714285714285,0.06906976656295594,0.0,0.0,0.0,0.0,0.0,0.0,0.0,0.0,0.0,0.0,0.0,0.0,0.0,0.0,0.0,0.0,0.0,0.0,0.0,0.0,stable,runaway
18,500,240,modular,6,0.08,0.004,0.12,14,10.0,0.72,0.22,True,static,1.0,False,False,1.0,default,default,0.3994666666666667,0.875,0.1375,0.023534702509745525,0.4035333333333333,0.4666666666666667,0.13333333333333336,0.022528105902528857,0.197,0.38333333333333336,0.10416666666666669,0.018746110707735263,0.5875520648835966,0.7993289699528198,0.17573179244985782,0.027603606626615165,0.5877102125596593,0.7993289699528198,0.17573179244985782,0.028022705126484672,0.16021298057870811,0.515392916593603,0.2169317309225308,0.034937036307476285,0.15778333333333336,0.5541666666666667,0.2416666666666667,0.04041850854909584,2.0636209573573816,2.3419254309966075,0.2503016265215967,0.04152610686225732,1.0,1.0,0.0,0.0,0.16942857142857143,0.39285714285714285,0.28571428571428575,0.06059298807685286,0.0,0.0,0.0,0.0,0.0,0.0,0.0,0.0,0.0,0.0,0.0,0.0,0.0,0.0,0.0,0.0,0.0,0.0,0.0,0.0,stable,stable
19,500,240,modular,6,0.08,0.004,0.12,14,10.0,0.72,0.22,True,static,1.0,False,False,1.0,default,default,0.39494999999999997,0.8166666666666667,0.13749999999999996,0.024238061207759815,0.39055,0.4583333333333333,0.17916666666666664,0.025866972721557076,0.2145,0.36666666666666664,0.10833333333333331,0.02105284356618417,0.5940719606234691,0.7567962287372169,0.14385334058212762,0.02768999831449288,0.5937157863652004,0.7567962287372169,0.17728574820102472,0.02852014770169705,0.1649434550531984,0.43457672830330135,0.23738616416188413,0.03645722792379001,0.16436666666666666,0.48333333333333334,0.20833333333333331,0.04366525443008943,2.109231715017506,2.333562214934041,0.22852416354400074,0.04298593596407864,1.0,1.0,0.0,0.0,0.25957142857142856,0.4642857142857143,0.35714285714285715,0.06734937843447558,0.0,0.0,0.0,0.0,0.0,0.0,0.0,0.0,0.0,0.0,0.0,0.0,0.0,0.0,0.0,0.0,0.0,0.0,0.0,0.0,stable,stable
20,500,240,modular,6,0.08,0.004,0.12,14,10.0,0.72,0.22,True,static,1.0,False,False,1.0,default,default,0.41245,0.7833333333333333,0.12916666666666665,0.023527413089132147,0.37451666666666666,0.45416666666666666,0.14583333333333331,0.02348704725777357,0.21303333333333332,0.4083333333333333,0.1,0.018423837216437235,0.5886384118910486,0.8499077869461485,0.15849035501497644,0.027467413284867487,0.5885150442996538,0.8499077869461485,0.15849035501497644,0.027414321749914976,0.16048848392396337,0.5858673677160176,0.2110340350550788,0.034710307716983566,0.15876666666666664,0.625,0.2125,0.039778288326953216,2.039273832197853,2.397295186984258,0.23455648011796182,0.04095741570416455,1.0,1.0,0.0,0.0,0.212,0.42857142857142855,0.39285714285714285,0.06581420974289393,0.0,0.0,0.0,0.0,0.0,0.0,0.0,0.0,0.0,0.0,0.0,0.0,0.0,0.0,0.0,0.0,0.0,0.0,0.0,0.0,stable,runaway
21,500,240,modular,6,0.08,0.004,0.12,14,10.0,0.72,0.22,True,static,1.0,False,False,1.0,default,default,0.40363333333333334,0.7958333333333333,0.14166666666666666,0.02250910926713894,0.41603333333333337,0.48333333333333334,0.1375,0.024605532349905014,0.18033333333333332,0.3333333333333333,0.11249999999999999,0.019540556116276052,0.5709304226173187,0.7484162938303114,0.1358356547487392,0.026047374349421178,0.5704857716064311,0.7484162938303114,0.1358356547487392,0.025481945271946606,0.13818177608997598,0.42346388134365914,0.14777294331377142,0.028263307438210924,0.13705,0.4875,0.1958333333333333,0.03649018513396597,2.0516776583640377,2.267115674567965,0.2291526838060678,0.03863414019416627,1.0,1.0,0.0,0.0,0.25299999999999995,0.5714285714285714,0.4285714285714286,0.07239475119095307,0.0,0.0,0.0,0.0,0.0,0.0,0.0,0.0,0.0,0.0,0.0,0.0,0.0,0.0,0.0,0.0,0.0,0.0,0.0,0.0,stable,stable
22,500,240,modular,6,0.08,0.004,0.12,14,10.0,0.72,0.22,True,static,1.0,False,False,1.0,default,default,0.3348,0.7583333333333333,0.20416666666666666,0.027872507362393266,0.40976666666666667,0.4791666666666667,0.15000000000000002,0.02589564527955317,0.25543333333333335,0.4083333333333333,0.2,0.02603269312059571,0.6659492518849691,0.8370645748065128,0.28896518686939254,0.03565630246289018,0.666492805471893,0.8370645748065128,0.28896518686939254,0.03558475666741013,0.27224404468679914,0.5565255222451182,0.3737690568203993,0.05555500939882145,0.27279999999999993,0.575,0.42083333333333334,0.06334227129913589,2.199246310150062,2.4111578551474397,0.4251889986159558,0.053386868071575125,1.0,1.0,0.0,0.0,0.27471428571428574,0.5,0.39285714285714285,0.07441211773163108,0.0,0.0,0.0,0.0,0.0,0.0,0.0,0.0,0.0,0.0,0.0,0.0,0.0,0.0,0.0,0.0,0.0,0.0,0.0,0.0,oscillatory,runaway
23,500,240,modular,6,0.08,0.004,0.12,14,10.0,0.72,0.22,True,static,1.0,False,False,1.0,default,default,0.3932,0.8333333333333334,0.15833333333333333,0.024011201089861742,0.4132833333333333,0.5041666666666667,0.14999999999999997,0.024902816663537834,0.19351666666666664,0.38333333333333336,0.10416666666666666,0.018434787465248657,0.5797281144159665,0.7697724346465904,0.1394329693050924,0.026438152959353742,0.5785744037804662,0.7697724346465904,0.1394329693050924,0.026491988630060886,0.14479504163302415,0.4528065466451891,0.16206428255171546,0.030755787946472036,0.14645,0.4875,0.19583333333333336,0.035140120312195225,2.0976348423799647,2.344368290611377,0.2267243280405815,0.041404951166715984,1.0,1.0,0.0,0.0,0.18857142857142856,0.42857142857142855,0.32142857142857145,0.05943612589347063,0.0,0.0,0.0,0.0,0.0,0.0,0.0,0.0,0.0,0.0,0.0,0.0,0.0,0.0,0.0,0.0,0.0,0.0,0.0,0.0,stable,stable
24,500,240,modular,6,0.08,0.004,0.12,14,10.0,0.72,0.22,True,static,1.0,False,False,1.0,default,default,0.41085000000000005,0.8166666666666667,0.13749999999999996,0.024924602972431344,0.36195,0.475,0.14583333333333337,0.02501755494758742,0.22719999999999999,0.43333333333333335,0.1375,0.023202466343999823,0.6190049083093969,0.886551860292317,0.1648311731237846,0.030913695213110288,0.6177206903881061,0.886551860292317,0.1648311731237846,0.031010258193654407,0.20380405329470905,0.6377984980536598,0.2416058017061084,0.046039195932880105,0.20564999999999997,0.6666666666666666,0.2916666666666667,0.05359137834888494,2.0857950806200813,2.4290913771126723,0.24271420898688278,0.046184343414023755,1.0,1.0,0.0,0.0,0.281,0.5,0.4285714285714286,0.07741499617421073,0.0,0.0,0.0,0.0,0.0,0.0,0.0,0.0,0.0,0.0,0.0,0.0,0.0,0.0,0.0,0.0,0.0,0.0,0.0,0.0,stable,runaway
25,500,240,modular,6,0.08,0.004,0.12,14,10.0,0.72,0.22,True,static,1.0,False,False,1.0,default,default,0.3855166666666667,0.775,0.11666666666666664,0.023301102739760816,0.41228333333333333,0.4708333333333333,0.125,0.02288911070550555,0.2022,0.3625,0.11250000000000002,0.02097999046710937,0.5990401172523625,0.8074044707483465,0.16203745280906845,0.029088657628238923,0.6003588692677563,0.8074044707483465,0.16768760721829679,0.029651910186210773,0.17644160627535857,0.5270493336005726,0.2272819910120888,0.03944788470089099,0.17653333333333335,0.5666666666666667,0.22500000000000003,0.04406603630411471,2.0951870565075255,2.3447399015149686,0.23885817781403462,0.042582721694994885,1.0,1.0,0.0,0.0,0.21499999999999997,0.5357142857142857,0.39285714285714285,0.06416258048655679,0.0,0.0,0.0,0.0,0.0,0.0,0.0,0.0,0.0,0.0,0.0,0.0,0.0,0.0,0.0,0.0,0.0,0.0,0.0,0.0,stable,stable
26,500,240,modular,6,0.08,0.004,0.12,14,10.0,0.72,0.22,True,static,1.0,False,False,1.0,default,default,0.3452166666666666,0.8375,0.14583333333333337,0.02655121361528404,0.386,0.475,0.1375,0.025641221153100767,0.2687833333333333,0.4041666666666667,0.19166666666666665,0.02518884784097033,0.6713245973775545,0.8449897846408015,0.256075077906313,0.03408016822898521,0.6714869978218017,0.8449897846408015,0.256075077906313,0.034608809212979395,0.2861812105125629,0.5786911864468436,0.36890645983751624,0.05850490951749953,0.2882666666666667,0.5958333333333333,0.3791666666666667,0.06598165569981469,2.176221832493252,2.3771172189137393,0.3500454914050517,0.049562596784806366,1.0,1.0,0.0,0.0,0.315,0.5714285714285714,0.39285714285714285,0.08102972495652823,0.0,0.0,0.0,0.0,0.0,0.0,0.0,0.0,0.0,0.0,0.0,0.0,0.0,0.0,0.0,0.0,0.0,0.0,0.0,0.0,oscillatory,runaway
27,500,240,modular,6,0.08,0.004,0.12,14,10.0,0.72,0.22,True,static,1.0,False,False,1.0,default,default,0.34981666666666666,0.7833333333333333,0.14166666666666666,0.02345580359361457,0.43088333333333334,0.49166666666666664,0.125,0.024546673230127675,0.21930000000000002,0.39166666666666666,0.125,0.020524619363096602,0.645862517787112,0.8503301092943453,0.19710966525031903,0.028133647585854727,0.6454021133471156,0.8503301092943453,0.19710966525031903,0.028762895348582278,0.24127896411911512,0.5841094579890334,0.2860422367449108,0.04574834957514168,0.2431333333333333,0.625,0.30416666666666664,0.054847657703456724,2.1629618214944166,2.420246497189637,0.2907036411057793,0.04193486560862356,1.0,1.0,0.0,0.0,0.2968571428571429,0.5,0.3928571428571429,0.07011884954293311,0.0,0.0,0.0,0.0,0.0,0.0,0.0,0.0,0.0,0.0,0.0,0.0,0.0,0.0,0.0,0.0,0.0,0.0,0.0,0.0,stable,oscillatory
28,500,240,modular,6,0.08,0.004,0.12,14,10.0,0.72,0.22,True,static,1.0,False,False,1.0,default,default,0.39355,0.825,0.15000000000000002,0.026222768944394702,0.38698333333333335,0.4666666666666667,0.15000000000000002,0.026142180687752717,0.21946666666666667,0.37916666666666665,0.13333333333333333,0.02197394922276022,0.5905732369143806,0.7985587666054506,0.16739779668064825,0.029826995055483932,0.5910437779809841,0.7985587666054506,0.16739779668064825,0.029566338724589247,0.16153050642115874,0.5042454006923627,0.22828793432575606,0.037218709985475565,0.162,0.5291666666666667,0.25,0.04181672977277024,2.100943986777361,2.3774250901113874,0.2638258967842273,0.04684611638000063,1.0,1.0,0.0,0.0,0.21985714285714286,0.6428571428571429,0.35714285714285715,0.06565665174502389,0.0,0.0,0.0,0.0,0.0,0.0,0.0,0.0,0.0,0.0,0.0,0.0,0.0,0.0,0.0,0.0,0.0,0.0,0.0,0.0,stable,oscillatory
29,500,240,modular,6,0.08,0.004,0.12,14,10.0,0.72,0.22,True,static,1.0,False,False,1.0,default,default,0.36746666666666666,0.7958333333333333,0.1333333333333333,0.024566779737415053,0.3893666666666667,0.45416666666666666,0.1333333333333333,0.026177577343130046,0.24316666666666664,0.39166666666666666,0.13750000000000004,0.024323628201583923,0.6509945942402544,0.8660626179236963,0.17929963900863988,0.03185822449578598,0.6504719574837251,0.8660626179236963,0.17929963900863988,0.031815421252334795,0.2532319580280663,0.6108741738362095,0.2881273532094074,0.052604584284895874,0.25406666666666666,0.5833333333333334,0.35416666666666663,0.0613810140751103,2.127556475068181,2.3941109942529164,0.26042041623906864,0.045417658162209634,1.0,1.0,0.0,0.0,0.28042857142857147,0.5357142857142857,0.42857142857142855,0.07090968673932631,0.0,0.0,0.0,0.0,0.0,0.0,0.0,0.0,0.0,0.0,0.0,0.0,0.0,0.0,0.0,0.0,0.0,0.0,0.0,0.0,stable,oscillatory
30,500,240,modular,6,0.08,0.004,0.12,14,10.0,0.72,0.22,True,static,1.0,False,False,1.0,default,default,0.3865166666666667,0.8208333333333333,0.14166666666666666,0.023598310909422684,0.39185000000000003,0.475,0.15833333333333333,0.024063740588510154,0.22163333333333332,0.39166666666666666,0.11249999999999999,0.022102639359738614,0.6116048769517137,0.8283340936925155,0.15699476755184938,0.029616666387540423,0.6103814447370857,0.8283340936925155,0.16053353303692275,0.030527121667033835,0.18896274233508303,0.5542855842747118,0.22739003715901335,0.04262589676418358,0.18936666666666668,0.5875,0.23333333333333334,0.04666058293677866,2.110573872879414,2.4043629427816025,0.2338971656052049,0.043371708376754144,1.0,1.0,0.0,0.0,0.26385714285714285,0.4642857142857143,0.4285714285714286,0.07624356781167223,0.0,0.0,0.0,0.0,0.0,0.0,0.0,0.0,0.0,0.0,0.0,0.0,0.0,0.0,0.0,0.0,0.0,0.0,0.0,0.0,stable,stable
31,500,240,modular,6,0.08,0.004,0.12,14,10.0,0.72,0.22,True,static,1.0,False,False,1.0,default,default,0.3494666666666667,0.7791666666666667,0.1375,0.02583320430075302,0.42136666666666667,0.4875,0.14166666666666666,0.02522386436161861,0.22916666666666666,0.4083333333333333,0.12083333333333332,0.022382408767204265,0.6548739473512382,0.8725809253502045,0.1801262672708075,0.03194309781096149,0.6544576842967195,0.8725809253502045,0.1801262672708075,0.0312100491743245,0.26008217751278995,0.6191941135413377,0.2938485916645514,0.05261241651931512,0.2595,0.65,0.30833333333333335,0.05757265940627644,2.137266279950767,2.402958187857123,0.2704607111852777,0.046269688822268715,1.0,1.0,0.0,0.0,0.23614285714285713,0.5,0.4642857142857143,0.07386432681281407,0.0,0.0,0.0,0.0,0.0,0.0,0.0,0.0,0.0,0.0,0.0,0.0,0.0,0.0,0.0,0.0,0.0,0.0,0.0,0.0,stable,runaway
32,500,240,modular,6,0.08,0.004,0.12,14,10.0,0.72,0.22,True,static,1.0,False,False,1.0,default,default,0.37488333333333335,0.8125,0.15833333333333333,0.025340465004941536,0.4165,0.49583333333333335,0.14583333333333337,0.025940101944458293,0.20861666666666667,0.4041666666666667,0.10833333333333334,0.0211932968962673,0.6022462194558418,0.8267775616779052,0.17405089919477057,0.029083770680977807,0.6022437237206208,0.8267775616779052,0.17405089919477057,0.029308343564271762,0.17591590937444204,0.5466466451523306,0.22782441386671531,0.039034654974604385,0.17793333333333333,0.6041666666666666,0.25,0.04465150240100177,2.1267988007987557,2.4251761003541135,0.2797887759377198,0.044994200907637234,1.0,1.0,0.0,0.0,0.21328571428571427,0.42857142857142855,0.3571428571428571,0.059795740753375556,0.0,0.0,0.0,0.0,0.0,0.0,0.0,0.0,0.0,0.0,0.0,0.0,0.0,0.0,0.0,0.0,0.0,0.0,0.0,0.0,stable,runaway
33,500,240,modular,6,0.08,0.004,0.12,14,10.0,0.72,0.22,True,static,1.0,False,False,1.0,default,default,0.3791333333333333,0.8333333333333334,0.1875,0.026352292752876993,0.37539999999999996,0.44166666666666665,0.12916666666666665,0.023060451956638757,0.24546666666666664,0.42083333333333334,0.11249999999999999,0.020145415800568073,0.6420142742018837,0.8928008057113075,0.21486549630310514,0.03120380490843824,0.6423527321227118,0.8928008057113075,0.21486549630310514,0.03086998024194185,0.23630846033924424,0.6295857172416653,0.3234192147470797,0.04887579091592309,0.23636666666666667,0.6416666666666667,0.3041666666666667,0.05540476313258435,2.1259751469858466,2.477897926413756,0.3306446854473897,0.04668474036487777,1.0,1.0,0.0,0.0,0.285,0.5,0.39285714285714285,0.07131777120603194,0.0,0.0,0.0,0.0,0.0,0.0,0.0,0.0,0.0,0.0,0.0,0.0,0.0,0.0,0.0,0.0,0.0,0.0,0.0,0.0,stable,runaway
34,500,240,modular,6,0.08,0.004,0.12,14,10.0,0.72,0.22,True,static,1.0,False,False,1.0,default,default,0.36288333333333334,0.8416666666666667,0.12083333333333335,0.023580364948641297,0.40456666666666674,0.48333333333333334,0.16249999999999998,0.026049760075670565,0.23255,0.4083333333333333,0.10416666666666666,0.02258958093163011,0.6417659157469423,0.8589379796597082,0.15951428652358401,0.029145508258200926,0.6417987405038289,0.8589379796597082,0.15951428652358401,0.02937645897916178,0.23508958267176547,0.5932379987834299,0.24593578107972597,0.0466679216094335,0.23433333333333334,0.6166666666666667,0.2875,0.05247989032847619,2.147338626797066,2.4259472895558103,0.23680545567328748,0.04244704319709343,1.0,1.0,0.0,0.0,0.31457142857142856,0.6071428571428571,0.49999999999999994,0.07124204216211501,0.0,0.0,0.0,0.0,0.0,0.0,0.0,0.0,0.0,0.0,0.0,0.0,0.0,0.0,0.0,0.0,0.0,0.0,0.0,0.0,stable,runaway
35,500,240,modular,6,0.08,0.004,0.12,14,10.0,0.72,0.22,True,static,1.0,False,False,1.0,default,default,0.3472833333333333,0.8125,0.15833333333333333,0.025553217888251264,0.4119333333333333,0.49166666666666664,0.15416666666666662,0.026203498494157863,0.24078333333333332,0.43333333333333335,0.12500000000000003,0.022369628467584744,0.628016843355367,0.8542527006372611,0.1725663157073325,0.02885054528915759,0.6273309631531782,0.8542527006372611,0.1725663157073325,0.028858439556816454,0.2058773897109531,0.5684497541174726,0.24756832797757508,0.04146971503093538,0.20603333333333332,0.5833333333333334,0.30000000000000004,0.04928081664186267,2.1672175462265,2.4767429499477784,0.2884168610924789,0.04567239341760648,1.0,1.0,0.0,0.0,0.188,0.42857142857142855,0.39285714285714285,0.06470403576978764,0.0,0.0,0.0,0.0,0.0,0.0,0.0,0.0,0.0,0.0,0.0,0.0,0.0,0.0,0.0,0.0,0.0,0.0,0.0,0.0,stable,runaway
36,500,240,modular,6,0.08,0.004,0.12,14,10.0,0.72,0.22,True,static,1.0,False,False,1.0,default,default,0.39273333333333327,0.75,0.12083333333333335,0.021793882933826485,0.3849666666666667,0.4583333333333333,0.125,0.0239263685316245,0.2223,0.4125,0.12500000000000003,0.020640817167286114,0.5825364381077353,0.829877400155128,0.15605669737668504,0.02590082672173492,0.5826370640148347,0.829877400155128,0.15605669737668504,0.026218245799042188,0.14894437382937178,0.5441998804250378,0.18553361401114904,0.03065944045565678,0.1491333333333333,0.5875,0.19583333333333336,0.0379319419779982,2.0811801333247906,2.3721925845261156,0.21809091792401958,0.03879523797217099,1.0,1.0,0.0,0.0,0.36028571428571426,0.5357142857142857,0.3571428571428571,0.06753925540312214,0.0,0.0,0.0,0.0,0.0,0.0,0.0,0.0,0.0,0.0,0.0,0.0,0.0,0.0,0.0,0.0,0.0,0.0,0.0,0.0,stable,runaway
37,500,240,modular,6,0.08,0.004,0.12,14,10.0,0.72,0.22,True,static,1.0,False,False,1.0,default,default,0.38676666666666665,0.7833333333333333,0.10833333333333334,0.021477145475546276,0.4031666666666667,0.475,0.13749999999999996,0.022397296463834395,0.21006666666666665,0.32083333333333336,0.10000000000000003,0.019261965977888477,0.5997095595518558,0.7450967007087582,0.14368787199908084,0.026318082413498096,0.6005821969889679,0.7450967007087582,0.14368787199908084,0.026178716216424456,0.17452780240533605,0.4164166719117694,0.18390146656787845,0.03471694605154437,0.17306666666666667,0.4375,0.22916666666666663,0.0431729210398267,2.072933479861956,2.2534845772191967,0.20834336278025423,0.03764118583315742,1.0,1.0,0.0,0.0,0.2384285714285714,0.42857142857142855,0.3571428571428571,0.05945140358103501,0.0,0.0,0.0,0.0,0.0,0.0,0.0,0.0,0.0,0.0,0.0,0.0,0.0,0.0,0.0,0.0,0.0,0.0,0.0,0.0,stable,stable
38,500,240,modular,6,0.08,0.004,0.12,14,10.0,0.72,0.22,True,static,1.0,False,False,1.0,default,default,0.35123333333333334,0.8208333333333333,0.1291666666666667,0.024633558862296415,0.4341333333333333,0.5041666666666667,0.13333333333333336,0.025081511561750466,0.21463333333333331,0.3958333333333333,0.10833333333333334,0.020310889252374505,0.6304943941897386,0.806964465061173,0.1574918514467346,0.028257692962103557,0.6302087977405809,0.806964465061173,0.1574918514467346,0.028274192132023913,0.2166717468097259,0.5213759310902596,0.2339349319371557,0.04292405309180496,0.21558333333333338,0.525,0.26666666666666666,0.049911101526169066,2.1296283208241893,2.33170442612013,0.24213197059959768,0.04294579483438982,1.0,1.0,0.0,0.0,0.2765714285714286,0.4642857142857143,0.3214285714285714,0.06323006259941968,0.0,0.0,0.0,0.0,0.0,0.0,0.0,0.0,0.0,0.0,0.0,0.0,0.0,0.0,0.0,0.0,0.0,0.0,0.0,0.0,stable,stable
39,500,240,modular,6,0.08,0.004,0.12,14,10.0,0.72,0.22,True,static,1.0,False,False,1.0,default,default,0.36810000000000004,0.7916666666666666,0.16666666666666669,0.02601337262939113,0.4062,0.4875,0.14583333333333337,0.025246649942781186,0.22569999999999998,0.3958333333333333,0.1375,0.023373394181324104,0.6294959832022705,0.8339215004008367,0.20378705656116836,0.032534364700561806,0.6283331344493501,0.8339215004008367,0.20378705656116836,0.03135659545424479,0.21241315011881506,0.55533558775801,0.30486819986958824,0.04648111795785252,0.20946666666666663,0.5791666666666667,0.30833333333333335,0.05118424236683265,2.0999006112193617,2.369226985264426,0.2884601419951556,0.04708169499402273,1.0,1.0,0.0,0.0,0.24714285714285714,0.5,0.3928571428571429,0.06516854130261167,0.0,0.0,0.0,0.0,0.0,0.0,0.0,0.0,0.0,0.0,0.0,0.0,0.0,0.0,0.0,0.0,0.0,0.0,0.0,0.0,stable,oscillatory
40,500,240,modular,6,0.08,0.004,0.12,14,10.0,0.72,0.22,True,static,1.0,False,False,1.0,default,default,0.3616333333333333,0.7708333333333334,0.14583333333333331,0.025872529404327244,0.4047166666666667,0.4875,0.1375,0.025003671952557514,0.23365,0.4,0.14166666666666664,0.023463263247515728,0.6467507175217431,0.8691282512758992,0.18896725214512977,0.03249762157508284,0.6468653029041687,0.8691282512758992,0.18896725214512977,0.03237251483949256,0.24522095174070285,0.608974388734907,0.2962864504400503,0.05254194525133777,0.24203333333333332,0.6166666666666667,0.35833333333333334,0.057527809700082345,2.148360700498105,2.416183635092627,0.2719082882330697,0.04781927101370323,1.0,1.0,0.0,0.0,0.3174285714285714,0.5357142857142857,0.35714285714285715,0.06965161117142596,0.0,0.0,0.0,0.0,0.0,0.0,0.0,0.0,0.0,0.0,0.0,0.0,0.0,0.0,0.0,0.0,0.0,0.0,0.0,0.0,stable,oscillatory
41,500,240,modular,6,0.08,0.004,0.12,14,10.0,0.72,0.22,True,static,1.0,False,False,1.0,default,default,0.42488333333333334,0.7875,0.15833333333333333,0.0243424697459673,0.37510000000000004,0.4583333333333333,0.125,0.024275410512606285,0.20001666666666668,0.43333333333333335,0.1,0.01953450650629405,0.5555276551917512,0.8543224839447424,0.18349096174712887,0.02751654532274216,0.5555861302880769,0.8543224839447424,0.18349096174712887,0.027644354589005875,0.12046968448572148,0.5777169407674255,0.19370997635743853,0.02786122972228965,0.1205,0.5541666666666667,0.17916666666666667,0.03387517937631885,2.0240456245354412,2.4165654295810226,0.3026182839968581,0.04225574027736772,1.0,1.0,0.0,0.0,0.24428571428571427,0.4642857142857143,0.39285714285714285,0.0680486020789403,0.0,0.0,0.0,0.0,0.0,0.0,0.0,0.0,0.0,0.0,0.0,0.0,0.0,0.0,0.0,0.0,0.0,0.0,0.0,0.0,stable,runaway
42,500,240,modular,6,0.08,0.004,0.12,14,10.0,0.72,0.22,True,static,1.0,False,False,1.0,default,default,0.34955,0.7958333333333333,0.16249999999999998,0.025922003737708584,0.4469666666666667,0.525,0.14166666666666666,0.0254262331723229,0.20348333333333332,0.37916666666666665,0.11666666666666667,0.020605885081694503,0.6093437440638539,0.7822877250526449,0.17517628972978316,0.029580469910180176,0.6105175431814209,0.7822877250526449,0.17517628972978316,0.02926546708449475,0.1854828334743574,0.4741291216888258,0.23081584849955933,0.03997847038578455,0.18753333333333336,0.5125,0.26666666666666666,0.04890749772103796,2.161984438311499,2.3941925326874256,0.28307542885980475,0.04606024961627087,1.0,1.0,0.0,0.0,0.2244285714285714,0.4642857142857143,0.3214285714285714,0.05876431653613598,0.0,0.0,0.0,0.0,0.0,0.0,0.0,0.0,0.0,0.0,0.0,0.0,0.0,0.0,0.0,0.0,0.0,0.0,0.0,0.0,stable,stable
43,500,240,modular,6,0.08,0.004,0.12,14,10.0,0.72,0.22,True,static,1.0,False,False,1.0,default,default,0.40756666666666674,0.8208333333333333,0.12916666666666665,0.02336833089651225,0.3703166666666667,0.45,0.14583333333333331,0.023902516139054853,0.22211666666666668,0.375,0.12083333333333332,0.020400987176550495,0.6023303404075941,0.8216708413908899,0.14811052159372662,0.027645433322308993,0.6030467200781191,0.8216708413908899,0.14811052159372662,0.027379084998057242,0.17904374711401955,0.5468188229612789,0.20447130945991646,0.03666598718583595,0.17696666666666666,0.5625,0.275,0.04437396634163875,2.080007430240188,2.373527585013487,0.21343711590487957,0.0417852518032379,1.0,1.0,0.0,0.0,0.30042857142857143,0.5357142857142857,0.35714285714285715,0.07251192723846701,0.0,0.0,0.0,0.0,0.0,0.0,0.0,0.0,0.0,0.0,0.0,0.0,0.0,0.0,0.0,0.0,0.0,0.0,0.0,0.0,stable,oscillatory
44,500,240,modular,6,0.08,0.004,0.12,14,10.0,0.72,0.22,True,static,1.0,False,False,1.0,default,default,0.36325,0.8375,0.1375,0.024516009508527736,0.40674999999999994,0.475,0.1333333333333333,0.02512316881110166,0.23,0.4375,0.12916666666666668,0.023511226632776473,0.6388783953428755,0.8295985268298047,0.20085348376478018,0.03108446115548042,0.6389900510105648,0.8295985268298047,0.20085348376478018,0.030834199355392503,0.23126869101633207,0.556270891263819,0.29369849852342944,0.04844705239645447,0.23076666666666668,0.5916666666666667,0.2916666666666667,0.05406987249024276,2.1604250424271885,2.3758053137094186,0.2688626102018543,0.046394840072489146,1.0,1.0,0.0,0.0,0.3197142857142858,0.6785714285714286,0.5714285714285715,0.07176435360943198,0.0,0.0,0.0,0.0,0.0,0.0,0.0,0.0,0.0,0.0,0.0,0.0,0.0,0.0,0.0,0.0,0.0,0.0,0.0,0.0,stable,runaway
45,500,240,modular,6,0.08,0.004,0.12,14,10.0,0.72,0.22,True,static,1.0,False,False,1.0,default,default,0.3794666666666666,0.8125,0.14583333333333331,0.02419926536993312,0.3958666666666667,0.475,0.14166666666666666,0.024554338833606488,0.22466666666666665,0.37083333333333335,0.1416666666666667,0.022804117561918018,0.6218903036775212,0.8373458097172187,0.17076772188147937,0.030066919813919887,0.6228403996539439,0.8373458097172187,0.17076772188147937,0.031017992310354056,0.20739079733868696,0.5681717628148809,0.24562319958606932,0.04534474924846647,0.20738333333333334,0.6083333333333333,0.30000000000000004,0.05276783795288776,2.11093222880887,2.3948602458492467,0.2730193398027776,0.04467853581507214,1.0,1.0,0.0,0.0,0.16571428571428573,0.42857142857142855,0.35714285714285715,0.06426983930972567,0.0,0.0,0.0,0.0,0.0,0.0,0.0,0.0,0.0,0.0,0.0,0.0,0.0,0.0,0.0,0.0,0.0,0.0,0.0,0.0,stable,oscillatory
46,500,240,modular,6,0.08,0.004,0.12,14,10.0,0.72,0.22,True,static,1.0,False,False,1.0,default,default,0.3690833333333334,0.8125,0.13333333333333336,0.024285483775750117,0.44110000000000005,0.5083333333333333,0.125,0.025426058374125635,0.18981666666666666,0.375,0.10833333333333334,0.02141150391728708,0.5943165864936862,0.8340303957693117,0.1530070474894537,0.028895014656643556,0.5947786292903923,0.8340303957693117,0.14748531757865024,0.028253027458078436,0.16592952494946753,0.5561329623097465,0.17922464992922285,0.03582737531141642,0.16448333333333331,0.5833333333333334,0.2375,0.04430352694763702,2.08311263903589,2.401144188620148,0.23506851406870055,0.04329098962258529,1.0,1.0,0.0,0.0,0.334,0.5357142857142857,0.35714285714285715,0.07189220956347334,0.0,0.0,0.0,0.0,0.0,0.0,0.0,0.0,0.0,0.0,0.0,0.0,0.0,0.0,0.0,0.0,0.0,0.0,0.0,0.0,stable,stable
47,500,240,modular,6,0.08,0.004,0.12,14,10.0,0.72,0.22,True,static,1.0,False,False,1.0,default,default,0.37628333333333336,0.8,0.1375,0.023672070979203416,0.3899833333333333,0.4708333333333333,0.13333333333333336,0.026381543422122473,0.23373333333333332,0.4375,0.12916666666666668,0.021202882403631405,0.6349253821216085,0.8881375741138928,0.1371312296981323,0.028677881039339582,0.6357220813368172,0.8881375741138928,0.1371312296981323,0.02851301012132374,0.2243784821186116,0.6216769266691385,0.20369219694610474,0.04363083939551491,0.22651666666666667,0.6333333333333333,0.2375,0.05097240266392525,2.1276515236176654,2.4421810975286014,0.21025522565983312,0.04120348108294208,1.0,1.0,0.0,0.0,0.31542857142857145,0.4642857142857143,0.32142857142857145,0.07139084718102517,0.0,0.0,0.0,0.0,0.0,0.0,0.0,0.0,0.0,0.0,0.0,0.0,0.0,0.0,0.0,0.0,0.0,0.0,0.0,0.0,stable,runaway
48,500,240,modular,6,0.08,0.004,0.12,14,10.0,0.72,0.22,True,static,1.0,False,False,1.0,default,default,0.34936666666666666,0.7791666666666667,0.10833333333333334,0.022988862037468877,0.43128333333333335,0.48333333333333334,0.1166666666666667,0.022149247541771406,0.21935000000000002,0.42916666666666664,0.11250000000000002,0.020607637473088036,0.6232554082814319,0.8472900997458302,0.15744817274774148,0.027843771139280687,0.6236950383165879,0.8472900997458302,0.13784939333798163,0.027425366811770772,0.20351540750189617,0.5687540267828181,0.19772525979017025,0.03994071120581342,0.20596666666666666,0.5666666666666667,0.25416666666666665,0.0498938762664206,2.1698999833674604,2.455292749696097,0.2267013427157858,0.042749128632740836,1.0,1.0,0.0,0.0,0.17685714285714285,0.5357142857142857,0.2857142857142857,0.0555778549350699,0.0,0.0,0.0,0.0,0.0,0.0,0.0,0.0,0.0,0.0,0.0,0.0,0.0,0.0,0.0,0.0,0.0,0.0,0.0,0.0,stable,runaway
49,500,240,modular,6,0.08,0.004,0.12,14,10.0,0.72,0.22,True,static,1.0,False,False,1.0,default,default,0.3846,0.8166666666666667,0.1166666666666667,0.02362745578065202,0.40976666666666667,0.4791666666666667,0.1375,0.0249839059307298,0.20563333333333333,0.4166666666666667,0.10416666666666666,0.021423351745233517,0.5929740765401577,0.8405037054260739,0.14625101335469748,0.02845819077828304,0.5925256582817261,0.8405037054260739,0.14625101335469748,0.02807979933118942,0.16224338638509805,0.5618830682313115,0.184687405011743,0.03502398632362026,0.16046666666666665,0.55,0.23750000000000002,0.04339295897825924,2.0766797310867386,2.3929966943020036,0.20380798524046573,0.042016093135434696,1.0,1.0,0.0,0.0,0.26942857142857146,0.5357142857142857,0.4285714285714286,0.07142914285485717,0.0,0.0,0.0,0.0,0.0,0.0,0.0,0.0,0.0,0.0,0.0,0.0,0.0,0.0,0.0,0.0,0.0,0.0,0.0,0.0,stable,runaway
50,500,240,modular,6,0.08,0.004,0.12,14,10.0,0.72,0.22,True,static,1.0,False,False,1.0,default,default,0.3707166666666667,0.7833333333333333,0.16250000000000003,0.026880398682559255,0.43193333333333334,0.49583333333333335,0.14583333333333337,0.024949638162595555,0.19735,0.3875,0.12083333333333335,0.0204936914412433,0.624619510581802,0.8405458059351959,0.15784881628339242,0.031349515785773635,0.6246881916096501,0.8405458059351959,0.15452635275609017,0.0316988021055347,0.2131819536270205,0.5805199376632101,0.23247015281428354,0.048058485058196605,0.2144,0.6416666666666667,0.30000000000000004,0.058329771319817654,2.1044251952918773,2.3711059878477556,0.24395175351086817,0.04663739780107947,1.0,1.0,0.0,0.0,0.18785714285714283,0.4642857142857143,0.32142857142857145,0.05768050638063549,0.0,0.0,0.0,0.0,0.0,0.0,0.0,0.0,0.0,0.0,0.0,0.0,0.0,0.0,0.0,0.0,0.0,0.0,0.0,0.0,stable,oscillatory
1,500,240,modular,6,0.08,0.004,0.12,14,10.0,0.72,0.22,False,static,1.0,False,False,1.0,default,default,0.6477166666666667,0.8333333333333334,0.14166666666666672,0.028079653567030422,0.2728666666666667,0.36666666666666664,0.17916666666666664,0.02791910934587038,0.07941666666666668,0.15,0.11249999999999999,0.017740607843776568,0.3232985483203622,0.4190837091675709,0.1672326139607248,0.028287139789772816,0.32339957023384885,0.4190837091675709,0.1672326139607248,0.02860983220959963,0.014495887242189106,0.0352432708802539,0.02836146837423493,0.004214139245405669,0.014666666666666668,0.04583333333333333,0.04583333333333333,0.008899126049474996,1.625031139296782,1.76551236484135,0.25379196393726167,0.045521871835055044,1.0,1.0,0.0,0.0,0.07914285714285713,0.25,0.25,0.04919432520782312,0.0,0.0,0.0,0.0,0.0,0.0,0.0,0.0,0.0,0.0,0.0,0.0,0.0,0.0,0.0,0.0,0.0,0.0,0.0,0.0,stable,stable
2,500,240,modular,6,0.08,0.004,0.12,14,10.0,0.72,0.22,False,static,1.0,False,False,1.0,default,default,0.6500833333333333,0.7875,0.17916666666666659,0.03001492684204533,0.2713,0.3416666666666667,0.15,0.027839899425105688,0.07861666666666667,0.13333333333333333,0.09166666666666667,0.016224646888812918,0.3143835928677126,0.40692564952300064,0.17032152803011016,0.02967127121384626,0.31435065219708774,0.40692564952300064,0.17032152803011016,0.030411666040912562,0.013047506443686682,0.030718688383957003,0.023801275982909046,0.0040151176086364185,0.013600000000000001,0.04583333333333333,0.04583333333333333,0.008845023710790403,1.6149077434675834,1.7704306872827908,0.29570701874914884,0.047865015364281664,1.0,1.0,0.0,0.0,0.08099999999999999,0.2857142857142857,0.2857142857142857,0.0516584149653732,0.0,0.0,0.0,0.0,0.0,0.0,0.0,0.0,0.0,0.0,0.0,0.0,0.0,0.0,0.0,0.0,0.0,0.0,0.0,0.0,stable,stable
3,500,240,modular,6,0.08,0.004,0.12,14,10.0,0.72,0.22,False,static,1.0,False,False,1.0,default,default,0.6490666666666666,0.8,0.1875,0.029839217296854303,0.2683666666666667,0.37083333333333335,0.17916666666666667,0.02917664591187045,0.08256666666666665,0.12916666666666668,0.10416666666666669,0.01710168932526193,0.3182011844222907,0.40255011089379206,0.16797039630510358,0.02951335914732626,0.31757406591415416,0.40255011089379206,0.16797039630510358,0.029436572009786142,0.013419992661215966,0.02942129983007168,0.023751158455600493,0.004045507823000864,0.013316666666666666,0.05416666666666667,0.041666666666666664,0.00826386041078193,1.6286939427414084,1.7773999554364117,0.27812749975456663,0.047929486823418646,1.0,1.0,0.0,0.0,0.07785714285714283,0.25,0.25,0.04859768198049729,0.0,0.0,0.0,0.0,0.0,0.0,0.0,0.0,0.0,0.0,0.0,0.0,0.0,0.0,0.0,0.0,0.0,0.0,0.0,0.0,stable,stable
4,500,240,modular,6,0.08,0.004,0.12,14,10.0,0.72,0.22,False,static,1.0,False,False,1.0,default,default,0.6497499999999999,0.7791666666666667,0.1791666666666667,0.030718366746224576,0.2687333333333333,0.36666666666666664,0.18333333333333332,0.028575552876929998,0.08151666666666667,0.14166666666666666,0.10833333333333334,0.018520776621585463,0.3199970139479095,0.421084382237286,0.17668002063661356,0.03239163713714991,0.31928953275791294,0.421084382237286,0.17668002063661356,0.03200436748357376,0.013879797642154034,0.0354420518803987,0.029135181563938524,0.004611718352612569,0.013916666666666666,0.05,0.0375,0.008199339404285364,1.6360282662946974,1.8005383008850382,0.2739762540887878,0.05143726391346018,1.0,1.0,0.0,0.0,0.08299999999999999,0.25,0.25,0.05114784492836747,0.0,0.0,0.0,0.0,0.0,0.0,0.0,0.0,0.0,0.0,0.0,0.0,0.0,0.0,0.0,0.0,0.0,0.0,0.0,0.0,stable,stable
5,500,240,modular,6,0.08,0.004,0.12,14,10.0,0.72,0.22,False,static,1.0,False,False,1.0,default,default,0.6518333333333333,0.7666666666666667,0.19166666666666665,0.028681197867437665,0.27031666666666665,0.3541666666666667,0.15000000000000002,0.02725032619580503,0.07784999999999999,0.15,0.0875,0.01680367849939742,0.31129989663506874,0.4020205490847459,0.17090046521076813,0.028518011332504513,0.3122281718144292,0.4020205490847459,0.17090046521076813,0.028589790821731808,0.012650736404931777,0.029163048910952546,0.023462424086789092,0.003632645048526095,0.011916666666666667,0.05416666666666667,0.041666666666666664,0.007619875327064085,1.5997427971040616,1.7602162930470198,0.3037556880887402,0.04637828290943344,1.0,1.0,0.0,0.0,0.08128571428571428,0.2857142857142857,0.2857142857142857,0.05219449497909189,0.0,0.0,0.0,0.0,0.0,0.0,0.0,0.0,0.0,0.0,0.0,0.0,0.0,0.0,0.0,0.0,0.0,0.0,0.0,0.0,stable,stable
6,500,240,modular,6,0.08,0.004,0.12,14,10.0,0.72,0.22,False,static,1.0,False,False,1.0,default,default,0.6483666666666666,0.7958333333333333,0.16666666666666663,0.03289670702871845,0.2732166666666667,0.3625,0.16666666666666666,0.03079186851535104,0.07841666666666668,0.13333333333333333,0.1,0.018140845564024236,0.31556657337599237,0.41082035573031855,0.17911486073294144,0.03183413794971455,0.31560882724060263,0.41082035573031855,0.17911486073294144,0.03162038558230543,0.013232783762152863,0.031809216147233504,0.026146274387779864,0.004298154398959954,0.012399999999999998,0.041666666666666664,0.041666666666666664,0.008070247139269585,1.6139892897854702,1.7704003635204197,0.29125418233579636,0.05275325845966035,1.0,1.0,0.0,0.0,0.07899999999999999,0.25,0.21428571428571427,0.049164654634260604,0.0,0.0,0.0,0.0,0.0,0.0,0.0,0.0,0.0,0.0,0.0,0.0,0.0,0.0,0.0,0.0,0.0,0.0,0.0,0.0,stable,stable
7,500,240,modular,6,0.08,0.004,0.12,14,10.0,0.72,0.22,False,static,1.0,False,False,1.0,default,default,0.6485166666666666,0.8416666666666667,0.20416666666666672,0.033434550492965606,0.26975,0.3541666666666667,0.17500000000000002,0.03191362039422458,0.08173333333333334,0.14166666666666666,0.10416666666666666,0.018248165813460695,0.32765488692379646,0.44158527954074583,0.18675527182315366,0.033957060119222574,0.3269519720196355,0.44158527954074583,0.18675527182315366,0.03313426864090879,0.015341743114011814,0.043940078021528946,0.03325816328157903,0.005468822992385939,0.015333333333333334,0.05,0.04583333333333333,0.00969822435065077,1.6329538860994435,1.8120492852524344,0.29373448989682793,0.053321613626390534,1.0,1.0,0.0,0.0,0.08157142857142857,0.25,0.25,0.054624693526436764,0.0,0.0,0.0,0.0,0.0,0.0,0.0,0.0,0.0,0.0,0.0,0.0,0.0,0.0,0.0,0.0,0.0,0.0,0.0,0.0,stable,stable
8,500,240,modular,6,0.08,0.004,0.12,14,10.0,0.72,0.22,False,static,1.0,False,False,1.0,default,default,0.6527166666666667,0.8,0.16666666666666663,0.029996208093690774,0.2673000000000001,0.3625,0.14583333333333334,0.026737177612206314,0.07998333333333332,0.13333333333333333,0.09583333333333333,0.01781735265283694,0.31872876226195707,0.420738715021438,0.1906443540798202,0.0314547902255515,0.31885867941899404,0.420738715021438,0.1906443540798202,0.03129764061815273,0.013903847523753779,0.035625667350213025,0.02778478811388057,0.004479711920706305,0.013033333333333334,0.05,0.04583333333333333,0.008739692341394073,1.5888192954297407,1.743749585214928,0.28866317428667476,0.04869488643247454,1.0,1.0,0.0,0.0,0.07999999999999999,0.32142857142857145,0.32142857142857145,0.05089003751587679,0.0,0.0,0.0,0.0,0.0,0.0,0.0,0.0,0.0,0.0,0.0,0.0,0.0,0.0,0.0,0.0,0.0,0.0,0.0,0.0,stable,stable
9,500,240,modular,6,0.08,0.004,0.12,14,10.0,0.72,0.22,False,static,1.0,False,False,1.0,default,default,0.6503333333333332,0.7625,0.1958333333333333,0.031748140802957965,0.2693,0.35,0.17916666666666667,0.028570264261990996,0.08036666666666667,0.12916666666666668,0.09166666666666667,0.018060976963854666,0.3184287890377617,0.4039945247541838,0.17360217756485194,0.03321131005295869,0.3194701629298632,0.4039945247541838,0.17360217756485194,0.03342041876490436,0.0139669934082973,0.03012377810508596,0.0229573805508796,0.0047255647802783044,0.014033333333333333,0.041666666666666664,0.041666666666666664,0.0087881865149883,1.6305513181208242,1.769630096694282,0.3062433796583366,0.053281457854160136,1.0,1.0,0.0,0.0,0.07971428571428571,0.25,0.25,0.04992565901990107,0.0,0.0,0.0,0.0,0.0,0.0,0.0,0.0,0.0,0.0,0.0,0.0,0.0,0.0,0.0,0.0,0.0,0.0,0.0,0.0,stable,stable
10,500,240,modular,6,0.08,0.004,0.12,14,10.0,0.72,0.22,False,static,1.0,False,False,1.0,default,default,0.6505833333333333,0.7875,0.1791666666666667,0.03086496125598303,0.26863333333333334,0.3416666666666667,0.15000000000000002,0.027126637175375137,0.08078333333333333,0.12916666666666668,0.07916666666666666,0.015884487541134102,0.32267168165372756,0.4109524255622076,0.16711542973046342,0.03133821652504638,0.32293665779738634,0.4109524255622076,0.16711542973046342,0.03165202721688032,0.01456890846562176,0.03266316017469015,0.024371451341792468,0.004598573297348488,0.014516666666666666,0.058333333333333334,0.058333333333333334,0.008749746028060218,1.6244004560935257,1.7630045352305606,0.2852599297977054,0.05053491571547412,1.0,1.0,0.0,0.0,0.0797142857142857,0.25,0.25,0.049925659019901064,0.0,0.0,0.0,0.0,0.0,0.0,0.0,0.0,0.0,0.0,0.0,0.0,0.0,0.0,0.0,0.0,0.0,0.0,0.0,0.0,stable,stable
11,500,240,modular,6,0.08,0.004,0.12,14,10.0,0.72,0.22,False,static,1.0,False,False,1.0,default,default,0.6468166666666666,0.8166666666666667,0.17500000000000004,0.03241342743027614,0.27365000000000006,0.3625,0.16666666666666666,0.02953429738832841,0.07953333333333333,0.12916666666666668,0.1,0.017993177719470357,0.3188093201267574,0.4200911192195974,0.18126531649814487,0.033412740072109315,0.3199772489794651,0.4200911192195974,0.18126531649814487,0.03412531289606955,0.014036430769270563,0.0350308440537015,0.02907659213276858,0.004964216109432822,0.013833333333333336,0.05,0.05,0.008393118874676114,1.6193651540425467,1.7766654153933772,0.27051000699925565,0.05308922329319348,1.0,1.0,0.0,0.0,0.07614285714285714,0.25,0.25,0.04931386359693532,0.0,0.0,0.0,0.0,0.0,0.0,0.0,0.0,0.0,0.0,0.0,0.0,0.0,0.0,0.0,0.0,0.0,0.0,0.0,0.0,stable,stable
12,500,240,modular,6,0.08,0.004,0.12,14,10.0,0.72,0.22,False,static,1.0,False,False,1.0,default,default,0.6476000000000001,0.7708333333333334,0.17083333333333328,0.0319407611403082,0.2732833333333333,0.35,0.1708333333333333,0.02945873290629528,0.07911666666666667,0.13333333333333333,0.09166666666666667,0.01816009820090923,0.3202427150731555,0.41653546634264166,0.17802587012511661,0.03233549306242741,0.320530539877144,0.41653546634264166,0.17802587012511661,0.03263655270071818,0.01413570452521779,0.03410908184610619,0.028130396105085154,0.004651512195566022,0.01415,0.05416666666666667,0.05416666666666667,0.009645796436214528,1.6052023755360438,1.7408881999345074,0.26459566821117986,0.05105281448035623,1.0,1.0,0.0,0.0,0.07642857142857142,0.2857142857142857,0.21428571428571427,0.050005101780534675,0.0,0.0,0.0,0.0,0.0,0.0,0.0,0.0,0.0,0.0,0.0,0.0,0.0,0.0,0.0,0.0,0.0,0.0,0.0,0.0,stable,stable
13,500,240,modular,6,0.08,0.004,0.12,14,10.0,0.72,0.22,False,static,1.0,False,False,1.0,default,default,0.6495666666666667,0.8291666666666667,0.15416666666666667,0.03335342727683485,0.26935000000000003,0.35,0.16249999999999998,0.030828058107293537,0.08108333333333333,0.15833333333333333,0.125,0.018749259244626768,0.3221833291357401,0.4368955535926851,0.19329471268650517,0.033891385906801644,0.32201304537305886,0.4368955535926851,0.19329471268650517,0.033730205498330154,0.014447804380063965,0.04151171321989982,0.03520375378844291,0.005045982429010782,0.015483333333333333,0.05,0.05,0.008947516725637093,1.646494319750352,1.8015547014815434,0.26404680421428584,0.054988398677346326,1.0,1.0,0.0,0.0,0.08542857142857142,0.35714285714285715,0.35714285714285715,0.05676589950788039,0.0,0.0,0.0,0.0,0.0,0.0,0.0,0.0,0.0,0.0,0.0,0.0,0.0,0.0,0.0,0.0,0.0,0.0,0.0,0.0,stable,oscillatory
14,500,240,modular,6,0.08,0.004,0.12,14,10.0,0.72,0.22,False,static,1.0,False,False,1.0,default,default,0.6511166666666667,0.7708333333333334,0.15416666666666667,0.028933645351620203,0.27004999999999996,0.36666666666666664,0.16249999999999998,0.028018054694944276,0.07883333333333332,0.12916666666666668,0.08750000000000002,0.016262601951170737,0.31463752277677814,0.40055585738834937,0.16381461478004705,0.028787296016982676,0.3149945894797572,0.40055585738834937,0.16381461478004705,0.02836481027405701,0.013100958698117499,0.02899981371411632,0.0231793463741374,0.003720467360168965,0.012716666666666666,0.0625,0.041666666666666664,0.007575197100479374,1.5980917778477648,1.7355510225973834,0.24700133838804073,0.04614144108605605,1.0,1.0,0.0,0.0,0.07457142857142855,0.2857142857142857,0.21428571428571427,0.05030843642482048,0.0,0.0,0.0,0.0,0.0,0.0,0.0,0.0,0.0,0.0,0.0,0.0,0.0,0.0,0.0,0.0,0.0,0.0,0.0,0.0,stable,stable
15,500,240,modular,6,0.08,0.004,0.12,14,10.0,0.72,0.22,False,static,1.0,False,False,1.0,default,default,0.6480166666666667,0.7791666666666667,0.1625000000000001,0.029375864053485967,0.2714666666666667,0.37083333333333335,0.15833333333333333,0.028720666194687525,0.08051666666666667,0.15,0.11250000000000002,0.018167347082059065,0.31790349531306406,0.41543207933208026,0.16675019646479447,0.02957722100894421,0.31674845497249554,0.41543207933208026,0.16675019646479447,0.030401622964961638,0.013405929690659835,0.03347366450919749,0.02188492329963704,0.00395446673214878,0.01395,0.05416666666666667,0.041666666666666664,0.00858262132969228,1.633441883721259,1.789758690713053,0.25669321002972545,0.04847067333876176,1.0,1.0,0.0,0.0,0.08399999999999999,0.2857142857142857,0.25,0.05331002892208435,0.0,0.0,0.0,0.0,0.0,0.0,0.0,0.0,0.0,0.0,0.0,0.0,0.0,0.0,0.0,0.0,0.0,0.0,0.0,0.0,stable,stable
16,500,240,modular,6,0.08,0.004,0.12,14,10.0,0.72,0.22,False,static,1.0,False,False,1.0,default,default,0.6491166666666667,0.7875,0.16249999999999998,0.030360980989860432,0.2687833333333333,0.37916666666666665,0.16666666666666666,0.028585257466820977,0.08209999999999999,0.15,0.11249999999999999,0.01856687612090114,0.32475555344188956,0.4500602449170619,0.1731891331210305,0.031634365631453124,0.3240988922157062,0.4500602449170619,0.1731891331210305,0.03176629006876748,0.014702538679135072,0.04716106369217769,0.02931141959774389,0.004740101762552892,0.014066666666666667,0.07083333333333333,0.041666666666666664,0.008133674856217616,1.6533816546009126,1.8640177945574044,0.2964207842922706,0.05074177018486494,1.0,1.0,0.0,0.0,0.08257142857142856,0.25,0.25,0.05069234938049612,0.0,0.0,0.0,0.0,0.0,0.0,0.0,0.0,0.0,0.0,0.0,0.0,0.0,0.0,0.0,0.0,0.0,0.0,0.0,0.0,stable,stable
17,500,240,modular,6,0.08,0.004,0.12,14,10.0,0.72,0.22,False,static,1.0,False,False,1.0,default,default,0.6482666666666667,0.8166666666666667,0.15416666666666667,0.03057179164596744,0.27183333333333337,0.37083333333333335,0.15833333333333333,0.029294481846700526,0.0799,0.13333333333333333,0.09583333333333333,0.01813578414810528,0.3110742805113271,0.39514920155295774,0.15053781109342596,0.030525975259210848,0.31208035321179434,0.39514920155295774,0.15053781109342596,0.0301638107283454,0.012543615819129083,0.026956443086000773,0.020794697434236415,0.003962096184123492,0.012183333333333334,0.041666666666666664,0.041666666666666664,0.008060345319318936,1.650552606436113,1.7894869232793602,0.2588509754468551,0.04970185386961244,1.0,1.0,0.0,0.0,0.08271428571428571,0.21428571428571427,0.21428571428571427,0.05141051270242819,0.0,0.0,0.0,0.0,0.0,0.0,0.0,0.0,0.0,0.0,0.0,0.0,0.0,0.0,0.0,0.0,0.0,0.0,0.0,0.0,stable,stable
18,500,240,modular,6,0.08,0.004,0.12,14,10.0,0.72,0.22,False,static,1.0,False,False,1.0,default,default,0.6504833333333333,0.875,0.1875,0.03116002157323458,0.2707833333333334,0.35833333333333334,0.17916666666666667,0.02863681100339988,0.07873333333333332,0.13333333333333333,0.10416666666666666,0.018512938418546336,0.3200528798455464,0.44523310856740284,0.16862490929536855,0.03180826795960727,0.3187999207857488,0.44523310856740284,0.16862490929536855,0.03269833564250499,0.013988364139706139,0.045075491857099866,0.023275915408638968,0.0045017375073655285,0.013533333333333333,0.058333333333333334,0.041666666666666664,0.008774267934008954,1.6222376274501071,1.8134856712388632,0.2882555514352376,0.05153648727169382,1.0,1.0,0.0,0.0,0.081,0.25,0.25,0.05056032969409426,0.0,0.0,0.0,0.0,0.0,0.0,0.0,0.0,0.0,0.0,0.0,0.0,0.0,0.0,0.0,0.0,0.0,0.0,0.0,0.0,stable,stable
19,500,240,modular,6,0.08,0.004,0.12,14,10.0,0.72,0.22,False,static,1.0,False,False,1.0,default,default,0.6514000000000001,0.8166666666666667,0.16249999999999998,0.030907316645451807,0.26776666666666665,0.375,0.1416666666666667,0.028725927119744785,0.08083333333333334,0.1375,0.10416666666666669,0.018951692976266442,0.3157813875433223,0.4117524210099486,0.17926952271030697,0.03149943790059932,0.3151591944208224,0.4117524210099486,0.17926952271030697,0.03197103145544803,0.013234555727558057,0.03223545434864851,0.024278001320336754,0.0042258002479598775,0.013983333333333332,0.041666666666666664,0.0375,0.008737355943813259,1.638663804142599,1.7714066578719048,0.28001014250492484,0.05153430776580568,1.0,1.0,0.0,0.0,0.07985714285714286,0.2857142857142857,0.2857142857142857,0.05565362998594292,0.0,0.0,0.0,0.0,0.0,0.0,0.0,0.0,0.0,0.0,0.0,0.0,0.0,0.0,0.0,0.0,0.0,0.0,0.0,0.0,stable,stable
20,500,240,modular,6,0.08,0.004,0.12,14,10.0,0.72,0.22,False,static,1.0,False,False,1.0,default,default,0.6471666666666667,0.7833333333333333,0.16666666666666663,0.03178093418667516,0.27226666666666666,0.375,0.1875,0.02797371782385904,0.08056666666666666,0.13333333333333333,0.09583333333333333,0.018599910394049395,0.3229590027600265,0.42572607640122573,0.1866834202794843,0.033629811439828,0.3227282539314789,0.42572607640122573,0.1866834202794843,0.03270708221055205,0.01449603747188753,0.03734435851217841,0.03131519843458468,0.0048268531542537355,0.013366666666666667,0.0625,0.04583333333333333,0.008279761134504088,1.6105004189510828,1.7639163829062883,0.2704900104595529,0.052549968285446017,1.0,1.0,0.0,0.0,0.083,0.2857142857142857,0.21428571428571427,0.05094795263355555,0.0,0.0,0.0,0.0,0.0,0.0,0.0,0.0,0.0,0.0,0.0,0.0,0.0,0.0,0.0,0.0,0.0,0.0,0.0,0.0,stable,stable
21,500,240,modular,6,0.08,0.004,0.12,14,10.0,0.72,0.22,False,static,1.0,False,False,1.0,default,default,0.6482,0.7958333333333333,0.16666666666666663,0.03323249748196618,0.2712,0.3541666666666667,0.14583333333333334,0.02960159530235566,0.08059999999999999,0.14583333333333334,0.09166666666666667,0.017417296639324436,0.32151516062024943,0.43895426421455164,0.16317926003209607,0.03273443683023265,0.3213761040990729,0.43895426421455164,0.16317926003209607,0.032830048284226025,0.014251475631472343,0.042127471561287405,0.025871595870903288,0.0048149873618696095,0.014066666666666667,0.058333333333333334,0.05,0.009304479208066044,1.6310797530989463,1.8066326732750881,0.2813443932282973,0.05417570759785837,1.0,1.0,0.0,0.0,0.08214285714285714,0.2857142857142857,0.21428571428571427,0.04951293378749534,0.0,0.0,0.0,0.0,0.0,0.0,0.0,0.0,0.0,0.0,0.0,0.0,0.0,0.0,0.0,0.0,0.0,0.0,0.0,0.0,stable,stable
22,500,240,modular,6,0.08,0.004,0.12,14,10.0,0.72,0.22,False,static,1.0,False,False,1.0,default,default,0.6492833333333333,0.7583333333333333,0.1791666666666667,0.030424775174920267,0.2705833333333333,0.3458333333333333,0.14583333333333334,0.027878830080666345,0.08013333333333332,0.1375,0.09583333333333335,0.016808860097513388,0.31372247494821115,0.40502998894489844,0.18425134526634018,0.03070409996299797,0.3129203895139723,0.40502998894489844,0.18425134526634018,0.03030519440425309,0.012775120487870882,0.02996995866762883,0.025052036589799685,0.0038766430384013545,0.012533333333333334,0.04583333333333333,0.03333333333333333,0.008036306503750477,1.6260402736836406,1.7730965357541288,0.29411679552554726,0.050135770379916594,1.0,1.0,0.0,0.0,0.08028571428571428,0.2857142857142857,0.2857142857142857,0.05153877082313065,0.0,0.0,0.0,0.0,0.0,0.0,0.0,0.0,0.0,0.0,0.0,0.0,0.0,0.0,0.0,0.0,0.0,0.0,0.0,0.0,stable,stable
23,500,240,modular,6,0.08,0.004,0.12,14,10.0,0.72,0.22,False,static,1.0,False,False,1.0,default,default,0.6479666666666667,0.8333333333333334,0.16666666666666663,0.031872645882567635,0.2714333333333333,0.3625,0.1708333333333333,0.028767284659256022,0.08059999999999999,0.13333333333333333,0.1,0.017504792994428062,0.3151500984858965,0.41146454954248457,0.1906908079569403,0.03193932600856329,0.3150857378742962,0.41146454954248457,0.1906908079569403,0.0317397154122087,0.013092561595901308,0.03182803439903394,0.026917553833088817,0.004230738553388115,0.013616666666666666,0.05,0.05,0.00920840497709686,1.640970463563423,1.7905462708547368,0.2850273114919948,0.0522533828305586,1.0,1.0,0.0,0.0,0.07942857142857142,0.25,0.21428571428571427,0.04637117331150587,0.0,0.0,0.0,0.0,0.0,0.0,0.0,0.0,0.0,0.0,0.0,0.0,0.0,0.0,0.0,0.0,0.0,0.0,0.0,0.0,stable,stable
24,500,240,modular,6,0.08,0.004,0.12,14,10.0,0.72,0.22,False,static,1.0,False,False,1.0,default,default,0.6486166666666666,0.8166666666666667,0.1708333333333334,0.029370057503821434,0.2694,0.35833333333333334,0.175,0.028742651234706932,0.08198333333333332,0.15,0.10833333333333334,0.018564369995594607,0.3284513385227313,0.41569508339302136,0.16697475221973296,0.0311472437168839,0.32857314866407505,0.41569508339302136,0.16697475221973296,0.031094211726153873,0.015536585804019279,0.03452130510844573,0.027771749761588943,0.004896437591958122,0.016300000000000002,0.05,0.05,0.009661147849907783,1.6343779561117753,1.7601830721059657,0.2470911517329415,0.047641262547515884,1.0,1.0,0.0,0.0,0.07871428571428571,0.25,0.25,0.053001540216357126,0.0,0.0,0.0,0.0,0.0,0.0,0.0,0.0,0.0,0.0,0.0,0.0,0.0,0.0,0.0,0.0,0.0,0.0,0.0,0.0,stable,stable
25,500,240,modular,6,0.08,0.004,0.12,14,10.0,0.72,0.22,False,static,1.0,False,False,1.0,default,default,0.6512166666666667,0.775,0.16666666666666674,0.03223145892516261,0.2710333333333333,0.3541666666666667,0.16666666666666669,0.031560594276900285,0.07774999999999999,0.15,0.12083333333333332,0.017308676372784194,0.31853278135845303,0.4003187230549429,0.16794755204334605,0.031693688762812845,0.3182145179644027,0.4003187230549429,0.16287884018813842,0.03137428789080039,0.01382290391854054,0.029345193539579713,0.02277751633787627,0.004259827533640611,0.014100000000000001,0.058333333333333334,0.058333333333333334,0.008956437783950591,1.6198708233292214,1.7459987180988767,0.2673195626189606,0.051046720107991016,1.0,1.0,0.0,0.0,0.07328571428571427,0.25,0.21428571428571427,0.047612594800887184,0.0,0.0,0.0,0.0,0.0,0.0,0.0,0.0,0.0,0.0,0.0,0.0,0.0,0.0,0.0,0.0,0.0,0.0,0.0,0.0,stable,oscillatory
26,500,240,modular,6,0.08,0.004,0.12,14,10.0,0.72,0.22,False,static,1.0,False,False,1.0,default,default,0.6522833333333334,0.8375,0.18333333333333335,0.030661598313054574,0.2673666666666667,0.3458333333333333,0.15833333333333333,0.026086054171189293,0.08034999999999999,0.14583333333333334,0.09583333333333335,0.017956034268921037,0.3191319310565589,0.43058722576783914,0.20201610182039384,0.032382245697954976,0.3185968785585395,0.43058722576783914,0.20201610182039384,0.031808357986282024,0.013875266574064595,0.03904532609675561,0.03361978342424228,0.00470794204971733,0.01415,0.05416666666666667,0.05416666666666667,0.008974485438669388,1.6070069809575875,1.7927800013373383,0.3186317307776012,0.0514295013016421,1.0,1.0,0.0,0.0,0.08199999999999998,0.2857142857142857,0.2857142857142857,0.0533613021901506,0.0,0.0,0.0,0.0,0.0,0.0,0.0,0.0,0.0,0.0,0.0,0.0,0.0,0.0,0.0,0.0,0.0,0.0,0.0,0.0,stable,stable
27,500,240,modular,6,0.08,0.004,0.12,14,10.0,0.72,0.22,False,static,1.0,False,False,1.0,default,default,0.65035,0.7833333333333333,0.19166666666666665,0.03123748193721411,0.2725166666666667,0.3458333333333333,0.15833333333333333,0.03145123650634069,0.07713333333333333,0.15416666666666667,0.125,0.01735748317649256,0.3167289432268956,0.4171866194311576,0.20654656618545134,0.030132408010807837,0.3173559413097524,0.4171866194311576,0.20654656618545134,0.030142736771603472,0.013588856649024043,0.03429454041690801,0.029764756802041895,0.004135338741069776,0.013633333333333332,0.058333333333333334,0.058333333333333334,0.008658265158538144,1.621826863975631,1.7619393594842683,0.29254732979492903,0.049018976990429,1.0,1.0,0.0,0.0,0.08028571428571428,0.2857142857142857,0.21428571428571427,0.04992974656291312,0.0,0.0,0.0,0.0,0.0,0.0,0.0,0.0,0.0,0.0,0.0,0.0,0.0,0.0,0.0,0.0,0.0,0.0,0.0,0.0,stable,oscillatory
28,500,240,modular,6,0.08,0.004,0.12,14,10.0,0.72,0.22,False,static,1.0,False,False,1.0,default,default,0.6504666666666667,0.825,0.15833333333333333,0.03102515108746451,0.2686666666666666,0.3541666666666667,0.15000000000000002,0.028062925324665956,0.08086666666666667,0.13333333333333333,0.09166666666666667,0.01697707604716169,0.3156026267497207,0.4137006858222519,0.17222047018712797,0.030863794101227502,0.31499873840302495,0.4137006858222519,0.17222047018712797,0.030387054256117256,0.013139268832286647,0.032785070023065736,0.026264694249875323,0.004077721717828131,0.012883333333333333,0.04583333333333333,0.0375,0.007996891757287813,1.6275569486931394,1.7749691760819821,0.2549724598953482,0.0510808159751096,1.0,1.0,0.0,0.0,0.07657142857142857,0.2857142857142857,0.21428571428571427,0.0512504853137798,0.0,0.0,0.0,0.0,0.0,0.0,0.0,0.0,0.0,0.0,0.0,0.0,0.0,0.0,0.0,0.0,0.0,0.0,0.0,0.0,stable,stable
29,500,240,modular,6,0.08,0.004,0.12,14,10.0,0.72,0.22,False,static,1.0,False,False,1.0,default,default,0.652,0.7958333333333333,0.17083333333333328,0.031234329404252196,0.2690166666666666,0.35,0.1375,0.029535143849695772,0.07898333333333334,0.14166666666666666,0.09166666666666667,0.01620295754895795,0.3210410206954537,0.41119457340064414,0.16535558094973288,0.030804326764495675,0.3203349293431287,0.41119457340064414,0.16535558094973288,0.030183547977439662,0.014188182757317215,0.03281768383381081,0.025762517733511806,0.0043830536992236395,0.013800000000000002,0.04583333333333333,0.04583333333333333,0.00861871348997182,1.6093487240506128,1.7564054136201401,0.2706937002163188,0.04962190616391465,1.0,1.0,0.0,0.0,0.07942857142857142,0.25,0.25,0.049870035173070267,0.0,0.0,0.0,0.0,0.0,0.0,0.0,0.0,0.0,0.0,0.0,0.0,0.0,0.0,0.0,0.0,0.0,0.0,0.0,0.0,stable,stable
30,500,240,modular,6,0.08,0.004,0.12,14,10.0,0.72,0.22,False,static,1.0,False,False,1.0,default,default,0.6526833333333334,0.8208333333333333,0.16666666666666663,0.029077621215559492,0.26893333333333336,0.36666666666666664,0.1708333333333333,0.02806245019792661,0.07838333333333333,0.14166666666666666,0.1,0.018443163442798467,0.31640434285848584,0.4357086661739657,0.17382772855302717,0.03111946651525372,0.31589606745435617,0.4357086661739657,0.17382772855302717,0.03074131779415987,0.01341355931819174,0.04084018625784021,0.025994351278488124,0.004257253575794048,0.014316666666666669,0.05,0.05,0.009149514255473407,1.6223075783242635,1.8221049238300568,0.2691935428385166,0.0480639028624058,1.0,1.0,0.0,0.0,0.07942857142857142,0.25,0.25,0.05058111287419284,0.0,0.0,0.0,0.0,0.0,0.0,0.0,0.0,0.0,0.0,0.0,0.0,0.0,0.0,0.0,0.0,0.0,0.0,0.0,0.0,stable,stable
31,500,240,modular,6,0.08,0.004,0.12,14,10.0,0.72,0.22,False,static,1.0,False,False,1.0,default,default,0.6468666666666666,0.7791666666666667,0.16666666666666663,0.028166942799435414,0.2731,0.3625,0.14583333333333331,0.026191092633438058,0.08003333333333333,0.1375,0.07916666666666666,0.016255734031070047,0.3258390082909897,0.4096537504079697,0.14986147118556006,0.0287362566682464,0.32528978035949774,0.4096537504079697,0.14986147118556006,0.028975418653688374,0.014852084269787546,0.03238825244847009,0.022204547688851252,0.004231434700947994,0.015233333333333335,0.0625,0.0625,0.00930358353897393,1.6130421403868958,1.749199525200915,0.2362314490881905,0.045933651671331115,1.0,1.0,0.0,0.0,0.078,0.25,0.25,0.0485260292029348,0.0,0.0,0.0,0.0,0.0,0.0,0.0,0.0,0.0,0.0,0.0,0.0,0.0,0.0,0.0,0.0,0.0,0.0,0.0,0.0,stable,stable
32,500,240,modular,6,0.08,0.004,0.12,14,10.0,0.72,0.22,False,static,1.0,False,False,1.0,default,default,0.6506333333333333,0.8125,0.17499999999999993,0.031900696613780144,0.2699,0.35833333333333334,0.15,0.028330215514731107,0.07946666666666667,0.14166666666666666,0.10833333333333334,0.01689983563365172,0.315351771056803,0.41784590840341085,0.16943237357405175,0.032013828263089274,0.3148053789175731,0.41784590840341085,0.16943237357405175,0.03219744064562576,0.01319687738849209,0.0341296451940307,0.027090343880710452,0.004384599189016285,0.012833333333333334,0.04583333333333333,0.0375,0.007501851623284598,1.6284253542735165,1.797609536402336,0.293456866681588,0.05225935051937802,1.0,1.0,0.0,0.0,0.07728571428571428,0.2857142857142857,0.2857142857142857,0.04908738563593939,0.0,0.0,0.0,0.0,0.0,0.0,0.0,0.0,0.0,0.0,0.0,0.0,0.0,0.0,0.0,0.0,0.0,0.0,0.0,0.0,stable,stable
33,500,240,modular,6,0.08,0.004,0.12,14,10.0,0.72,0.22,False,static,1.0,False,False,1.0,default,default,0.6513499999999999,0.8333333333333334,0.16249999999999998,0.03029571385159587,0.26831666666666665,0.35833333333333334,0.15833333333333333,0.028896121423702063,0.08033333333333334,0.15416666666666667,0.12083333333333335,0.017087194685559776,0.31761221430593045,0.41241870927356233,0.17154255504379756,0.030471561334521467,0.3164785438852399,0.41241870927356233,0.17154255504379756,0.030720562100846966,0.013476648876143598,0.03270869669748533,0.026603951850557615,0.004212885293640926,0.013666666666666666,0.041666666666666664,0.041666666666666664,0.008359957469322969,1.621154226740983,1.7750658140354276,0.27911902205113326,0.0495267747789255,1.0,1.0,0.0,0.0,0.07742857142857142,0.2857142857142857,0.2857142857142857,0.05175215661482827,0.0,0.0,0.0,0.0,0.0,0.0,0.0,0.0,0.0,0.0,0.0,0.0,0.0,0.0,0.0,0.0,0.0,0.0,0.0,0.0,stable,oscillatory
34,500,240,modular,6,0.08,0.004,0.12,14,10.0,0.72,0.22,False,static,1.0,False,False,1.0,default,default,0.6494500000000001,0.8416666666666667,0.15416666666666667,0.029581154849366888,0.27101666666666663,0.3625,0.16249999999999998,0.028201305131342964,0.07953333333333333,0.12916666666666668,0.09166666666666667,0.017942934232975636,0.31953525474676386,0.42706161510078033,0.1571170273011497,0.02981143974914692,0.31937250354352614,0.42706161510078033,0.1571170273011497,0.02917831462141707,0.013790702802035692,0.03758810272606903,0.02383874347718136,0.004017051220655468,0.014416666666666668,0.04583333333333333,0.04583333333333333,0.008474225628339146,1.6246138282819214,1.816450888361105,0.26293233450036224,0.048185181536868245,1.0,1.0,0.0,0.0,0.08242857142857142,0.42857142857142855,0.42857142857142855,0.05557142857142857,0.0,0.0,0.0,0.0,0.0,0.0,0.0,0.0,0.0,0.0,0.0,0.0,0.0,0.0,0.0,0.0,0.0,0.0,0.0,0.0,stable,stable
35,500,240,modular,6,0.08,0.004,0.12,14,10.0,0.72,0.22,False,static,1.0,False,False,1.0,default,default,0.6497999999999999,0.8125,0.2041666666666666,0.030006277121073628,0.2692166666666667,0.36666666666666664,0.18749999999999997,0.02890281128194972,0.08098333333333332,0.14166666666666666,0.09583333333333333,0.017089381043339295,0.3095547793706935,0.3946053980315386,0.15125353434577157,0.028133810407543907,0.3087485977471323,0.3946053980315386,0.15125353434577157,0.027438992411339503,0.011960193393464557,0.02665892946739169,0.01745515720650979,0.0032334256076237823,0.011733333333333333,0.04583333333333333,0.0375,0.00799103664530871,1.623398995117423,1.7572884771425514,0.30083020137173877,0.04859341244157612,1.0,1.0,0.0,0.0,0.0852857142857143,0.25,0.25,0.05274911741209612,0.0,0.0,0.0,0.0,0.0,0.0,0.0,0.0,0.0,0.0,0.0,0.0,0.0,0.0,0.0,0.0,0.0,0.0,0.0,0.0,stable,stable
36,500,240,modular,6,0.08,0.004,0.12,14,10.0,0.72,0.22,False,static,1.0,False,False,1.0,default,default,0.6490666666666667,0.75,0.20833333333333326,0.031685801236516015,0.27048333333333335,0.39166666666666666,0.19999999999999998,0.028615307674972383,0.08045,0.15,0.1,0.016656838769039516,0.31292401758964994,0.41739790604631444,0.18011715303385703,0.031108936436694382,0.31319898379776434,0.41739790604631444,0.16738401325455057,0.03196943500492284,0.012810283194586412,0.03356785300238098,0.022356776900485945,0.004082157349269634,0.01295,0.05416666666666667,0.05416666666666667,0.008998780781614561,1.6067667891349915,1.7951697537054336,0.3222507141415676,0.051511210554078084,1.0,1.0,0.0,0.0,0.0747142857142857,0.2857142857142857,0.25,0.050753707012495194,0.0,0.0,0.0,0.0,0.0,0.0,0.0,0.0,0.0,0.0,0.0,0.0,0.0,0.0,0.0,0.0,0.0,0.0,0.0,0.0,stable,stable
37,500,240,modular,6,0.08,0.004,0.12,14,10.0,0.72,0.22,False,static,1.0,False,False,1.0,default,default,0.6494166666666668,0.7833333333333333,0.15416666666666667,0.030226115455935707,0.26963333333333334,0.3458333333333333,0.15416666666666665,0.027672770411041648,0.08095000000000001,0.14583333333333334,0.0875,0.016127107958685934,0.3200032050759488,0.4086025510785597,0.17398081384352548,0.029946749629905144,0.32000958582031164,0.4086025510785597,0.17398081384352548,0.029951384019269528,0.013887418257489974,0.03149291074554315,0.025763278575250938,0.004088190545893124,0.013583333333333333,0.05416666666666667,0.04583333333333333,0.008967921225741844,1.6062797435953484,1.7467229975506358,0.2657976913609099,0.048480897208318184,1.0,1.0,0.0,0.0,0.08028571428571428,0.2857142857142857,0.2857142857142857,0.052906540624164104,0.0,0.0,0.0,0.0,0.0,0.0,0.0,0.0,0.0,0.0,0.0,0.0,0.0,0.0,0.0,0.0,0.0,0.0,0.0,0.0,stable,stable
38,500,240,modular,6,0.08,0.004,0.12,14,10.0,0.72,0.22,False,static,1.0,False,False,1.0,default,default,0.6525833333333333,0.8208333333333333,0.19166666666666676,0.03139234248454018,0.2704166666666667,0.37916666666666665,0.175,0.02802838343140356,0.077,0.15833333333333333,0.09583333333333335,0.017087194685559776,0.31324042416388315,0.4434294541318871,0.16886263593091977,0.031347374976172696,0.31329520654089094,0.4434294541318871,0.16886263593091977,0.031439240198822785,0.013051317188818856,0.043805449641254234,0.022639390019309938,0.004056026250516092,0.01295,0.05416666666666667,0.041666666666666664,0.008258345946845397,1.6093825387977208,1.808136352042499,0.26473203441931537,0.05033722444438708,1.0,1.0,0.0,0.0,0.0747142857142857,0.25,0.21428571428571427,0.04633969515371001,0.0,0.0,0.0,0.0,0.0,0.0,0.0,0.0,0.0,0.0,0.0,0.0,0.0,0.0,0.0,0.0,0.0,0.0,0.0,0.0,stable,stable
39,500,240,modular,6,0.08,0.004,0.12,14,10.0,0.72,0.22,False,static,1.0,False,False,1.0,default,default,0.6477833333333333,0.7916666666666666,0.19166666666666665,0.02884614840455789,0.27153333333333335,0.35833333333333334,0.17083333333333334,0.026479740683523822,0.08068333333333333,0.12916666666666668,0.1,0.016861107450118585,0.31775256756388215,0.41743537939314096,0.1638587979871135,0.029801699048323065,0.31776928202117505,0.41743537939314096,0.1638587979871135,0.029347818163532335,0.01343188241680586,0.03392748614867505,0.021893752843542343,0.003909371422022676,0.013633333333333332,0.05,0.0375,0.007938583696800778,1.6069073021280464,1.7557011033125938,0.2731129844331961,0.046765377565938404,1.0,1.0,0.0,0.0,0.08314285714285714,0.25,0.25,0.051065384257711746,0.0,0.0,0.0,0.0,0.0,0.0,0.0,0.0,0.0,0.0,0.0,0.0,0.0,0.0,0.0,0.0,0.0,0.0,0.0,0.0,stable,stable
40,500,240,modular,6,0.08,0.004,0.12,14,10.0,0.72,0.22,False,static,1.0,False,False,1.0,default,default,0.6513500000000001,0.7708333333333334,0.14583333333333326,0.030102551571438443,0.26915,0.3625,0.13749999999999998,0.027746616410334112,0.0795,0.12916666666666668,0.1,0.017951323071016243,0.3190298111018813,0.40446330714042605,0.15078707571494546,0.031059953860253838,0.31880283928596054,0.40446330714042605,0.15078707571494546,0.030403792729143175,0.013853102777159482,0.030498549026077897,0.0222540794452466,0.004191084746688754,0.013516666666666668,0.041666666666666664,0.041666666666666664,0.008114270693592177,1.6195731971065717,1.7666987648358998,0.25230401784942513,0.04959777267706815,1.0,1.0,0.0,0.0,0.07928571428571428,0.2857142857142857,0.2857142857142857,0.049223563297200144,0.0,0.0,0.0,0.0,0.0,0.0,0.0,0.0,0.0,0.0,0.0,0.0,0.0,0.0,0.0,0.0,0.0,0.0,0.0,0.0,stable,stable
41,500,240,modular,6,0.08,0.004,0.12,14,10.0,0.72,0.22,False,static,1.0,False,False,1.0,default,default,0.6562666666666667,0.7875,0.15416666666666656,0.03143831703157435,0.26541666666666663,0.3625,0.15416666666666665,0.02860713294889153,0.07831666666666666,0.12916666666666668,0.09583333333333335,0.018496613804213524,0.3069266278746438,0.3994063606911565,0.15989850800541183,0.03251826894637922,0.3079111272104169,0.3994063606911565,0.15989850800541183,0.031913328946204945,0.012216458539244496,0.02837002912136936,0.021969405729760666,0.003957136139371322,0.01225,0.041666666666666664,0.041666666666666664,0.008036807685752956,1.6105177765015604,1.7752645054308664,0.26845144793766984,0.051675131922914,1.0,1.0,0.0,0.0,0.07485714285714284,0.25,0.21428571428571427,0.04649423927449814,0.0,0.0,0.0,0.0,0.0,0.0,0.0,0.0,0.0,0.0,0.0,0.0,0.0,0.0,0.0,0.0,0.0,0.0,0.0,0.0,stable,stable
42,500,240,modular,6,0.08,0.004,0.12,14,10.0,0.72,0.22,False,static,1.0,False,False,1.0,default,default,0.6477833333333333,0.7958333333333333,0.15000000000000002,0.03150864519813923,0.27259999999999995,0.3625,0.175,0.030123652574753353,0.07961666666666666,0.14583333333333334,0.11250000000000002,0.01884528381909443,0.3142037631336868,0.4135063125790412,0.15579435331952424,0.0316746344810644,0.31352463428287763,0.4135063125790412,0.15579435331952424,0.031276880327260295,0.012871182230774934,0.032472157286123515,0.020890901142197497,0.003954769734315437,0.0128,0.04583333333333333,0.04583333333333333,0.008073894833212641,1.6439301846750896,1.813702780180698,0.23683664793881154,0.05141915502007265,1.0,1.0,0.0,0.0,0.0747142857142857,0.32142857142857145,0.25,0.04442857142857142,0.0,0.0,0.0,0.0,0.0,0.0,0.0,0.0,0.0,0.0,0.0,0.0,0.0,0.0,0.0,0.0,0.0,0.0,0.0,0.0,stable,stable
43,500,240,modular,6,0.08,0.004,0.12,14,10.0,0.72,0.22,False,static,1.0,False,False,1.0,default,default,0.6484500000000001,0.8208333333333333,0.17500000000000004,0.031717507433242254,0.27145,0.375,0.19583333333333333,0.029452791793723808,0.08009999999999999,0.1375,0.10833333333333334,0.01760179915046565,0.32114399787273623,0.4139396811580887,0.17283080917196394,0.03183807901471979,0.3215462830716478,0.4139396811580887,0.18282167556875603,0.03226692034224987,0.014269442618255386,0.033331908818608806,0.02776638577625883,0.0044937957714809105,0.013966666666666669,0.05,0.05,0.009446574923101907,1.6306511792370482,1.7741876722991268,0.26292538070262217,0.05180457798800571,1.0,1.0,0.0,0.0,0.07757142857142856,0.2857142857142857,0.2857142857142857,0.04936349969401295,0.0,0.0,0.0,0.0,0.0,0.0,0.0,0.0,0.0,0.0,0.0,0.0,0.0,0.0,0.0,0.0,0.0,0.0,0.0,0.0,stable,stable
44,500,240,modular,6,0.08,0.004,0.12,14,10.0,0.72,0.22,False,static,1.0,False,False,1.0,default,default,0.64795,0.8375,0.16666666666666663,0.030106851379710895,0.27126666666666666,0.3625,0.1583333333333333,0.028246553378735918,0.08078333333333333,0.14583333333333334,0.10416666666666669,0.017198522223338456,0.32116822457988575,0.44785995707125703,0.1993702950159524,0.03139536699040029,0.3207736860096009,0.44785995707125703,0.22658877993727589,0.03171805580714918,0.014129306069710166,0.04580920724650482,0.04077877622599506,0.004856265780632485,0.013683333333333334,0.05,0.04583333333333333,0.008065857397422518,1.6407548285620064,1.8160120514275142,0.2757484322635453,0.04880276251311768,1.0,1.0,0.0,0.0,0.08028571428571428,0.25,0.25,0.05271331783857871,0.0,0.0,0.0,0.0,0.0,0.0,0.0,0.0,0.0,0.0,0.0,0.0,0.0,0.0,0.0,0.0,0.0,0.0,0.0,0.0,stable,stable
45,500,240,modular,6,0.08,0.004,0.12,14,10.0,0.72,0.22,False,static,1.0,False,False,1.0,default,default,0.6473,0.8125,0.1625000000000001,0.030895235159415044,0.27181666666666665,0.3458333333333333,0.16666666666666666,0.028789316112443907,0.08088333333333332,0.14583333333333334,0.09166666666666667,0.016969261425687724,0.3228551786398453,0.41541584477843935,0.1552323489191281,0.030750368124806263,0.32164822592194514,0.41541584477843935,0.1552323489191281,0.030434250630027703,0.014205129746756959,0.03377130052422952,0.023625382044997992,0.0043021228342845835,0.014533333333333336,0.05,0.05,0.009273858120784706,1.6270402372166795,1.7879958545361865,0.2618399660690882,0.050250529253797666,1.0,1.0,0.0,0.0,0.07228571428571427,0.32142857142857145,0.17857142857142858,0.04780146014335477,0.0,0.0,0.0,0.0,0.0,0.0,0.0,0.0,0.0,0.0,0.0,0.0,0.0,0.0,0.0,0.0,0.0,0.0,0.0,0.0,stable,stable
46,500,240,modular,6,0.08,0.004,0.12,14,10.0,0.72,0.22,False,static,1.0,False,False,1.0,default,default,0.6485833333333333,0.8125,0.16249999999999998,0.03097725420010266,0.2712333333333333,0.3458333333333333,0.14583333333333331,0.02770090251237313,0.08018333333333334,0.14166666666666666,0.10416666666666669,0.018234803414228395,0.3169742485894032,0.41040685568623825,0.1476202972169509,0.03071906292159745,0.31811373603174475,0.41040685568623825,0.1476202972169509,0.030826182811733268,0.013550431632534771,0.03176157561348128,0.020261903791671095,0.004117763381730751,0.013833333333333333,0.05,0.05,0.008938058451861283,1.6084368853211022,1.7544872270062237,0.26489614989159516,0.0505498068915865,1.0,1.0,0.0,0.0,0.07942857142857143,0.2857142857142857,0.2857142857142857,0.04956216463458094,0.0,0.0,0.0,0.0,0.0,0.0,0.0,0.0,0.0,0.0,0.0,0.0,0.0,0.0,0.0,0.0,0.0,0.0,0.0,0.0,stable,stable
47,500,240,modular,6,0.08,0.004,0.12,14,10.0,0.72,0.22,False,static,1.0,False,False,1.0,default,default,0.6504333333333333,0.8,0.17083333333333328,0.02985299166098954,0.27243333333333336,0.3625,0.14583333333333334,0.02762488813451458,0.07713333333333333,0.13333333333333333,0.10416666666666666,0.01758800096025065,0.3148829891005709,0.4064797033046442,0.18147972174036645,0.03003808019476292,0.3150949513402626,0.4064797033046442,0.18147972174036645,0.029839227040883765,0.013178954211609945,0.0307328282629225,0.025546388385226704,0.003908346775073838,0.013283333333333333,0.05,0.04583333333333333,0.008300619120148676,1.6163481172595693,1.752564781033424,0.29397043555209135,0.0489891837881722,1.0,1.0,0.0,0.0,0.07699999999999999,0.2857142857142857,0.21428571428571427,0.05105599167300823,0.0,0.0,0.0,0.0,0.0,0.0,0.0,0.0,0.0,0.0,0.0,0.0,0.0,0.0,0.0,0.0,0.0,0.0,0.0,0.0,stable,stable
48,500,240,modular,6,0.08,0.004,0.12,14,10.0,0.72,0.22,False,static,1.0,False,False,1.0,default,default,0.6514500000000001,0.7791666666666667,0.14583333333333337,0.028294978942090297,0.27015,0.3625,0.11666666666666664,0.025680023580812988,0.0784,0.1375,0.09583333333333333,0.016699001966185484,0.31121520653565893,0.4048726146578412,0.15754426287366005,0.028698527353481648,0.3108061840760318,0.4048726146578412,0.15754426287366005,0.028516512583153422,0.012442424784367623,0.029878565387026858,0.023488213889849736,0.003646650581838372,0.01325,0.041666666666666664,0.041666666666666664,0.00809191983812659,1.6336132928939315,1.787102516576781,0.26697928355744627,0.046740342976555854,1.0,1.0,0.0,0.0,0.07971428571428571,0.25,0.25,0.0495152007169598,0.0,0.0,0.0,0.0,0.0,0.0,0.0,0.0,0.0,0.0,0.0,0.0,0.0,0.0,0.0,0.0,0.0,0.0,0.0,0.0,stable,stable
49,500,240,modular,6,0.08,0.004,0.12,14,10.0,0.72,0.22,False,static,1.0,False,False,1.0,default,default,0.64825,0.8166666666666667,0.1875,0.030407989629920182,0.2727333333333333,0.375,0.17083333333333334,0.028734918749764294,0.07901666666666667,0.1375,0.07916666666666666,0.016173271846544292,0.3139699180393146,0.41289776833454567,0.18211600070508788,0.0294684918460972,0.3150340134865762,0.3994714159097698,0.15926797816972743,0.029091485481075888,0.01301239347744261,0.028456592563730752,0.020549131852401533,0.0036915133015727685,0.01305,0.0375,0.0375,0.00839412823876839,1.6074741596758102,1.7718928599998711,0.2870778423627651,0.04768458674626899,1.0,1.0,0.0,0.0,0.08014285714285714,0.2857142857142857,0.2857142857142857,0.051513620152581874,0.0,0.0,0.0,0.0,0.0,0.0,0.0,0.0,0.0,0.0,0.0,0.0,0.0,0.0,0.0,0.0,0.0,0.0,0.0,0.0,stable,stable
50,500,240,modular,6,0.08,0.004,0.12,14,10.0,0.72,0.22,False,static,1.0,False,False,1.0,default,default,0.6463833333333333,0.7833333333333333,0.1791666666666667,0.03336940131983858,0.27163333333333334,0.3458333333333333,0.15833333333333335,0.03080266943698946,0.08198333333333334,0.12916666666666668,0.09166666666666667,0.01771055084154954,0.32844509092365554,0.41172978652134823,0.17773501844825823,0.03416235953197404,0.3281415775461947,0.41172978652134823,0.17773501844825823,0.032387518519498885,0.015427463675667228,0.03306343156980192,0.027261601858954272,0.004855591716293282,0.0157,0.05,0.04583333333333333,0.009138380600522173,1.6316806796435963,1.7559843082334907,0.26372959248196537,0.05373188539327944,1.0,1.0,0.0,0.0,0.08842857142857141,0.25,0.25,0.05413305602958363,0.0,0.0,0.0,0.0,0.0,0.0,0.0,0.0,0.0,0.0,0.0,0.0,0.0,0.0,0.0,0.0,0.0,0.0,0.0,0.0,stable,stable
1,500,240,modular,6,0.08,0.004,0.12,20,10.0,0.72,0.22,True,static,1.0,False,False,1.0,default,default,0.35063333333333335,0.8333333333333334,0.1333333333333333,0.02602112389749699,0.4160666666666667,0.48333333333333334,0.13333333333333336,0.02845661415012139,0.2333,0.42916666666666664,0.11666666666666664,0.02418100723938337,0.655799353541091,0.9167074636144347,0.15448734989049184,0.03123235642175793,0.6555434703100198,0.9167074636144347,0.15448734989049184,0.03138332523975216,0.26054827399734404,0.6576560059638836,0.24792714380206318,0.05246482390999684,0.2602333333333333,0.7375,0.2708333333333333,0.05675484316093405,2.156968053377359,2.491836372888673,0.2592983475246231,0.046323471356590144,1.0,1.0,0.0,0.0,0.24528571428571427,0.6785714285714286,0.3571428571428571,0.07029979533746736,0.0,0.0,0.0,0.0,0.0,0.0,0.0,0.0,0.0,0.0,0.0,0.0,0.0,0.0,0.0,0.0,0.0,0.0,0.0,0.0,stable,runaway
2,500,240,modular,6,0.08,0.004,0.12,20,10.0,0.72,0.22,True,static,1.0,False,False,1.0,default,default,0.35916666666666663,0.7875,0.12083333333333335,0.024731895735399394,0.3867166666666667,0.4875,0.13333333333333336,0.02456873012591412,0.25411666666666666,0.4125,0.125,0.02312550900340718,0.6507318304233053,0.8860043610652721,0.15798923210742044,0.030777183924300965,0.6511010250314818,0.8860043610652721,0.15798923210742044,0.030889145331027892,0.24772053858140472,0.6166549351662487,0.2481400933115945,0.05047909003802151,0.24796666666666664,0.6541666666666667,0.275,0.05640408771632701,2.155989680467475,2.4838156498457726,0.228815358862533,0.04605962698813306,1.0,1.0,0.0,0.0,0.2562857142857143,0.5357142857142857,0.3928571428571429,0.07050314799745484,0.0,0.0,0.0,0.0,0.0,0.0,0.0,0.0,0.0,0.0,0.0,0.0,0.0,0.0,0.0,0.0,0.0,0.0,0.0,0.0,stable,runaway
3,500,240,modular,6,0.08,0.004,0.12,20,10.0,0.72,0.22,True,static,1.0,False,False,1.0,default,default,0.38856666666666667,0.8,0.12916666666666665,0.024306514901702103,0.4439666666666667,0.5166666666666667,0.12499999999999994,0.02224207724112116,0.16746666666666668,0.3625,0.11249999999999999,0.01930886382525451,0.5591322671270204,0.806585530781233,0.15885711433430816,0.028413491235318188,0.559366291500334,0.806585530781233,0.16867630423758911,0.028801936698212207,0.12528586380981319,0.5159647464719002,0.19392783589833615,0.030845168996779002,0.1232,0.5375,0.22083333333333335,0.03731188371908696,2.061350875504237,2.3763011722226346,0.2500790683224532,0.044196878765276504,1.0,1.0,0.0,0.0,0.21885714285714283,0.4642857142857143,0.39285714285714285,0.05881066125755619,0.0,0.0,0.0,0.0,0.0,0.0,0.0,0.0,0.0,0.0,0.0,0.0,0.0,0.0,0.0,0.0,0.0,0.0,0.0,0.0,stable,stable
4,500,240,modular,6,0.08,0.004,0.12,20,10.0,0.72,0.22,True,static,1.0,False,False,1.0,default,default,0.4032833333333333,0.7791666666666667,0.12916666666666665,0.024891101712146944,0.40636666666666665,0.4791666666666667,0.1291666666666667,0.023333785709900474,0.19035,0.4375,0.12499999999999997,0.019479397948716087,0.5761051280531126,0.8607287374821138,0.15267611256589264,0.029627164467204575,0.5765947816364133,0.8607287374821138,0.15267611256589264,0.029498266045309265,0.14538254813061965,0.5941782960449518,0.1852887920025864,0.03470156679198908,0.14383333333333334,0.6333333333333333,0.21250000000000002,0.03975131025094225,2.0663390288923806,2.408941183038805,0.22639092954263562,0.044653392421039814,1.0,1.0,0.0,0.0,0.19314285714285712,0.5714285714285714,0.35714285714285715,0.060961011293770254,0.0,0.0,0.0,0.0,0.0,0.0,0.0,0.0,0.0,0.0,0.0,0.0,0.0,0.0,0.0,0.0,0.0,0.0,0.0,0.0,stable,runaway
5,500,240,modular,6,0.08,0.004,0.12,20,10.0,0.72,0.22,True,static,1.0,False,False,1.0,default,default,0.3532,0.7666666666666667,0.15833333333333333,0.023124878378058555,0.40723333333333334,0.49583333333333335,0.15833333333333333,0.026450393821894853,0.23956666666666665,0.4583333333333333,0.12083333333333332,0.023895745785948313,0.642632385642136,0.8628632129925915,0.1620737156923424,0.02969300128717541,0.6433382733426842,0.8628632129925915,0.1620737156923424,0.02937116057563279,0.23409252597044183,0.5891207735618147,0.2473186826696419,0.045695376049828956,0.23286666666666667,0.5916666666666667,0.30416666666666664,0.05449953108870652,2.1392404200285315,2.40510538289402,0.2547706970854666,0.042518148368500076,1.0,1.0,0.0,0.0,0.3871428571428572,0.6071428571428571,0.4285714285714285,0.07618452357699076,0.0,0.0,0.0,0.0,0.0,0.0,0.0,0.0,0.0,0.0,0.0,0.0,0.0,0.0,0.0,0.0,0.0,0.0,0.0,0.0,runaway,runaway
6,500,240,modular,6,0.08,0.004,0.12,20,10.0,0.72,0.22,True,static,1.0,False,False,1.0,default,default,0.38915,0.7958333333333333,0.1375,0.02454558684027199,0.39801666666666663,0.49583333333333335,0.15833333333333333,0.024695866725695882,0.21283333333333335,0.37083333333333335,0.10833333333333331,0.019906726947888188,0.598017837429205,0.7916962604736499,0.16399161850133837,0.027837109447989356,0.5981831690045585,0.7916962604736499,0.16399161850133837,0.027592727368229254,0.16972704131475416,0.491952424511847,0.215343872938398,0.03584422674948074,0.16585,0.5041666666666667,0.2833333333333333,0.04322212974854432,2.0855432091173767,2.3317201904338467,0.2555275207879113,0.04169489370580475,1.0,1.0,0.0,0.0,0.27614285714285713,0.4642857142857143,0.3928571428571429,0.06704567434950291,0.0,0.0,0.0,0.0,0.0,0.0,0.0,0.0,0.0,0.0,0.0,0.0,0.0,0.0,0.0,0.0,0.0,0.0,0.0,0.0,stable,stable
7,500,240,modular,6,0.08,0.004,0.12,20,10.0,0.72,0.22,True,static,1.0,False,False,1.0,default,default,0.3367833333333334,0.8416666666666667,0.1333333333333333,0.02290318391257716,0.43356666666666666,0.5041666666666667,0.14999999999999997,0.024951642119196173,0.22965,0.4,0.12083333333333335,0.021242050800763614,0.6733396915794717,0.8561355116432189,0.16320878381947934,0.0283542579328332,0.6749596288994364,0.8561355116432189,0.1455889391397286,0.02734561822602633,0.2953651736587868,0.6010878146906319,0.2514191636615196,0.04852132014451851,0.2965,0.6291666666666667,0.32083333333333336,0.05469587634263564,2.1827477085726654,2.4057120706841757,0.25268138900554726,0.041530703971182255,1.0,1.0,0.0,0.0,0.2608571428571429,0.5357142857142857,0.35714285714285715,0.06604327585541384,0.0,0.0,0.0,0.0,0.0,0.0,0.0,0.0,0.0,0.0,0.0,0.0,0.0,0.0,0.0,0.0,0.0,0.0,0.0,0.0,stable,oscillatory
8,500,240,modular,6,0.08,0.004,0.12,20,10.0,0.72,0.22,True,static,1.0,False,False,1.0,default,default,0.3675166666666667,0.8,0.14166666666666666,0.024743961103895856,0.4412166666666667,0.5125,0.1333333333333333,0.023935799547957444,0.19126666666666664,0.4083333333333333,0.11249999999999999,0.01906803608135877,0.6100175058089187,0.8194720319997626,0.17305655590651714,0.02926631542325507,0.6086861820030742,0.8194720319997626,0.14924805398682228,0.02864235813141054,0.18725997122271168,0.5445358580368153,0.20377399299193893,0.039917482363829,0.18843333333333334,0.55,0.2583333333333333,0.0461710707887285,2.0644393934681475,2.295491617204041,0.2408404390748149,0.04293715491963503,1.0,1.0,0.0,0.0,0.20871428571428569,0.4642857142857143,0.3571428571428571,0.06440132461560785,0.0,0.0,0.0,0.0,0.0,0.0,0.0,0.0,0.0,0.0,0.0,0.0,0.0,0.0,0.0,0.0,0.0,0.0,0.0,0.0,stable,runaway
9,500,240,modular,6,0.08,0.004,0.12,20,10.0,0.72,0.22,True,static,1.0,False,False,1.0,default,default,0.3416,0.7583333333333333,0.17083333333333334,0.024091745935531993,0.4374166666666666,0.525,0.16250000000000003,0.02722450387263487,0.22098333333333334,0.4041666666666667,0.1,0.019619073769053308,0.643770591327642,0.8630011198580121,0.1632430726803784,0.026247714576351673,0.6442427377700406,0.8630011198580121,0.17400491979211363,0.02662671213815361,0.23825639536704654,0.5972680776045425,0.262014379866532,0.042186693174488164,0.23781666666666668,0.6291666666666667,0.2875,0.048844677294460646,2.175331221343269,2.449769001781433,0.27168244356785154,0.04005475945453693,1.0,1.0,0.0,0.0,0.23971428571428569,0.5,0.35714285714285715,0.07133079021469664,0.0,0.0,0.0,0.0,0.0,0.0,0.0,0.0,0.0,0.0,0.0,0.0,0.0,0.0,0.0,0.0,0.0,0.0,0.0,0.0,stable,runaway
10,500,240,modular,6,0.08,0.004,0.12,20,10.0,0.72,0.22,True,static,1.0,False,False,1.0,default,default,0.33015,0.7875,0.23333333333333334,0.033340703351909064,0.41831666666666667,0.4875,0.1375,0.025240229132610238,0.2515333333333333,0.4041666666666667,0.24583333333333332,0.035109099801744974,0.6883602298648187,0.8601559845858066,0.33569783805817766,0.04878231057467606,0.6890453302855949,0.8601559845858066,0.33569783805817766,0.04811785321073372,0.32285723217574547,0.6025019823298723,0.4353076364594846,0.07093975620397008,0.3230833333333334,0.5958333333333333,0.4625,0.07722716311131869,2.201966375874571,2.414420160471596,0.49078327647800557,0.06838832874573192,1.0,1.0,0.0,0.0,0.2622857142857143,0.5,0.5,0.07410747848461004,0.0,0.0,0.0,0.0,0.0,0.0,0.0,0.0,0.0,0.0,0.0,0.0,0.0,0.0,0.0,0.0,0.0,0.0,0.0,0.0,oscillatory,runaway
11,500,240,modular,6,0.08,0.004,0.12,20,10.0,0.72,0.22,True,static,1.0,False,False,1.0,default,default,0.33590000000000003,0.8166666666666667,0.1375,0.02566225070236652,0.43854999999999994,0.5166666666666667,0.15416666666666662,0.024490820275723267,0.22555,0.44166666666666665,0.10833333333333334,0.021299197950470652,0.6570573291452326,0.8797145835821828,0.17014376087242966,0.0302727040890962,0.6550902885884975,0.8797145835821828,0.18045319108002178,0.029761886002023855,0.2555068395042717,0.6137376561195536,0.2876858189082834,0.048775861922739895,0.25406666666666666,0.6333333333333333,0.3208333333333333,0.05899261724054027,2.1637580817737674,2.453363293922046,0.24253309333203577,0.045070240889399885,1.0,1.0,0.0,0.0,0.3415714285714286,0.5714285714285714,0.42857142857142855,0.07435010945190466,0.0,0.0,0.0,0.0,0.0,0.0,0.0,0.0,0.0,0.0,0.0,0.0,0.0,0.0,0.0,0.0,0.0,0.0,0.0,0.0,stable,runaway
12,500,240,modular,6,0.08,0.004,0.12,20,10.0,0.72,0.22,True,static,1.0,False,False,1.0,default,default,0.38915,0.7708333333333334,0.13333333333333336,0.023915063825500817,0.3643333333333333,0.45416666666666666,0.15000000000000002,0.025198655166937426,0.24651666666666666,0.42916666666666664,0.12083333333333332,0.022715443840895754,0.6369052448222531,0.8815751564200301,0.15129365062006928,0.029206361668045994,0.6376466272003672,0.8815751564200301,0.15129365062006928,0.029452378380221616,0.22927567449626507,0.6201169361363135,0.23795013985533084,0.04665629970753251,0.23145000000000002,0.6541666666666667,0.31666666666666665,0.054588055775355596,2.083774640787067,2.4096098581025642,0.22637518715122273,0.0430046116003831,1.0,1.0,0.0,0.0,0.2557142857142857,0.5714285714285714,0.3214285714285714,0.06834784979374678,0.0,0.0,0.0,0.0,0.0,0.0,0.0,0.0,0.0,0.0,0.0,0.0,0.0,0.0,0.0,0.0,0.0,0.0,0.0,0.0,stable,runaway
13,500,240,modular,6,0.08,0.004,0.12,20,10.0,0.72,0.22,True,static,1.0,False,False,1.0,default,default,0.36393333333333333,0.8291666666666667,0.12083333333333335,0.025973298254596433,0.4065,0.48333333333333334,0.13333333333333336,0.0265905162709481,0.22956666666666667,0.4083333333333333,0.11666666666666664,0.02163731344999497,0.6376509744570362,0.8480940652726318,0.17478983580775964,0.030458454247448388,0.6378577933223701,0.8480940652726318,0.17478983580775964,0.030796572130688482,0.23058849507369472,0.5835780182814198,0.2684682193444192,0.04841282245143028,0.23378333333333337,0.6166666666666667,0.28750000000000003,0.05535747716232901,2.163657407499607,2.431543247348942,0.24811798736063517,0.04673899451755787,1.0,1.0,0.0,0.0,0.22685714285714284,0.5,0.2857142857142857,0.06581607024155131,0.0,0.0,0.0,0.0,0.0,0.0,0.0,0.0,0.0,0.0,0.0,0.0,0.0,0.0,0.0,0.0,0.0,0.0,0.0,0.0,stable,runaway
14,500,240,modular,6,0.08,0.004,0.12,20,10.0,0.72,0.22,True,static,1.0,False,False,1.0,default,default,0.3723,0.7708333333333334,0.125,0.023794583884199833,0.39894999999999997,0.475,0.1333333333333333,0.022587982301313335,0.22875,0.43333333333333335,0.11666666666666664,0.020840831983819114,0.6216038312778458,0.8964056341197507,0.15955353188284316,0.028845564130255893,0.6222645078833586,0.8964056341197507,0.15955353188284316,0.02926069310939711,0.2041164404990803,0.6287582771019072,0.22691126330364997,0.04286970929859113,0.20395,0.65,0.24583333333333335,0.0488352701549926,2.100327496408082,2.4387761522764335,0.243346241336992,0.043071780858676446,1.0,1.0,0.0,0.0,0.25385714285714284,0.5357142857142857,0.3928571428571429,0.06655073252789935,0.0,0.0,0.0,0.0,0.0,0.0,0.0,0.0,0.0,0.0,0.0,0.0,0.0,0.0,0.0,0.0,0.0,0.0,0.0,0.0,stable,runaway
15,500,240,modular,6,0.08,0.004,0.12,20,10.0,0.72,0.22,True,static,1.0,False,False,1.0,default,default,0.3702833333333333,0.7791666666666667,0.13333333333333336,0.02408988376891844,0.37015,0.4625,0.1291666666666667,0.02502537046012839,0.25956666666666667,0.45,0.12083333333333335,0.02235772300073909,0.6466856994535433,0.9018268995564157,0.1750034885493783,0.02946725372027111,0.6457183863886237,0.9018268995564157,0.1750034885493783,0.030038060151115376,0.24017877938627116,0.6342855878168947,0.2742373949599446,0.047761711459105245,0.2404,0.6666666666666666,0.2875,0.05774759254241205,2.156196159282925,2.48948024268974,0.24784721422512268,0.043871528131349986,1.0,1.0,0.0,0.0,0.28485714285714286,0.5357142857142857,0.3928571428571429,0.07497809203837003,0.0,0.0,0.0,0.0,0.0,0.0,0.0,0.0,0.0,0.0,0.0,0.0,0.0,0.0,0.0,0.0,0.0,0.0,0.0,0.0,stable,runaway
16,500,240,modular,6,0.08,0.004,0.12,20,10.0,0.72,0.22,True,static,1.0,False,False,1.0,default,default,0.34984999999999994,0.7875,0.18333333333333335,0.026789659074600656,0.40701666666666664,0.48333333333333334,0.12916666666666665,0.025369541011045334,0.2431333333333333,0.4625,0.19166666666666665,0.026358932704746096,0.6685296941813723,0.9327400666458882,0.2922812889160181,0.03674244262579778,0.6686090939975459,0.9327400666458882,0.2922812889160181,0.036799737828145204,0.2831593432124753,0.668797462219884,0.41437258269040883,0.06057158674247387,0.2832166666666666,0.7166666666666667,0.4458333333333333,0.06660768432479176,2.205532959433976,2.5557331638814196,0.39765371399820215,0.05271415745587804,1.0,1.0,0.0,0.0,0.32042857142857145,0.5714285714285714,0.46428571428571425,0.07425837408972122,0.0,0.0,0.0,0.0,0.0,0.0,0.0,0.0,0.0,0.0,0.0,0.0,0.0,0.0,0.0,0.0,0.0,0.0,0.0,0.0,runaway,runaway
17,500,240,modular,6,0.08,0.004,0.12,20,10.0,0.72,0.22,True,static,1.0,False,False,1.0,default,default,0.38805,0.8166666666666667,0.14583333333333337,0.023055856089072034,0.43460000000000004,0.5,0.125,0.02313741558601565,0.17735000000000004,0.425,0.10416666666666666,0.01867759352807529,0.5623123489421205,0.8414859145761517,0.1476284677807112,0.026177551099755815,0.5615167581998873,0.8414859145761517,0.1476284677807112,0.026034752462657764,0.12491575407682752,0.5561093250298544,0.14782173398230314,0.026472354774733003,0.12454999999999998,0.5791666666666667,0.1875,0.0343694025745769,2.0906326192238804,2.447562660032273,0.2441093881054981,0.04105380745765864,1.0,1.0,0.0,0.0,0.2567142857142857,0.5,0.3214285714285714,0.058473960714429576,0.0,0.0,0.0,0.0,0.0,0.0,0.0,0.0,0.0,0.0,0.0,0.0,0.0,0.0,0.0,0.0,0.0,0.0,0.0,0.0,stable,runaway
18,500,240,modular,6,0.08,0.004,0.12,20,10.0,0.72,0.22,True,static,1.0,False,False,1.0,default,default,0.4155833333333333,0.875,0.12916666666666665,0.02179465403360293,0.3775666666666667,0.48333333333333334,0.12083333333333335,0.022646338924132235,0.20685,0.38333333333333336,0.11250000000000002,0.019302626476438094,0.5843410035842891,0.8121479333770839,0.15417691497926383,0.026563599961000404,0.5841499828223,0.8121479333770839,0.17893283274992172,0.027040129568382594,0.15563751782002808,0.5354582278750205,0.22216109512259688,0.03239605842217611,0.15653333333333333,0.5958333333333333,0.2333333333333333,0.03972941815162496,2.0506015195372687,2.353336383223899,0.23269168099357196,0.039305982124109975,1.0,1.0,0.0,0.0,0.2421428571428571,0.42857142857142855,0.3571428571428571,0.06463792404223542,0.0,0.0,0.0,0.0,0.0,0.0,0.0,0.0,0.0,0.0,0.0,0.0,0.0,0.0,0.0,0.0,0.0,0.0,0.0,0.0,stable,stable
19,500,240,modular,6,0.08,0.004,0.12,20,10.0,0.72,0.22,True,static,1.0,False,False,1.0,default,default,0.3788,0.8166666666666667,0.10833333333333328,0.02230792086531897,0.40495000000000003,0.4625,0.1166666666666667,0.02290100070593714,0.21625,0.37916666666666665,0.11250000000000002,0.020235591581830924,0.6044647258693604,0.7869547979175358,0.13079494999003916,0.027028354186361157,0.6041330698343739,0.7869547979175358,0.12994635789254505,0.02638602575475334,0.1780720298094528,0.48637255754345554,0.1759673522918505,0.035394048790175305,0.17593333333333333,0.48333333333333334,0.20833333333333331,0.041701199023529284,2.1337543637947873,2.355050507165756,0.2041589172516045,0.04150287647935012,1.0,1.0,0.0,0.0,0.23685714285714285,0.42857142857142855,0.39285714285714285,0.066322649807973,0.0,0.0,0.0,0.0,0.0,0.0,0.0,0.0,0.0,0.0,0.0,0.0,0.0,0.0,0.0,0.0,0.0,0.0,0.0,0.0,stable,stable
20,500,240,modular,6,0.08,0.004,0.12,20,10.0,0.72,0.22,True,static,1.0,False,False,1.0,default,default,0.3973666666666667,0.7833333333333333,0.14583333333333331,0.02372607566932776,0.38991666666666663,0.48333333333333334,0.14166666666666666,0.02388761301502424,0.21271666666666667,0.4083333333333333,0.09999999999999998,0.019618450782646193,0.5952255521863112,0.8590859829232187,0.14926680466246356,0.027758538856017253,0.5967453552557946,0.8590859829232187,0.14483405719507092,0.027520188318001883,0.17098414766622178,0.5970896793970496,0.18444870685618947,0.035800053466936425,0.16978333333333337,0.6416666666666667,0.2416666666666667,0.04266888340595651,2.057309934665524,2.4094731121168436,0.2309018071359803,0.04087780940938302,1.0,1.0,0.0,0.0,0.24971428571428572,0.4642857142857143,0.3214285714285714,0.06685286921627956,0.0,0.0,0.0,0.0,0.0,0.0,0.0,0.0,0.0,0.0,0.0,0.0,0.0,0.0,0.0,0.0,0.0,0.0,0.0,0.0,stable,runaway
21,500,240,modular,6,0.08,0.004,0.12,20,10.0,0.72,0.22,True,static,1.0,False,False,1.0,default,default,0.42556666666666665,0.7958333333333333,0.12083333333333335,0.022539126474249667,0.39796666666666664,0.48333333333333334,0.14166666666666666,0.022840728729374836,0.17646666666666666,0.38333333333333336,0.11666666666666667,0.018217482445899782,0.5444667818004486,0.7935830551615317,0.14841864767631469,0.0257593684622858,0.54447498873252,0.7935830551615317,0.14841864767631469,0.02522792453064197,0.11146772627467502,0.5017765754140757,0.1477745632647955,0.024100370441402168,0.11141666666666669,0.4708333333333333,0.19166666666666665,0.032420950873710594,2.0210123991344577,2.3369701946508643,0.21236910418319366,0.03930457915095295,1.0,1.0,0.0,0.0,0.18,0.42857142857142855,0.32142857142857145,0.05783509279999189,0.0,0.0,0.0,0.0,0.0,0.0,0.0,0.0,0.0,0.0,0.0,0.0,0.0,0.0,0.0,0.0,0.0,0.0,0.0,0.0,stable,stable
22,500,240,modular,6,0.08,0.004,0.12,20,10.0,0.72,0.22,True,static,1.0,False,False,1.0,default,default,0.3746833333333333,0.7583333333333333,0.1333333333333333,0.024406220746176807,0.3793666666666667,0.44583333333333336,0.16250000000000003,0.02542885500109407,0.24595,0.4166666666666667,0.11666666666666664,0.021273359709583564,0.630445100735931,0.8537640465650905,0.15232418342360954,0.029110295239237152,0.6302990943579581,0.8537640465650905,0.15232418342360954,0.02852807634384218,0.2137021698306948,0.5775539026718967,0.22498855944282597,0.042516783804064505,0.21323333333333336,0.6041666666666666,0.3,0.05181313647243439,2.138542137073922,2.4306741995570196,0.21500591427694093,0.0429017024139462,1.0,1.0,0.0,0.0,0.3021428571428571,0.5357142857142857,0.39285714285714285,0.07270642674341739,0.0,0.0,0.0,0.0,0.0,0.0,0.0,0.0,0.0,0.0,0.0,0.0,0.0,0.0,0.0,0.0,0.0,0.0,0.0,0.0,stable,runaway
23,500,240,modular,6,0.08,0.004,0.12,20,10.0,0.72,0.22,True,static,1.0,False,False,1.0,default,default,0.39993333333333336,0.8333333333333334,0.14583333333333331,0.024474953183475822,0.41843333333333327,0.4708333333333333,0.12083333333333335,0.024202639892742645,0.1816333333333333,0.4041666666666667,0.09999999999999998,0.01926854085463315,0.5605118122407319,0.7974433510051165,0.15987387897222277,0.028268045777912868,0.5600001479430265,0.7974433510051165,0.15987387897222277,0.0282518735085654,0.12496858627537719,0.4983510076503218,0.1643258428742353,0.029470930486866533,0.12643333333333334,0.5083333333333333,0.20416666666666666,0.03680505701968443,2.073577820557027,2.3792233895454,0.2572280953112527,0.04348177955941478,1.0,1.0,0.0,0.0,0.19457142857142856,0.39285714285714285,0.32142857142857145,0.06000952305378587,0.0,0.0,0.0,0.0,0.0,0.0,0.0,0.0,0.0,0.0,0.0,0.0,0.0,0.0,0.0,0.0,0.0,0.0,0.0,0.0,stable,runaway
24,500,240,modular,6,0.08,0.004,0.12,20,10.0,0.72,0.22,True,static,1.0,False,False,1.0,default,default,0.3557,0.8166666666666667,0.14583333333333331,0.026289182397159314,0.404,0.4875,0.14999999999999997,0.02799751973141748,0.2403,0.43333333333333335,0.1333333333333333,0.022835620323423567,0.6659880171812693,0.886551860292317,0.17218777282997189,0.031013206797189715,0.6667064088651824,0.886551860292317,0.17264504457344954,0.030830369755113503,0.2825659116857858,0.6377984980536598,0.28693280961420464,0.05366998968940525,0.2820666666666667,0.6625,0.37083333333333335,0.06426556015644945,2.170226049051288,2.4453261926130434,0.2683224787618066,0.04636903059277388,1.0,1.0,0.0,0.0,0.34957142857142853,0.5714285714285714,0.3928571428571428,0.0709183203641013,0.0,0.0,0.0,0.0,0.0,0.0,0.0,0.0,0.0,0.0,0.0,0.0,0.0,0.0,0.0,0.0,0.0,0.0,0.0,0.0,stable,runaway
25,500,240,modular,6,0.08,0.004,0.12,20,10.0,0.72,0.22,True,static,1.0,False,False,1.0,default,default,0.3802833333333333,0.775,0.1375,0.024279970025608447,0.39598333333333335,0.475,0.125,0.025037022586561687,0.22373333333333334,0.3625,0.11666666666666667,0.020468295266365275,0.6163205690151242,0.8136890374959257,0.17007022598211385,0.029025571379508307,0.6166303042833823,0.8136890374959257,0.15768225372423017,0.02784978177194811,0.19857544636381524,0.5366736042214286,0.22521040221370142,0.04015030779307071,0.19803333333333337,0.5708333333333333,0.2625,0.04722604036851797,2.1129489409343467,2.3576571348218285,0.2396388996097123,0.04236231295457738,1.0,1.0,0.0,0.0,0.15885714285714286,0.35714285714285715,0.35714285714285715,0.06356035216506387,0.0,0.0,0.0,0.0,0.0,0.0,0.0,0.0,0.0,0.0,0.0,0.0,0.0,0.0,0.0,0.0,0.0,0.0,0.0,0.0,stable,stable
26,500,240,modular,6,0.08,0.004,0.12,20,10.0,0.72,0.22,True,static,1.0,False,False,1.0,default,default,0.37583333333333335,0.8375,0.16249999999999998,0.025549516194593155,0.37810000000000005,0.49166666666666664,0.15416666666666667,0.02635707790244502,0.24606666666666666,0.4041666666666667,0.12916666666666668,0.022150395030337496,0.6409707085519936,0.8449897846408015,0.1817849545707102,0.030674663884954354,0.6414564243125516,0.8449897846408015,0.1817849545707102,0.030778306436165973,0.23582589054389472,0.5786911864468436,0.287495449145943,0.049266481467744115,0.2368,0.6041666666666666,0.3458333333333333,0.05495638674844303,2.1169057471535817,2.3771172189137393,0.2620439259528988,0.04377276422296507,1.0,1.0,0.0,0.0,0.37771428571428567,0.6071428571428571,0.46428571428571425,0.0766337699312617,0.0,0.0,0.0,0.0,0.0,0.0,0.0,0.0,0.0,0.0,0.0,0.0,0.0,0.0,0.0,0.0,0.0,0.0,0.0,0.0,stable,runaway
27,500,240,modular,6,0.08,0.004,0.12,20,10.0,0.72,0.22,True,static,1.0,False,False,1.0,default,default,0.40748333333333336,0.7833333333333333,0.15833333333333333,0.026114858478141007,0.3917333333333333,0.4625,0.14583333333333337,0.024582536710256557,0.2007833333333333,0.4,0.1375,0.021988260756847303,0.5950162297677045,0.8725587423813099,0.1916578317038013,0.030806475822666667,0.5952932145476865,0.8725587423813099,0.1916578317038013,0.030513442215365994,0.16903823449132277,0.6100840570181557,0.22500639693824404,0.03886739643517525,0.16960000000000003,0.6291666666666667,0.22500000000000003,0.04589548513258745,2.0557233256899057,2.444089119719279,0.279997704116131,0.04673349629779453,1.0,1.0,0.0,0.0,0.17857142857142855,0.5,0.2857142857142857,0.05890150893739516,0.0,0.0,0.0,0.0,0.0,0.0,0.0,0.0,0.0,0.0,0.0,0.0,0.0,0.0,0.0,0.0,0.0,0.0,0.0,0.0,stable,oscillatory
28,500,240,modular,6,0.08,0.004,0.12,20,10.0,0.72,0.22,True,static,1.0,False,False,1.0,default,default,0.3888833333333333,0.825,0.13749999999999996,0.024618539761732415,0.4134,0.4875,0.1375,0.02490305648353676,0.19771666666666668,0.37916666666666665,0.11250000000000002,0.01980446778998225,0.5891887691833505,0.7985587666054506,0.1500223980029015,0.027981249682380548,0.5888541487306983,0.7985587666054506,0.1500223980029015,0.027799494429122187,0.15848491934733464,0.5042454006923627,0.18103495990175064,0.034840658408171424,0.16079999999999997,0.5583333333333333,0.21250000000000002,0.04121453357467215,2.0873226615135496,2.3795430624016007,0.22530339934546206,0.04292801568030058,1.0,1.0,0.0,0.0,0.18028571428571427,0.5,0.35714285714285715,0.05948006011278408,0.0,0.0,0.0,0.0,0.0,0.0,0.0,0.0,0.0,0.0,0.0,0.0,0.0,0.0,0.0,0.0,0.0,0.0,0.0,0.0,stable,stable
29,500,240,modular,6,0.08,0.004,0.12,20,10.0,0.72,0.22,True,static,1.0,False,False,1.0,default,default,0.3444666666666667,0.7958333333333333,0.15000000000000002,0.024285775443433737,0.4299666666666667,0.5083333333333333,0.15833333333333333,0.02604854442510496,0.22556666666666667,0.39166666666666666,0.12916666666666665,0.020120083940624544,0.6526418528102572,0.8660626179236963,0.16500800298861173,0.02694570342721466,0.6533533668272773,0.8660626179236963,0.1666861076120041,0.027953464056718887,0.2574109091335694,0.6108741738362095,0.2655112853814295,0.046689800807115725,0.25638333333333335,0.6083333333333333,0.3291666666666666,0.0562794638883097,2.148939714387194,2.3941109942529164,0.2725857601412258,0.04104989200892524,1.0,1.0,0.0,0.0,0.23285714285714285,0.4642857142857143,0.3571428571428571,0.06770283206327307,0.0,0.0,0.0,0.0,0.0,0.0,0.0,0.0,0.0,0.0,0.0,0.0,0.0,0.0,0.0,0.0,0.0,0.0,0.0,0.0,stable,oscillatory
30,500,240,modular,6,0.08,0.004,0.12,20,10.0,0.72,0.22,True,static,1.0,False,False,1.0,default,default,0.38748333333333335,0.8208333333333333,0.16249999999999998,0.02593661611613118,0.39213333333333333,0.475,0.1375,0.02462054246175561,0.22038333333333332,0.4125,0.13333333333333336,0.021909035426812686,0.6151341802947882,0.8397181361912628,0.17419952945371564,0.03131487245049377,0.615856435534882,0.8397181361912628,0.14440884825706035,0.030733915195761987,0.1966964437652456,0.5697890813332304,0.20071103320630346,0.043763877523864,0.1955,0.5791666666666667,0.2375,0.04933755612557684,2.107014371719898,2.415161290325153,0.26870338014753536,0.0468801093725656,1.0,1.0,0.0,0.0,0.2814285714285715,0.5357142857142857,0.35714285714285715,0.06919360593321335,0.0,0.0,0.0,0.0,0.0,0.0,0.0,0.0,0.0,0.0,0.0,0.0,0.0,0.0,0.0,0.0,0.0,0.0,0.0,0.0,stable,runaway
31,500,240,modular,6,0.08,0.004,0.12,20,10.0,0.72,0.22,True,static,1.0,False,False,1.0,default,default,0.3494,0.7791666666666667,0.15416666666666662,0.02582098629667994,0.42596666666666666,0.5125,0.16249999999999998,0.02670380746884858,0.22463333333333332,0.4083333333333333,0.14166666666666664,0.022490837640643305,0.6480198163166198,0.8805657048871498,0.2059365908955314,0.03177161773443662,0.6470968433312098,0.8805657048871498,0.2059365908955314,0.031459431540148526,0.24810341181347628,0.6277993042735858,0.31870640907942427,0.05051155762031596,0.24531666666666666,0.6625,0.35833333333333334,0.0554170776927113,2.1432681653542236,2.4124434568823196,0.3065860897130499,0.04631893658800132,1.0,1.0,0.0,0.0,0.313,0.5357142857142857,0.39285714285714285,0.07656783040586447,0.0,0.0,0.0,0.0,0.0,0.0,0.0,0.0,0.0,0.0,0.0,0.0,0.0,0.0,0.0,0.0,0.0,0.0,0.0,0.0,stable,runaway
32,500,240,modular,6,0.08,0.004,0.12,20,10.0,0.72,0.22,True,static,1.0,False,False,1.0,default,default,0.3827833333333333,0.8125,0.1375,0.023697520967392346,0.40693333333333337,0.49583333333333335,0.15833333333333333,0.025105023844287068,0.21028333333333335,0.4125,0.13749999999999998,0.020966646793843257,0.5936023726717878,0.8467229196195828,0.19075631566708795,0.02738040141589738,0.5938196775064201,0.8467229196195828,0.19075631566708795,0.02664845789114415,0.16453271522601845,0.5731604549338267,0.2547012623436754,0.0346837414982047,0.16538333333333333,0.6416666666666667,0.25,0.042699925188589165,2.109762766682977,2.4559466619412387,0.28175796829177435,0.042090022734009164,1.0,1.0,0.0,0.0,0.3082857142857143,0.5357142857142857,0.39285714285714285,0.0692578736406518,0.0,0.0,0.0,0.0,0.0,0.0,0.0,0.0,0.0,0.0,0.0,0.0,0.0,0.0,0.0,0.0,0.0,0.0,0.0,0.0,stable,runaway
33,500,240,modular,6,0.08,0.004,0.12,20,10.0,0.72,0.22,True,static,1.0,False,False,1.0,default,default,0.35001666666666664,0.8333333333333334,0.1791666666666667,0.029338773169836383,0.3837833333333333,0.4583333333333333,0.15833333333333333,0.02766124946965018,0.26620000000000005,0.425,0.20416666666666664,0.028870958110568865,0.6777853638256454,0.8928008057113075,0.280844975689481,0.03917915135129363,0.6786474153658392,0.8928008057113075,0.280844975689481,0.03868625276946153,0.29824662714128714,0.6295857172416653,0.3934611794514856,0.06217992164266284,0.2962333333333333,0.6541666666666667,0.4166666666666667,0.06925681675233612,2.188167223400615,2.477897926413756,0.37916976947314907,0.05630018402011992,1.0,1.0,0.0,0.0,0.3597142857142857,0.5714285714285714,0.5,0.07741697330109232,0.0,0.0,0.0,0.0,0.0,0.0,0.0,0.0,0.0,0.0,0.0,0.0,0.0,0.0,0.0,0.0,0.0,0.0,0.0,0.0,oscillatory,runaway
34,500,240,modular,6,0.08,0.004,0.12,20,10.0,0.72,0.22,True,static,1.0,False,False,1.0,default,default,0.42673333333333335,0.8416666666666667,0.14166666666666666,0.024749769920367162,0.3767166666666667,0.44166666666666665,0.12083333333333329,0.023738394825448688,0.19655,0.4125,0.10416666666666669,0.019719568679078377,0.5702601103764997,0.869005868464635,0.16576939022877157,0.028670498389653985,0.5689812200067613,0.869005868464635,0.16576939022877157,0.028240197636937754,0.13683253376463286,0.6047944677756415,0.19026706703984497,0.032047906427370834,0.1359,0.6375,0.22083333333333335,0.03961896291199736,2.0289205064236753,2.4441548874942045,0.25736433795255453,0.043077271279184697,1.0,1.0,0.0,0.0,0.20157142857142857,0.6071428571428571,0.35714285714285715,0.06543870788605104,0.0,0.0,0.0,0.0,0.0,0.0,0.0,0.0,0.0,0.0,0.0,0.0,0.0,0.0,0.0,0.0,0.0,0.0,0.0,0.0,stable,runaway
35,500,240,modular,6,0.08,0.004,0.12,20,10.0,0.72,0.22,True,static,1.0,False,False,1.0,default,default,0.37951666666666667,0.8125,0.1375,0.024606960397416014,0.37151666666666666,0.44583333333333336,0.14166666666666672,0.024760345761362507,0.24896666666666664,0.43333333333333335,0.11666666666666667,0.020977209855777612,0.6066481929060846,0.8542527006372611,0.14470211772421349,0.028576737210858884,0.6063481187830634,0.8542527006372611,0.19547861807128708,0.029531584553712343,0.177047913512035,0.5684497541174726,0.2713991915707215,0.03921885840872465,0.17623333333333333,0.575,0.3166666666666667,0.043980816525187684,2.1314079698545783,2.4767429499477784,0.2501330276552902,0.043684777396623777,1.0,1.0,0.0,0.0,0.314,0.5,0.39285714285714285,0.06973653040888533,0.0,0.0,0.0,0.0,0.0,0.0,0.0,0.0,0.0,0.0,0.0,0.0,0.0,0.0,0.0,0.0,0.0,0.0,0.0,0.0,stable,runaway
36,500,240,modular,6,0.08,0.004,0.12,20,10.0,0.72,0.22,True,static,1.0,False,False,1.0,default,default,0.36878333333333335,0.75,0.12083333333333329,0.02415011502158024,0.41479999999999995,0.475,0.12916666666666665,0.025265017536330963,0.21641666666666665,0.42083333333333334,0.12083333333333332,0.021098479408083733,0.6124446968512465,0.829877400155128,0.164822173155042,0.027808124251737416,0.6121898102310158,0.829877400155128,0.164822173155042,0.027933519837173952,0.18674878652869534,0.5441998804250378,0.2316155015104729,0.03896729493034525,0.18393333333333334,0.5416666666666666,0.30833333333333335,0.04625173870605658,2.1096507039705883,2.3763852733701336,0.2291696722603771,0.042126509743217584,1.0,1.0,0.0,0.0,0.3198571428571429,0.5357142857142857,0.35714285714285715,0.066643890667227,0.0,0.0,0.0,0.0,0.0,0.0,0.0,0.0,0.0,0.0,0.0,0.0,0.0,0.0,0.0,0.0,0.0,0.0,0.0,0.0,stable,runaway
37,500,240,modular,6,0.08,0.004,0.12,20,10.0,0.72,0.22,True,static,1.0,False,False,1.0,default,default,0.38906666666666667,0.7833333333333333,0.1333333333333333,0.024032177503413115,0.43638333333333335,0.5083333333333333,0.12916666666666665,0.02579438461715607,0.17455,0.35,0.11249999999999999,0.01974153123634425,0.5755757579126872,0.7863203774322222,0.1493694635758599,0.02709837622268818,0.5756348556066826,0.7863203774322222,0.1493694635758599,0.02737277050756597,0.14401174722517315,0.48865481242752856,0.17297089443209235,0.03185077797830095,0.14508333333333331,0.4791666666666667,0.23333333333333334,0.0395362878322631,2.0366679294973307,2.294208538559413,0.22384751889623966,0.041103729178687626,1.0,1.0,0.0,0.0,0.15757142857142856,0.35714285714285715,0.32142857142857145,0.05644954402303143,0.0,0.0,0.0,0.0,0.0,0.0,0.0,0.0,0.0,0.0,0.0,0.0,0.0,0.0,0.0,0.0,0.0,0.0,0.0,0.0,stable,stable
38,500,240,modular,6,0.08,0.004,0.12,20,10.0,0.72,0.22,True,static,1.0,False,False,1.0,default,default,0.39104999999999995,0.8208333333333333,0.11249999999999999,0.0226959431029718,0.43083333333333335,0.49583333333333335,0.1375,0.02333928495524707,0.17811666666666667,0.3958333333333333,0.12083333333333332,0.020102383772412,0.5709450849674673,0.806964465061173,0.14411518686557356,0.02671338005017335,0.5715822019494071,0.806964465061173,0.16254788528146513,0.027022013175468155,0.13925110897269455,0.5213759310902596,0.1852698242482489,0.030245773063554752,0.13931666666666667,0.5208333333333334,0.18333333333333332,0.038194927673710806,2.049159886441443,2.33170442612013,0.20863846565397615,0.04063488165708458,1.0,1.0,0.0,0.0,0.1591428571428571,0.42857142857142855,0.28571428571428575,0.054399129644898264,0.0,0.0,0.0,0.0,0.0,0.0,0.0,0.0,0.0,0.0,0.0,0.0,0.0,0.0,0.0,0.0,0.0,0.0,0.0,0.0,stable,oscillatory
39,500,240,modular,6,0.08,0.004,0.12,20,10.0,0.72,0.22,True,static,1.0,False,False,1.0,default,default,0.3837,0.7916666666666666,0.11666666666666664,0.022897816489787844,0.4093166666666667,0.49583333333333335,0.14583333333333337,0.025705430684325573,0.20698333333333332,0.4166666666666667,0.12500000000000003,0.019419985410224522,0.6031503931116559,0.8464369012197823,0.1499317035487414,0.02566616884211591,0.6028055993030219,0.8464369012197823,0.1499317035487414,0.02604927387245142,0.17568097937107172,0.5716406559179764,0.2127601561236083,0.0351617847613449,0.17461666666666667,0.5666666666666667,0.25416666666666665,0.04210014845579526,2.073018270007247,2.3838592043139717,0.20235627047684024,0.038156929165723524,1.0,1.0,0.0,0.0,0.356,0.5714285714285714,0.3214285714285714,0.06490746946104689,0.0,0.0,0.0,0.0,0.0,0.0,0.0,0.0,0.0,0.0,0.0,0.0,0.0,0.0,0.0,0.0,0.0,0.0,0.0,0.0,stable,runaway
40,500,240,modular,6,0.08,0.004,0.12,20,10.0,0.72,0.22,True,static,1.0,False,False,1.0,default,default,0.34948333333333337,0.7708333333333334,0.26666666666666666,0.08262076850822007,0.41064999999999996,0.5166666666666667,0.20833333333333337,0.041151579556561374,0.23986666666666667,0.42083333333333334,0.3208333333333333,0.11243928732135104,0.6572550236620678,0.8691282512758992,0.4326576877815425,0.14382989288548909,0.6477639954274445,0.8691282512758992,0.4326576877815425,0.14380660108651125,0.29080982096815133,0.608974388734907,0.560230872124547,0.203289138892857,0.2914333333333333,0.6375,0.5874999999999999,0.20743961905951225,2.168260456050541,2.4553307361877286,0.5851027260428356,0.1915932660461936,1.0,1.0,0.0,0.0,0.2921428571428571,0.5714285714285714,0.4642857142857143,0.08918279782879335,0.0,0.0,0.0,0.0,0.0,0.0,0.0,0.0,0.0,0.0,0.0,0.0,0.0,0.0,0.0,0.0,0.0,0.0,0.0,0.0,oscillatory,runaway
41,500,240,modular,6,0.08,0.004,0.12,20,10.0,0.72,0.22,True,static,1.0,False,False,1.0,default,default,0.36660000000000004,0.7875,0.1291666666666667,0.024991576358623098,0.43245,0.5,0.12916666666666665,0.024599237793069932,0.20095,0.43333333333333335,0.10416666666666669,0.019554063232200332,0.607754480304089,0.8543224839447424,0.17180865746784624,0.028436356694557956,0.6081400323404844,0.8543224839447424,0.15178476246619665,0.028177114305975706,0.18205950240097157,0.5777169407674255,0.20966712232012893,0.038615555450468866,0.18366666666666667,0.6083333333333333,0.22499999999999998,0.04591689352636033,2.1147540367731352,2.4165654295810226,0.2318772398364486,0.04292756981542795,1.0,1.0,0.0,0.0,0.2771428571428572,0.4642857142857143,0.35714285714285715,0.06200724118345916,0.0,0.0,0.0,0.0,0.0,0.0,0.0,0.0,0.0,0.0,0.0,0.0,0.0,0.0,0.0,0.0,0.0,0.0,0.0,0.0,stable,runaway
42,500,240,modular,6,0.08,0.004,0.12,20,10.0,0.72,0.22,True,static,1.0,False,False,1.0,default,default,0.37326666666666664,0.7958333333333333,0.14583333333333331,0.02442212112000102,0.4040166666666667,0.4875,0.14999999999999997,0.02408992989243062,0.22271666666666667,0.3875,0.125,0.02174971902755936,0.6081585088405672,0.8121626733324441,0.1640975738243149,0.028963352011252202,0.6076896525922076,0.8121626733324441,0.1640975738243149,0.02949883796961681,0.1816974562051278,0.5211148201160364,0.23393484778331863,0.04005510862345875,0.18261666666666662,0.5333333333333333,0.2666666666666667,0.0473957950549296,2.1474659495726174,2.427967273731668,0.26654120014749294,0.04494773933642258,1.0,1.0,0.0,0.0,0.29028571428571426,0.4642857142857143,0.35714285714285715,0.06569502823421174,0.0,0.0,0.0,0.0,0.0,0.0,0.0,0.0,0.0,0.0,0.0,0.0,0.0,0.0,0.0,0.0,0.0,0.0,0.0,0.0,stable,oscillatory
43,500,240,modular,6,0.08,0.004,0.12,20,10.0,0.72,0.22,True,static,1.0,False,False,1.0,default,default,0.34564999999999996,0.8208333333333333,0.12083333333333329,0.0225193065316556,0.43161666666666665,0.5,0.14166666666666666,0.02621831950712665,0.22273333333333334,0.38333333333333336,0.14583333333333331,0.022779157139806556,0.651854224863965,0.8216708413908899,0.16820690545142192,0.028028899058445484,0.6520267725761567,0.8216708413908899,0.16820690545142192,0.02831354084352638,0.25252604241888993,0.5468188229612789,0.27678187841761026,0.04672691476004973,0.24965,0.5916666666666667,0.2916666666666667,0.0543990119395564,2.167151935840002,2.373527585013487,0.2294089164128632,0.04128945950543224,1.0,1.0,0.0,0.0,0.2531428571428571,0.42857142857142855,0.3214285714285714,0.06499858711180277,0.0,0.0,0.0,0.0,0.0,0.0,0.0,0.0,0.0,0.0,0.0,0.0,0.0,0.0,0.0,0.0,0.0,0.0,0.0,0.0,stable,oscillatory
44,500,240,modular,6,0.08,0.004,0.12,20,10.0,0.72,0.22,True,static,1.0,False,False,1.0,default,default,0.3599166666666666,0.8375,0.1333333333333333,0.023131418028300814,0.41101666666666664,0.5,0.17916666666666664,0.025513226417335423,0.22906666666666667,0.45416666666666666,0.11249999999999999,0.02122605840837049,0.638053278920844,0.8447373442027735,0.14709997003939324,0.027211391774771918,0.6382212884828457,0.8447373442027735,0.14709997003939324,0.027675878899115332,0.22955004602356519,0.5765604847355482,0.22165885449086925,0.043414824318680004,0.23086666666666666,0.5875,0.2791666666666667,0.050344910368377856,2.159434614482274,2.39970264406823,0.23764912522334392,0.041139659777776325,1.0,1.0,0.0,0.0,0.20585714285714282,0.42857142857142855,0.32142857142857145,0.06124040949489186,0.0,0.0,0.0,0.0,0.0,0.0,0.0,0.0,0.0,0.0,0.0,0.0,0.0,0.0,0.0,0.0,0.0,0.0,0.0,0.0,runaway,runaway
45,500,240,modular,6,0.08,0.004,0.12,20,10.0,0.72,0.22,True,static,1.0,False,False,1.0,default,default,0.34393333333333337,0.8125,0.14999999999999997,0.024537409081735673,0.42556666666666665,0.4875,0.1375,0.025662575431506827,0.2305,0.36666666666666664,0.14166666666666664,0.022512959230925934,0.6525336425590232,0.8373458097172187,0.19843218291871068,0.029761482874084408,0.6526800656349603,0.8373458097172187,0.19360981082130024,0.028874866275189072,0.25351438831136724,0.5681717628148809,0.30058236580355613,0.0467824636537701,0.2529666666666667,0.575,0.2875,0.055497287220988456,2.1645344194378486,2.3948602458492467,0.2852045677485475,0.04394907985745259,1.0,1.0,0.0,0.0,0.22514285714285714,0.5,0.3571428571428571,0.06987218651924092,0.0,0.0,0.0,0.0,0.0,0.0,0.0,0.0,0.0,0.0,0.0,0.0,0.0,0.0,0.0,0.0,0.0,0.0,0.0,0.0,stable,oscillatory
46,500,240,modular,6,0.08,0.004,0.12,20,10.0,0.72,0.22,True,static,1.0,False,False,1.0,default,default,0.38563333333333333,0.8125,0.12916666666666665,0.0224781128112561,0.4184,0.49166666666666664,0.125,0.022917024239634605,0.19596666666666665,0.3875,0.12083333333333332,0.020175865670537054,0.5880950037384611,0.8352406683595707,0.151045380447567,0.02673338712303428,0.587941514824109,0.8352406683595707,0.151045380447567,0.027288819892505426,0.15723561583781867,0.557758488036575,0.19371737214401225,0.03401061450373865,0.15703333333333333,0.5708333333333333,0.21250000000000002,0.04014181803998862,2.0605297802180367,2.401144188620148,0.22568925948217533,0.040456571566566533,1.0,1.0,0.0,0.0,0.17942857142857144,0.5714285714285714,0.32142857142857145,0.05401511504256216,0.0,0.0,0.0,0.0,0.0,0.0,0.0,0.0,0.0,0.0,0.0,0.0,0.0,0.0,0.0,0.0,0.0,0.0,0.0,0.0,stable,oscillatory
47,500,240,modular,6,0.08,0.004,0.12,20,10.0,0.72,0.22,True,static,1.0,False,False,1.0,default,default,0.38356666666666667,0.8,0.15416666666666667,0.025048863358554926,0.33798333333333336,0.425,0.12083333333333335,0.02410284100359218,0.27845000000000003,0.4375,0.1166666666666667,0.02286676992202149,0.6489274753453526,0.8881375741138928,0.16821166385712438,0.03212972154818139,0.6480721942424207,0.8881375741138928,0.16821166385712438,0.032104935170354884,0.24422849222267284,0.6216769266691385,0.2748773852751208,0.05216677060086998,0.24481666666666665,0.6625,0.3458333333333333,0.06067680547146679,2.142196912479285,2.446607837733085,0.2571136899283295,0.04633944262744254,1.0,1.0,0.0,0.0,0.3082857142857143,0.5357142857142857,0.4642857142857143,0.07389126042602696,0.0,0.0,0.0,0.0,0.0,0.0,0.0,0.0,0.0,0.0,0.0,0.0,0.0,0.0,0.0,0.0,0.0,0.0,0.0,0.0,stable,runaway
48,500,240,modular,6,0.08,0.004,0.12,20,10.0,0.72,0.22,True,static,1.0,False,False,1.0,default,default,0.36096666666666666,0.7791666666666667,0.1375,0.02488046980621101,0.4143333333333334,0.5,0.14583333333333331,0.024708860309163954,0.22469999999999998,0.42916666666666664,0.13333333333333333,0.020603235991788604,0.6234738874667171,0.8556915988160874,0.15827638171947855,0.028345655197187528,0.6233779878229527,0.8556915988160874,0.15827638171947855,0.028557939064868986,0.203228338544564,0.5789601201506559,0.23622271185818372,0.04178949632979823,0.20335000000000003,0.6083333333333333,0.25,0.04816450110472096,2.1577402960956995,2.4680091109228735,0.25607019434891276,0.044455636312844285,1.0,1.0,0.0,0.0,0.2887142857142857,0.5714285714285714,0.5,0.07957912248004421,0.0,0.0,0.0,0.0,0.0,0.0,0.0,0.0,0.0,0.0,0.0,0.0,0.0,0.0,0.0,0.0,0.0,0.0,0.0,0.0,stable,runaway
49,500,240,modular,6,0.08,0.004,0.12,20,10.0,0.72,0.22,True,static,1.0,False,False,1.0,default,default,0.4022166666666667,0.8166666666666667,0.11666666666666664,0.02155780987639205,0.37501666666666666,0.4625,0.11666666666666664,0.022578560381230885,0.22276666666666667,0.44166666666666665,0.11666666666666664,0.020351385429225422,0.5921701888046623,0.8864915759645637,0.13625591352052135,0.027603967052401944,0.5912291120625989,0.8864915759645637,0.14818965670023843,0.02789989840644325,0.16060076050306543,0.6140805906151316,0.18120976621643867,0.03451137145742933,0.15931666666666666,0.6583333333333333,0.24583333333333332,0.040018290956900085,2.0520959129154437,2.4591324107129116,0.19303093576156538,0.0398199140052004,1.0,1.0,0.0,0.0,0.19814285714285715,0.6071428571428571,0.3214285714285714,0.06127572346136997,0.0,0.0,0.0,0.0,0.0,0.0,0.0,0.0,0.0,0.0,0.0,0.0,0.0,0.0,0.0,0.0,0.0,0.0,0.0,0.0,stable,runaway
50,500,240,modular,6,0.08,0.004,0.12,20,10.0,0.72,0.22,True,static,1.0,False,False,1.0,default,default,0.34168333333333334,0.7833333333333333,0.14583333333333331,0.02526387957363459,0.4131,0.49166666666666664,0.17083333333333328,0.024783529476919412,0.2452166666666667,0.3875,0.14583333333333337,0.024114201670845797,0.6730160341438893,0.8405458059351959,0.21026205691500022,0.032795158340397944,0.6720987310937017,0.8405458059351959,0.18365841557469564,0.03224450809108184,0.2906578229193983,0.5805199376632101,0.29544748232773255,0.056144811782716054,0.2897833333333333,0.6125,0.30833333333333335,0.06024943752618959,2.1896361896712233,2.3711059878477556,0.30766010315666037,0.04764440221686129,1.0,1.0,0.0,0.0,0.32957142857142857,0.5714285714285714,0.3571428571428571,0.0743682234093381,0.0,0.0,0.0,0.0,0.0,0.0,0.0,0.0,0.0,0.0,0.0,0.0,0.0,0.0,0.0,0.0,0.0,0.0,0.0,0.0,stable,oscillatory
1,500,240,modular,6,0.08,0.004,0.12,20,10.0,0.72,0.22,False,static,1.0,False,False,1.0,default,default,0.6477166666666667,0.8333333333333334,0.14166666666666672,0.028079653567030422,0.2728666666666667,0.36666666666666664,0.17916666666666664,0.02791910934587038,0.07941666666666668,0.15,0.11249999999999999,0.017740607843776568,0.3232985483203622,0.4190837091675709,0.1672326139607248,0.028287139789772816,0.32374233116285095,0.4190837091675709,0.1672326139607248,0.028770030044499677,0.01455005692599766,0.0352432708802539,0.02836146837423493,0.004240953493340156,0.015033333333333334,0.04583333333333333,0.041666666666666664,0.009096641626935123,1.625031139296782,1.76551236484135,0.25379196393726167,0.045521871835055044,1.0,1.0,0.0,0.0,0.07914285714285713,0.25,0.25,0.04919432520782312,0.0,0.0,0.0,0.0,0.0,0.0,0.0,0.0,0.0,0.0,0.0,0.0,0.0,0.0,0.0,0.0,0.0,0.0,0.0,0.0,stable,stable
2,500,240,modular,6,0.08,0.004,0.12,20,10.0,0.72,0.22,False,static,1.0,False,False,1.0,default,default,0.6500833333333333,0.7875,0.17916666666666659,0.03001492684204533,0.2713,0.3416666666666667,0.15,0.027839899425105688,0.07861666666666667,0.13333333333333333,0.09166666666666667,0.016224646888812918,0.3143835928677126,0.40692564952300064,0.17032152803011016,0.02967127121384626,0.31390062970526184,0.40692564952300064,0.17032152803011016,0.030552465117466947,0.012997482330173955,0.030718688383957003,0.023801275982909046,0.004044038024536168,0.013550000000000001,0.05,0.05,0.009110143918853435,1.6149077434675834,1.7704306872827908,0.29570701874914884,0.047865015364281664,1.0,1.0,0.0,0.0,0.08099999999999999,0.2857142857142857,0.2857142857142857,0.0516584149653732,0.0,0.0,0.0,0.0,0.0,0.0,0.0,0.0,0.0,0.0,0.0,0.0,0.0,0.0,0.0,0.0,0.0,0.0,0.0,0.0,stable,stable
3,500,240,modular,6,0.08,0.004,0.12,20,10.0,0.72,0.22,False,static,1.0,False,False,1.0,default,default,0.6490666666666666,0.8,0.1875,0.029839217296854303,0.2683666666666667,0.37083333333333335,0.17916666666666667,0.02917664591187045,0.08256666666666665,0.12916666666666668,0.10416666666666669,0.01710168932526193,0.3182011844222907,0.40255011089379206,0.16797039630510358,0.02951335914732626,0.3173746521556747,0.40255011089379206,0.16756040781619413,0.029116346795289988,0.01338496258096824,0.02942129983007168,0.023728044732921838,0.0040198435540237535,0.013516666666666666,0.058333333333333334,0.058333333333333334,0.008843217740166755,1.6286939427414084,1.7773999554364117,0.27812749975456663,0.047929486823418646,1.0,1.0,0.0,0.0,0.07785714285714283,0.25,0.25,0.04859768198049729,0.0,0.0,0.0,0.0,0.0,0.0,0.0,0.0,0.0,0.0,0.0,0.0,0.0,0.0,0.0,0.0,0.0,0.0,0.0,0.0,stable,stable
4,500,240,modular,6,0.08,0.004,0.12,20,10.0,0.72,0.22,False,static,1.0,False,False,1.0,default,default,0.6497499999999999,0.7791666666666667,0.1791666666666667,0.030718366746224576,0.2687333333333333,0.36666666666666664,0.18333333333333332,0.028575552876929998,0.08151666666666667,0.14166666666666666,0.10833333333333334,0.018520776621585463,0.3199970139479095,0.421084382237286,0.17668002063661356,0.03239163713714991,0.3188908589323685,0.40953438798173125,0.1651300263810588,0.03159358640780174,0.013801392737682827,0.03174196654407677,0.025435096227616596,0.00443185640328345,0.013666666666666666,0.04583333333333333,0.04583333333333333,0.00817516564562048,1.6360282662946974,1.8005383008850382,0.2739762540887878,0.05143726391346018,1.0,1.0,0.0,0.0,0.08299999999999999,0.25,0.25,0.05114784492836747,0.0,0.0,0.0,0.0,0.0,0.0,0.0,0.0,0.0,0.0,0.0,0.0,0.0,0.0,0.0,0.0,0.0,0.0,0.0,0.0,stable,stable
5,500,240,modular,6,0.08,0.004,0.12,20,10.0,0.72,0.22,False,static,1.0,False,False,1.0,default,default,0.6518333333333333,0.7666666666666667,0.19166666666666665,0.028681197867437665,0.27031666666666665,0.3541666666666667,0.15000000000000002,0.02725032619580503,0.07784999999999999,0.15,0.0875,0.01680367849939742,0.31129989663506874,0.4020205490847459,0.17090046521076813,0.028518011332504513,0.31292979125373466,0.4020205490847459,0.17090046521076813,0.02821513451232295,0.012725365391687076,0.029163048910952546,0.023462424086789092,0.003605724884214117,0.012533333333333334,0.05416666666666667,0.05416666666666667,0.008660189887576882,1.5997427971040616,1.7602162930470198,0.3037556880887402,0.04637828290943344,1.0,1.0,0.0,0.0,0.08128571428571428,0.2857142857142857,0.2857142857142857,0.05219449497909189,0.0,0.0,0.0,0.0,0.0,0.0,0.0,0.0,0.0,0.0,0.0,0.0,0.0,0.0,0.0,0.0,0.0,0.0,0.0,0.0,stable,stable
6,500,240,modular,6,0.08,0.004,0.12,20,10.0,0.72,0.22,False,static,1.0,False,False,1.0,default,default,0.6483666666666666,0.7958333333333333,0.16666666666666663,0.03289670702871845,0.2732166666666667,0.3625,0.16666666666666666,0.03079186851535104,0.07841666666666668,0.13333333333333333,0.1,0.018140845564024236,0.31556657337599237,0.41082035573031855,0.17911486073294144,0.03183413794971455,0.3150264795106644,0.41082035573031855,0.17911486073294144,0.032142137933619884,0.013178218365783947,0.031809216147233504,0.026146274387779864,0.004346493938787639,0.012133333333333333,0.041666666666666664,0.041666666666666664,0.007350661345907742,1.6139892897854702,1.7704003635204197,0.29125418233579636,0.05275325845966035,1.0,1.0,0.0,0.0,0.07899999999999999,0.25,0.21428571428571427,0.049164654634260604,0.0,0.0,0.0,0.0,0.0,0.0,0.0,0.0,0.0,0.0,0.0,0.0,0.0,0.0,0.0,0.0,0.0,0.0,0.0,0.0,stable,stable
7,500,240,modular,6,0.08,0.004,0.12,20,10.0,0.72,0.22,False,static,1.0,False,False,1.0,default,default,0.6485166666666666,0.8416666666666667,0.20416666666666672,0.033434550492965606,0.26975,0.3541666666666667,0.17500000000000002,0.03191362039422458,0.08173333333333334,0.14166666666666666,0.10416666666666666,0.018248165813460695,0.32765488692379646,0.44158527954074583,0.18675527182315366,0.033957060119222574,0.32721293338218516,0.44158527954074583,0.18469458581852388,0.03242288321624347,0.01534877606140748,0.043940078021528946,0.033125769579404454,0.005382085640331402,0.015149999999999999,0.058333333333333334,0.058333333333333334,0.009760592536658143,1.6329538860994435,1.8120492852524344,0.29373448989682793,0.053321613626390534,1.0,1.0,0.0,0.0,0.08157142857142857,0.25,0.25,0.054624693526436764,0.0,0.0,0.0,0.0,0.0,0.0,0.0,0.0,0.0,0.0,0.0,0.0,0.0,0.0,0.0,0.0,0.0,0.0,0.0,0.0,stable,stable
8,500,240,modular,6,0.08,0.004,0.12,20,10.0,0.72,0.22,False,static,1.0,False,False,1.0,default,default,0.6527166666666667,0.8,0.16666666666666663,0.029996208093690774,0.2673000000000001,0.3625,0.14583333333333334,0.026737177612206314,0.07998333333333332,0.13333333333333333,0.09583333333333333,0.01781735265283694,0.31872876226195707,0.420738715021438,0.1906443540798202,0.0314547902255515,0.318646006269924,0.420738715021438,0.1906443540798202,0.030708796194813814,0.013851132123133646,0.035625667350213025,0.02778478811388057,0.004387197200723147,0.012883333333333333,0.05,0.0375,0.008074668895860546,1.5888192954297407,1.743749585214928,0.28866317428667476,0.04869488643247454,1.0,1.0,0.0,0.0,0.07999999999999999,0.32142857142857145,0.32142857142857145,0.05089003751587679,0.0,0.0,0.0,0.0,0.0,0.0,0.0,0.0,0.0,0.0,0.0,0.0,0.0,0.0,0.0,0.0,0.0,0.0,0.0,0.0,stable,stable
9,500,240,modular,6,0.08,0.004,0.12,20,10.0,0.72,0.22,False,static,1.0,False,False,1.0,default,default,0.6503333333333332,0.7625,0.1958333333333333,0.031748140802957965,0.2693,0.35,0.17916666666666667,0.028570264261990996,0.08036666666666667,0.12916666666666668,0.09166666666666667,0.018060976963854666,0.3184287890377617,0.4039945247541838,0.17360217756485194,0.03321131005295869,0.3199690123716198,0.4039945247541838,0.17360217756485194,0.033234229253368004,0.014025346143312337,0.03012377810508596,0.0229573805508796,0.00470248470436004,0.014183333333333334,0.04583333333333333,0.04583333333333333,0.008548050459997687,1.6305513181208242,1.769630096694282,0.3062433796583366,0.053281457854160136,1.0,1.0,0.0,0.0,0.07971428571428571,0.25,0.25,0.04992565901990107,0.0,0.0,0.0,0.0,0.0,0.0,0.0,0.0,0.0,0.0,0.0,0.0,0.0,0.0,0.0,0.0,0.0,0.0,0.0,0.0,stable,stable
10,500,240,modular,6,0.08,0.004,0.12,20,10.0,0.72,0.22,False,static,1.0,False,False,1.0,default,default,0.6505833333333333,0.7875,0.1791666666666667,0.03086496125598303,0.26863333333333334,0.3416666666666667,0.15000000000000002,0.027126637175375137,0.08078333333333333,0.12916666666666668,0.07916666666666666,0.015884487541134102,0.32267168165372756,0.4109524255622076,0.16711542973046342,0.03133821652504638,0.3236070042532184,0.4109524255622076,0.16711542973046342,0.03159016215486425,0.014661287097093745,0.03266316017469015,0.024371451341792468,0.004606728737485352,0.01485,0.05,0.05,0.008626010407804731,1.6244004560935257,1.7630045352305606,0.2852599297977054,0.05053491571547412,1.0,1.0,0.0,0.0,0.0797142857142857,0.25,0.25,0.049925659019901064,0.0,0.0,0.0,0.0,0.0,0.0,0.0,0.0,0.0,0.0,0.0,0.0,0.0,0.0,0.0,0.0,0.0,0.0,0.0,0.0,stable,stable
11,500,240,modular,6,0.08,0.004,0.12,20,10.0,0.72,0.22,False,static,1.0,False,False,1.0,default,default,0.6468166666666666,0.8166666666666667,0.17500000000000004,0.03241342743027614,0.27365000000000006,0.3625,0.16666666666666666,0.02953429738832841,0.07953333333333333,0.12916666666666668,0.1,0.017993177719470357,0.3188093201267574,0.4200911192195974,0.18126531649814487,0.033412740072109315,0.3201987847502576,0.4200911192195974,0.18126531649814487,0.033841152344027105,0.014054372428179203,0.0350308440537015,0.02907659213276858,0.0049336379098123846,0.013833333333333335,0.05,0.05,0.008573214099741122,1.6193651540425467,1.7766654153933772,0.27051000699925565,0.05308922329319348,1.0,1.0,0.0,0.0,0.07614285714285714,0.25,0.25,0.04931386359693532,0.0,0.0,0.0,0.0,0.0,0.0,0.0,0.0,0.0,0.0,0.0,0.0,0.0,0.0,0.0,0.0,0.0,0.0,0.0,0.0,stable,stable
12,500,240,modular,6,0.08,0.004,0.12,20,10.0,0.72,0.22,False,static,1.0,False,False,1.0,default,default,0.6476000000000001,0.7708333333333334,0.17083333333333328,0.0319407611403082,0.2732833333333333,0.35,0.1708333333333333,0.02945873290629528,0.07911666666666667,0.13333333333333333,0.09166666666666667,0.01816009820090923,0.3202427150731555,0.41653546634264166,0.17802587012511661,0.03233549306242741,0.31988669233365485,0.41653546634264166,0.17802587012511661,0.03265426389296791,0.014050739974856681,0.03410908184610619,0.028130396105085154,0.00465716491529584,0.013550000000000001,0.058333333333333334,0.058333333333333334,0.008901950472914474,1.6052023755360438,1.7408881999345074,0.26459566821117986,0.05105281448035623,1.0,1.0,0.0,0.0,0.07642857142857142,0.2857142857142857,0.21428571428571427,0.050005101780534675,0.0,0.0,0.0,0.0,0.0,0.0,0.0,0.0,0.0,0.0,0.0,0.0,0.0,0.0,0.0,0.0,0.0,0.0,0.0,0.0,stable,stable
13,500,240,modular,6,0.08,0.004,0.12,20,10.0,0.72,0.22,False,static,1.0,False,False,1.0,default,default,0.6495666666666667,0.8291666666666667,0.15416666666666667,0.03335342727683485,0.26935000000000003,0.35,0.16249999999999998,0.030828058107293537,0.08108333333333333,0.15833333333333333,0.125,0.018749259244626768,0.3221833291357401,0.4368955535926851,0.19329471268650517,0.033891385906801644,0.32144509609555566,0.4368955535926851,0.19329471268650517,0.033573538691545876,0.01436183752220222,0.04151171321989982,0.03520375378844291,0.005009096065493056,0.015283333333333333,0.04583333333333333,0.04583333333333333,0.00917970285164201,1.646494319750352,1.8015547014815434,0.26404680421428584,0.054988398677346326,1.0,1.0,0.0,0.0,0.08542857142857142,0.35714285714285715,0.35714285714285715,0.05676589950788039,0.0,0.0,0.0,0.0,0.0,0.0,0.0,0.0,0.0,0.0,0.0,0.0,0.0,0.0,0.0,0.0,0.0,0.0,0.0,0.0,stable,oscillatory
14,500,240,modular,6,0.08,0.004,0.12,20,10.0,0.72,0.22,False,static,1.0,False,False,1.0,default,default,0.6511166666666667,0.7708333333333334,0.15416666666666667,0.028933645351620203,0.27004999999999996,0.36666666666666664,0.16249999999999998,0.028018054694944276,0.07883333333333332,0.12916666666666668,0.08750000000000002,0.016262601951170737,0.31463752277677814,0.40055585738834937,0.16381461478004705,0.028787296016982676,0.31431269448759114,0.40055585738834937,0.16381461478004705,0.02885123537409302,0.013030167710682914,0.02899981371411632,0.0231793463741374,0.003758304453976436,0.0126,0.05,0.03333333333333333,0.007545491663532897,1.5980917778477648,1.7355510225973834,0.24700133838804073,0.04614144108605605,1.0,1.0,0.0,0.0,0.07457142857142855,0.2857142857142857,0.21428571428571427,0.05030843642482048,0.0,0.0,0.0,0.0,0.0,0.0,0.0,0.0,0.0,0.0,0.0,0.0,0.0,0.0,0.0,0.0,0.0,0.0,0.0,0.0,stable,stable
15,500,240,modular,6,0.08,0.004,0.12,20,10.0,0.72,0.22,False,static,1.0,False,False,1.0,default,default,0.6480166666666667,0.7791666666666667,0.1625000000000001,0.029375864053485967,0.2714666666666667,0.37083333333333335,0.15833333333333333,0.028720666194687525,0.08051666666666667,0.15,0.11250000000000002,0.018167347082059065,0.31790349531306406,0.41543207933208026,0.16675019646479447,0.02957722100894421,0.31612351850177733,0.41543207933208026,0.16675019646479447,0.030927913474515793,0.013342545534498314,0.03347366450919749,0.02188492329963704,0.003995410976148248,0.013533333333333333,0.05,0.05,0.00891559183553048,1.633441883721259,1.789758690713053,0.25669321002972545,0.04847067333876176,1.0,1.0,0.0,0.0,0.08399999999999999,0.2857142857142857,0.25,0.05331002892208435,0.0,0.0,0.0,0.0,0.0,0.0,0.0,0.0,0.0,0.0,0.0,0.0,0.0,0.0,0.0,0.0,0.0,0.0,0.0,0.0,stable,stable
16,500,240,modular,6,0.08,0.004,0.12,20,10.0,0.72,0.22,False,static,1.0,False,False,1.0,default,default,0.6491166666666667,0.7875,0.16249999999999998,0.030360980989860432,0.2687833333333333,0.37916666666666665,0.16666666666666666,0.028585257466820977,0.08209999999999999,0.15,0.11249999999999999,0.01856687612090114,0.32475555344188956,0.4500602449170619,0.1731891331210305,0.031634365631453124,0.3240963101122044,0.4500602449170619,0.1656846277631535,0.031578332769030035,0.014696094775347324,0.04716106369217769,0.028800458936332998,0.0047293329759718825,0.014466666666666666,0.0625,0.041666666666666664,0.008906551895468115,1.6533816546009126,1.8640177945574044,0.2964207842922706,0.05074177018486494,1.0,1.0,0.0,0.0,0.08257142857142856,0.25,0.25,0.05069234938049612,0.0,0.0,0.0,0.0,0.0,0.0,0.0,0.0,0.0,0.0,0.0,0.0,0.0,0.0,0.0,0.0,0.0,0.0,0.0,0.0,stable,stable
17,500,240,modular,6,0.08,0.004,0.12,20,10.0,0.72,0.22,False,static,1.0,False,False,1.0,default,default,0.6482666666666667,0.8166666666666667,0.15416666666666667,0.03057179164596744,0.27183333333333337,0.37083333333333335,0.15833333333333333,0.029294481846700526,0.0799,0.13333333333333333,0.09583333333333333,0.01813578414810528,0.3110742805113271,0.39514920155295774,0.15053781109342596,0.030525975259210848,0.3121878694490627,0.39514920155295774,0.15053781109342596,0.030073009955978027,0.012552272644609263,0.026956443086000773,0.020794697434236415,0.003940100156727711,0.012433333333333334,0.05,0.05,0.008374631003479762,1.650552606436113,1.7894869232793602,0.2588509754468551,0.04970185386961244,1.0,1.0,0.0,0.0,0.08271428571428571,0.21428571428571427,0.21428571428571427,0.05141051270242819,0.0,0.0,0.0,0.0,0.0,0.0,0.0,0.0,0.0,0.0,0.0,0.0,0.0,0.0,0.0,0.0,0.0,0.0,0.0,0.0,stable,stable
18,500,240,modular,6,0.08,0.004,0.12,20,10.0,0.72,0.22,False,static,1.0,False,False,1.0,default,default,0.6504833333333333,0.875,0.1875,0.03116002157323458,0.2707833333333334,0.35833333333333334,0.17916666666666667,0.02863681100339988,0.07873333333333332,0.13333333333333333,0.10416666666666666,0.018512938418546336,0.3200528798455464,0.44523310856740284,0.16862490929536855,0.03180826795960727,0.31839515682899816,0.44523310856740284,0.16862490929536855,0.033067298357604795,0.013949772386931207,0.045075491857099866,0.023275915408638968,0.004547583713756695,0.01375,0.05416666666666667,0.05416666666666667,0.009525185912446364,1.6222376274501071,1.8134856712388632,0.2882555514352376,0.05153648727169382,1.0,1.0,0.0,0.0,0.081,0.25,0.25,0.05056032969409426,0.0,0.0,0.0,0.0,0.0,0.0,0.0,0.0,0.0,0.0,0.0,0.0,0.0,0.0,0.0,0.0,0.0,0.0,0.0,0.0,stable,stable
19,500,240,modular,6,0.08,0.004,0.12,20,10.0,0.72,0.22,False,static,1.0,False,False,1.0,default,default,0.6514000000000001,0.8166666666666667,0.16249999999999998,0.030907316645451807,0.26776666666666665,0.375,0.1416666666666667,0.028725927119744785,0.08083333333333334,0.1375,0.10416666666666669,0.018951692976266442,0.3157813875433223,0.4117524210099486,0.17926952271030697,0.03149943790059932,0.3154480000449662,0.4117524210099486,0.17926952271030697,0.031913015269454566,0.013270166764762432,0.03223545434864851,0.024278001320336754,0.004231735140599547,0.013516666666666666,0.05,0.041666666666666664,0.008036876811852282,1.638663804142599,1.7714066578719048,0.28001014250492484,0.05153430776580568,1.0,1.0,0.0,0.0,0.07985714285714286,0.2857142857142857,0.2857142857142857,0.05565362998594292,0.0,0.0,0.0,0.0,0.0,0.0,0.0,0.0,0.0,0.0,0.0,0.0,0.0,0.0,0.0,0.0,0.0,0.0,0.0,0.0,stable,stable
20,500,240,modular,6,0.08,0.004,0.12,20,10.0,0.72,0.22,False,static,1.0,False,False,1.0,default,default,0.6471666666666667,0.7833333333333333,0.16666666666666663,0.03178093418667516,0.27226666666666666,0.375,0.1875,0.02797371782385904,0.08056666666666666,0.13333333333333333,0.09583333333333333,0.018599910394049395,0.3229590027600265,0.42572607640122573,0.1866834202794843,0.033629811439828,0.3230782812663112,0.42572607640122573,0.1866834202794843,0.03228668749258399,0.014528379187149299,0.03734435851217841,0.03131519843458468,0.0047906671090572825,0.013466666666666665,0.04583333333333333,0.04583333333333333,0.008360555537097334,1.6105004189510828,1.7639163829062883,0.2704900104595529,0.052549968285446017,1.0,1.0,0.0,0.0,0.083,0.2857142857142857,0.21428571428571427,0.05094795263355555,0.0,0.0,0.0,0.0,0.0,0.0,0.0,0.0,0.0,0.0,0.0,0.0,0.0,0.0,0.0,0.0,0.0,0.0,0.0,0.0,stable,stable
21,500,240,modular,6,0.08,0.004,0.12,20,10.0,0.72,0.22,False,static,1.0,False,False,1.0,default,default,0.6482,0.7958333333333333,0.16666666666666663,0.03323249748196618,0.2712,0.3541666666666667,0.14583333333333334,0.02960159530235566,0.08059999999999999,0.14583333333333334,0.09166666666666667,0.017417296639324436,0.32151516062024943,0.43895426421455164,0.16317926003209607,0.03273443683023265,0.32115824936985765,0.43895426421455164,0.16975601233477386,0.03310753312207704,0.014230470724512808,0.042127471561287405,0.02628680237989581,0.004822806009267284,0.013516666666666668,0.05416666666666667,0.05,0.008563958715972939,1.6310797530989463,1.8066326732750881,0.2813443932282973,0.05417570759785837,1.0,1.0,0.0,0.0,0.08214285714285714,0.2857142857142857,0.21428571428571427,0.04951293378749534,0.0,0.0,0.0,0.0,0.0,0.0,0.0,0.0,0.0,0.0,0.0,0.0,0.0,0.0,0.0,0.0,0.0,0.0,0.0,0.0,stable,stable
22,500,240,modular,6,0.08,0.004,0.12,20,10.0,0.72,0.22,False,static,1.0,False,False,1.0,default,default,0.6492833333333333,0.7583333333333333,0.1791666666666667,0.030424775174920267,0.2705833333333333,0.3458333333333333,0.14583333333333334,0.027878830080666345,0.08013333333333332,0.1375,0.09583333333333335,0.016808860097513388,0.31372247494821115,0.40502998894489844,0.18425134526634018,0.03070409996299797,0.3127880717464448,0.40502998894489844,0.18425134526634018,0.030285841881500936,0.01275780187132599,0.02996995866762883,0.025052036589799685,0.003868366691917353,0.012983333333333333,0.04583333333333333,0.04583333333333333,0.00800015624847415,1.6260402736836406,1.7730965357541288,0.29411679552554726,0.050135770379916594,1.0,1.0,0.0,0.0,0.08028571428571428,0.2857142857142857,0.2857142857142857,0.05153877082313065,0.0,0.0,0.0,0.0,0.0,0.0,0.0,0.0,0.0,0.0,0.0,0.0,0.0,0.0,0.0,0.0,0.0,0.0,0.0,0.0,stable,stable
23,500,240,modular,6,0.08,0.004,0.12,20,10.0,0.72,0.22,False,static,1.0,False,False,1.0,default,default,0.6479666666666667,0.8333333333333334,0.16666666666666663,0.031872645882567635,0.2714333333333333,0.3625,0.1708333333333333,0.028767284659256022,0.08059999999999999,0.13333333333333333,0.1,0.017504792994428062,0.3151500984858965,0.41146454954248457,0.1906908079569403,0.03193932600856329,0.31541966166029317,0.41146454954248457,0.1906908079569403,0.03164101381872544,0.013130273929293019,0.03182803439903394,0.026917553833088817,0.0042175361964401125,0.013949999999999999,0.05,0.05,0.00942338993026277,1.640970463563423,1.7905462708547368,0.2850273114919948,0.0522533828305586,1.0,1.0,0.0,0.0,0.07942857142857142,0.25,0.21428571428571427,0.04637117331150587,0.0,0.0,0.0,0.0,0.0,0.0,0.0,0.0,0.0,0.0,0.0,0.0,0.0,0.0,0.0,0.0,0.0,0.0,0.0,0.0,stable,stable
24,500,240,modular,6,0.08,0.004,0.12,20,10.0,0.72,0.22,False,static,1.0,False,False,1.0,default,default,0.6486166666666666,0.8166666666666667,0.1708333333333334,0.029370057503821434,0.2694,0.35833333333333334,0.175,0.028742651234706932,0.08198333333333332,0.15,0.10833333333333334,0.018564369995594607,0.3284513385227313,0.41569508339302136,0.16697475221973296,0.0311472437168839,0.32789913519785086,0.41569508339302136,0.16823733833554216,0.03162757200824634,0.015456713323537158,0.03452130510844573,0.027855688702235253,0.004936856845979537,0.01616666666666667,0.0625,0.05,0.009137833441248532,1.6343779561117753,1.7601830721059657,0.2470911517329415,0.047641262547515884,1.0,1.0,0.0,0.0,0.07871428571428571,0.25,0.25,0.053001540216357126,0.0,0.0,0.0,0.0,0.0,0.0,0.0,0.0,0.0,0.0,0.0,0.0,0.0,0.0,0.0,0.0,0.0,0.0,0.0,0.0,stable,stable
25,500,240,modular,6,0.08,0.004,0.12,20,10.0,0.72,0.22,False,static,1.0,False,False,1.0,default,default,0.6512166666666667,0.775,0.16666666666666674,0.03223145892516261,0.2710333333333333,0.3541666666666667,0.16666666666666669,0.031560594276900285,0.07774999999999999,0.15,0.12083333333333332,0.017308676372784194,0.31853278135845303,0.4003187230549429,0.16794755204334605,0.031693688762812845,0.3185818722365563,0.4003187230549429,0.16287884018813842,0.031126107383351757,0.013862444281303765,0.029345193539579713,0.02277751633787627,0.004235783735606318,0.014833333333333336,0.058333333333333334,0.058333333333333334,0.008714610974934247,1.6198708233292214,1.7459987180988767,0.2673195626189606,0.051046720107991016,1.0,1.0,0.0,0.0,0.07328571428571427,0.25,0.21428571428571427,0.047612594800887184,0.0,0.0,0.0,0.0,0.0,0.0,0.0,0.0,0.0,0.0,0.0,0.0,0.0,0.0,0.0,0.0,0.0,0.0,0.0,0.0,stable,oscillatory
26,500,240,modular,6,0.08,0.004,0.12,20,10.0,0.72,0.22,False,static,1.0,False,False,1.0,default,default,0.6522833333333334,0.8375,0.18333333333333335,0.030661598313054574,0.2673666666666667,0.3458333333333333,0.15833333333333333,0.026086054171189293,0.08034999999999999,0.14583333333333334,0.09583333333333335,0.017956034268921037,0.3191319310565589,0.43058722576783914,0.20201610182039384,0.032382245697954976,0.319323427352677,0.43058722576783914,0.20201610182039384,0.032528993827797385,0.014010925192163409,0.03904532609675561,0.03361978342424228,0.004920654648973995,0.0143,0.05416666666666667,0.05416666666666667,0.008840186021169967,1.6070069809575875,1.7927800013373383,0.3186317307776012,0.0514295013016421,1.0,1.0,0.0,0.0,0.08199999999999998,0.2857142857142857,0.2857142857142857,0.0533613021901506,0.0,0.0,0.0,0.0,0.0,0.0,0.0,0.0,0.0,0.0,0.0,0.0,0.0,0.0,0.0,0.0,0.0,0.0,0.0,0.0,stable,stable
27,500,240,modular,6,0.08,0.004,0.12,20,10.0,0.72,0.22,False,static,1.0,False,False,1.0,default,default,0.65035,0.7833333333333333,0.19166666666666665,0.03123748193721411,0.2725166666666667,0.3458333333333333,0.15833333333333333,0.03145123650634069,0.07713333333333333,0.15416666666666667,0.125,0.01735748317649256,0.3167289432268956,0.4171866194311576,0.20654656618545134,0.030132408010807837,0.3181093797673287,0.4171866194311576,0.20654656618545134,0.030383546963978228,0.013696552419592332,0.03429454041690801,0.029764756802041895,0.004171985494481608,0.013683333333333334,0.06666666666666667,0.04583333333333333,0.008353459030711637,1.621826863975631,1.7619393594842683,0.29254732979492903,0.049018976990429,1.0,1.0,0.0,0.0,0.08028571428571428,0.2857142857142857,0.21428571428571427,0.04992974656291312,0.0,0.0,0.0,0.0,0.0,0.0,0.0,0.0,0.0,0.0,0.0,0.0,0.0,0.0,0.0,0.0,0.0,0.0,0.0,0.0,stable,oscillatory
28,500,240,modular,6,0.08,0.004,0.12,20,10.0,0.72,0.22,False,static,1.0,False,False,1.0,default,default,0.6504666666666667,0.825,0.15833333333333333,0.03102515108746451,0.2686666666666666,0.3541666666666667,0.15000000000000002,0.028062925324665956,0.08086666666666667,0.13333333333333333,0.09166666666666667,0.01697707604716169,0.3156026267497207,0.4137006858222519,0.17222047018712797,0.030863794101227502,0.3152358960903009,0.4137006858222519,0.17222047018712797,0.030813000908459225,0.013187470075040203,0.032785070023065736,0.026264694249875323,0.004156630888259228,0.013349999999999997,0.04583333333333333,0.041666666666666664,0.008750380944088473,1.6275569486931394,1.7749691760819821,0.2549724598953482,0.0510808159751096,1.0,1.0,0.0,0.0,0.07657142857142857,0.2857142857142857,0.21428571428571427,0.0512504853137798,0.0,0.0,0.0,0.0,0.0,0.0,0.0,0.0,0.0,0.0,0.0,0.0,0.0,0.0,0.0,0.0,0.0,0.0,0.0,0.0,stable,stable
29,500,240,modular,6,0.08,0.004,0.12,20,10.0,0.72,0.22,False,static,1.0,False,False,1.0,default,default,0.652,0.7958333333333333,0.17083333333333328,0.031234329404252196,0.2690166666666666,0.35,0.1375,0.029535143849695772,0.07898333333333334,0.14166666666666666,0.09166666666666667,0.01620295754895795,0.3210410206954537,0.41119457340064414,0.16535558094973288,0.030804326764495675,0.32095677340213863,0.41119457340064414,0.16535558094973288,0.030645499967777923,0.01429450068799537,0.03281768383381081,0.025762517733511806,0.004483902245068747,0.014316666666666667,0.04583333333333333,0.04583333333333333,0.009019562073626412,1.6093487240506128,1.7564054136201401,0.2706937002163188,0.04962190616391465,1.0,1.0,0.0,0.0,0.07942857142857142,0.25,0.25,0.049870035173070267,0.0,0.0,0.0,0.0,0.0,0.0,0.0,0.0,0.0,0.0,0.0,0.0,0.0,0.0,0.0,0.0,0.0,0.0,0.0,0.0,stable,stable
30,500,240,modular,6,0.08,0.004,0.12,20,10.0,0.72,0.22,False,static,1.0,False,False,1.0,default,default,0.6526833333333334,0.8208333333333333,0.16666666666666663,0.029077621215559492,0.26893333333333336,0.36666666666666664,0.1708333333333333,0.02806245019792661,0.07838333333333333,0.14166666666666666,0.1,0.018443163442798467,0.31640434285848584,0.4357086661739657,0.17382772855302717,0.03111946651525372,0.31594735534854435,0.4357086661739657,0.17382772855302717,0.03064980278417065,0.01341819935156716,0.04084018625784021,0.025994351278488124,0.004261492198984609,0.014,0.05416666666666667,0.05416666666666667,0.009278110439811187,1.6223075783242635,1.8221049238300568,0.2691935428385166,0.0480639028624058,1.0,1.0,0.0,0.0,0.07942857142857142,0.25,0.25,0.05058111287419284,0.0,0.0,0.0,0.0,0.0,0.0,0.0,0.0,0.0,0.0,0.0,0.0,0.0,0.0,0.0,0.0,0.0,0.0,0.0,0.0,stable,stable
31,500,240,modular,6,0.08,0.004,0.12,20,10.0,0.72,0.22,False,static,1.0,False,False,1.0,default,default,0.6468666666666666,0.7791666666666667,0.16666666666666663,0.028166942799435414,0.2731,0.3625,0.14583333333333331,0.026191092633438058,0.08003333333333333,0.1375,0.07916666666666666,0.016255734031070047,0.3258390082909897,0.4096537504079697,0.14986147118556006,0.0287362566682464,0.32546962190401657,0.4096537504079697,0.14986147118556006,0.028804671537176054,0.014870360240056186,0.03238825244847009,0.022204547688851252,0.004200589680888133,0.014966666666666666,0.041666666666666664,0.041666666666666664,0.008426083840604061,1.6130421403868958,1.749199525200915,0.2362314490881905,0.045933651671331115,1.0,1.0,0.0,0.0,0.078,0.25,0.25,0.0485260292029348,0.0,0.0,0.0,0.0,0.0,0.0,0.0,0.0,0.0,0.0,0.0,0.0,0.0,0.0,0.0,0.0,0.0,0.0,0.0,0.0,stable,stable
32,500,240,modular,6,0.08,0.004,0.12,20,10.0,0.72,0.22,False,static,1.0,False,False,1.0,default,default,0.6506333333333333,0.8125,0.17499999999999993,0.031900696613780144,0.2699,0.35833333333333334,0.15,0.028330215514731107,0.07946666666666667,0.14166666666666666,0.10833333333333334,0.01689983563365172,0.315351771056803,0.41784590840341085,0.16943237357405175,0.032013828263089274,0.31442521287518344,0.41784590840341085,0.17495654619021495,0.03218709560343546,0.013140889749005584,0.0341296451940307,0.02654059583366622,0.0042858036595404625,0.0125,0.05,0.0375,0.007462871059079371,1.6284253542735165,1.797609536402336,0.293456866681588,0.05225935051937802,1.0,1.0,0.0,0.0,0.07728571428571428,0.2857142857142857,0.2857142857142857,0.04908738563593939,0.0,0.0,0.0,0.0,0.0,0.0,0.0,0.0,0.0,0.0,0.0,0.0,0.0,0.0,0.0,0.0,0.0,0.0,0.0,0.0,stable,stable
33,500,240,modular,6,0.08,0.004,0.12,20,10.0,0.72,0.22,False,static,1.0,False,False,1.0,default,default,0.6513499999999999,0.8333333333333334,0.16249999999999998,0.03029571385159587,0.26831666666666665,0.35833333333333334,0.15833333333333333,0.028896121423702063,0.08033333333333334,0.15416666666666667,0.12083333333333335,0.017087194685559776,0.31761221430593045,0.41241870927356233,0.17154255504379756,0.030471561334521467,0.3162450562450983,0.41241870927356233,0.17154255504379756,0.03036966746260522,0.013429754129261973,0.03270869669748533,0.026603951850557615,0.004121296727215212,0.0136,0.04583333333333333,0.04583333333333333,0.0078021364595432015,1.621154226740983,1.7750658140354276,0.27911902205113326,0.0495267747789255,1.0,1.0,0.0,0.0,0.07742857142857142,0.2857142857142857,0.2857142857142857,0.05175215661482827,0.0,0.0,0.0,0.0,0.0,0.0,0.0,0.0,0.0,0.0,0.0,0.0,0.0,0.0,0.0,0.0,0.0,0.0,0.0,0.0,stable,oscillatory
34,500,240,modular,6,0.08,0.004,0.12,20,10.0,0.72,0.22,False,static,1.0,False,False,1.0,default,default,0.6494500000000001,0.8416666666666667,0.15416666666666667,0.029581154849366888,0.27101666666666663,0.3625,0.16249999999999998,0.028201305131342964,0.07953333333333333,0.12916666666666668,0.09166666666666667,0.017942934232975636,0.31953525474676386,0.42706161510078033,0.1571170273011497,0.02981143974914692,0.31896528181428324,0.42706161510078033,0.1571170273011497,0.029399709949533462,0.01374446139562404,0.03758810272606903,0.02383874347718136,0.0040372474478477215,0.014150000000000001,0.058333333333333334,0.041666666666666664,0.008147068320704215,1.6246138282819214,1.816450888361105,0.26293233450036224,0.048185181536868245,1.0,1.0,0.0,0.0,0.08242857142857142,0.42857142857142855,0.42857142857142855,0.05557142857142857,0.0,0.0,0.0,0.0,0.0,0.0,0.0,0.0,0.0,0.0,0.0,0.0,0.0,0.0,0.0,0.0,0.0,0.0,0.0,0.0,stable,stable
35,500,240,modular,6,0.08,0.004,0.12,20,10.0,0.72,0.22,False,static,1.0,False,False,1.0,default,default,0.6497999999999999,0.8125,0.2041666666666666,0.030006277121073628,0.2692166666666667,0.36666666666666664,0.18749999999999997,0.02890281128194972,0.08098333333333332,0.14166666666666666,0.09583333333333333,0.017089381043339295,0.3095547793706935,0.3946053980315386,0.15125353434577157,0.028133810407543907,0.3089839607326663,0.3946053980315386,0.15125353434577157,0.02734324043348689,0.01198460269859797,0.02665892946739169,0.01745515720650979,0.003225410168268771,0.011466666666666667,0.0375,0.0375,0.007987072888945821,1.623398995117423,1.7572884771425514,0.30083020137173877,0.04859341244157612,1.0,1.0,0.0,0.0,0.0852857142857143,0.25,0.25,0.05274911741209612,0.0,0.0,0.0,0.0,0.0,0.0,0.0,0.0,0.0,0.0,0.0,0.0,0.0,0.0,0.0,0.0,0.0,0.0,0.0,0.0,stable,stable
36,500,240,modular,6,0.08,0.004,0.12,20,10.0,0.72,0.22,False,static,1.0,False,False,1.0,default,default,0.6490666666666667,0.75,0.20833333333333326,0.031685801236516015,0.27048333333333335,0.39166666666666666,0.19999999999999998,0.028615307674972383,0.08045,0.15,0.1,0.016656838769039516,0.31292401758964994,0.41739790604631444,0.18011715303385703,0.031108936436694382,0.3130963494477168,0.41739790604631444,0.16738401325455057,0.032081199147830176,0.01280157280361248,0.03356785300238098,0.022356776900485945,0.00409151261766433,0.012416666666666668,0.05416666666666667,0.05416666666666667,0.00945346791159496,1.6067667891349915,1.7951697537054336,0.3222507141415676,0.051511210554078084,1.0,1.0,0.0,0.0,0.0747142857142857,0.2857142857142857,0.25,0.050753707012495194,0.0,0.0,0.0,0.0,0.0,0.0,0.0,0.0,0.0,0.0,0.0,0.0,0.0,0.0,0.0,0.0,0.0,0.0,0.0,0.0,stable,stable
37,500,240,modular,6,0.08,0.004,0.12,20,10.0,0.72,0.22,False,static,1.0,False,False,1.0,default,default,0.6494166666666668,0.7833333333333333,0.15416666666666667,0.030226115455935707,0.26963333333333334,0.3458333333333333,0.15416666666666665,0.027672770411041648,0.08095000000000001,0.14583333333333334,0.0875,0.016127107958685934,0.3200032050759488,0.4086025510785597,0.17398081384352548,0.029946749629905144,0.31972891128275827,0.4086025510785597,0.17398081384352548,0.029922208906288765,0.013848375560897118,0.03149291074554315,0.025763278575250938,0.004073800305865461,0.013900000000000001,0.0625,0.058333333333333334,0.009203622475235861,1.6062797435953484,1.7467229975506358,0.2657976913609099,0.048480897208318184,1.0,1.0,0.0,0.0,0.08028571428571428,0.2857142857142857,0.2857142857142857,0.052906540624164104,0.0,0.0,0.0,0.0,0.0,0.0,0.0,0.0,0.0,0.0,0.0,0.0,0.0,0.0,0.0,0.0,0.0,0.0,0.0,0.0,stable,stable
38,500,240,modular,6,0.08,0.004,0.12,20,10.0,0.72,0.22,False,static,1.0,False,False,1.0,default,default,0.6525833333333333,0.8208333333333333,0.19166666666666676,0.03139234248454018,0.2704166666666667,0.37916666666666665,0.175,0.02802838343140356,0.077,0.15833333333333333,0.09583333333333335,0.017087194685559776,0.31324042416388315,0.4434294541318871,0.16886263593091977,0.031347374976172696,0.31429786046431274,0.4434294541318871,0.16886263593091977,0.03114926389510554,0.013168653987380367,0.043805449641254234,0.022639390019309938,0.00404831223923558,0.01365,0.05,0.05,0.008951862003702543,1.6093825387977208,1.808136352042499,0.26473203441931537,0.05033722444438708,1.0,1.0,0.0,0.0,0.0747142857142857,0.25,0.21428571428571427,0.04633969515371001,0.0,0.0,0.0,0.0,0.0,0.0,0.0,0.0,0.0,0.0,0.0,0.0,0.0,0.0,0.0,0.0,0.0,0.0,0.0,0.0,stable,stable
39,500,240,modular,6,0.08,0.004,0.12,20,10.0,0.72,0.22,False,static,1.0,False,False,1.0,default,default,0.6477833333333333,0.7916666666666666,0.19166666666666665,0.02884614840455789,0.27153333333333335,0.35833333333333334,0.17083333333333334,0.026479740683523822,0.08068333333333333,0.12916666666666668,0.1,0.016861107450118585,0.31775256756388215,0.41743537939314096,0.1638587979871135,0.029801699048323065,0.31713014039472526,0.41743537939314096,0.1638587979871135,0.028897819745428186,0.013330798449233825,0.03392748614867505,0.021893752843542343,0.003810702396656314,0.013283333333333331,0.041666666666666664,0.041666666666666664,0.0080801712028067,1.6069073021280464,1.7557011033125938,0.2731129844331961,0.046765377565938404,1.0,1.0,0.0,0.0,0.08314285714285714,0.25,0.25,0.051065384257711746,0.0,0.0,0.0,0.0,0.0,0.0,0.0,0.0,0.0,0.0,0.0,0.0,0.0,0.0,0.0,0.0,0.0,0.0,0.0,0.0,stable,stable
40,500,240,modular,6,0.08,0.004,0.12,20,10.0,0.72,0.22,False,static,1.0,False,False,1.0,default,default,0.6513500000000001,0.7708333333333334,0.14583333333333326,0.030102551571438443,0.26915,0.3625,0.13749999999999998,0.027746616410334112,0.0795,0.12916666666666668,0.1,0.017951323071016243,0.3190298111018813,0.40446330714042605,0.15078707571494546,0.031059953860253838,0.3189172908746295,0.40446330714042605,0.15078707571494546,0.03061128204754027,0.013876360340131648,0.030498549026077897,0.0222540794452466,0.004219189676375675,0.014016666666666667,0.04583333333333333,0.04583333333333333,0.008374382232605447,1.6195731971065717,1.7666987648358998,0.25230401784942513,0.04959777267706815,1.0,1.0,0.0,0.0,0.07928571428571428,0.2857142857142857,0.2857142857142857,0.049223563297200144,0.0,0.0,0.0,0.0,0.0,0.0,0.0,0.0,0.0,0.0,0.0,0.0,0.0,0.0,0.0,0.0,0.0,0.0,0.0,0.0,stable,stable
41,500,240,modular,6,0.08,0.004,0.12,20,10.0,0.72,0.22,False,static,1.0,False,False,1.0,default,default,0.6562666666666667,0.7875,0.15416666666666656,0.03143831703157435,0.26541666666666663,0.3625,0.15416666666666665,0.02860713294889153,0.07831666666666666,0.12916666666666668,0.09583333333333335,0.018496613804213524,0.3069266278746438,0.3994063606911565,0.15989850800541183,0.03251826894637922,0.3078127829288735,0.3994063606911565,0.15989850800541183,0.03175930651689146,0.012200519429517533,0.02837002912136936,0.021969405729760666,0.003948392555856741,0.012016666666666665,0.07083333333333333,0.05,0.008431241506049588,1.6105177765015604,1.7752645054308664,0.26845144793766984,0.051675131922914,1.0,1.0,0.0,0.0,0.07485714285714284,0.25,0.21428571428571427,0.04649423927449814,0.0,0.0,0.0,0.0,0.0,0.0,0.0,0.0,0.0,0.0,0.0,0.0,0.0,0.0,0.0,0.0,0.0,0.0,0.0,0.0,stable,stable
42,500,240,modular,6,0.08,0.004,0.12,20,10.0,0.72,0.22,False,static,1.0,False,False,1.0,default,default,0.6477833333333333,0.7958333333333333,0.15000000000000002,0.03150864519813923,0.27259999999999995,0.3625,0.175,0.030123652574753353,0.07961666666666666,0.14583333333333334,0.11250000000000002,0.01884528381909443,0.3142037631336868,0.4135063125790412,0.15579435331952424,0.0316746344810644,0.31323844808096896,0.4135063125790412,0.15579435331952424,0.031179245318115743,0.01283225176064565,0.032472157286123515,0.020890901142197497,0.0039387548274336754,0.012733333333333334,0.04583333333333333,0.04583333333333333,0.008093275672501902,1.6439301846750896,1.813702780180698,0.23683664793881154,0.05141915502007265,1.0,1.0,0.0,0.0,0.0747142857142857,0.32142857142857145,0.25,0.04442857142857142,0.0,0.0,0.0,0.0,0.0,0.0,0.0,0.0,0.0,0.0,0.0,0.0,0.0,0.0,0.0,0.0,0.0,0.0,0.0,0.0,stable,stable
43,500,240,modular,6,0.08,0.004,0.12,20,10.0,0.72,0.22,False,static,1.0,False,False,1.0,default,default,0.6484500000000001,0.8208333333333333,0.17500000000000004,0.031717507433242254,0.27145,0.375,0.19583333333333333,0.029452791793723808,0.08009999999999999,0.1375,0.10833333333333334,0.01760179915046565,0.32114399787273623,0.4139396811580887,0.17283080917196394,0.03183807901471979,0.3210859724383637,0.4139396811580887,0.18282167556875603,0.032321135504826605,0.014209476830097252,0.033331908818608806,0.02776638577625883,0.004499965497302345,0.0142,0.05416666666666667,0.041666666666666664,0.00922099054693511,1.6306511792370482,1.7741876722991268,0.26292538070262217,0.05180457798800571,1.0,1.0,0.0,0.0,0.07757142857142856,0.2857142857142857,0.2857142857142857,0.04936349969401295,0.0,0.0,0.0,0.0,0.0,0.0,0.0,0.0,0.0,0.0,0.0,0.0,0.0,0.0,0.0,0.0,0.0,0.0,0.0,0.0,stable,stable
44,500,240,modular,6,0.08,0.004,0.12,20,10.0,0.72,0.22,False,static,1.0,False,False,1.0,default,default,0.64795,0.8375,0.16666666666666663,0.030106851379710895,0.27126666666666666,0.3625,0.1583333333333333,0.028246553378735918,0.08078333333333333,0.14583333333333334,0.10416666666666669,0.017198522223338456,0.32116822457988575,0.44785995707125703,0.1993702950159524,0.03139536699040029,0.3214474766513479,0.44785995707125703,0.22658877993727589,0.031737256673998335,0.014222660879247381,0.04580920724650482,0.04077877622599506,0.004874204947000595,0.0139,0.05,0.05,0.008762990357178308,1.6407548285620064,1.8160120514275142,0.2757484322635453,0.04880276251311768,1.0,1.0,0.0,0.0,0.08028571428571428,0.25,0.25,0.05271331783857871,0.0,0.0,0.0,0.0,0.0,0.0,0.0,0.0,0.0,0.0,0.0,0.0,0.0,0.0,0.0,0.0,0.0,0.0,0.0,0.0,stable,stable
45,500,240,modular,6,0.08,0.004,0.12,20,10.0,0.72,0.22,False,static,1.0,False,False,1.0,default,default,0.6473,0.8125,0.1625000000000001,0.030895235159415044,0.27181666666666665,0.3458333333333333,0.16666666666666666,0.028789316112443907,0.08088333333333332,0.14583333333333334,0.09166666666666667,0.016969261425687724,0.3228551786398453,0.41541584477843935,0.1552323489191281,0.030750368124806263,0.32172504034234356,0.41541584477843935,0.1552323489191281,0.030519460019103953,0.014218359316195339,0.03377130052422952,0.023625382044997992,0.004308731716413988,0.014399999999999998,0.0625,0.041666666666666664,0.008498431227781591,1.6270402372166795,1.7879958545361865,0.2618399660690882,0.050250529253797666,1.0,1.0,0.0,0.0,0.07228571428571427,0.32142857142857145,0.17857142857142858,0.04780146014335477,0.0,0.0,0.0,0.0,0.0,0.0,0.0,0.0,0.0,0.0,0.0,0.0,0.0,0.0,0.0,0.0,0.0,0.0,0.0,0.0,stable,stable
46,500,240,modular,6,0.08,0.004,0.12,20,10.0,0.72,0.22,False,static,1.0,False,False,1.0,default,default,0.6485833333333333,0.8125,0.16249999999999998,0.03097725420010266,0.2712333333333333,0.3458333333333333,0.14583333333333331,0.02770090251237313,0.08018333333333334,0.14166666666666666,0.10416666666666669,0.018234803414228395,0.3169742485894032,0.41040685568623825,0.1476202972169509,0.03071906292159745,0.31729672208609533,0.41040685568623825,0.1476202972169509,0.03046556037981979,0.013427945658817457,0.03176157561348128,0.020261903791671095,0.004028836382813057,0.013616666666666668,0.041666666666666664,0.041666666666666664,0.008049516893716182,1.6084368853211022,1.7544872270062237,0.26489614989159516,0.0505498068915865,1.0,1.0,0.0,0.0,0.07942857142857143,0.2857142857142857,0.2857142857142857,0.04956216463458094,0.0,0.0,0.0,0.0,0.0,0.0,0.0,0.0,0.0,0.0,0.0,0.0,0.0,0.0,0.0,0.0,0.0,0.0,0.0,0.0,stable,stable
47,500,240,modular,6,0.08,0.004,0.12,20,10.0,0.72,0.22,False,static,1.0,False,False,1.0,default,default,0.6504333333333333,0.8,0.17083333333333328,0.02985299166098954,0.27243333333333336,0.3625,0.14583333333333334,0.02762488813451458,0.07713333333333333,0.13333333333333333,0.10416666666666666,0.01758800096025065,0.3148829891005709,0.4064797033046442,0.18147972174036645,0.03003808019476292,0.3148905875781082,0.4064797033046442,0.18147972174036645,0.029993928863925996,0.013157064276530534,0.0307328282629225,0.025546388385226704,0.003911229726259726,0.013166666666666667,0.05,0.041666666666666664,0.00873053390247253,1.6163481172595693,1.752564781033424,0.29397043555209135,0.0489891837881722,1.0,1.0,0.0,0.0,0.07699999999999999,0.2857142857142857,0.21428571428571427,0.05105599167300823,0.0,0.0,0.0,0.0,0.0,0.0,0.0,0.0,0.0,0.0,0.0,0.0,0.0,0.0,0.0,0.0,0.0,0.0,0.0,0.0,stable,stable
48,500,240,modular,6,0.08,0.004,0.12,20,10.0,0.72,0.22,False,static,1.0,False,False,1.0,default,default,0.6514500000000001,0.7791666666666667,0.14583333333333337,0.028294978942090297,0.27015,0.3625,0.11666666666666664,0.025680023580812988,0.0784,0.1375,0.09583333333333333,0.016699001966185484,0.31121520653565893,0.4048726146578412,0.15754426287366005,0.028698527353481648,0.31057733095423656,0.4048726146578412,0.15754426287366005,0.02858547636599175,0.012418935211251252,0.029878565387026858,0.023488213889849736,0.003674073142495161,0.013333333333333332,0.041666666666666664,0.03333333333333333,0.00792324288266981,1.6336132928939315,1.787102516576781,0.26697928355744627,0.046740342976555854,1.0,1.0,0.0,0.0,0.07971428571428571,0.25,0.25,0.0495152007169598,0.0,0.0,0.0,0.0,0.0,0.0,0.0,0.0,0.0,0.0,0.0,0.0,0.0,0.0,0.0,0.0,0.0,0.0,0.0,0.0,stable,stable
49,500,240,modular,6,0.08,0.004,0.12,20,10.0,0.72,0.22,False,static,1.0,False,False,1.0,default,default,0.64825,0.8166666666666667,0.1875,0.030407989629920182,0.2727333333333333,0.375,0.17083333333333334,0.028734918749764294,0.07901666666666667,0.1375,0.07916666666666666,0.016173271846544292,0.3139699180393146,0.41289776833454567,0.18211600070508788,0.0294684918460972,0.31466219100457055,0.3994714159097698,0.15926797816972743,0.02896027958276747,0.012960049002166307,0.028456592563730752,0.020549131852401533,0.003655997955544379,0.013,0.041666666666666664,0.041666666666666664,0.00826807783654164,1.6074741596758102,1.7718928599998711,0.2870778423627651,0.04768458674626899,1.0,1.0,0.0,0.0,0.08014285714285714,0.2857142857142857,0.2857142857142857,0.051513620152581874,0.0,0.0,0.0,0.0,0.0,0.0,0.0,0.0,0.0,0.0,0.0,0.0,0.0,0.0,0.0,0.0,0.0,0.0,0.0,0.0,stable,stable
50,500,240,modular,6,0.08,0.004,0.12,20,10.0,0.72,0.22,False,static,1.0,False,False,1.0,default,default,0.6463833333333333,0.7833333333333333,0.1791666666666667,0.03336940131983858,0.27163333333333334,0.3458333333333333,0.15833333333333335,0.03080266943698946,0.08198333333333334,0.12916666666666668,0.09166666666666667,0.01771055084154954,0.32844509092365554,0.41172978652134823,0.17773501844825823,0.03416235953197404,0.3279105239111894,0.41172978652134823,0.17773501844825823,0.03271355315825662,0.015412655325237853,0.03306343156980192,0.027261601858954272,0.0049554040768808255,0.015300000000000001,0.05,0.04583333333333333,0.008752396497214031,1.6316806796435963,1.7559843082334907,0.26372959248196537,0.05373188539327944,1.0,1.0,0.0,0.0,0.08842857142857141,0.25,0.25,0.05413305602958363,0.0,0.0,0.0,0.0,0.0,0.0,0.0,0.0,0.0,0.0,0.0,0.0,0.0,0.0,0.0,0.0,0.0,0.0,0.0,0.0,stable,stable
