seed,steps,n,topology,num_communities,p_in,p_out,bridge_fraction,delay_steps,k,alarm_threshold,influence_weight,learning,regulator,regulator_force,enable_content,enable_noise,bridge_multiplier,name,condition,L_mean_tail,L_max,L_amp_tail,L_std_tail,M_mean_tail,M_max,M_amp_tail,M_std_tail,R_mean_tail,R_max,R_amp_tail,R_std_tail,alarm_true_mean_tail,alarm_true_max,alarm_true_amp_tail,alarm_true_std_tail,alarm_delayed_mean_tail,alarm_delayed_max,alarm_delayed_amp_tail,alarm_delayed_std_tail,avg_repression_mean_tail,avg_repression_max,avg_repression_amp_tail,avg_repression_std_tail,punished_fraction_mean_tail,punished_fraction_max,punished_fraction_amp_tail,punished_fraction_std_tail,usefulness_mean_tail,usefulness_max,usefulness_amp_tail,usefulness_std_tail,regulator_force_mean_tail,regulator_force_max,regulator_force_amp_tail,regulator_force_std_tail,bridge_radical_fraction_mean_tail,bridge_radical_fraction_max,bridge_radical_fraction_amp_tail,bridge_radical_fraction_std_tail,dangerous_radical_bridge_fraction_mean_tail,dangerous_radical_bridge_fraction_max,dangerous_radical_bridge_fraction_amp_tail,dangerous_radical_bridge_fraction_std_tail,false_positive_rate_mean_tail,false_positive_rate_max,false_positive_rate_amp_tail,false_positive_rate_std_tail,false_negative_rate_mean_tail,false_negative_rate_max,false_negative_rate_amp_tail,false_negative_rate_std_tail,false_positive_bridge_rate_mean_tail,false_positive_bridge_rate_max,false_positive_bridge_rate_amp_tail,false_positive_bridge_rate_std_tail,false_negative_bridge_rate_mean_tail,false_negative_bridge_rate_max,false_negative_bridge_rate_amp_tail,false_negative_bridge_rate_std_tail,regime_fixed,regime
1,500,240,modular,6,0.08,0.004,0.12,6,10.0,0.72,0.22,False,static,1.0,False,False,1.0,fixed_agents_static_regulator,fixed_agents_static_regulator,0.6477166666666667,0.8333333333333334,0.14166666666666672,0.028079653567030422,0.2728666666666667,0.36666666666666664,0.17916666666666664,0.02791910934587038,0.07941666666666668,0.15,0.11249999999999999,0.017740607843776568,0.3232985483203622,0.4190837091675709,0.1672326139607248,0.028287139789772816,0.32350896169306825,0.4190837091675709,0.1672326139607248,0.02854886964111208,0.014507518748361542,0.0352432708802539,0.02836146837423493,0.004191039203131055,0.014849999999999999,0.04583333333333333,0.04583333333333333,0.009088591750100782,1.625031139296782,1.76551236484135,0.25379196393726167,0.045521871835055044,1.0,1.0,0.0,0.0,0.07914285714285713,0.25,0.25,0.04919432520782312,0.0,0.0,0.0,0.0,0.0,0.0,0.0,0.0,0.0,0.0,0.0,0.0,0.0,0.0,0.0,0.0,0.0,0.0,0.0,0.0,stable,stable
2,500,240,modular,6,0.08,0.004,0.12,6,10.0,0.72,0.22,False,static,1.0,False,False,1.0,fixed_agents_static_regulator,fixed_agents_static_regulator,0.6500833333333333,0.7875,0.17916666666666659,0.03001492684204533,0.2713,0.3416666666666667,0.15,0.027839899425105688,0.07861666666666667,0.13333333333333333,0.09166666666666667,0.016224646888812918,0.3143835928677126,0.40692564952300064,0.17032152803011016,0.02967127121384626,0.31427488911807705,0.40692564952300064,0.17032152803011016,0.030228091403206925,0.013030444561879108,0.030718688383957003,0.023801275982909046,0.00398038044001286,0.013699999999999999,0.04583333333333333,0.04583333333333333,0.009041816435011521,1.6149077434675834,1.7704306872827908,0.29570701874914884,0.047865015364281664,1.0,1.0,0.0,0.0,0.08099999999999999,0.2857142857142857,0.2857142857142857,0.0516584149653732,0.0,0.0,0.0,0.0,0.0,0.0,0.0,0.0,0.0,0.0,0.0,0.0,0.0,0.0,0.0,0.0,0.0,0.0,0.0,0.0,stable,stable
3,500,240,modular,6,0.08,0.004,0.12,6,10.0,0.72,0.22,False,static,1.0,False,False,1.0,fixed_agents_static_regulator,fixed_agents_static_regulator,0.6490666666666666,0.8,0.1875,0.029839217296854303,0.2683666666666667,0.37083333333333335,0.17916666666666667,0.02917664591187045,0.08256666666666665,0.12916666666666668,0.10416666666666669,0.01710168932526193,0.3182011844222907,0.40255011089379206,0.16797039630510358,0.02951335914732626,0.31756129753978424,0.40255011089379206,0.16797039630510358,0.029459814772086652,0.013419335292670817,0.02942129983007168,0.023751158455600493,0.004049947592703713,0.01325,0.05416666666666667,0.041666666666666664,0.008550909633223564,1.6286939427414084,1.7773999554364117,0.27812749975456663,0.047929486823418646,1.0,1.0,0.0,0.0,0.07785714285714283,0.25,0.25,0.04859768198049729,0.0,0.0,0.0,0.0,0.0,0.0,0.0,0.0,0.0,0.0,0.0,0.0,0.0,0.0,0.0,0.0,0.0,0.0,0.0,0.0,stable,stable
4,500,240,modular,6,0.08,0.004,0.12,6,10.0,0.72,0.22,False,static,1.0,False,False,1.0,fixed_agents_static_regulator,fixed_agents_static_regulator,0.6497499999999999,0.7791666666666667,0.1791666666666667,0.030718366746224576,0.2687333333333333,0.36666666666666664,0.18333333333333332,0.028575552876929998,0.08151666666666667,0.14166666666666666,0.10833333333333334,0.018520776621585463,0.3199970139479095,0.421084382237286,0.17668002063661356,0.03239163713714991,0.32005234240076413,0.421084382237286,0.17668002063661356,0.0320949808913924,0.013986156694095277,0.0354420518803987,0.029135181563938524,0.004641806373694444,0.013833333333333333,0.058333333333333334,0.041666666666666664,0.008368260140422128,1.6360282662946974,1.8005383008850382,0.2739762540887878,0.05143726391346018,1.0,1.0,0.0,0.0,0.08299999999999999,0.25,0.25,0.05114784492836747,0.0,0.0,0.0,0.0,0.0,0.0,0.0,0.0,0.0,0.0,0.0,0.0,0.0,0.0,0.0,0.0,0.0,0.0,0.0,0.0,stable,stable
5,500,240,modular,6,0.08,0.004,0.12,6,10.0,0.72,0.22,False,static,1.0,False,False,1.0,fixed_agents_static_regulator,fixed_agents_static_regulator,0.6518333333333333,0.7666666666666667,0.19166666666666665,0.028681197867437665,0.27031666666666665,0.3541666666666667,0.15000000000000002,0.02725032619580503,0.07784999999999999,0.15,0.0875,0.01680367849939742,0.31129989663506874,0.4020205490847459,0.17090046521076813,0.028518011332504513,0.3121897085060659,0.4020205490847459,0.17090046521076813,0.028497503965778295,0.012644000782461515,0.029163048910952546,0.023462424086789092,0.0036318207152554708,0.01255,0.05416666666666667,0.05416666666666667,0.008092194455838978,1.5997427971040616,1.7602162930470198,0.3037556880887402,0.04637828290943344,1.0,1.0,0.0,0.0,0.08128571428571428,0.2857142857142857,0.2857142857142857,0.05219449497909189,0.0,0.0,0.0,0.0,0.0,0.0,0.0,0.0,0.0,0.0,0.0,0.0,0.0,0.0,0.0,0.0,0.0,0.0,0.0,0.0,stable,stable
6,500,240,modular,6,0.08,0.004,0.12,6,10.0,0.72,0.22,False,static,1.0,False,False,1.0,fixed_agents_static_regulator,fixed_agents_static_regulator,0.6483666666666666,0.7958333333333333,0.16666666666666663,0.03289670702871845,0.2732166666666667,0.3625,0.16666666666666666,0.03079186851535104,0.07841666666666668,0.13333333333333333,0.1,0.018140845564024236,0.31556657337599237,0.41082035573031855,0.17911486073294144,0.03183413794971455,0.31514460889021223,0.41082035573031855,0.17911486073294144,0.0315352000146937,0.013170364997978272,0.031809216147233504,0.026146274387779864,0.004278383446029342,0.012199999999999999,0.05,0.05,0.008065289138579526,1.6139892897854702,1.7704003635204197,0.29125418233579636,0.05275325845966035,1.0,1.0,0.0,0.0,0.07899999999999999,0.25,0.21428571428571427,0.049164654634260604,0.0,0.0,0.0,0.0,0.0,0.0,0.0,0.0,0.0,0.0,0.0,0.0,0.0,0.0,0.0,0.0,0.0,0.0,0.0,0.0,stable,stable
7,500,240,modular,6,0.08,0.004,0.12,6,10.0,0.72,0.22,False,static,1.0,False,False,1.0,fixed_agents_static_regulator,fixed_agents_static_regulator,0.6485166666666666,0.8416666666666667,0.20416666666666672,0.033434550492965606,0.26975,0.3541666666666667,0.17500000000000002,0.03191362039422458,0.08173333333333334,0.14166666666666666,0.10416666666666666,0.018248165813460695,0.32765488692379646,0.44158527954074583,0.18675527182315366,0.033957060119222574,0.32684250791942543,0.44158527954074583,0.18675527182315366,0.03349617996789261,0.015340366924555017,0.043940078021528946,0.03325816328157903,0.005499302869841933,0.015050000000000001,0.0625,0.05416666666666667,0.010339259053615872,1.6329538860994435,1.8120492852524344,0.29373448989682793,0.053321613626390534,1.0,1.0,0.0,0.0,0.08157142857142857,0.25,0.25,0.054624693526436764,0.0,0.0,0.0,0.0,0.0,0.0,0.0,0.0,0.0,0.0,0.0,0.0,0.0,0.0,0.0,0.0,0.0,0.0,0.0,0.0,stable,stable
8,500,240,modular,6,0.08,0.004,0.12,6,10.0,0.72,0.22,False,static,1.0,False,False,1.0,fixed_agents_static_regulator,fixed_agents_static_regulator,0.6527166666666667,0.8,0.16666666666666663,0.029996208093690774,0.2673000000000001,0.3625,0.14583333333333334,0.026737177612206314,0.07998333333333332,0.13333333333333333,0.09583333333333333,0.01781735265283694,0.31872876226195707,0.420738715021438,0.1906443540798202,0.0314547902255515,0.31908311589140714,0.420738715021438,0.1906443540798202,0.0312655735154088,0.013932310132932745,0.035625667350213025,0.02778478811388057,0.0044766263154657655,0.013216666666666666,0.05416666666666667,0.05416666666666667,0.008553767850745334,1.5888192954297407,1.743749585214928,0.28866317428667476,0.04869488643247454,1.0,1.0,0.0,0.0,0.07999999999999999,0.32142857142857145,0.32142857142857145,0.05089003751587679,0.0,0.0,0.0,0.0,0.0,0.0,0.0,0.0,0.0,0.0,0.0,0.0,0.0,0.0,0.0,0.0,0.0,0.0,0.0,0.0,stable,stable
9,500,240,modular,6,0.08,0.004,0.12,6,10.0,0.72,0.22,False,static,1.0,False,False,1.0,fixed_agents_static_regulator,fixed_agents_static_regulator,0.6503333333333332,0.7625,0.1958333333333333,0.031748140802957965,0.2693,0.35,0.17916666666666667,0.028570264261990996,0.08036666666666667,0.12916666666666668,0.09166666666666667,0.018060976963854666,0.3184287890377617,0.4039945247541838,0.17360217756485194,0.03321131005295869,0.3183949475224359,0.4039945247541838,0.17360217756485194,0.033172246823372775,0.013810074877971456,0.03012377810508596,0.0229573805508796,0.004640764001103755,0.013983333333333332,0.05,0.04583333333333333,0.008761167476743928,1.6305513181208242,1.769630096694282,0.3062433796583366,0.053281457854160136,1.0,1.0,0.0,0.0,0.07971428571428571,0.25,0.25,0.04992565901990107,0.0,0.0,0.0,0.0,0.0,0.0,0.0,0.0,0.0,0.0,0.0,0.0,0.0,0.0,0.0,0.0,0.0,0.0,0.0,0.0,stable,stable
10,500,240,modular,6,0.08,0.004,0.12,6,10.0,0.72,0.22,False,static,1.0,False,False,1.0,fixed_agents_static_regulator,fixed_agents_static_regulator,0.6505833333333333,0.7875,0.1791666666666667,0.03086496125598303,0.26863333333333334,0.3416666666666667,0.15000000000000002,0.027126637175375137,0.08078333333333333,0.12916666666666668,0.07916666666666666,0.015884487541134102,0.32267168165372756,0.4109524255622076,0.16711542973046342,0.03133821652504638,0.3225527732815776,0.4109524255622076,0.16711542973046342,0.031539269701354476,0.014510715763335806,0.03266316017469015,0.024371451341792468,0.004579234358481645,0.013966666666666669,0.041666666666666664,0.041666666666666664,0.008186302923515324,1.6244004560935257,1.7630045352305606,0.2852599297977054,0.05053491571547412,1.0,1.0,0.0,0.0,0.0797142857142857,0.25,0.25,0.049925659019901064,0.0,0.0,0.0,0.0,0.0,0.0,0.0,0.0,0.0,0.0,0.0,0.0,0.0,0.0,0.0,0.0,0.0,0.0,0.0,0.0,stable,stable
11,500,240,modular,6,0.08,0.004,0.12,6,10.0,0.72,0.22,False,static,1.0,False,False,1.0,fixed_agents_static_regulator,fixed_agents_static_regulator,0.6468166666666666,0.8166666666666667,0.17500000000000004,0.03241342743027614,0.27365000000000006,0.3625,0.16666666666666666,0.02953429738832841,0.07953333333333333,0.12916666666666668,0.1,0.017993177719470357,0.3188093201267574,0.4200911192195974,0.18126531649814487,0.033412740072109315,0.3192200625060047,0.4200911192195974,0.18126531649814487,0.03345536152514295,0.013898373909949552,0.0350308440537015,0.02907659213276858,0.0047663872622766956,0.013583333333333334,0.058333333333333334,0.041666666666666664,0.007984794577473139,1.6193651540425467,1.7766654153933772,0.27051000699925565,0.05308922329319348,1.0,1.0,0.0,0.0,0.07614285714285714,0.25,0.25,0.04931386359693532,0.0,0.0,0.0,0.0,0.0,0.0,0.0,0.0,0.0,0.0,0.0,0.0,0.0,0.0,0.0,0.0,0.0,0.0,0.0,0.0,stable,stable
12,500,240,modular,6,0.08,0.004,0.12,6,10.0,0.72,0.22,False,static,1.0,False,False,1.0,fixed_agents_static_regulator,fixed_agents_static_regulator,0.6476000000000001,0.7708333333333334,0.17083333333333328,0.0319407611403082,0.2732833333333333,0.35,0.1708333333333333,0.02945873290629528,0.07911666666666667,0.13333333333333333,0.09166666666666667,0.01816009820090923,0.3202427150731555,0.41653546634264166,0.17802587012511661,0.03233549306242741,0.3205830886016677,0.41653546634264166,0.17802587012511661,0.032736748992572264,0.014145521553765436,0.03410908184610619,0.028130396105085154,0.004652861108938877,0.013566666666666666,0.04583333333333333,0.041666666666666664,0.00894278107376745,1.6052023755360438,1.7408881999345074,0.26459566821117986,0.05105281448035623,1.0,1.0,0.0,0.0,0.07642857142857142,0.2857142857142857,0.21428571428571427,0.050005101780534675,0.0,0.0,0.0,0.0,0.0,0.0,0.0,0.0,0.0,0.0,0.0,0.0,0.0,0.0,0.0,0.0,0.0,0.0,0.0,0.0,stable,stable
13,500,240,modular,6,0.08,0.004,0.12,6,10.0,0.72,0.22,False,static,1.0,False,False,1.0,fixed_agents_static_regulator,fixed_agents_static_regulator,0.6495666666666667,0.8291666666666667,0.15416666666666667,0.03335342727683485,0.26935000000000003,0.35,0.16249999999999998,0.030828058107293537,0.08108333333333333,0.15833333333333333,0.125,0.018749259244626768,0.3221833291357401,0.4368955535926851,0.19329471268650517,0.033891385906801644,0.32145564182265457,0.4368955535926851,0.19329471268650517,0.033670964990829576,0.014367351841337214,0.04151171321989982,0.03520375378844291,0.005018943600976721,0.015216666666666667,0.041666666666666664,0.041666666666666664,0.008939317025863267,1.646494319750352,1.8015547014815434,0.26404680421428584,0.054988398677346326,1.0,1.0,0.0,0.0,0.08542857142857142,0.35714285714285715,0.35714285714285715,0.05676589950788039,0.0,0.0,0.0,0.0,0.0,0.0,0.0,0.0,0.0,0.0,0.0,0.0,0.0,0.0,0.0,0.0,0.0,0.0,0.0,0.0,stable,oscillatory
14,500,240,modular,6,0.08,0.004,0.12,6,10.0,0.72,0.22,False,static,1.0,False,False,1.0,fixed_agents_static_regulator,fixed_agents_static_regulator,0.6511166666666667,0.7708333333333334,0.15416666666666667,0.028933645351620203,0.27004999999999996,0.36666666666666664,0.16249999999999998,0.028018054694944276,0.07883333333333332,0.12916666666666668,0.08750000000000002,0.016262601951170737,0.31463752277677814,0.40055585738834937,0.16381461478004705,0.028787296016982676,0.31489852348009334,0.40055585738834937,0.16381461478004705,0.02882234936752583,0.01310306420725735,0.02899981371411632,0.0231793463741374,0.0037604107849765348,0.01255,0.04583333333333333,0.0375,0.008005917950005622,1.5980917778477648,1.7355510225973834,0.24700133838804073,0.04614144108605605,1.0,1.0,0.0,0.0,0.07457142857142855,0.2857142857142857,0.21428571428571427,0.05030843642482048,0.0,0.0,0.0,0.0,0.0,0.0,0.0,0.0,0.0,0.0,0.0,0.0,0.0,0.0,0.0,0.0,0.0,0.0,0.0,0.0,stable,stable
15,500,240,modular,6,0.08,0.004,0.12,6,10.0,0.72,0.22,False,static,1.0,False,False,1.0,fixed_agents_static_regulator,fixed_agents_static_regulator,0.6480166666666667,0.7791666666666667,0.1625000000000001,0.029375864053485967,0.2714666666666667,0.37083333333333335,0.15833333333333333,0.028720666194687525,0.08051666666666667,0.15,0.11250000000000002,0.018167347082059065,0.31790349531306406,0.41543207933208026,0.16675019646479447,0.02957722100894421,0.3172147852350783,0.41543207933208026,0.16675019646479447,0.029978165454072867,0.013449741152605846,0.03347366450919749,0.02188492329963704,0.0038954392484821356,0.013949999999999999,0.041666666666666664,0.041666666666666664,0.008845604683808916,1.633441883721259,1.789758690713053,0.25669321002972545,0.04847067333876176,1.0,1.0,0.0,0.0,0.08399999999999999,0.2857142857142857,0.25,0.05331002892208435,0.0,0.0,0.0,0.0,0.0,0.0,0.0,0.0,0.0,0.0,0.0,0.0,0.0,0.0,0.0,0.0,0.0,0.0,0.0,0.0,stable,stable
16,500,240,modular,6,0.08,0.004,0.12,6,10.0,0.72,0.22,False,static,1.0,False,False,1.0,fixed_agents_static_regulator,fixed_agents_static_regulator,0.6491166666666667,0.7875,0.16249999999999998,0.030360980989860432,0.2687833333333333,0.37916666666666665,0.16666666666666666,0.028585257466820977,0.08209999999999999,0.15,0.11249999999999999,0.01856687612090114,0.32475555344188956,0.4500602449170619,0.1731891331210305,0.031634365631453124,0.32483656119387866,0.4500602449170619,0.1731891331210305,0.031660618165521834,0.014805324039815293,0.04716106369217769,0.02931141959774389,0.004768670467240893,0.014299999999999998,0.05416666666666667,0.05416666666666667,0.008769201154545886,1.6533816546009126,1.8640177945574044,0.2964207842922706,0.05074177018486494,1.0,1.0,0.0,0.0,0.08257142857142856,0.25,0.25,0.05069234938049612,0.0,0.0,0.0,0.0,0.0,0.0,0.0,0.0,0.0,0.0,0.0,0.0,0.0,0.0,0.0,0.0,0.0,0.0,0.0,0.0,stable,stable
17,500,240,modular,6,0.08,0.004,0.12,6,10.0,0.72,0.22,False,static,1.0,False,False,1.0,fixed_agents_static_regulator,fixed_agents_static_regulator,0.6482666666666667,0.8166666666666667,0.15416666666666667,0.03057179164596744,0.27183333333333337,0.37083333333333335,0.15833333333333333,0.029294481846700526,0.0799,0.13333333333333333,0.09583333333333333,0.01813578414810528,0.3110742805113271,0.39514920155295774,0.15053781109342596,0.030525975259210848,0.31161932214363425,0.39514920155295774,0.15053781109342596,0.030505250280023485,0.01250001792042319,0.026956443086000773,0.020794697434236415,0.003997107904857512,0.012133333333333333,0.04583333333333333,0.0375,0.007710310557227179,1.650552606436113,1.7894869232793602,0.2588509754468551,0.04970185386961244,1.0,1.0,0.0,0.0,0.08271428571428571,0.21428571428571427,0.21428571428571427,0.05141051270242819,0.0,0.0,0.0,0.0,0.0,0.0,0.0,0.0,0.0,0.0,0.0,0.0,0.0,0.0,0.0,0.0,0.0,0.0,0.0,0.0,stable,stable
18,500,240,modular,6,0.08,0.004,0.12,6,10.0,0.72,0.22,False,static,1.0,False,False,1.0,fixed_agents_static_regulator,fixed_agents_static_regulator,0.6504833333333333,0.875,0.1875,0.03116002157323458,0.2707833333333334,0.35833333333333334,0.17916666666666667,0.02863681100339988,0.07873333333333332,0.13333333333333333,0.10416666666666666,0.018512938418546336,0.3200528798455464,0.44523310856740284,0.16862490929536855,0.03180826795960727,0.3193205484798572,0.44523310856740284,0.16862490929536855,0.0322785894092543,0.014042694440778119,0.045075491857099866,0.023275915408638968,0.004467743772662069,0.013949999999999999,0.05,0.05,0.008845604683808916,1.6222376274501071,1.8134856712388632,0.2882555514352376,0.05153648727169382,1.0,1.0,0.0,0.0,0.081,0.25,0.25,0.05056032969409426,0.0,0.0,0.0,0.0,0.0,0.0,0.0,0.0,0.0,0.0,0.0,0.0,0.0,0.0,0.0,0.0,0.0,0.0,0.0,0.0,stable,stable
19,500,240,modular,6,0.08,0.004,0.12,6,10.0,0.72,0.22,False,static,1.0,False,False,1.0,fixed_agents_static_regulator,fixed_agents_static_regulator,0.6514000000000001,0.8166666666666667,0.16249999999999998,0.030907316645451807,0.26776666666666665,0.375,0.1416666666666667,0.028725927119744785,0.08083333333333334,0.1375,0.10416666666666669,0.018951692976266442,0.3157813875433223,0.4117524210099486,0.17926952271030697,0.03149943790059932,0.3155358997124573,0.4117524210099486,0.17926952271030697,0.03208045148256698,0.013286368066091837,0.03223545434864851,0.024278001320336754,0.004239948370170623,0.01325,0.04583333333333333,0.0375,0.008014310117949433,1.638663804142599,1.7714066578719048,0.28001014250492484,0.05153430776580568,1.0,1.0,0.0,0.0,0.07985714285714286,0.2857142857142857,0.2857142857142857,0.05565362998594292,0.0,0.0,0.0,0.0,0.0,0.0,0.0,0.0,0.0,0.0,0.0,0.0,0.0,0.0,0.0,0.0,0.0,0.0,0.0,0.0,stable,stable
20,500,240,modular,6,0.08,0.004,0.12,6,10.0,0.72,0.22,False,static,1.0,False,False,1.0,fixed_agents_static_regulator,fixed_agents_static_regulator,0.6471666666666667,0.7833333333333333,0.16666666666666663,0.03178093418667516,0.27226666666666666,0.375,0.1875,0.02797371782385904,0.08056666666666666,0.13333333333333333,0.09583333333333333,0.018599910394049395,0.3229590027600265,0.42572607640122573,0.1866834202794843,0.033629811439828,0.3224211437476901,0.42572607640122573,0.1866834202794843,0.03337107243905917,0.014485665055421568,0.03734435851217841,0.03131519843458468,0.004945369320801825,0.013183333333333333,0.04583333333333333,0.04583333333333333,0.008474946738606812,1.6105004189510828,1.7639163829062883,0.2704900104595529,0.052549968285446017,1.0,1.0,0.0,0.0,0.083,0.2857142857142857,0.21428571428571427,0.05094795263355555,0.0,0.0,0.0,0.0,0.0,0.0,0.0,0.0,0.0,0.0,0.0,0.0,0.0,0.0,0.0,0.0,0.0,0.0,0.0,0.0,stable,stable
21,500,240,modular,6,0.08,0.004,0.12,6,10.0,0.72,0.22,False,static,1.0,False,False,1.0,fixed_agents_static_regulator,fixed_agents_static_regulator,0.6482,0.7958333333333333,0.16666666666666663,0.03323249748196618,0.2712,0.3541666666666667,0.14583333333333334,0.02960159530235566,0.08059999999999999,0.14583333333333334,0.09166666666666667,0.017417296639324436,0.32151516062024943,0.43895426421455164,0.16317926003209607,0.03273443683023265,0.32156279291131645,0.43895426421455164,0.16317926003209607,0.03305081499087184,0.014288680717381787,0.042127471561287405,0.025871595870903288,0.004874557140890316,0.013883333333333333,0.05,0.05,0.008879767889859384,1.6310797530989463,1.8066326732750881,0.2813443932282973,0.05417570759785837,1.0,1.0,0.0,0.0,0.08214285714285714,0.2857142857142857,0.21428571428571427,0.04951293378749534,0.0,0.0,0.0,0.0,0.0,0.0,0.0,0.0,0.0,0.0,0.0,0.0,0.0,0.0,0.0,0.0,0.0,0.0,0.0,0.0,stable,stable
22,500,240,modular,6,0.08,0.004,0.12,6,10.0,0.72,0.22,False,static,1.0,False,False,1.0,fixed_agents_static_regulator,fixed_agents_static_regulator,0.6492833333333333,0.7583333333333333,0.1791666666666667,0.030424775174920267,0.2705833333333333,0.3458333333333333,0.14583333333333334,0.027878830080666345,0.08013333333333332,0.1375,0.09583333333333335,0.016808860097513388,0.31372247494821115,0.40502998894489844,0.18425134526634018,0.03070409996299797,0.31366908710790964,0.40502998894489844,0.18425134526634018,0.030396711600036725,0.01287080884173713,0.02996995866762883,0.025052036589799685,0.0038954893746049302,0.012716666666666664,0.05,0.03333333333333333,0.007818798572102438,1.6260402736836406,1.7730965357541288,0.29411679552554726,0.050135770379916594,1.0,1.0,0.0,0.0,0.08028571428571428,0.2857142857142857,0.2857142857142857,0.05153877082313065,0.0,0.0,0.0,0.0,0.0,0.0,0.0,0.0,0.0,0.0,0.0,0.0,0.0,0.0,0.0,0.0,0.0,0.0,0.0,0.0,stable,stable
23,500,240,modular,6,0.08,0.004,0.12,6,10.0,0.72,0.22,False,static,1.0,False,False,1.0,fixed_agents_static_regulator,fixed_agents_static_regulator,0.6479666666666667,0.8333333333333334,0.16666666666666663,0.031872645882567635,0.2714333333333333,0.3625,0.1708333333333333,0.028767284659256022,0.08059999999999999,0.13333333333333333,0.1,0.017504792994428062,0.3151500984858965,0.41146454954248457,0.1906908079569403,0.03193932600856329,0.31491406944971656,0.41146454954248457,0.1906908079569403,0.03178042365961569,0.013073124725983994,0.03182803439903394,0.026917553833088817,0.004238574783044568,0.013766666666666665,0.06666666666666667,0.06666666666666667,0.009009624483480616,1.640970463563423,1.7905462708547368,0.2850273114919948,0.0522533828305586,1.0,1.0,0.0,0.0,0.07942857142857142,0.25,0.21428571428571427,0.04637117331150587,0.0,0.0,0.0,0.0,0.0,0.0,0.0,0.0,0.0,0.0,0.0,0.0,0.0,0.0,0.0,0.0,0.0,0.0,0.0,0.0,stable,stable
24,500,240,modular,6,0.08,0.004,0.12,6,10.0,0.72,0.22,False,static,1.0,False,False,1.0,fixed_agents_static_regulator,fixed_agents_static_regulator,0.6486166666666666,0.8166666666666667,0.1708333333333334,0.029370057503821434,0.2694,0.35833333333333334,0.175,0.028742651234706932,0.08198333333333332,0.15,0.10833333333333334,0.018564369995594607,0.3284513385227313,0.41569508339302136,0.16697475221973296,0.0311472437168839,0.3282462253790141,0.41569508339302136,0.16697475221973296,0.03136769615687945,0.015497434648959757,0.03452130510844573,0.027771749761588943,0.004907878394137034,0.015566666666666666,0.05416666666666667,0.05416666666666667,0.008541467477352276,1.6343779561117753,1.7601830721059657,0.2470911517329415,0.047641262547515884,1.0,1.0,0.0,0.0,0.07871428571428571,0.25,0.25,0.053001540216357126,0.0,0.0,0.0,0.0,0.0,0.0,0.0,0.0,0.0,0.0,0.0,0.0,0.0,0.0,0.0,0.0,0.0,0.0,0.0,0.0,stable,stable
25,500,240,modular,6,0.08,0.004,0.12,6,10.0,0.72,0.22,False,static,1.0,False,False,1.0,fixed_agents_static_regulator,fixed_agents_static_regulator,0.6512166666666667,0.775,0.16666666666666674,0.03223145892516261,0.2710333333333333,0.3541666666666667,0.16666666666666669,0.031560594276900285,0.07774999999999999,0.15,0.12083333333333332,0.017308676372784194,0.31853278135845303,0.4003187230549429,0.16794755204334605,0.031693688762812845,0.3182078023724337,0.4003187230549429,0.16794755204334605,0.03154802821734045,0.013828827142126496,0.029345193539579713,0.023061064057234137,0.004283595080189904,0.014416666666666668,0.05416666666666667,0.041666666666666664,0.008207804551495824,1.6198708233292214,1.7459987180988767,0.2673195626189606,0.051046720107991016,1.0,1.0,0.0,0.0,0.07328571428571427,0.25,0.21428571428571427,0.047612594800887184,0.0,0.0,0.0,0.0,0.0,0.0,0.0,0.0,0.0,0.0,0.0,0.0,0.0,0.0,0.0,0.0,0.0,0.0,0.0,0.0,stable,oscillatory
26,500,240,modular,6,0.08,0.004,0.12,6,10.0,0.72,0.22,False,static,1.0,False,False,1.0,fixed_agents_static_regulator,fixed_agents_static_regulator,0.6522833333333334,0.8375,0.18333333333333335,0.030661598313054574,0.2673666666666667,0.3458333333333333,0.15833333333333333,0.026086054171189293,0.08034999999999999,0.14583333333333334,0.09583333333333335,0.017956034268921037,0.3191319310565589,0.43058722576783914,0.20201610182039384,0.032382245697954976,0.31868992682833086,0.43058722576783914,0.20201610182039384,0.03202526370638715,0.0138956525457453,0.03904532609675561,0.03361978342424228,0.004727835492387652,0.014516666666666667,0.07083333333333333,0.07083333333333333,0.009414955596756093,1.6070069809575875,1.7927800013373383,0.3186317307776012,0.0514295013016421,1.0,1.0,0.0,0.0,0.08199999999999998,0.2857142857142857,0.2857142857142857,0.0533613021901506,0.0,0.0,0.0,0.0,0.0,0.0,0.0,0.0,0.0,0.0,0.0,0.0,0.0,0.0,0.0,0.0,0.0,0.0,0.0,0.0,stable,stable
27,500,240,modular,6,0.08,0.004,0.12,6,10.0,0.72,0.22,False,static,1.0,False,False,1.0,fixed_agents_static_regulator,fixed_agents_static_regulator,0.65035,0.7833333333333333,0.19166666666666665,0.03123748193721411,0.2725166666666667,0.3458333333333333,0.15833333333333333,0.03145123650634069,0.07713333333333333,0.15416666666666667,0.125,0.01735748317649256,0.3167289432268956,0.4171866194311576,0.20654656618545134,0.030132408010807837,0.3164209951448446,0.4171866194311576,0.20654656618545134,0.03000893796215054,0.013461560981322951,0.03429454041690801,0.029764756802041895,0.0041009030647606625,0.012983333333333333,0.04583333333333333,0.04583333333333333,0.007744334846984745,1.621826863975631,1.7619393594842683,0.29254732979492903,0.049018976990429,1.0,1.0,0.0,0.0,0.08028571428571428,0.2857142857142857,0.21428571428571427,0.04992974656291312,0.0,0.0,0.0,0.0,0.0,0.0,0.0,0.0,0.0,0.0,0.0,0.0,0.0,0.0,0.0,0.0,0.0,0.0,0.0,0.0,stable,oscillatory
28,500,240,modular,6,0.08,0.004,0.12,6,10.0,0.72,0.22,False,static,1.0,False,False,1.0,fixed_agents_static_regulator,fixed_agents_static_regulator,0.6504666666666667,0.825,0.15833333333333333,0.03102515108746451,0.2686666666666666,0.3541666666666667,0.15000000000000002,0.028062925324665956,0.08086666666666667,0.13333333333333333,0.09166666666666667,0.01697707604716169,0.3156026267497207,0.4137006858222519,0.17222047018712797,0.030863794101227502,0.31547286131322283,0.4137006858222519,0.17222047018712797,0.030983806337249054,0.01322556424035151,0.032785070023065736,0.026264694249875323,0.004207713058196216,0.013183333333333333,0.04583333333333333,0.0375,0.008409138547503608,1.6275569486931394,1.7749691760819821,0.2549724598953482,0.0510808159751096,1.0,1.0,0.0,0.0,0.07657142857142857,0.2857142857142857,0.21428571428571427,0.0512504853137798,0.0,0.0,0.0,0.0,0.0,0.0,0.0,0.0,0.0,0.0,0.0,0.0,0.0,0.0,0.0,0.0,0.0,0.0,0.0,0.0,stable,stable
29,500,240,modular,6,0.08,0.004,0.12,6,10.0,0.72,0.22,False,static,1.0,False,False,1.0,fixed_agents_static_regulator,fixed_agents_static_regulator,0.652,0.7958333333333333,0.17083333333333328,0.031234329404252196,0.2690166666666666,0.35,0.1375,0.029535143849695772,0.07898333333333334,0.14166666666666666,0.09166666666666667,0.01620295754895795,0.3210410206954537,0.41119457340064414,0.16535558094973288,0.030804326764495675,0.3212014359833975,0.41119457340064414,0.16535558094973288,0.030617801985661768,0.014329183450449826,0.03281768383381081,0.025762517733511806,0.004517736011190559,0.014333333333333332,0.05,0.041666666666666664,0.008537498983243798,1.6093487240506128,1.7564054136201401,0.2706937002163188,0.04962190616391465,1.0,1.0,0.0,0.0,0.07942857142857142,0.25,0.25,0.049870035173070267,0.0,0.0,0.0,0.0,0.0,0.0,0.0,0.0,0.0,0.0,0.0,0.0,0.0,0.0,0.0,0.0,0.0,0.0,0.0,0.0,stable,stable
30,500,240,modular,6,0.08,0.004,0.12,6,10.0,0.72,0.22,False,static,1.0,False,False,1.0,fixed_agents_static_regulator,fixed_agents_static_regulator,0.6526833333333334,0.8208333333333333,0.16666666666666663,0.029077621215559492,0.26893333333333336,0.36666666666666664,0.1708333333333333,0.02806245019792661,0.07838333333333333,0.14166666666666666,0.1,0.018443163442798467,0.31640434285848584,0.4357086661739657,0.17382772855302717,0.03111946651525372,0.31636754735533634,0.4357086661739657,0.17382772855302717,0.031381436689536364,0.013498878731509718,0.04084018625784021,0.025994351278488124,0.004345242732843971,0.014333333333333333,0.0625,0.05,0.0093526585643988,1.6223075783242635,1.8221049238300568,0.2691935428385166,0.0480639028624058,1.0,1.0,0.0,0.0,0.07942857142857142,0.25,0.25,0.05058111287419284,0.0,0.0,0.0,0.0,0.0,0.0,0.0,0.0,0.0,0.0,0.0,0.0,0.0,0.0,0.0,0.0,0.0,0.0,0.0,0.0,stable,stable
31,500,240,modular,6,0.08,0.004,0.12,6,10.0,0.72,0.22,False,static,1.0,False,False,1.0,fixed_agents_static_regulator,fixed_agents_static_regulator,0.6468666666666666,0.7791666666666667,0.16666666666666663,0.028166942799435414,0.2731,0.3625,0.14583333333333331,0.026191092633438058,0.08003333333333333,0.1375,0.07916666666666666,0.016255734031070047,0.3258390082909897,0.4096537504079697,0.14986147118556006,0.0287362566682464,0.32594902791425445,0.4096537504079697,0.14986147118556006,0.02864124635707546,0.014935917548568328,0.03238825244847009,0.022204547688851252,0.004215014901057635,0.015133333333333334,0.041666666666666664,0.041666666666666664,0.008660831368869849,1.6130421403868958,1.749199525200915,0.2362314490881905,0.045933651671331115,1.0,1.0,0.0,0.0,0.078,0.25,0.25,0.0485260292029348,0.0,0.0,0.0,0.0,0.0,0.0,0.0,0.0,0.0,0.0,0.0,0.0,0.0,0.0,0.0,0.0,0.0,0.0,0.0,0.0,stable,stable
32,500,240,modular,6,0.08,0.004,0.12,6,10.0,0.72,0.22,False,static,1.0,False,False,1.0,fixed_agents_static_regulator,fixed_agents_static_regulator,0.6506333333333333,0.8125,0.17499999999999993,0.031900696613780144,0.2699,0.35833333333333334,0.15,0.028330215514731107,0.07946666666666667,0.14166666666666666,0.10833333333333334,0.01689983563365172,0.315351771056803,0.41784590840341085,0.16943237357405175,0.032013828263089274,0.31444754102660716,0.41784590840341085,0.16943237357405175,0.03201401490375135,0.013143424355844032,0.0341296451940307,0.027090343880710452,0.004345843105207012,0.012616666666666667,0.05416666666666667,0.05416666666666667,0.007803151072910653,1.6284253542735165,1.797609536402336,0.293456866681588,0.05225935051937802,1.0,1.0,0.0,0.0,0.07728571428571428,0.2857142857142857,0.2857142857142857,0.04908738563593939,0.0,0.0,0.0,0.0,0.0,0.0,0.0,0.0,0.0,0.0,0.0,0.0,0.0,0.0,0.0,0.0,0.0,0.0,0.0,0.0,stable,stable
33,500,240,modular,6,0.08,0.004,0.12,6,10.0,0.72,0.22,False,static,1.0,False,False,1.0,fixed_agents_static_regulator,fixed_agents_static_regulator,0.6513499999999999,0.8333333333333334,0.16249999999999998,0.03029571385159587,0.26831666666666665,0.35833333333333334,0.15833333333333333,0.028896121423702063,0.08033333333333334,0.15416666666666667,0.12083333333333335,0.017087194685559776,0.31761221430593045,0.41241870927356233,0.17154255504379756,0.030471561334521467,0.31722744293038224,0.41241870927356233,0.17154255504379756,0.030362493000164806,0.013562144093534371,0.03270869669748533,0.026603951850557615,0.004190192891771033,0.013433333333333334,0.05,0.0375,0.00769855686332041,1.621154226740983,1.7750658140354276,0.27911902205113326,0.0495267747789255,1.0,1.0,0.0,0.0,0.07742857142857142,0.2857142857142857,0.2857142857142857,0.05175215661482827,0.0,0.0,0.0,0.0,0.0,0.0,0.0,0.0,0.0,0.0,0.0,0.0,0.0,0.0,0.0,0.0,0.0,0.0,0.0,0.0,stable,oscillatory
34,500,240,modular,6,0.08,0.004,0.12,6,10.0,0.72,0.22,False,static,1.0,False,False,1.0,fixed_agents_static_regulator,fixed_agents_static_regulator,0.6494500000000001,0.8416666666666667,0.15416666666666667,0.029581154849366888,0.27101666666666663,0.3625,0.16249999999999998,0.028201305131342964,0.07953333333333333,0.12916666666666668,0.09166666666666667,0.017942934232975636,0.31953525474676386,0.42706161510078033,0.1571170273011497,0.02981143974914692,0.31941330852913685,0.42706161510078033,0.1571170273011497,0.02936623125828477,0.013803262616290472,0.03758810272606903,0.02383874347718136,0.0040449037376379835,0.014266666666666665,0.0625,0.04583333333333333,0.007795368995613856,1.6246138282819214,1.816450888361105,0.26293233450036224,0.048185181536868245,1.0,1.0,0.0,0.0,0.08242857142857142,0.42857142857142855,0.42857142857142855,0.05557142857142857,0.0,0.0,0.0,0.0,0.0,0.0,0.0,0.0,0.0,0.0,0.0,0.0,0.0,0.0,0.0,0.0,0.0,0.0,0.0,0.0,stable,stable
35,500,240,modular,6,0.08,0.004,0.12,6,10.0,0.72,0.22,False,static,1.0,False,False,1.0,fixed_agents_static_regulator,fixed_agents_static_regulator,0.6497999999999999,0.8125,0.2041666666666666,0.030006277121073628,0.2692166666666667,0.36666666666666664,0.18749999999999997,0.02890281128194972,0.08098333333333332,0.14166666666666666,0.09583333333333333,0.017089381043339295,0.3095547793706935,0.3946053980315386,0.15125353434577157,0.028133810407543907,0.3089641593488885,0.3946053980315386,0.15125353434577157,0.027805908707969795,0.011997490209269202,0.02665892946739169,0.01745515720650979,0.003291554577138219,0.01175,0.04583333333333333,0.04583333333333333,0.00851836251870041,1.623398995117423,1.7572884771425514,0.30083020137173877,0.04859341244157612,1.0,1.0,0.0,0.0,0.0852857142857143,0.25,0.25,0.05274911741209612,0.0,0.0,0.0,0.0,0.0,0.0,0.0,0.0,0.0,0.0,0.0,0.0,0.0,0.0,0.0,0.0,0.0,0.0,0.0,0.0,stable,stable
36,500,240,modular,6,0.08,0.004,0.12,6,10.0,0.72,0.22,False,static,1.0,False,False,1.0,fixed_agents_static_regulator,fixed_agents_static_regulator,0.6490666666666667,0.75,0.20833333333333326,0.031685801236516015,0.27048333333333335,0.39166666666666666,0.19999999999999998,0.028615307674972383,0.08045,0.15,0.1,0.016656838769039516,0.31292401758964994,0.41739790604631444,0.18011715303385703,0.031108936436694382,0.3127168844222091,0.41739790604631444,0.16738401325455057,0.031066233541504736,0.012716459959235676,0.03356785300238098,0.022356776900485945,0.003942775573465585,0.012766666666666666,0.05416666666666667,0.05416666666666667,0.00903302582502428,1.6067667891349915,1.7951697537054336,0.3222507141415676,0.051511210554078084,1.0,1.0,0.0,0.0,0.0747142857142857,0.2857142857142857,0.25,0.050753707012495194,0.0,0.0,0.0,0.0,0.0,0.0,0.0,0.0,0.0,0.0,0.0,0.0,0.0,0.0,0.0,0.0,0.0,0.0,0.0,0.0,stable,stable
37,500,240,modular,6,0.08,0.004,0.12,6,10.0,0.72,0.22,False,static,1.0,False,False,1.0,fixed_agents_static_regulator,fixed_agents_static_regulator,0.6494166666666668,0.7833333333333333,0.15416666666666667,0.030226115455935707,0.26963333333333334,0.3458333333333333,0.15416666666666665,0.027672770411041648,0.08095000000000001,0.14583333333333334,0.0875,0.016127107958685934,0.3200032050759488,0.4086025510785597,0.17398081384352548,0.029946749629905144,0.32043927201641964,0.4086025510785597,0.17398081384352548,0.029949726436028033,0.013943847574574227,0.03149291074554315,0.025763278575250938,0.004081837825706722,0.0135,0.041666666666666664,0.041666666666666664,0.007806692285753579,1.6062797435953484,1.7467229975506358,0.2657976913609099,0.048480897208318184,1.0,1.0,0.0,0.0,0.08028571428571428,0.2857142857142857,0.2857142857142857,0.052906540624164104,0.0,0.0,0.0,0.0,0.0,0.0,0.0,0.0,0.0,0.0,0.0,0.0,0.0,0.0,0.0,0.0,0.0,0.0,0.0,0.0,stable,stable
38,500,240,modular,6,0.08,0.004,0.12,6,10.0,0.72,0.22,False,static,1.0,False,False,1.0,fixed_agents_static_regulator,fixed_agents_static_regulator,0.6525833333333333,0.8208333333333333,0.19166666666666676,0.03139234248454018,0.2704166666666667,0.37916666666666665,0.175,0.02802838343140356,0.077,0.15833333333333333,0.09583333333333335,0.017087194685559776,0.31324042416388315,0.4434294541318871,0.16886263593091977,0.031347374976172696,0.3136576600102226,0.4434294541318871,0.16886263593091977,0.031550059314900035,0.013101763685667593,0.043805449641254234,0.022639390019309938,0.004082392334656712,0.013333333333333334,0.0375,0.0375,0.009090593428863095,1.6093825387977208,1.808136352042499,0.26473203441931537,0.05033722444438708,1.0,1.0,0.0,0.0,0.0747142857142857,0.25,0.21428571428571427,0.04633969515371001,0.0,0.0,0.0,0.0,0.0,0.0,0.0,0.0,0.0,0.0,0.0,0.0,0.0,0.0,0.0,0.0,0.0,0.0,0.0,0.0,stable,stable
39,500,240,modular,6,0.08,0.004,0.12,6,10.0,0.72,0.22,False,static,1.0,False,False,1.0,fixed_agents_static_regulator,fixed_agents_static_regulator,0.6477833333333333,0.7916666666666666,0.19166666666666665,0.02884614840455789,0.27153333333333335,0.35833333333333334,0.17083333333333334,0.026479740683523822,0.08068333333333333,0.12916666666666668,0.1,0.016861107450118585,0.31775256756388215,0.41743537939314096,0.1638587979871135,0.029801699048323065,0.31772158723042726,0.41743537939314096,0.1638587979871135,0.029795521817105226,0.013440582836801069,0.03392748614867505,0.021893752843542343,0.003956285679013619,0.013100000000000002,0.041666666666666664,0.041666666666666664,0.008082972500537439,1.6069073021280464,1.7557011033125938,0.2731129844331961,0.046765377565938404,1.0,1.0,0.0,0.0,0.08314285714285714,0.25,0.25,0.051065384257711746,0.0,0.0,0.0,0.0,0.0,0.0,0.0,0.0,0.0,0.0,0.0,0.0,0.0,0.0,0.0,0.0,0.0,0.0,0.0,0.0,stable,stable
40,500,240,modular,6,0.08,0.004,0.12,6,10.0,0.72,0.22,False,static,1.0,False,False,1.0,fixed_agents_static_regulator,fixed_agents_static_regulator,0.6513500000000001,0.7708333333333334,0.14583333333333326,0.030102551571438443,0.26915,0.3625,0.13749999999999998,0.027746616410334112,0.0795,0.12916666666666668,0.1,0.017951323071016243,0.3190298111018813,0.40446330714042605,0.15078707571494546,0.031059953860253838,0.3190450350070339,0.40446330714042605,0.15078707571494546,0.031003761006094952,0.013907715114083853,0.030498549026077897,0.0222540794452466,0.004263632837820981,0.013583333333333334,0.04583333333333333,0.04583333333333333,0.008482416453398695,1.6195731971065717,1.7666987648358998,0.25230401784942513,0.04959777267706815,1.0,1.0,0.0,0.0,0.07928571428571428,0.2857142857142857,0.2857142857142857,0.049223563297200144,0.0,0.0,0.0,0.0,0.0,0.0,0.0,0.0,0.0,0.0,0.0,0.0,0.0,0.0,0.0,0.0,0.0,0.0,0.0,0.0,stable,stable
41,500,240,modular,6,0.08,0.004,0.12,6,10.0,0.72,0.22,False,static,1.0,False,False,1.0,fixed_agents_static_regulator,fixed_agents_static_regulator,0.6562666666666667,0.7875,0.15416666666666656,0.03143831703157435,0.26541666666666663,0.3625,0.15416666666666665,0.02860713294889153,0.07831666666666666,0.12916666666666668,0.09583333333333335,0.018496613804213524,0.3069266278746438,0.3994063606911565,0.15989850800541183,0.03251826894637922,0.30750798869971363,0.3994063606911565,0.15989850800541183,0.03254678825719876,0.012193477859986495,0.02837002912136936,0.021969405729760666,0.004041018905028611,0.012233333333333334,0.05,0.05,0.008830880162500476,1.6105177765015604,1.7752645054308664,0.26845144793766984,0.051675131922914,1.0,1.0,0.0,0.0,0.07485714285714284,0.25,0.21428571428571427,0.04649423927449814,0.0,0.0,0.0,0.0,0.0,0.0,0.0,0.0,0.0,0.0,0.0,0.0,0.0,0.0,0.0,0.0,0.0,0.0,0.0,0.0,stable,stable
42,500,240,modular,6,0.08,0.004,0.12,6,10.0,0.72,0.22,False,static,1.0,False,False,1.0,fixed_agents_static_regulator,fixed_agents_static_regulator,0.6477833333333333,0.7958333333333333,0.15000000000000002,0.03150864519813923,0.27259999999999995,0.3625,0.175,0.030123652574753353,0.07961666666666666,0.14583333333333334,0.11250000000000002,0.01884528381909443,0.3142037631336868,0.4135063125790412,0.15579435331952424,0.0316746344810644,0.3138728982008198,0.4135063125790412,0.15579435331952424,0.031133519351626233,0.012909044861883507,0.032472157286123515,0.020890901142197497,0.003940817430908682,0.012566666666666667,0.041666666666666664,0.041666666666666664,0.007745679799446628,1.6439301846750896,1.813702780180698,0.23683664793881154,0.05141915502007265,1.0,1.0,0.0,0.0,0.0747142857142857,0.32142857142857145,0.25,0.04442857142857142,0.0,0.0,0.0,0.0,0.0,0.0,0.0,0.0,0.0,0.0,0.0,0.0,0.0,0.0,0.0,0.0,0.0,0.0,0.0,0.0,stable,stable
43,500,240,modular,6,0.08,0.004,0.12,6,10.0,0.72,0.22,False,static,1.0,False,False,1.0,fixed_agents_static_regulator,fixed_agents_static_regulator,0.6484500000000001,0.8208333333333333,0.17500000000000004,0.031717507433242254,0.27145,0.375,0.19583333333333333,0.029452791793723808,0.08009999999999999,0.1375,0.10833333333333334,0.01760179915046565,0.32114399787273623,0.4139396811580887,0.17283080917196394,0.03183807901471979,0.3215334801207434,0.4139396811580887,0.18284391174736495,0.03262426779737726,0.01427798339359345,0.033331908818608806,0.02776761395184177,0.00450147704911512,0.014016666666666667,0.05,0.041666666666666664,0.008787127580222738,1.6306511792370482,1.7741876722991268,0.26292538070262217,0.05180457798800571,1.0,1.0,0.0,0.0,0.07757142857142856,0.2857142857142857,0.2857142857142857,0.04936349969401295,0.0,0.0,0.0,0.0,0.0,0.0,0.0,0.0,0.0,0.0,0.0,0.0,0.0,0.0,0.0,0.0,0.0,0.0,0.0,0.0,stable,stable
44,500,240,modular,6,0.08,0.004,0.12,6,10.0,0.72,0.22,False,static,1.0,False,False,1.0,fixed_agents_static_regulator,fixed_agents_static_regulator,0.64795,0.8375,0.16666666666666663,0.030106851379710895,0.27126666666666666,0.3625,0.1583333333333333,0.028246553378735918,0.08078333333333333,0.14583333333333334,0.10416666666666669,0.017198522223338456,0.32116822457988575,0.44785995707125703,0.1993702950159524,0.03139536699040029,0.32123970696020593,0.44785995707125703,0.1993702950159524,0.031109054740791536,0.014171163132186556,0.04580920724650482,0.03921908144007492,0.004800818964446459,0.013616666666666668,0.041666666666666664,0.041666666666666664,0.00851894946574987,1.6407548285620064,1.8160120514275142,0.2757484322635453,0.04880276251311768,1.0,1.0,0.0,0.0,0.08028571428571428,0.25,0.25,0.05271331783857871,0.0,0.0,0.0,0.0,0.0,0.0,0.0,0.0,0.0,0.0,0.0,0.0,0.0,0.0,0.0,0.0,0.0,0.0,0.0,0.0,stable,stable
45,500,240,modular,6,0.08,0.004,0.12,6,10.0,0.72,0.22,False,static,1.0,False,False,1.0,fixed_agents_static_regulator,fixed_agents_static_regulator,0.6473,0.8125,0.1625000000000001,0.030895235159415044,0.27181666666666665,0.3458333333333333,0.16666666666666666,0.028789316112443907,0.08088333333333332,0.14583333333333334,0.09166666666666667,0.016969261425687724,0.3228551786398453,0.41541584477843935,0.1552323489191281,0.030750368124806263,0.32261170575132564,0.41541584477843935,0.1552323489191281,0.030840926390690693,0.014356971217202589,0.03377130052422952,0.023625382044997992,0.004414535337832459,0.014516666666666667,0.04583333333333333,0.04583333333333333,0.009385405336656128,1.6270402372166795,1.7879958545361865,0.2618399660690882,0.050250529253797666,1.0,1.0,0.0,0.0,0.07228571428571427,0.32142857142857145,0.17857142857142858,0.04780146014335477,0.0,0.0,0.0,0.0,0.0,0.0,0.0,0.0,0.0,0.0,0.0,0.0,0.0,0.0,0.0,0.0,0.0,0.0,0.0,0.0,stable,stable
46,500,240,modular,6,0.08,0.004,0.12,6,10.0,0.72,0.22,False,static,1.0,False,False,1.0,fixed_agents_static_regulator,fixed_agents_static_regulator,0.6485833333333333,0.8125,0.16249999999999998,0.03097725420010266,0.2712333333333333,0.3458333333333333,0.14583333333333331,0.02770090251237313,0.08018333333333334,0.14166666666666666,0.10416666666666669,0.018234803414228395,0.3169742485894032,0.41040685568623825,0.1476202972169509,0.03071906292159745,0.3172455770014983,0.41040685568623825,0.1476202972169509,0.0307021732061672,0.013432626231906938,0.03176157561348128,0.020261903791671095,0.00408586446391628,0.013666666666666666,0.04583333333333333,0.041666666666666664,0.008192137151629673,1.6084368853211022,1.7544872270062237,0.26489614989159516,0.0505498068915865,1.0,1.0,0.0,0.0,0.07942857142857143,0.2857142857142857,0.2857142857142857,0.04956216463458094,0.0,0.0,0.0,0.0,0.0,0.0,0.0,0.0,0.0,0.0,0.0,0.0,0.0,0.0,0.0,0.0,0.0,0.0,0.0,0.0,stable,stable
47,500,240,modular,6,0.08,0.004,0.12,6,10.0,0.72,0.22,False,static,1.0,False,False,1.0,fixed_agents_static_regulator,fixed_agents_static_regulator,0.6504333333333333,0.8,0.17083333333333328,0.02985299166098954,0.27243333333333336,0.3625,0.14583333333333334,0.02762488813451458,0.07713333333333333,0.13333333333333333,0.10416666666666666,0.01758800096025065,0.3148829891005709,0.4064797033046442,0.18147972174036645,0.03003808019476292,0.3146158231911194,0.4064797033046442,0.18147972174036645,0.03008037329712593,0.013123629173511375,0.0307328282629225,0.025546388385226704,0.0039010267909066632,0.013049999999999999,0.04583333333333333,0.04583333333333333,0.0084271551809875,1.6163481172595693,1.752564781033424,0.29397043555209135,0.0489891837881722,1.0,1.0,0.0,0.0,0.07699999999999999,0.2857142857142857,0.21428571428571427,0.05105599167300823,0.0,0.0,0.0,0.0,0.0,0.0,0.0,0.0,0.0,0.0,0.0,0.0,0.0,0.0,0.0,0.0,0.0,0.0,0.0,0.0,stable,stable
48,500,240,modular,6,0.08,0.004,0.12,6,10.0,0.72,0.22,False,static,1.0,False,False,1.0,fixed_agents_static_regulator,fixed_agents_static_regulator,0.6514500000000001,0.7791666666666667,0.14583333333333337,0.028294978942090297,0.27015,0.3625,0.11666666666666664,0.025680023580812988,0.0784,0.1375,0.09583333333333333,0.016699001966185484,0.31121520653565893,0.4048726146578412,0.15754426287366005,0.028698527353481648,0.3113556311676253,0.4048726146578412,0.15754426287366005,0.028292789050733687,0.012502075068281406,0.029878565387026858,0.023488213889849736,0.0036349047921819134,0.01325,0.05416666666666667,0.05416666666666667,0.008395187113261185,1.6336132928939315,1.787102516576781,0.26697928355744627,0.046740342976555854,1.0,1.0,0.0,0.0,0.07971428571428571,0.25,0.25,0.0495152007169598,0.0,0.0,0.0,0.0,0.0,0.0,0.0,0.0,0.0,0.0,0.0,0.0,0.0,0.0,0.0,0.0,0.0,0.0,0.0,0.0,stable,stable
49,500,240,modular,6,0.08,0.004,0.12,6,10.0,0.72,0.22,False,static,1.0,False,False,1.0,fixed_agents_static_regulator,fixed_agents_static_regulator,0.64825,0.8166666666666667,0.1875,0.030407989629920182,0.2727333333333333,0.375,0.17083333333333334,0.028734918749764294,0.07901666666666667,0.1375,0.07916666666666666,0.016173271846544292,0.3139699180393146,0.41289776833454567,0.18211600070508788,0.0294684918460972,0.3144646424097654,0.41289776833454567,0.18211600070508788,0.029696591053671548,0.012967371531215124,0.032364418605563126,0.026924559253524737,0.00384556284080029,0.012733333333333334,0.04583333333333333,0.04583333333333333,0.008697125962063559,1.6074741596758102,1.7718928599998711,0.2870778423627651,0.04768458674626899,1.0,1.0,0.0,0.0,0.08014285714285714,0.2857142857142857,0.2857142857142857,0.051513620152581874,0.0,0.0,0.0,0.0,0.0,0.0,0.0,0.0,0.0,0.0,0.0,0.0,0.0,0.0,0.0,0.0,0.0,0.0,0.0,0.0,stable,stable
50,500,240,modular,6,0.08,0.004,0.12,6,10.0,0.72,0.22,False,static,1.0,False,False,1.0,fixed_agents_static_regulator,fixed_agents_static_regulator,0.6463833333333333,0.7833333333333333,0.1791666666666667,0.03336940131983858,0.27163333333333334,0.3458333333333333,0.15833333333333335,0.03080266943698946,0.08198333333333334,0.12916666666666668,0.09166666666666667,0.01771055084154954,0.32844509092365554,0.41172978652134823,0.17773501844825823,0.03416235953197404,0.32820538243441033,0.41172978652134823,0.17773501844825823,0.03363443778332984,0.015495497958077547,0.03306343156980192,0.027261601858954272,0.0050629987596447195,0.015466666666666667,0.05,0.04583333333333333,0.009087781785330113,1.6316806796435963,1.7559843082334907,0.26372959248196537,0.05373188539327944,1.0,1.0,0.0,0.0,0.08842857142857141,0.25,0.25,0.05413305602958363,0.0,0.0,0.0,0.0,0.0,0.0,0.0,0.0,0.0,0.0,0.0,0.0,0.0,0.0,0.0,0.0,0.0,0.0,0.0,0.0,stable,stable
1,500,240,modular,6,0.08,0.004,0.12,6,10.0,0.72,0.22,True,static,1.0,False,False,1.0,rl_agents_static_regulator,rl_agents_static_regulator,0.3845,0.8333333333333334,0.1291666666666667,0.02325044802435715,0.38806666666666667,0.4583333333333333,0.12916666666666665,0.023607578820746905,0.22743333333333335,0.3875,0.12083333333333335,0.020586430266345622,0.6260161473585762,0.855527186934291,0.1569708589147334,0.02802120603277062,0.6266165044678423,0.855527186934291,0.1569708589147334,0.028369899054351836,0.2140518119315196,0.5959559095473952,0.24254965915884621,0.043591116771818164,0.21423333333333336,0.5958333333333333,0.3125,0.051785304650815545,2.1114138072097592,2.423193428611845,0.2585912947835609,0.041718216050887075,1.0,1.0,0.0,0.0,0.26285714285714284,0.5357142857142857,0.2857142857142857,0.05827450872677469,0.0,0.0,0.0,0.0,0.0,0.0,0.0,0.0,0.0,0.0,0.0,0.0,0.0,0.0,0.0,0.0,0.0,0.0,0.0,0.0,stable,oscillatory
2,500,240,modular,6,0.08,0.004,0.12,6,10.0,0.72,0.22,True,static,1.0,False,False,1.0,rl_agents_static_regulator,rl_agents_static_regulator,0.342,0.7875,0.14999999999999997,0.024956072518638735,0.4137333333333333,0.48333333333333334,0.12916666666666665,0.02341369494785287,0.24426666666666666,0.4125,0.12083333333333332,0.023991688375583554,0.6511219554771684,0.8860043610652721,0.19959303243562165,0.033625195136272774,0.6512386663223508,0.8860043610652721,0.19959303243562165,0.03351874532448487,0.2484665614889926,0.6166549351662487,0.30385491310982804,0.053527502511466846,0.24826666666666666,0.6208333333333333,0.3541666666666667,0.06131132757402085,2.166696503964773,2.4838156498457726,0.2992810722008068,0.04814124813455942,1.0,1.0,0.0,0.0,0.27342857142857147,0.5357142857142857,0.39285714285714285,0.07916709273068306,0.0,0.0,0.0,0.0,0.0,0.0,0.0,0.0,0.0,0.0,0.0,0.0,0.0,0.0,0.0,0.0,0.0,0.0,0.0,0.0,stable,runaway
3,500,240,modular,6,0.08,0.004,0.12,6,10.0,0.72,0.22,True,static,1.0,False,False,1.0,rl_agents_static_regulator,rl_agents_static_regulator,0.41283333333333333,0.8,0.12083333333333329,0.022414033302573834,0.3925,0.4666666666666667,0.11666666666666664,0.022791323885295568,0.19466666666666665,0.3625,0.125,0.02032786811798577,0.5620591394135598,0.7715743451004692,0.15952388034659504,0.027086599233377813,0.5617374992739891,0.7715743451004692,0.15952388034659504,0.026927116203648634,0.12737796660987805,0.4589861085745548,0.18139370614945566,0.02867934006344264,0.12613333333333335,0.5041666666666667,0.17916666666666667,0.03411531099732852,2.050646655220858,2.3240117813033434,0.2172724141965796,0.04148845093938287,1.0,1.0,0.0,0.0,0.28314285714285714,0.4642857142857143,0.35714285714285715,0.0653368040172128,0.0,0.0,0.0,0.0,0.0,0.0,0.0,0.0,0.0,0.0,0.0,0.0,0.0,0.0,0.0,0.0,0.0,0.0,0.0,0.0,stable,oscillatory
4,500,240,modular,6,0.08,0.004,0.12,6,10.0,0.72,0.22,True,static,1.0,False,False,1.0,rl_agents_static_regulator,rl_agents_static_regulator,0.4036,0.7791666666666667,0.14583333333333331,0.024340432754301367,0.41505,0.5,0.12916666666666665,0.024394563374289406,0.18135,0.36666666666666664,0.12916666666666668,0.01973497318636807,0.570530282084693,0.8094755834121027,0.1579499372743211,0.027632737997320213,0.5699768764447162,0.8094755834121027,0.1579499372743211,0.02801491892061603,0.1376119054831001,0.5250465691575484,0.18362225595707343,0.03173817516877877,0.13576666666666665,0.5416666666666666,0.2375,0.038410010269315065,2.0669217435547727,2.379573878444669,0.23399915819583672,0.042929640536987765,1.0,1.0,0.0,0.0,0.20985714285714285,0.5,0.3571428571428571,0.06385394686792857,0.0,0.0,0.0,0.0,0.0,0.0,0.0,0.0,0.0,0.0,0.0,0.0,0.0,0.0,0.0,0.0,0.0,0.0,0.0,0.0,stable,oscillatory
5,500,240,modular,6,0.08,0.004,0.12,6,10.0,0.72,0.22,True,static,1.0,False,False,1.0,rl_agents_static_regulator,rl_agents_static_regulator,0.36028333333333334,0.7666666666666667,0.1375,0.025424512450258185,0.4109333333333333,0.48333333333333334,0.13333333333333336,0.025285393236236433,0.22878333333333334,0.425,0.11249999999999999,0.021494320955390365,0.6288954627524789,0.8172609452736291,0.1471928297574111,0.02929253254068621,0.6285547766063672,0.8172609452736291,0.1471928297574111,0.029451043807014368,0.21162455585877682,0.5299312019545858,0.2106226041860238,0.043578966067739804,0.21208333333333332,0.55,0.2416666666666667,0.05047586056720579,2.1164662249364636,2.336494010660533,0.22196275412034727,0.04330923987817579,1.0,1.0,0.0,0.0,0.24542857142857144,0.42857142857142855,0.3571428571428571,0.06388382312559931,0.0,0.0,0.0,0.0,0.0,0.0,0.0,0.0,0.0,0.0,0.0,0.0,0.0,0.0,0.0,0.0,0.0,0.0,0.0,0.0,stable,runaway
6,500,240,modular,6,0.08,0.004,0.12,6,10.0,0.72,0.22,True,static,1.0,False,False,1.0,rl_agents_static_regulator,rl_agents_static_regulator,0.38589999999999997,0.7958333333333333,0.15000000000000002,0.024357202904548243,0.4130333333333333,0.475,0.11666666666666664,0.023664178272936782,0.2010666666666667,0.325,0.09999999999999998,0.020779289903384304,0.5845822608873111,0.7067370416979218,0.16789624626751298,0.030122049707094936,0.5845168220257158,0.7067370416979218,0.16789624626751298,0.029866341701156877,0.15321998811106902,0.3418295806093129,0.20449393962751727,0.0363318129766062,0.15188333333333334,0.3416666666666667,0.22083333333333333,0.04324664726889242,2.0701805572734395,2.2328996259421197,0.26036845015351795,0.04450523968306598,1.0,1.0,0.0,0.0,0.2397142857142857,0.42857142857142855,0.3214285714285714,0.06369826832618844,0.0,0.0,0.0,0.0,0.0,0.0,0.0,0.0,0.0,0.0,0.0,0.0,0.0,0.0,0.0,0.0,0.0,0.0,0.0,0.0,stable,stable
7,500,240,modular,6,0.08,0.004,0.12,6,10.0,0.72,0.22,True,static,1.0,False,False,1.0,rl_agents_static_regulator,rl_agents_static_regulator,0.4025,0.8416666666666667,0.14166666666666666,0.023469838800753047,0.37831666666666675,0.44583333333333336,0.11666666666666664,0.02261482429243654,0.21918333333333334,0.3625,0.15,0.02138242398689998,0.6087667135541235,0.8123981782659444,0.18357370514698101,0.029474671735334274,0.608863409421379,0.8123981782659444,0.18357370514698101,0.029517270686737967,0.18997877458510629,0.5405794507089141,0.2673092536874907,0.041992742621082595,0.1881833333333333,0.5791666666666667,0.2958333333333333,0.04918239578909872,2.0826573905423134,2.3435213137813307,0.25572862210015623,0.04283114189754571,1.0,1.0,0.0,0.0,0.23571428571428568,0.5,0.3214285714285714,0.06647080070932482,0.0,0.0,0.0,0.0,0.0,0.0,0.0,0.0,0.0,0.0,0.0,0.0,0.0,0.0,0.0,0.0,0.0,0.0,0.0,0.0,stable,oscillatory
8,500,240,modular,6,0.08,0.004,0.12,6,10.0,0.72,0.22,True,static,1.0,False,False,1.0,rl_agents_static_regulator,rl_agents_static_regulator,0.3838833333333333,0.8,0.15000000000000002,0.025414131021059043,0.40504999999999997,0.4875,0.14166666666666666,0.0246105273319276,0.21106666666666665,0.37916666666666665,0.12083333333333332,0.02010806913764831,0.6059838600239179,0.7791379975202578,0.18043271263227567,0.030429580630766024,0.6057180086941333,0.7791379975202578,0.18043271263227567,0.03070787668446451,0.18358577936646356,0.4801349647592327,0.251740692289521,0.042590849418109714,0.18573333333333336,0.4625,0.2583333333333333,0.050052095083245235,2.0618345454670943,2.261006121421935,0.2574271743655061,0.04414190336556687,1.0,1.0,0.0,0.0,0.31842857142857145,0.5,0.4285714285714286,0.07475251685067336,0.0,0.0,0.0,0.0,0.0,0.0,0.0,0.0,0.0,0.0,0.0,0.0,0.0,0.0,0.0,0.0,0.0,0.0,0.0,0.0,stable,oscillatory
9,500,240,modular,6,0.08,0.004,0.12,6,10.0,0.72,0.22,True,static,1.0,False,False,1.0,rl_agents_static_regulator,rl_agents_static_regulator,0.38631666666666664,0.7583333333333333,0.16249999999999998,0.0263244130461103,0.4119166666666667,0.4791666666666667,0.14166666666666666,0.025720317304073488,0.20176666666666665,0.38333333333333336,0.11666666666666664,0.021907406155098428,0.5941341738851366,0.8099512542169596,0.1870543755746416,0.030922386848522884,0.5931917144569486,0.8099512542169596,0.1870543755746416,0.031226551041618106,0.16590846283022437,0.526169285127868,0.23234029999138056,0.039841898378128945,0.16708333333333333,0.5125,0.3041666666666667,0.04550831731062404,2.0999835388579076,2.3475093220300773,0.27695562311890165,0.046670093745677134,1.0,1.0,0.0,0.0,0.23642857142857143,0.5714285714285714,0.4285714285714286,0.0761610806388777,0.0,0.0,0.0,0.0,0.0,0.0,0.0,0.0,0.0,0.0,0.0,0.0,0.0,0.0,0.0,0.0,0.0,0.0,0.0,0.0,stable,stable
10,500,240,modular,6,0.08,0.004,0.12,6,10.0,0.72,0.22,True,static,1.0,False,False,1.0,rl_agents_static_regulator,rl_agents_static_regulator,0.3493833333333333,0.7875,0.125,0.023798231727028232,0.43238333333333334,0.5,0.12083333333333329,0.022142223365225894,0.2182333333333333,0.36666666666666664,0.12083333333333332,0.019647335131711317,0.6433427719091491,0.815522468549318,0.15969442498458797,0.02820807975171077,0.6431257746427077,0.815522468549318,0.15969442498458797,0.028328512415200395,0.2401698969759964,0.5422341567612802,0.2534190561126699,0.045302301494534354,0.24033333333333332,0.6041666666666666,0.25416666666666665,0.05122824741617981,2.1541909456078026,2.3452383820195597,0.23145717872763427,0.04259815076078,1.0,1.0,0.0,0.0,0.204,0.5,0.32142857142857145,0.05341711107034937,0.0,0.0,0.0,0.0,0.0,0.0,0.0,0.0,0.0,0.0,0.0,0.0,0.0,0.0,0.0,0.0,0.0,0.0,0.0,0.0,stable,oscillatory
11,500,240,modular,6,0.08,0.004,0.12,6,10.0,0.72,0.22,True,static,1.0,False,False,1.0,rl_agents_static_regulator,rl_agents_static_regulator,0.37076666666666663,0.8166666666666667,0.14583333333333331,0.02525142460227629,0.39623333333333327,0.4791666666666667,0.14166666666666666,0.026108342642832683,0.233,0.4125,0.13749999999999998,0.02218357750929978,0.6360133924695184,0.8382779897254432,0.1566069956195597,0.029448048738380223,0.6350881164267146,0.8382779897254432,0.14719355305029824,0.02916632028153036,0.2236742720765071,0.5649026260422222,0.22593798996423833,0.04490230244402186,0.22146666666666667,0.5625,0.32916666666666666,0.052358422860552666,2.123964861206061,2.394783200750173,0.2528080550322931,0.0440354403887807,1.0,1.0,0.0,0.0,0.27442857142857147,0.4642857142857143,0.3214285714285714,0.059162350134772265,0.0,0.0,0.0,0.0,0.0,0.0,0.0,0.0,0.0,0.0,0.0,0.0,0.0,0.0,0.0,0.0,0.0,0.0,0.0,0.0,stable,runaway
12,500,240,modular,6,0.08,0.004,0.12,6,10.0,0.72,0.22,True,static,1.0,False,False,1.0,rl_agents_static_regulator,rl_agents_static_regulator,0.3785833333333334,0.7708333333333334,0.14166666666666672,0.02511376891047795,0.3945,0.4708333333333333,0.13333333333333336,0.02522454712730791,0.22691666666666666,0.42083333333333334,0.12500000000000003,0.020756692361206724,0.6256432251096933,0.8669953940314737,0.17717069917845107,0.02965999687129576,0.6260753516670834,0.8669953940314737,0.17717069917845107,0.029946098238011053,0.21181169053910118,0.6043889306810305,0.25977434151002365,0.04435019876479209,0.2113833333333333,0.5791666666666667,0.2583333333333333,0.05361840739066306,2.099655052994738,2.3640353446665565,0.2318783997852505,0.04299225587120358,1.0,1.0,0.0,0.0,0.28,0.5357142857142857,0.4285714285714286,0.06842245722758884,0.0,0.0,0.0,0.0,0.0,0.0,0.0,0.0,0.0,0.0,0.0,0.0,0.0,0.0,0.0,0.0,0.0,0.0,0.0,0.0,stable,runaway
13,500,240,modular,6,0.08,0.004,0.12,6,10.0,0.72,0.22,True,static,1.0,False,False,1.0,rl_agents_static_regulator,rl_agents_static_regulator,0.3786833333333333,0.8291666666666667,0.1333333333333333,0.025535427459816597,0.43056666666666665,0.5083333333333333,0.125,0.02421514677496986,0.19075,0.39166666666666666,0.10416666666666666,0.020070881340334256,0.6056984760264877,0.8246001446465079,0.15199777175289841,0.029308844320193195,0.6050913337239208,0.8246001446465079,0.15199777175289841,0.029611130582957106,0.18247872147989913,0.5518093395538552,0.20478189776425923,0.04043241465448523,0.18395,0.5541666666666667,0.24166666666666667,0.046014433122179774,2.1187451539697446,2.3997573505197756,0.24906703460656732,0.04564070123929848,1.0,1.0,0.0,0.0,0.1744285714285714,0.4642857142857143,0.39285714285714285,0.06537318304338935,0.0,0.0,0.0,0.0,0.0,0.0,0.0,0.0,0.0,0.0,0.0,0.0,0.0,0.0,0.0,0.0,0.0,0.0,0.0,0.0,stable,stable
14,500,240,modular,6,0.08,0.004,0.12,6,10.0,0.72,0.22,True,static,1.0,False,False,1.0,rl_agents_static_regulator,rl_agents_static_regulator,0.36318333333333336,0.7708333333333334,0.1333333333333333,0.023617725217396454,0.38993333333333335,0.45,0.10833333333333334,0.024187829814001728,0.24688333333333334,0.37916666666666665,0.13333333333333333,0.023215661619786856,0.6404458677949056,0.8172732269620046,0.16128606466602902,0.029464745949450755,0.6403364225170481,0.8172732269620046,0.16128606466602902,0.029083278346516923,0.23134048854644537,0.5344477358514552,0.24056533677339642,0.0451151452559187,0.2317,0.575,0.2875,0.05114900889666496,2.1236884023115867,2.3441840707594355,0.25939390793805095,0.043590765825469356,1.0,1.0,0.0,0.0,0.34242857142857147,0.5357142857142857,0.3571428571428571,0.0701515851421704,0.0,0.0,0.0,0.0,0.0,0.0,0.0,0.0,0.0,0.0,0.0,0.0,0.0,0.0,0.0,0.0,0.0,0.0,0.0,0.0,stable,oscillatory
15,500,240,modular,6,0.08,0.004,0.12,6,10.0,0.72,0.22,True,static,1.0,False,False,1.0,rl_agents_static_regulator,rl_agents_static_regulator,0.3833833333333333,0.7791666666666667,0.14166666666666666,0.025114963445899915,0.39879999999999993,0.4875,0.15833333333333333,0.025920905333983484,0.21781666666666666,0.4083333333333333,0.11249999999999999,0.020497215258013304,0.6002159761079404,0.8493356072835615,0.14255729992795418,0.028567870958577223,0.6005076840575946,0.8493356072835615,0.14255729992795418,0.028546298928100837,0.1741230535856504,0.5785185412806724,0.19256481672027517,0.03783579521012995,0.17528333333333332,0.6708333333333333,0.23333333333333334,0.045318199066894375,2.11670645659277,2.4135760386013567,0.25284485588099903,0.04391829200218111,1.0,1.0,0.0,0.0,0.2981428571428571,0.5357142857142857,0.35714285714285715,0.0710247154452704,0.0,0.0,0.0,0.0,0.0,0.0,0.0,0.0,0.0,0.0,0.0,0.0,0.0,0.0,0.0,0.0,0.0,0.0,0.0,0.0,stable,runaway
16,500,240,modular,6,0.08,0.004,0.12,6,10.0,0.72,0.22,True,static,1.0,False,False,1.0,rl_agents_static_regulator,rl_agents_static_regulator,0.36766666666666664,0.7875,0.125,0.02520967627276832,0.4033666666666666,0.475,0.14583333333333331,0.025186504322751897,0.22896666666666668,0.4583333333333333,0.11249999999999999,0.021205712018751505,0.6377847376418215,0.911116882062019,0.1485097177369148,0.029996744444892448,0.6382063557153541,0.911116882062019,0.1485097177369148,0.03022204936697216,0.23192432013709988,0.6520407448610991,0.2309747713112496,0.04752958184396244,0.2328,0.7041666666666667,0.29166666666666663,0.054519303411217974,2.174814891094792,2.523035731772943,0.22914496436309673,0.04517572883214736,1.0,1.0,0.0,0.0,0.2755714285714286,0.5357142857142857,0.35714285714285715,0.06463539814898298,0.0,0.0,0.0,0.0,0.0,0.0,0.0,0.0,0.0,0.0,0.0,0.0,0.0,0.0,0.0,0.0,0.0,0.0,0.0,0.0,runaway,runaway
17,500,240,modular,6,0.08,0.004,0.12,6,10.0,0.72,0.22,True,static,1.0,False,False,1.0,rl_agents_static_regulator,rl_agents_static_regulator,0.36143333333333333,0.8166666666666667,0.11666666666666664,0.024683575285782425,0.40193333333333336,0.48333333333333334,0.15000000000000002,0.023404914013941604,0.23663333333333333,0.4125,0.10833333333333331,0.019876675331207235,0.6227715063183323,0.8136253513219404,0.1538700983438145,0.028995930506420124,0.6229947294010686,0.8136253513219404,0.1538700983438145,0.02902715504028606,0.2008934254052844,0.5180223042350774,0.21612064913922774,0.041200913529187415,0.20061666666666664,0.49583333333333335,0.2583333333333333,0.04588445936383157,2.1865906015968886,2.4106136171669803,0.2144445707248841,0.04435066851994227,1.0,1.0,0.0,0.0,0.2844285714285714,0.5,0.35714285714285715,0.06533571077168149,0.0,0.0,0.0,0.0,0.0,0.0,0.0,0.0,0.0,0.0,0.0,0.0,0.0,0.0,0.0,0.0,0.0,0.0,0.0,0.0,stable,runaway
18,500,240,modular,6,0.08,0.004,0.12,6,10.0,0.72,0.22,True,static,1.0,False,False,1.0,rl_agents_static_regulator,rl_agents_static_regulator,0.3755333333333334,0.875,0.1375,0.025273372021424708,0.42756666666666665,0.5125,0.125,0.02361898953525884,0.19689999999999996,0.36666666666666664,0.11250000000000002,0.02102184049453753,0.6158881352039862,0.8044124915489897,0.16691808758321713,0.03197951451634918,0.6156262249710983,0.8044124915489897,0.16691808758321713,0.03140846139437937,0.19824960817221046,0.5234740820247137,0.23165513523881015,0.04497783711099299,0.1975333333333333,0.5375,0.3333333333333333,0.05214588510451552,2.10240873928482,2.350829526146021,0.24847669995091515,0.04685347333546247,1.0,1.0,0.0,0.0,0.21685714285714286,0.42857142857142855,0.39285714285714285,0.07123917748095682,0.0,0.0,0.0,0.0,0.0,0.0,0.0,0.0,0.0,0.0,0.0,0.0,0.0,0.0,0.0,0.0,0.0,0.0,0.0,0.0,stable,stable
19,500,240,modular,6,0.08,0.004,0.12,6,10.0,0.72,0.22,True,static,1.0,False,False,1.0,rl_agents_static_regulator,rl_agents_static_regulator,0.35401666666666665,0.8166666666666667,0.14166666666666666,0.025452401109172827,0.40381666666666666,0.4791666666666667,0.1375,0.024541965193430527,0.24216666666666667,0.3541666666666667,0.11666666666666664,0.02133138011891818,0.6474740929381417,0.7839842496194667,0.1414848312490219,0.02987040536998965,0.6480568633726537,0.7839842496194667,0.14243437635840805,0.030405694520277343,0.2433583172010385,0.48145731101775435,0.2236085053318573,0.048664710230780873,0.24293333333333336,0.525,0.3208333333333333,0.05728637611936095,2.183098818773148,2.3451020924498613,0.24618768813214853,0.04555920840259863,1.0,1.0,0.0,0.0,0.30842857142857144,0.5357142857142857,0.42857142857142855,0.06372277329757937,0.0,0.0,0.0,0.0,0.0,0.0,0.0,0.0,0.0,0.0,0.0,0.0,0.0,0.0,0.0,0.0,0.0,0.0,0.0,0.0,stable,stable
20,500,240,modular,6,0.08,0.004,0.12,6,10.0,0.72,0.22,True,static,1.0,False,False,1.0,rl_agents_static_regulator,rl_agents_static_regulator,0.3694666666666667,0.7833333333333333,0.1375,0.024513465687250345,0.43210000000000004,0.5166666666666667,0.14583333333333337,0.026349804975032025,0.1984333333333333,0.39166666666666666,0.1375,0.023491511469275687,0.6138907478507608,0.816646109991468,0.14553336276253048,0.030420576378374625,0.6136066236476925,0.816646109991468,0.14553336276253048,0.03044934315334145,0.19443072558054975,0.5401822625807393,0.20802362421162474,0.04369576777908222,0.19348333333333334,0.5416666666666666,0.2875,0.052651551100925155,2.086855145450005,2.3316369944010145,0.22478110286077468,0.044255934734564385,1.0,1.0,0.0,0.0,0.26942857142857146,0.5357142857142857,0.42857142857142855,0.07613146524269712,0.0,0.0,0.0,0.0,0.0,0.0,0.0,0.0,0.0,0.0,0.0,0.0,0.0,0.0,0.0,0.0,0.0,0.0,0.0,0.0,stable,oscillatory
21,500,240,modular,6,0.08,0.004,0.12,6,10.0,0.72,0.22,True,static,1.0,False,False,1.0,rl_agents_static_regulator,rl_agents_static_regulator,0.36761666666666665,0.7958333333333333,0.125,0.024304212026359177,0.4090333333333333,0.5,0.16249999999999998,0.026634021684888504,0.22335,0.3375,0.125,0.021336907252718494,0.6266309166175972,0.7484162938303114,0.15834527830552625,0.029114105703436022,0.6264482114342826,0.7484162938303114,0.15834527830552625,0.0286036756764543,0.21177094017711554,0.42346388134365914,0.23481408862197578,0.04249974173156345,0.21305000000000002,0.425,0.25416666666666665,0.05005042179864444,2.134126172416739,2.255147110355589,0.22951658088745175,0.04254574570039235,1.0,1.0,0.0,0.0,0.28428571428571425,0.5714285714285714,0.4285714285714286,0.0745599334325708,0.0,0.0,0.0,0.0,0.0,0.0,0.0,0.0,0.0,0.0,0.0,0.0,0.0,0.0,0.0,0.0,0.0,0.0,0.0,0.0,stable,oscillatory
22,500,240,modular,6,0.08,0.004,0.12,6,10.0,0.72,0.22,True,static,1.0,False,False,1.0,rl_agents_static_regulator,rl_agents_static_regulator,0.33743333333333336,0.7583333333333333,0.125,0.024054244254739465,0.4429166666666666,0.5083333333333333,0.12916666666666665,0.025089423402435276,0.21965,0.39166666666666666,0.10416666666666666,0.021234203278882136,0.637113242438296,0.8124811518458528,0.15686675576330056,0.028597475674266765,0.6367629782459464,0.8124811518458528,0.15686675576330056,0.02858831764948621,0.2234393943563888,0.5220807142391555,0.23451641176722465,0.04381576891289974,0.22329999999999997,0.5541666666666667,0.2833333333333333,0.0523187240755056,2.170838286523493,2.3607002894493716,0.204479985569471,0.042127678546048965,1.0,1.0,0.0,0.0,0.24,0.5,0.2857142857142857,0.061544740652965765,0.0,0.0,0.0,0.0,0.0,0.0,0.0,0.0,0.0,0.0,0.0,0.0,0.0,0.0,0.0,0.0,0.0,0.0,0.0,0.0,stable,stable
23,500,240,modular,6,0.08,0.004,0.12,6,10.0,0.72,0.22,True,static,1.0,False,False,1.0,rl_agents_static_regulator,rl_agents_static_regulator,0.4190833333333333,0.8333333333333334,0.12083333333333329,0.023686171539998233,0.3542666666666667,0.4125,0.11249999999999999,0.022428677079925054,0.22665000000000002,0.35833333333333334,0.11250000000000002,0.02004819886617692,0.5791654170273146,0.7487800388337202,0.1623970640758587,0.028318739916988127,0.5795258707545488,0.7487800388337202,0.1623970640758587,0.028090088760743936,0.146183697074539,0.4160629814952488,0.18825142503482328,0.033017993294096465,0.14859999999999995,0.4583333333333333,0.26666666666666666,0.04157972262213077,2.075745319687285,2.289932985636365,0.2375807676538586,0.04413214778255681,1.0,1.0,0.0,0.0,0.18857142857142856,0.39285714285714285,0.35714285714285715,0.06762743073454071,0.0,0.0,0.0,0.0,0.0,0.0,0.0,0.0,0.0,0.0,0.0,0.0,0.0,0.0,0.0,0.0,0.0,0.0,0.0,0.0,stable,stable
24,500,240,modular,6,0.08,0.004,0.12,6,10.0,0.72,0.22,True,static,1.0,False,False,1.0,rl_agents_static_regulator,rl_agents_static_regulator,0.3965666666666667,0.8166666666666667,0.1291666666666667,0.02329201102905839,0.3895,0.4666666666666667,0.15416666666666667,0.024509635293537564,0.21393333333333334,0.4125,0.13333333333333333,0.020474265690264826,0.6123902175838475,0.8823286570777993,0.16912937787937143,0.028297745706539465,0.6126103151324952,0.8823286570777993,0.16912937787937143,0.02848859663642132,0.19592523328784744,0.6334532140876751,0.23101692798350204,0.04125719979227921,0.19551666666666667,0.6791666666666667,0.2375,0.04957706963237474,2.0984104264771553,2.412632656525554,0.23516295001885235,0.04156101106707126,1.0,1.0,0.0,0.0,0.28357142857142853,0.5,0.35714285714285715,0.0637317400819839,0.0,0.0,0.0,0.0,0.0,0.0,0.0,0.0,0.0,0.0,0.0,0.0,0.0,0.0,0.0,0.0,0.0,0.0,0.0,0.0,stable,runaway
25,500,240,modular,6,0.08,0.004,0.12,6,10.0,0.72,0.22,True,static,1.0,False,False,1.0,rl_agents_static_regulator,rl_agents_static_regulator,0.36954999999999993,0.775,0.14999999999999997,0.025001783269732316,0.39598333333333335,0.4791666666666667,0.14583333333333337,0.024202094721095715,0.23446666666666666,0.3625,0.125,0.023261054719566493,0.6306761301005258,0.788330961032541,0.20765680651751206,0.03166563297836538,0.6305611674350596,0.788330961032541,0.1596708285831614,0.03072791184929104,0.21972915001863477,0.4963418139653287,0.24411633913462022,0.0468745901629081,0.21765,0.5083333333333333,0.2833333333333333,0.053776205498136234,2.1306340297953934,2.315338343327783,0.29174102950238856,0.04660586956941235,1.0,1.0,0.0,0.0,0.23928571428571427,0.4642857142857143,0.35714285714285715,0.0663363415035954,0.0,0.0,0.0,0.0,0.0,0.0,0.0,0.0,0.0,0.0,0.0,0.0,0.0,0.0,0.0,0.0,0.0,0.0,0.0,0.0,stable,oscillatory
26,500,240,modular,6,0.08,0.004,0.12,6,10.0,0.72,0.22,True,static,1.0,False,False,1.0,rl_agents_static_regulator,rl_agents_static_regulator,0.37245000000000006,0.8375,0.17083333333333334,0.025118281301784076,0.40363333333333334,0.4791666666666667,0.1375,0.025892276840787872,0.22391666666666665,0.4041666666666667,0.12500000000000003,0.023684998768559534,0.6229234965085841,0.8449897846408015,0.19468368946414982,0.031080594322549806,0.6225231015950977,0.8449897846408015,0.19468368946414982,0.031284343549333966,0.2071296415306137,0.5786911864468436,0.26301970556115695,0.04565916962840704,0.21186666666666668,0.5958333333333333,0.31666666666666665,0.05442899554057153,2.1043283445167646,2.3771172189137393,0.29976195772229053,0.04608124566836161,1.0,1.0,0.0,0.0,0.27885714285714286,0.5357142857142857,0.3214285714285714,0.06541796545354825,0.0,0.0,0.0,0.0,0.0,0.0,0.0,0.0,0.0,0.0,0.0,0.0,0.0,0.0,0.0,0.0,0.0,0.0,0.0,0.0,stable,runaway
27,500,240,modular,6,0.08,0.004,0.12,6,10.0,0.72,0.22,True,static,1.0,False,False,1.0,rl_agents_static_regulator,rl_agents_static_regulator,0.3944666666666667,0.7833333333333333,0.16666666666666669,0.025128978402544654,0.4035666666666667,0.48333333333333334,0.14583333333333331,0.02579946166535694,0.20196666666666663,0.37083333333333335,0.11250000000000002,0.01950125352096344,0.5886945134696616,0.833798493325546,0.16926367409272425,0.028562298179425284,0.5889123016598337,0.833798493325546,0.16926367409272425,0.02890146809078192,0.16064320756102388,0.5625092046973513,0.2201557971831985,0.036168570858460175,0.16140000000000002,0.55,0.22500000000000003,0.0421345200254824,2.075590450197444,2.420246497189637,0.27775142940069997,0.042904617379798296,1.0,1.0,0.0,0.0,0.1597142857142857,0.5,0.28571428571428575,0.05616593491519534,0.0,0.0,0.0,0.0,0.0,0.0,0.0,0.0,0.0,0.0,0.0,0.0,0.0,0.0,0.0,0.0,0.0,0.0,0.0,0.0,stable,stable
28,500,240,modular,6,0.08,0.004,0.12,6,10.0,0.72,0.22,True,static,1.0,False,False,1.0,rl_agents_static_regulator,rl_agents_static_regulator,0.40125,0.825,0.13333333333333336,0.022528531293056417,0.4001166666666667,0.4791666666666667,0.14583333333333337,0.022399162930788287,0.19863333333333333,0.37916666666666665,0.11249999999999999,0.019114247158715,0.5764451761801874,0.7985587666054506,0.1793493133583402,0.02728822293349363,0.5762518384961053,0.7985587666054506,0.1793493133583402,0.027670514490015716,0.14354324157292536,0.5042454006923627,0.2083189009383135,0.0319705039078821,0.14276666666666665,0.5416666666666666,0.21666666666666665,0.03932289409491626,2.0724393459541277,2.3774250901113874,0.26065100967390187,0.041234774069853736,1.0,1.0,0.0,0.0,0.234,0.4642857142857143,0.3214285714285714,0.06068587570600001,0.0,0.0,0.0,0.0,0.0,0.0,0.0,0.0,0.0,0.0,0.0,0.0,0.0,0.0,0.0,0.0,0.0,0.0,0.0,0.0,stable,stable
29,500,240,modular,6,0.08,0.004,0.12,6,10.0,0.72,0.22,True,static,1.0,False,False,1.0,rl_agents_static_regulator,rl_agents_static_regulator,0.36058333333333337,0.7958333333333333,0.1833333333333333,0.026486500754577265,0.40771666666666667,0.48333333333333334,0.15416666666666667,0.028086577458518034,0.23170000000000002,0.37916666666666665,0.1375,0.023637282227682414,0.6534925617970057,0.8179606661387437,0.2501513228840899,0.032687473671507275,0.6536521598528721,0.8179606661387437,0.2501513228840899,0.032677315454908255,0.2585819081606672,0.5472010764566096,0.3940743541311251,0.05427977532077691,0.25731666666666664,0.5208333333333334,0.3875,0.061199875181426826,2.1338717159509177,2.3237115734696814,0.3675279906852935,0.04758808237835795,1.0,1.0,0.0,0.0,0.326,0.6071428571428571,0.3571428571428571,0.07497972515069304,0.0,0.0,0.0,0.0,0.0,0.0,0.0,0.0,0.0,0.0,0.0,0.0,0.0,0.0,0.0,0.0,0.0,0.0,0.0,0.0,stable,oscillatory
30,500,240,modular,6,0.08,0.004,0.12,6,10.0,0.72,0.22,True,static,1.0,False,False,1.0,rl_agents_static_regulator,rl_agents_static_regulator,0.35593333333333327,0.8208333333333333,0.1375,0.024308571876329278,0.4418,0.5125,0.1291666666666666,0.0253307893459499,0.20226666666666665,0.39166666666666666,0.10416666666666669,0.020756551843802103,0.6203904434614367,0.8283340936925155,0.1510995008347885,0.02826066200902308,0.6208325464269524,0.8283340936925155,0.1510995008347885,0.027923398665604705,0.20328927400705085,0.5542855842747118,0.21550390819030518,0.0410829354363392,0.20405,0.5583333333333333,0.2458333333333333,0.0516739269092472,2.1280647596323408,2.4043629427816025,0.2273166754045164,0.04271745153467965,1.0,1.0,0.0,0.0,0.22671428571428573,0.4642857142857143,0.3571428571428571,0.06794070043435088,0.0,0.0,0.0,0.0,0.0,0.0,0.0,0.0,0.0,0.0,0.0,0.0,0.0,0.0,0.0,0.0,0.0,0.0,0.0,0.0,stable,stable
31,500,240,modular,6,0.08,0.004,0.12,6,10.0,0.72,0.22,True,static,1.0,False,False,1.0,rl_agents_static_regulator,rl_agents_static_regulator,0.3594333333333333,0.7791666666666667,0.1166666666666667,0.0239857828260363,0.4253333333333334,0.5083333333333333,0.16249999999999998,0.026690614247126064,0.21523333333333336,0.4041666666666667,0.11249999999999999,0.020365439133765595,0.6455186266290982,0.8488174908981552,0.16251987012448443,0.02721345427651825,0.6453903060166294,0.8488174908981552,0.16251987012448443,0.027194112869446466,0.2445852013555284,0.5908844383442765,0.2637639156151866,0.044404057190111826,0.24375,0.6208333333333333,0.25416666666666665,0.050949661976852766,2.1146625363844374,2.3788555758825294,0.23593308067721175,0.040105831717572135,1.0,1.0,0.0,0.0,0.277,0.5,0.3214285714285714,0.06484345355845689,0.0,0.0,0.0,0.0,0.0,0.0,0.0,0.0,0.0,0.0,0.0,0.0,0.0,0.0,0.0,0.0,0.0,0.0,0.0,0.0,stable,runaway
32,500,240,modular,6,0.08,0.004,0.12,6,10.0,0.72,0.22,True,static,1.0,False,False,1.0,rl_agents_static_regulator,rl_agents_static_regulator,0.4179833333333334,0.8125,0.1375,0.025295525515614634,0.3643333333333334,0.43333333333333335,0.14166666666666666,0.025029982021567657,0.21768333333333334,0.375,0.11250000000000002,0.021737250413876072,0.5700917901541327,0.776664339478042,0.18137727755709676,0.030607081195666866,0.5701978565445958,0.776664339478042,0.18137727755709676,0.03078727132300581,0.13746442012093849,0.4686461989067575,0.21136822868983132,0.03453269920280908,0.13661666666666666,0.45416666666666666,0.19583333333333333,0.04291768930820432,2.074844454474074,2.3206206909162566,0.25962236778041636,0.04532555423786383,1.0,1.0,0.0,0.0,0.31442857142857145,0.5,0.35714285714285715,0.06551974309087207,0.0,0.0,0.0,0.0,0.0,0.0,0.0,0.0,0.0,0.0,0.0,0.0,0.0,0.0,0.0,0.0,0.0,0.0,0.0,0.0,stable,stable
33,500,240,modular,6,0.08,0.004,0.12,6,10.0,0.72,0.22,True,static,1.0,False,False,1.0,rl_agents_static_regulator,rl_agents_static_regulator,0.38965000000000005,0.8333333333333334,0.1375,0.023556132723536963,0.37931666666666664,0.45,0.125,0.023256832926642823,0.23103333333333334,0.4166666666666667,0.12916666666666665,0.022604424345689496,0.6123233567283408,0.8756873268077591,0.18314863515111401,0.02979117728970668,0.6123739200112214,0.8756873268077591,0.18314863515111401,0.029325585193023997,0.19136499040438776,0.6123452201685272,0.24872709137356652,0.0412152161552962,0.19218333333333334,0.625,0.2833333333333333,0.04831691962679557,2.1064703342525597,2.4386475507316185,0.2715454450026784,0.04468930938966501,1.0,1.0,0.0,0.0,0.32742857142857146,0.5714285714285714,0.39285714285714285,0.07336461917667655,0.0,0.0,0.0,0.0,0.0,0.0,0.0,0.0,0.0,0.0,0.0,0.0,0.0,0.0,0.0,0.0,0.0,0.0,0.0,0.0,stable,runaway
34,500,240,modular,6,0.08,0.004,0.12,6,10.0,0.72,0.22,True,static,1.0,False,False,1.0,rl_agents_static_regulator,rl_agents_static_regulator,0.34926666666666667,0.8416666666666667,0.1166666666666667,0.02245714437174356,0.43171666666666664,0.5041666666666667,0.14166666666666666,0.02422889115635849,0.21901666666666667,0.39166666666666666,0.12083333333333332,0.021530785452979234,0.636210191060024,0.8461235071969285,0.15030175817695612,0.02744597336189601,0.6362326167714135,0.8461235071969285,0.15030175817695612,0.02724182318066842,0.2260970251649885,0.577486438523933,0.22370916214632908,0.041620669346594516,0.22716666666666666,0.5666666666666667,0.26666666666666666,0.05034078311314241,2.156122688660349,2.3887821508545484,0.21551990745848393,0.04097860278680518,1.0,1.0,0.0,0.0,0.2911428571428571,0.6071428571428571,0.42857142857142855,0.07313057932666103,0.0,0.0,0.0,0.0,0.0,0.0,0.0,0.0,0.0,0.0,0.0,0.0,0.0,0.0,0.0,0.0,0.0,0.0,0.0,0.0,stable,oscillatory
35,500,240,modular,6,0.08,0.004,0.12,6,10.0,0.72,0.22,True,static,1.0,False,False,1.0,rl_agents_static_regulator,rl_agents_static_regulator,0.39525,0.8125,0.1333333333333333,0.02180421085733467,0.3925166666666666,0.4791666666666667,0.15416666666666667,0.022755640326448005,0.21223333333333336,0.4083333333333333,0.11250000000000002,0.01862453578839841,0.57200059451484,0.819758963635416,0.14374072982998132,0.024630890245403166,0.5719837702261087,0.819758963635416,0.14374072982998132,0.02482113990990281,0.13498792652407154,0.5237707201485242,0.1511668865983807,0.02685872331776264,0.13605,0.5458333333333333,0.18333333333333335,0.03219808914274952,2.076345979500332,2.408399693222198,0.22950704915193354,0.03825589886437736,1.0,1.0,0.0,0.0,0.18199999999999997,0.39285714285714285,0.35714285714285715,0.058015479989114514,0.0,0.0,0.0,0.0,0.0,0.0,0.0,0.0,0.0,0.0,0.0,0.0,0.0,0.0,0.0,0.0,0.0,0.0,0.0,0.0,stable,runaway
36,500,240,modular,6,0.08,0.004,0.12,6,10.0,0.72,0.22,True,static,1.0,False,False,1.0,rl_agents_static_regulator,rl_agents_static_regulator,0.4132166666666667,0.75,0.11666666666666664,0.023326790749407997,0.38509999999999994,0.44583333333333336,0.11666666666666664,0.02209363910470362,0.20168333333333333,0.37083333333333335,0.10416666666666669,0.01871978305904686,0.5649401796592146,0.7591775460429572,0.13220783986546036,0.026315168062492778,0.5656866238530177,0.7591775460429572,0.13220783986546036,0.02626080458241554,0.13008335832520038,0.43295520124600856,0.1412027972215889,0.027964591422546963,0.12938333333333332,0.44166666666666665,0.15833333333333333,0.033080629612441716,2.0379524771608346,2.2691246734155603,0.21171682601210629,0.04040575702098451,1.0,1.0,0.0,0.0,0.17285714285714282,0.42857142857142855,0.35714285714285715,0.06126223326397591,0.0,0.0,0.0,0.0,0.0,0.0,0.0,0.0,0.0,0.0,0.0,0.0,0.0,0.0,0.0,0.0,0.0,0.0,0.0,0.0,stable,stable
37,500,240,modular,6,0.08,0.004,0.12,6,10.0,0.72,0.22,True,static,1.0,False,False,1.0,rl_agents_static_regulator,rl_agents_static_regulator,0.3872833333333333,0.7833333333333333,0.1375,0.024492521534360465,0.3969,0.48333333333333334,0.13333333333333336,0.025795154583758556,0.21581666666666666,0.325,0.1166666666666667,0.02120763096413909,0.6051420183464218,0.731554290715099,0.15218716248483288,0.0292822850406616,0.6052019517622148,0.731554290715099,0.15218716248483288,0.028984916884839423,0.1812168565768162,0.3915679097162457,0.19589006899191458,0.03925250863793136,0.17855,0.44583333333333336,0.23333333333333334,0.04467438055281548,2.0735181708490398,2.2250927744672633,0.2516314977027643,0.04422816097837986,1.0,1.0,0.0,0.0,0.2688571428571428,0.5,0.39285714285714285,0.06648246661599537,0.0,0.0,0.0,0.0,0.0,0.0,0.0,0.0,0.0,0.0,0.0,0.0,0.0,0.0,0.0,0.0,0.0,0.0,0.0,0.0,stable,stable
38,500,240,modular,6,0.08,0.004,0.12,6,10.0,0.72,0.22,True,static,1.0,False,False,1.0,rl_agents_static_regulator,rl_agents_static_regulator,0.38138333333333335,0.8208333333333333,0.14166666666666666,0.022928396997803593,0.3899333333333333,0.4666666666666667,0.14166666666666666,0.02422512469868146,0.22868333333333335,0.3958333333333333,0.11249999999999999,0.022906264305740567,0.612136676220244,0.806964465061173,0.15391209636621328,0.02935120842374414,0.612710163612824,0.806964465061173,0.15391209636621328,0.02948182799500442,0.19148562646775222,0.5213759310902596,0.2166760069387593,0.041093896399774996,0.19113333333333332,0.5625,0.2666666666666667,0.05019261787244105,2.1079508788826278,2.33170442612013,0.23330150767580182,0.04278782349380581,1.0,1.0,0.0,0.0,0.288,0.4642857142857143,0.32142857142857145,0.0664314899512487,0.0,0.0,0.0,0.0,0.0,0.0,0.0,0.0,0.0,0.0,0.0,0.0,0.0,0.0,0.0,0.0,0.0,0.0,0.0,0.0,stable,stable
39,500,240,modular,6,0.08,0.004,0.12,6,10.0,0.72,0.22,True,static,1.0,False,False,1.0,rl_agents_static_regulator,rl_agents_static_regulator,0.3760833333333333,0.7916666666666666,0.16666666666666669,0.024568639676537968,0.3990833333333333,0.4583333333333333,0.12916666666666665,0.02392247316274432,0.2248333333333333,0.3958333333333333,0.13333333333333336,0.02164678575062204,0.6100971666038506,0.8082565858941188,0.20163010925273217,0.029967612389075696,0.6102902408283368,0.8082565858941188,0.20163010925273217,0.029818537233484467,0.1864435398894446,0.5185481898013855,0.2637308570642382,0.041001967688290016,0.18515,0.5583333333333333,0.24166666666666664,0.0437999524352862,2.101911711300931,2.3478642773556953,0.3179356961143136,0.044223883061008246,1.0,1.0,0.0,0.0,0.21657142857142855,0.4642857142857143,0.39285714285714285,0.06958242799525097,0.0,0.0,0.0,0.0,0.0,0.0,0.0,0.0,0.0,0.0,0.0,0.0,0.0,0.0,0.0,0.0,0.0,0.0,0.0,0.0,stable,oscillatory
40,500,240,modular,6,0.08,0.004,0.12,6,10.0,0.72,0.22,True,static,1.0,False,False,1.0,rl_agents_static_regulator,rl_agents_static_regulator,0.3786833333333333,0.7708333333333334,0.15833333333333333,0.02555989154037152,0.3813666666666667,0.45416666666666666,0.16666666666666669,0.02500319979522621,0.23995,0.39166666666666666,0.14583333333333334,0.023034641786279685,0.6362323759365534,0.8475299626656219,0.17124346168534166,0.032415443424995236,0.6364725975835652,0.8475299626656219,0.17124346168534166,0.032495127265338014,0.22888770912454554,0.583144766484843,0.2633653237669878,0.05027549030048341,0.22875,0.575,0.27083333333333337,0.05592560782960799,2.127257631706171,2.390056228461765,0.26962389257922537,0.04648990180392645,1.0,1.0,0.0,0.0,0.31214285714285717,0.5,0.39285714285714285,0.06821709044346166,0.0,0.0,0.0,0.0,0.0,0.0,0.0,0.0,0.0,0.0,0.0,0.0,0.0,0.0,0.0,0.0,0.0,0.0,0.0,0.0,stable,oscillatory
41,500,240,modular,6,0.08,0.004,0.12,6,10.0,0.72,0.22,True,static,1.0,False,False,1.0,rl_agents_static_regulator,rl_agents_static_regulator,0.3775166666666667,0.7875,0.1333333333333333,0.02310873451989769,0.392,0.4708333333333333,0.15416666666666667,0.024771735685835357,0.23048333333333335,0.4125,0.125,0.0226538505434384,0.6123640966692235,0.8246664562694058,0.1755611462288934,0.028252908504236708,0.6124873598299239,0.8246664562694058,0.1755611462288934,0.0279583067793081,0.18789993148028888,0.5391894443371001,0.2570700230724151,0.039499648896868814,0.18868333333333334,0.5541666666666667,0.2583333333333333,0.04744648740071984,2.109797213128449,2.382848642795329,0.2853991389043482,0.04350906001350541,1.0,1.0,0.0,0.0,0.212,0.39285714285714285,0.35714285714285715,0.06779982541666765,0.0,0.0,0.0,0.0,0.0,0.0,0.0,0.0,0.0,0.0,0.0,0.0,0.0,0.0,0.0,0.0,0.0,0.0,0.0,0.0,stable,runaway
42,500,240,modular,6,0.08,0.004,0.12,6,10.0,0.72,0.22,True,static,1.0,False,False,1.0,rl_agents_static_regulator,rl_agents_static_regulator,0.38015,0.7958333333333333,0.14166666666666666,0.02231572066702953,0.40073333333333333,0.475,0.12083333333333335,0.022684821161100457,0.21911666666666668,0.4,0.10833333333333336,0.02090083065866575,0.5987445235871861,0.7711489435587239,0.17239514054526794,0.02849032796360344,0.5977810488175723,0.7711489435587239,0.17239514054526794,0.028987174665005666,0.16861851440036282,0.4553954753755506,0.2221145872438236,0.0374685624647516,0.169,0.4375,0.26249999999999996,0.04324638713233742,2.1312805915049684,2.3138857233996655,0.24152298829647512,0.04195105941338406,1.0,1.0,0.0,0.0,0.23257142857142857,0.42857142857142855,0.3571428571428571,0.07165905670718298,0.0,0.0,0.0,0.0,0.0,0.0,0.0,0.0,0.0,0.0,0.0,0.0,0.0,0.0,0.0,0.0,0.0,0.0,0.0,0.0,stable,stable
43,500,240,modular,6,0.08,0.004,0.12,6,10.0,0.72,0.22,True,static,1.0,False,False,1.0,rl_agents_static_regulator,rl_agents_static_regulator,0.3512166666666667,0.8208333333333333,0.15000000000000002,0.02463297812102936,0.4372,0.5125,0.14583333333333331,0.025504226229304733,0.21158333333333332,0.37083333333333335,0.12083333333333335,0.021083333333333332,0.6394339203799492,0.8169664648171939,0.17959331300234005,0.02914844461714282,0.6395570842338766,0.8169664648171939,0.17959331300234005,0.028851850564428093,0.23258208060208624,0.5399097513263305,0.2694013936752334,0.045595997058221385,0.23121666666666668,0.5333333333333333,0.30416666666666664,0.05317063987243754,2.1502220295361405,2.354430385991763,0.2597764896720931,0.044086770470910655,1.0,1.0,0.0,0.0,0.21714285714285714,0.4642857142857143,0.39285714285714285,0.06807858604253632,0.0,0.0,0.0,0.0,0.0,0.0,0.0,0.0,0.0,0.0,0.0,0.0,0.0,0.0,0.0,0.0,0.0,0.0,0.0,0.0,stable,oscillatory
44,500,240,modular,6,0.08,0.004,0.12,6,10.0,0.72,0.22,True,static,1.0,False,False,1.0,rl_agents_static_regulator,rl_agents_static_regulator,0.3688666666666667,0.8375,0.12916666666666665,0.02441581909791728,0.38376666666666664,0.4583333333333333,0.14166666666666666,0.0237101947131046,0.24736666666666668,0.4166666666666667,0.11666666666666667,0.020313761071965204,0.6447221712666328,0.804074076049816,0.13636503268665523,0.02838749661436718,0.6444176331417247,0.804074076049816,0.13636503268665523,0.028758613951133216,0.23947045465866693,0.518504274982896,0.21811442388561453,0.046496041844693095,0.24061666666666667,0.5375,0.3041666666666667,0.054904667379012506,2.168959295724648,2.347677758591121,0.22150156964369794,0.044483646760705556,1.0,1.0,0.0,0.0,0.3727142857142857,0.6071428571428571,0.46428571428571425,0.06621994890252529,0.0,0.0,0.0,0.0,0.0,0.0,0.0,0.0,0.0,0.0,0.0,0.0,0.0,0.0,0.0,0.0,0.0,0.0,0.0,0.0,stable,runaway
45,500,240,modular,6,0.08,0.004,0.12,6,10.0,0.72,0.22,True,static,1.0,False,False,1.0,rl_agents_static_regulator,rl_agents_static_regulator,0.376,0.8125,0.1166666666666667,0.023751608132690488,0.40273333333333333,0.475,0.13749999999999996,0.02492546667344242,0.22126666666666667,0.36666666666666664,0.09583333333333335,0.020047332878853373,0.6270401206086635,0.827849437457642,0.14818866182806645,0.02732480222863991,0.6277756285776143,0.827849437457642,0.14818866182806645,0.027710427986271054,0.2140400724832162,0.5551083773592427,0.21994590340968018,0.042542287334038344,0.21336666666666668,0.5291666666666667,0.26666666666666666,0.04975857268406677,2.108621778485592,2.3779824949151416,0.21116662496844274,0.041460110349593085,1.0,1.0,0.0,0.0,0.26342857142857146,0.5,0.39285714285714285,0.06462829354493753,0.0,0.0,0.0,0.0,0.0,0.0,0.0,0.0,0.0,0.0,0.0,0.0,0.0,0.0,0.0,0.0,0.0,0.0,0.0,0.0,stable,stable
46,500,240,modular,6,0.08,0.004,0.12,6,10.0,0.72,0.22,True,static,1.0,False,False,1.0,rl_agents_static_regulator,rl_agents_static_regulator,0.4136666666666666,0.8125,0.15000000000000002,0.02449546443278383,0.4038333333333334,0.4791666666666667,0.125,0.023470430569359203,0.1825,0.39166666666666666,0.11666666666666667,0.022351360883251237,0.5599416432646812,0.8125889512079566,0.18337894927468973,0.03081364003759596,0.5590836189158276,0.8125889512079566,0.18337894927468973,0.030755465984379615,0.12552373932392882,0.5256782142672566,0.18897186693050996,0.032242397380960575,0.12413333333333333,0.5625,0.21666666666666667,0.03943453083557889,2.0189182849214893,2.342718472229671,0.27063806988364947,0.04490675510228737,1.0,1.0,0.0,0.0,0.2031428571428571,0.42857142857142855,0.3214285714285714,0.06576333573147436,0.0,0.0,0.0,0.0,0.0,0.0,0.0,0.0,0.0,0.0,0.0,0.0,0.0,0.0,0.0,0.0,0.0,0.0,0.0,0.0,stable,stable
47,500,240,modular,6,0.08,0.004,0.12,6,10.0,0.72,0.22,True,static,1.0,False,False,1.0,rl_agents_static_regulator,rl_agents_static_regulator,0.3835333333333333,0.8,0.14999999999999997,0.02427765319062871,0.3860166666666667,0.4583333333333333,0.14166666666666666,0.025483267931025733,0.23045,0.4,0.12916666666666668,0.02271086988891247,0.6279277824185294,0.8646343708675006,0.14731247645223777,0.030777164998342373,0.6284251522417479,0.8646343708675006,0.14731247645223777,0.030251214551252435,0.21362878474989713,0.5968628953595443,0.21574075316919245,0.04527983604995916,0.21248333333333336,0.5666666666666667,0.2833333333333333,0.050926823864137535,2.1045941380728657,2.419599070858398,0.24520798224581886,0.04474284663977846,1.0,1.0,0.0,0.0,0.2747142857142857,0.5,0.4642857142857143,0.07516254494936495,0.0,0.0,0.0,0.0,0.0,0.0,0.0,0.0,0.0,0.0,0.0,0.0,0.0,0.0,0.0,0.0,0.0,0.0,0.0,0.0,stable,oscillatory
48,500,240,modular,6,0.08,0.004,0.12,6,10.0,0.72,0.22,True,static,1.0,False,False,1.0,rl_agents_static_regulator,rl_agents_static_regulator,0.4038333333333334,0.7791666666666667,0.1291666666666667,0.02379659172608081,0.4106166666666667,0.4875,0.1333333333333333,0.02428408829757552,0.18555000000000002,0.4041666666666667,0.11249999999999999,0.019221378433631885,0.5668653738247474,0.8347169530429764,0.1584620118414547,0.026772776858436594,0.5667295106145532,0.8347169530429764,0.1584620118414547,0.02646785326641045,0.13166040202135018,0.5525590274665494,0.1753477276555044,0.028430237338839887,0.13104999999999997,0.5583333333333333,0.21250000000000002,0.03586619036238879,2.0698526208708254,2.4383092182551303,0.24511194192860564,0.041554930557885755,1.0,1.0,0.0,0.0,0.20114285714285715,0.5357142857142857,0.3928571428571429,0.06227588389003977,0.0,0.0,0.0,0.0,0.0,0.0,0.0,0.0,0.0,0.0,0.0,0.0,0.0,0.0,0.0,0.0,0.0,0.0,0.0,0.0,stable,runaway
49,500,240,modular,6,0.08,0.004,0.12,6,10.0,0.72,0.22,True,static,1.0,False,False,1.0,rl_agents_static_regulator,rl_agents_static_regulator,0.37604999999999994,0.8166666666666667,0.1875,0.02608895573055984,0.39104999999999995,0.4583333333333333,0.1333333333333333,0.02460736678314037,0.23289999999999997,0.4166666666666667,0.12500000000000003,0.021614192867959084,0.6259881744904351,0.8405037054260739,0.21336309418808408,0.03036969676550044,0.6255238517244304,0.8405037054260739,0.21336309418808408,0.03110078663052143,0.2074766215030408,0.5618830682313115,0.2745260498400076,0.04479096892978491,0.2058,0.5375,0.30833333333333335,0.04829566348142565,2.1025983902875676,2.3929966943020036,0.3367080465069512,0.04629724788556921,1.0,1.0,0.0,0.0,0.38385714285714284,0.6071428571428571,0.4285714285714285,0.07118257640513911,0.0,0.0,0.0,0.0,0.0,0.0,0.0,0.0,0.0,0.0,0.0,0.0,0.0,0.0,0.0,0.0,0.0,0.0,0.0,0.0,stable,runaway
50,500,240,modular,6,0.08,0.004,0.12,6,10.0,0.72,0.22,True,static,1.0,False,False,1.0,rl_agents_static_regulator,rl_agents_static_regulator,0.3904666666666667,0.7833333333333333,0.1375,0.024840133297191105,0.40048333333333336,0.4875,0.15833333333333333,0.02635710424998248,0.20904999999999999,0.37083333333333335,0.10833333333333334,0.02170126084406669,0.6063106756839135,0.8247451821353057,0.16610521041916015,0.030246675433368946,0.6060815300512925,0.8247451821353057,0.16610521041916015,0.030289484933619534,0.18610512000592327,0.5584841285422564,0.2295046337082831,0.04256708062056518,0.18588333333333334,0.5416666666666666,0.25416666666666665,0.0502461745365312,2.089304623269437,2.358082349274575,0.24451616773822082,0.04419516042921614,1.0,1.0,0.0,0.0,0.30842857142857144,0.5357142857142857,0.42857142857142855,0.07592544678424853,0.0,0.0,0.0,0.0,0.0,0.0,0.0,0.0,0.0,0.0,0.0,0.0,0.0,0.0,0.0,0.0,0.0,0.0,0.0,0.0,stable,stable
1,500,240,modular,6,0.08,0.004,0.12,6,10.0,0.72,0.22,True,rl,1.0,False,False,1.0,rl_agents_rl_regulator,rl_agents_rl_regulator,0.3986,0.8333333333333334,0.15416666666666667,0.025673938363856664,0.40928333333333333,0.49166666666666664,0.14166666666666666,0.024821591183662842,0.19211666666666669,0.3875,0.11249999999999999,0.01996539367116122,0.5876703777891543,0.8326311861383753,0.1667800779096832,0.029146025988172647,0.5878189650009429,0.8326311861383753,0.1667800779096832,0.029139685229270264,0.15401300541206892,0.9902268007825207,0.6231817356518081,0.1441157027375036,0.15494999999999998,0.9875,0.6041666666666666,0.14585241875113197,2.066665924573639,2.3799661018428337,0.2600704910748184,0.04430603126892685,0.954,2.5,2.5,0.8455081312441649,0.21971428571428572,0.42857142857142855,0.3214285714285714,0.06260599175862988,0.0,0.0,0.0,0.0,0.0,0.0,0.0,0.0,0.0,0.0,0.0,0.0,0.0,0.0,0.0,0.0,0.0,0.0,0.0,0.0,stable,stable
2,500,240,modular,6,0.08,0.004,0.12,6,10.0,0.72,0.22,True,rl,1.0,False,False,1.0,rl_agents_rl_regulator,rl_agents_rl_regulator,0.38676666666666665,0.7875,0.13333333333333336,0.022410711724530304,0.4171,0.4875,0.15416666666666667,0.02297537328919332,0.19613333333333333,0.375,0.09583333333333333,0.019858359560760413,0.5907246161628704,0.8449175312894064,0.1368918172441277,0.027004709981797027,0.5910514526613108,0.8449175312894064,0.1368918172441277,0.026710873026469486,0.1568082592189021,0.9930179684391991,0.6595494641872832,0.14124109442813465,0.15563333333333332,0.9958333333333333,0.6958333333333333,0.14162867725931153,2.0720925330255406,2.416888803577287,0.20993433448227328,0.04008343544145782,0.984,2.5,2.5,0.8424630555697977,0.28685714285714287,0.5,0.35714285714285715,0.073946478162608,0.0,0.0,0.0,0.0,0.0,0.0,0.0,0.0,0.0,0.0,0.0,0.0,0.0,0.0,0.0,0.0,0.0,0.0,0.0,0.0,stable,stable
3,500,240,modular,6,0.08,0.004,0.12,6,10.0,0.72,0.22,True,rl,1.0,False,False,1.0,rl_agents_rl_regulator,rl_agents_rl_regulator,0.3553166666666666,0.8,0.13749999999999996,0.023514115146250156,0.40108333333333335,0.4666666666666667,0.14166666666666666,0.026974911183048098,0.24359999999999998,0.37916666666666665,0.13750000000000004,0.02389528079861052,0.6388942179304348,0.8167560214270179,0.18823633281786745,0.029562993402454912,0.6386404200275622,0.8167560214270179,0.18823633281786745,0.029648563634659345,0.2485105103607822,0.9657054428541555,0.8192702135763974,0.21468414015160114,0.2505,0.9666666666666667,0.8,0.21610735500877543,2.1698530334822594,2.3791134232437376,0.2616608265869558,0.043328229704419914,1.072,2.5,2.5,0.8664963935297134,0.2792857142857143,0.4642857142857143,0.3928571428571429,0.07059875121749241,0.0,0.0,0.0,0.0,0.0,0.0,0.0,0.0,0.0,0.0,0.0,0.0,0.0,0.0,0.0,0.0,0.0,0.0,0.0,0.0,stable,oscillatory
4,500,240,modular,6,0.08,0.004,0.12,6,10.0,0.72,0.22,True,rl,1.0,False,False,1.0,rl_agents_rl_regulator,rl_agents_rl_regulator,0.4624666666666667,0.7791666666666667,0.14583333333333331,0.02217666441204457,0.3857333333333334,0.4708333333333333,0.10416666666666663,0.022554033884084782,0.15180000000000002,0.38333333333333336,0.10416666666666667,0.01710941910826379,0.515290071834131,0.7706890480025722,0.17664739291599246,0.025123732632106613,0.5148732645348982,0.7706890480025722,0.17664739291599246,0.025381854465847953,0.08170692715602047,0.8610294603512949,0.28562876715153274,0.07281622443005574,0.08148333333333334,0.8791666666666667,0.2833333333333333,0.07377316773582233,1.9600897079911686,2.3094293791816765,0.2578504393467458,0.038181368241931,0.962,2.5,2.5,0.8328000960614739,0.12499999999999999,0.35714285714285715,0.32142857142857145,0.058575783810202585,0.0,0.0,0.0,0.0,0.0,0.0,0.0,0.0,0.0,0.0,0.0,0.0,0.0,0.0,0.0,0.0,0.0,0.0,0.0,0.0,stable,stable
5,500,240,modular,6,0.08,0.004,0.12,6,10.0,0.72,0.22,True,rl,1.0,False,False,1.0,rl_agents_rl_regulator,rl_agents_rl_regulator,0.3486166666666667,0.7666666666666667,0.17916666666666664,0.03224843234777295,0.42325,0.5,0.125,0.02326313846219188,0.22813333333333333,0.4041666666666667,0.14999999999999997,0.0317002278295353,0.6362890161393734,0.8064139105350218,0.2194128562896126,0.045106096341970284,0.6364020148486935,0.8064139105350218,0.2194128562896126,0.04539218101121166,0.23020183254711268,0.9799989981291849,0.8390772841574269,0.21524974011956508,0.23089999999999997,0.9833333333333333,0.8625,0.21788547195462318,2.1383026644414507,2.336279681411178,0.3341306556743384,0.06447980615893215,0.982,2.5,2.5,0.8310691908619883,0.2598571428571429,0.5,0.3928571428571429,0.07765557130755037,0.0,0.0,0.0,0.0,0.0,0.0,0.0,0.0,0.0,0.0,0.0,0.0,0.0,0.0,0.0,0.0,0.0,0.0,0.0,0.0,stable,runaway
6,500,240,modular,6,0.08,0.004,0.12,6,10.0,0.72,0.22,True,rl,1.0,False,False,1.0,rl_agents_rl_regulator,rl_agents_rl_regulator,0.37984999999999997,0.7958333333333333,0.11249999999999999,0.02424452400944272,0.41175,0.4875,0.13749999999999996,0.02195149324204519,0.2084,0.36666666666666664,0.125,0.02240091763993411,0.6051264548938807,0.748337795078033,0.1481276610621156,0.030451408104729273,0.6055827603594552,0.748337795078033,0.1481276610621156,0.030567483109071994,0.1750408740474772,0.8802337487553868,0.6741303704944899,0.15819054564332627,0.17483333333333334,0.8625,0.6416666666666667,0.15898191721073188,2.088685087697034,2.2742876036743658,0.2272910153879839,0.04431793637270306,0.986,2.5,2.5,0.8442772056617425,0.25642857142857145,0.4642857142857143,0.3214285714285714,0.07009104865844723,0.0,0.0,0.0,0.0,0.0,0.0,0.0,0.0,0.0,0.0,0.0,0.0,0.0,0.0,0.0,0.0,0.0,0.0,0.0,0.0,stable,oscillatory
7,500,240,modular,6,0.08,0.004,0.12,6,10.0,0.72,0.22,True,rl,1.0,False,False,1.0,rl_agents_rl_regulator,rl_agents_rl_regulator,0.42788333333333334,0.8416666666666667,0.1875,0.02701759200553924,0.41296666666666665,0.4875,0.11666666666666664,0.021700076804779592,0.15914999999999999,0.37916666666666665,0.12083333333333333,0.02259454826083299,0.5509338255806572,0.8248772546303418,0.2092063762084943,0.03406673917573311,0.5512008946314714,0.8248772546303418,0.2092063762084943,0.033933292966413356,0.11663408105893623,0.971631849949301,0.609370770472364,0.10815624068370377,0.11733333333333333,0.9625,0.625,0.11132397665273092,2.0120644997070674,2.372875282878447,0.3297015795544487,0.050210738645929696,0.974,2.5,2.5,0.8332610635329123,0.19942857142857143,0.42857142857142855,0.2857142857142857,0.059364663439676994,0.0,0.0,0.0,0.0,0.0,0.0,0.0,0.0,0.0,0.0,0.0,0.0,0.0,0.0,0.0,0.0,0.0,0.0,0.0,0.0,stable,oscillatory
8,500,240,modular,6,0.08,0.004,0.12,6,10.0,0.72,0.22,True,rl,1.0,False,False,1.0,rl_agents_rl_regulator,rl_agents_rl_regulator,0.3622666666666666,0.8,0.15000000000000002,0.024177032259747863,0.4203,0.5083333333333333,0.16666666666666663,0.026249211628372977,0.21743333333333334,0.37916666666666665,0.12083333333333332,0.023801167104903813,0.6321577777382459,0.79537944777591,0.18576388189709114,0.03026651054184425,0.6309087908406218,0.79537944777591,0.18576388189709114,0.030224932421899536,0.2147256390612624,0.9820457332046258,0.8035892283190347,0.19209001095731168,0.21583333333333332,0.9875,0.8375,0.19526050974702147,2.0903918762718803,2.2621824690003822,0.2688978491086378,0.042476790537128876,0.968,2.5,2.5,0.8420071258605833,0.22799999999999998,0.5,0.3571428571428571,0.06124290879400668,0.0,0.0,0.0,0.0,0.0,0.0,0.0,0.0,0.0,0.0,0.0,0.0,0.0,0.0,0.0,0.0,0.0,0.0,0.0,0.0,stable,oscillatory
9,500,240,modular,6,0.08,0.004,0.12,6,10.0,0.72,0.22,True,rl,1.0,False,False,1.0,rl_agents_rl_regulator,rl_agents_rl_regulator,0.40120000000000006,0.7583333333333333,0.13333333333333336,0.021971041547151713,0.43289999999999995,0.49166666666666664,0.12083333333333329,0.022281806230395437,0.16589999999999996,0.4,0.1,0.01780592909991251,0.5579097258220036,0.8270347891122436,0.13415868601343278,0.024784661269751783,0.5573933614360987,0.8270347891122436,0.13415868601343278,0.024904390351477623,0.11603380976514142,0.9853503914584932,0.40785041669120853,0.10308686163471582,0.11655000000000001,0.9833333333333333,0.425,0.10663372017226903,2.0542005516313595,2.399354985459603,0.22621494835455702,0.03884837974795107,0.948,2.5,2.5,0.8168818764056405,0.16028571428571428,0.4642857142857143,0.32142857142857145,0.05671554514614569,0.0,0.0,0.0,0.0,0.0,0.0,0.0,0.0,0.0,0.0,0.0,0.0,0.0,0.0,0.0,0.0,0.0,0.0,0.0,0.0,stable,stable
10,500,240,modular,6,0.08,0.004,0.12,6,10.0,0.72,0.22,True,rl,1.0,False,False,1.0,rl_agents_rl_regulator,rl_agents_rl_regulator,0.35114999999999996,0.7875,0.1291666666666667,0.023546579133472634,0.48646666666666666,0.5666666666666667,0.175,0.030953172517350927,0.16238333333333332,0.37916666666666665,0.15416666666666667,0.027961784436778866,0.6018622926861026,0.8549064502438521,0.1941379321410025,0.0332616087686223,0.601582072600275,0.8549064502438521,0.17720416201739797,0.03282257731091271,0.1612094796936018,0.9970031951675256,0.637141018903904,0.15498307141057102,0.1599,0.9958333333333333,0.6291666666666667,0.15609351185889964,2.1077503502332986,2.400079703196932,0.2608775932222158,0.04215784392174753,0.92,2.5,2.5,0.835224520712844,0.18442857142857141,0.42857142857142855,0.39285714285714285,0.058304093740823855,0.0,0.0,0.0,0.0,0.0,0.0,0.0,0.0,0.0,0.0,0.0,0.0,0.0,0.0,0.0,0.0,0.0,0.0,0.0,0.0,oscillatory,oscillatory
11,500,240,modular,6,0.08,0.004,0.12,6,10.0,0.72,0.22,True,rl,1.0,False,False,1.0,rl_agents_rl_regulator,rl_agents_rl_regulator,0.37665,0.8166666666666667,0.14999999999999997,0.023371688713769344,0.41646666666666665,0.48333333333333334,0.1375,0.024974186673443442,0.20688333333333334,0.3958333333333333,0.125,0.021138964812245024,0.6076341675315723,0.8347885265910185,0.15361909267846674,0.026502665297648786,0.607456389702006,0.8347885265910185,0.15361909267846674,0.025995904126413037,0.18192362197072992,0.9914828793884113,0.7443820839212457,0.1635739980043299,0.1831,0.9958333333333333,0.7666666666666667,0.16779269948361877,2.0930778161567427,2.3953321236913627,0.2398044715073604,0.041332312316363196,0.99,2.5,2.5,0.8419619943916709,0.24885714285714283,0.4642857142857143,0.3214285714285714,0.06315449149441682,0.0,0.0,0.0,0.0,0.0,0.0,0.0,0.0,0.0,0.0,0.0,0.0,0.0,0.0,0.0,0.0,0.0,0.0,0.0,0.0,stable,oscillatory
12,500,240,modular,6,0.08,0.004,0.12,6,10.0,0.72,0.22,True,rl,1.0,False,False,1.0,rl_agents_rl_regulator,rl_agents_rl_regulator,0.4277,0.7708333333333334,0.125,0.024285661064367456,0.4035833333333333,0.49166666666666664,0.1166666666666667,0.023428526059770242,0.16871666666666668,0.4041666666666667,0.10416666666666666,0.021112272628865787,0.5445753178166383,0.8426459936108023,0.15996967072282892,0.029163140967777376,0.5442727721408462,0.8426459936108023,0.15996967072282892,0.0290614714719083,0.10169799258498202,0.9814161149412509,0.3709295431014437,0.09943037128721728,0.10036666666666667,0.9625,0.36666666666666664,0.09821605435636953,1.9813704520162314,2.384398101909855,0.22076977159508004,0.042868572869494324,0.922,2.5,2.5,0.8514199903690305,0.25257142857142856,0.4642857142857143,0.3214285714285714,0.06197036816586009,0.0,0.0,0.0,0.0,0.0,0.0,0.0,0.0,0.0,0.0,0.0,0.0,0.0,0.0,0.0,0.0,0.0,0.0,0.0,0.0,stable,runaway
13,500,240,modular,6,0.08,0.004,0.12,6,10.0,0.72,0.22,True,rl,1.0,False,False,1.0,rl_agents_rl_regulator,rl_agents_rl_regulator,0.38345,0.8291666666666667,0.125,0.02210267077878951,0.4595833333333333,0.5166666666666667,0.13333333333333336,0.02512538004134907,0.15696666666666667,0.3958333333333333,0.10416666666666667,0.017875153456994742,0.5720216128941661,0.7938244310963031,0.13602721590390032,0.025467882033146507,0.5727770025562893,0.7938244310963031,0.13602721590390032,0.02481086810154358,0.12189847329654405,0.8648527540499293,0.4563742017027713,0.11865192724792972,0.12104999999999999,0.8708333333333333,0.4666666666666667,0.11866219677911093,2.0833507921451053,2.34275335168609,0.20416403207705414,0.03813876877969553,0.876,2.5,2.5,0.8274200867757563,0.14514285714285716,0.42857142857142855,0.35714285714285715,0.05997346351954848,0.0,0.0,0.0,0.0,0.0,0.0,0.0,0.0,0.0,0.0,0.0,0.0,0.0,0.0,0.0,0.0,0.0,0.0,0.0,0.0,stable,stable
14,500,240,modular,6,0.08,0.004,0.12,6,10.0,0.72,0.22,True,rl,1.0,False,False,1.0,rl_agents_rl_regulator,rl_agents_rl_regulator,0.4007333333333333,0.7708333333333334,0.14999999999999997,0.027067631345698992,0.3753666666666667,0.45416666666666666,0.14166666666666666,0.022570974478052314,0.22390000000000002,0.39166666666666666,0.14583333333333331,0.024597560854686385,0.60019456130258,0.8154736749731862,0.22433845169142663,0.037121621942370654,0.6008749847971323,0.8154736749731862,0.22433845169142663,0.03679862856677602,0.17140744990716283,0.9028581768300635,0.6720788721576312,0.15652299615249304,0.17146666666666666,0.9166666666666666,0.675,0.15933416666448746,2.0525304121358894,2.3374885167335457,0.3112368520614417,0.05202975774242923,1.0,2.5,2.5,0.848528137423857,0.2477142857142857,0.39285714285714285,0.2857142857142857,0.0601433661328988,0.0,0.0,0.0,0.0,0.0,0.0,0.0,0.0,0.0,0.0,0.0,0.0,0.0,0.0,0.0,0.0,0.0,0.0,0.0,0.0,stable,oscillatory
15,500,240,modular,6,0.08,0.004,0.12,6,10.0,0.72,0.22,True,rl,1.0,False,False,1.0,rl_agents_rl_regulator,rl_agents_rl_regulator,0.3697,0.7791666666666667,0.14166666666666672,0.025049262575085027,0.4234833333333333,0.49583333333333335,0.15833333333333333,0.028293938298590466,0.20681666666666668,0.375,0.13333333333333333,0.023267579972523524,0.614441520300915,0.8210745022995933,0.16374925756442926,0.03051305249779317,0.6148653975242757,0.8210745022995933,0.16451855072323174,0.03078541858130121,0.19210239251298974,0.917020062654838,0.6940342933115518,0.17016950598454492,0.19195,0.9291666666666667,0.7333333333333333,0.17001549030733773,2.1193280750599937,2.3825319032209524,0.25017029709371474,0.04485993584087884,0.992,2.5,2.5,0.8437629998998534,0.1607142857142857,0.39285714285714285,0.32142857142857145,0.05848861741695506,0.0,0.0,0.0,0.0,0.0,0.0,0.0,0.0,0.0,0.0,0.0,0.0,0.0,0.0,0.0,0.0,0.0,0.0,0.0,0.0,stable,oscillatory
16,500,240,modular,6,0.08,0.004,0.12,6,10.0,0.72,0.22,True,rl,1.0,False,False,1.0,rl_agents_rl_regulator,rl_agents_rl_regulator,0.3611666666666667,0.7875,0.14583333333333337,0.024475611443956935,0.4059666666666667,0.49583333333333335,0.15833333333333333,0.026922398770457948,0.23286666666666667,0.4041666666666667,0.14583333333333331,0.022349596068932533,0.6470202566596085,0.8422268323656731,0.17326790467649011,0.02869689322199783,0.6463098998238545,0.8422268323656731,0.17326790467649011,0.029171747376230683,0.24566525847019488,0.965263726536265,0.8736256010886225,0.21685364574365604,0.24648333333333336,0.9666666666666667,0.8541666666666666,0.21810339609664242,2.1825759427992333,2.422894967599562,0.24949483795630956,0.043754029953123115,0.998,2.5,2.5,0.8432057874564192,0.23885714285714282,0.4642857142857143,0.3928571428571429,0.0737364307821432,0.0,0.0,0.0,0.0,0.0,0.0,0.0,0.0,0.0,0.0,0.0,0.0,0.0,0.0,0.0,0.0,0.0,0.0,0.0,0.0,stable,runaway
17,500,240,modular,6,0.08,0.004,0.12,6,10.0,0.72,0.22,True,rl,1.0,False,False,1.0,rl_agents_rl_regulator,rl_agents_rl_regulator,0.45975,0.8166666666666667,0.12916666666666665,0.022226891870484777,0.38283333333333336,0.45416666666666666,0.1333333333333333,0.022678918257565406,0.15741666666666665,0.38333333333333336,0.09166666666666666,0.017584913041202868,0.49944421027433067,0.7887451286202757,0.14012679307675519,0.025340020371248512,0.49932884103395964,0.7887451286202757,0.14012679307675519,0.025343902016769223,0.06941434633646142,0.9565852709287508,0.27671737037981003,0.0632837635185373,0.07015,0.9666666666666667,0.2875,0.06573424821878537,1.9796933043230933,2.3828085780630492,0.21045137054871343,0.03950486762680726,0.958,2.5,2.5,0.8326079509589133,0.2207142857142857,0.5,0.3571428571428571,0.06271493654071669,0.0,0.0,0.0,0.0,0.0,0.0,0.0,0.0,0.0,0.0,0.0,0.0,0.0,0.0,0.0,0.0,0.0,0.0,0.0,0.0,stable,stable
18,500,240,modular,6,0.08,0.004,0.12,6,10.0,0.72,0.22,True,rl,1.0,False,False,1.0,rl_agents_rl_regulator,rl_agents_rl_regulator,0.3804166666666666,0.875,0.1375,0.02490886165381487,0.4519000000000001,0.5291666666666667,0.14583333333333331,0.02438695006214047,0.16768333333333335,0.4041666666666667,0.09583333333333334,0.019094276338444693,0.5933803115788278,0.8628608754998781,0.15003304406359141,0.02807173264007929,0.5935240530446781,0.8628608754998781,0.15003304406359141,0.027649633316186986,0.14334499149018004,0.9225606990620612,0.6098361433276012,0.14639560449687403,0.14241666666666666,0.9125,0.6541666666666667,0.1467743212857375,2.0666281954247614,2.4380849808037706,0.21790057033819576,0.0428450506406507,0.85,2.5,2.5,0.817618492941543,0.17485714285714282,0.39285714285714285,0.32142857142857145,0.05593801233946194,0.0,0.0,0.0,0.0,0.0,0.0,0.0,0.0,0.0,0.0,0.0,0.0,0.0,0.0,0.0,0.0,0.0,0.0,0.0,0.0,stable,runaway
19,500,240,modular,6,0.08,0.004,0.12,6,10.0,0.72,0.22,True,rl,1.0,False,False,1.0,rl_agents_rl_regulator,rl_agents_rl_regulator,0.39115000000000005,0.8166666666666667,0.125,0.022106365347765538,0.41056666666666664,0.49166666666666664,0.1291666666666667,0.02279768506766519,0.19828333333333334,0.37916666666666665,0.09999999999999998,0.01866473948385029,0.5846119888804036,0.7985545987577483,0.14397459208611096,0.025800454403044314,0.5844496727514129,0.7985545987577483,0.14397459208611096,0.025778839027566662,0.14534504932881423,0.8953633072923507,0.5496990610287844,0.13466662752399472,0.14583333333333334,0.9375,0.5916666666666667,0.13702747088732892,2.1054534988378184,2.388889130067996,0.21375476330027499,0.03951896142335663,0.948,2.5,2.5,0.8492914694025839,0.2454285714285714,0.5,0.3214285714285714,0.05344766656482292,0.0,0.0,0.0,0.0,0.0,0.0,0.0,0.0,0.0,0.0,0.0,0.0,0.0,0.0,0.0,0.0,0.0,0.0,0.0,0.0,stable,stable
20,500,240,modular,6,0.08,0.004,0.12,6,10.0,0.72,0.22,True,rl,1.0,False,False,1.0,rl_agents_rl_regulator,rl_agents_rl_regulator,0.39873333333333333,0.7833333333333333,0.14166666666666666,0.024808846988300142,0.41414999999999996,0.48333333333333334,0.14166666666666666,0.02344881541665686,0.18711666666666668,0.4125,0.12083333333333332,0.019876151259458883,0.577294418467061,0.8303448147790647,0.17172253494863388,0.02825896089947763,0.5770641082034724,0.8303448147790647,0.17172253494863388,0.028275706830218197,0.14383585402970855,0.9786568015477181,0.5107369885572793,0.12865066895469407,0.1447,0.9875,0.5333333333333333,0.1323372963302485,2.0315868295470008,2.36576721288013,0.25239264864144406,0.04380486886413194,0.972,2.5,2.5,0.8361913656574074,0.1992857142857143,0.6071428571428571,0.35714285714285715,0.06550042841424002,0.0,0.0,0.0,0.0,0.0,0.0,0.0,0.0,0.0,0.0,0.0,0.0,0.0,0.0,0.0,0.0,0.0,0.0,0.0,0.0,stable,runaway
21,500,240,modular,6,0.08,0.004,0.12,6,10.0,0.72,0.22,True,rl,1.0,False,False,1.0,rl_agents_rl_regulator,rl_agents_rl_regulator,0.41496666666666665,0.7958333333333333,0.15416666666666662,0.02436753304433312,0.42069999999999996,0.49166666666666664,0.14166666666666666,0.02416342506995047,0.1643333333333333,0.3958333333333333,0.0875,0.018306040290327973,0.5430770861908456,0.8521517516508356,0.1363977753726613,0.028026488660798952,0.5431648720097758,0.8521517516508356,0.1363977753726613,0.027755545677287115,0.09599539412976862,0.9946661717392377,0.4520498260397006,0.09828168272501958,0.09855,0.9958333333333333,0.42083333333333334,0.10230018599961369,2.020801880008978,2.4415300277895966,0.2330422489179249,0.04262328063550163,0.866,2.5,2.5,0.8432342497787907,0.13742857142857143,0.4642857142857143,0.32142857142857145,0.05440888282819493,0.0,0.0,0.0,0.0,0.0,0.0,0.0,0.0,0.0,0.0,0.0,0.0,0.0,0.0,0.0,0.0,0.0,0.0,0.0,0.0,stable,stable
22,500,240,modular,6,0.08,0.004,0.12,6,10.0,0.72,0.22,True,rl,1.0,False,False,1.0,rl_agents_rl_regulator,rl_agents_rl_regulator,0.3773666666666667,0.7583333333333333,0.2,0.03162425229682645,0.4230333333333333,0.5125,0.15833333333333327,0.023547092295133926,0.1996,0.3958333333333333,0.17916666666666664,0.03116900169506022,0.5969427742090334,0.8305811344022184,0.21856223235066086,0.04460715012592576,0.5958783414695047,0.8305811344022184,0.2410197069229567,0.044361044628621775,0.15457323072161616,0.9460590182698121,0.8763320896625093,0.16294984865287623,0.15726666666666664,0.9416666666666667,0.8958333333333334,0.166014058976274,2.104980258980344,2.385128504081364,0.34378653618957533,0.06359390552353728,0.902,2.5,2.5,0.8587176485900356,0.2471428571428571,0.5714285714285714,0.42857142857142855,0.07942394642238651,0.0,0.0,0.0,0.0,0.0,0.0,0.0,0.0,0.0,0.0,0.0,0.0,0.0,0.0,0.0,0.0,0.0,0.0,0.0,0.0,oscillatory,oscillatory
23,500,240,modular,6,0.08,0.004,0.12,6,10.0,0.72,0.22,True,rl,1.0,False,False,1.0,rl_agents_rl_regulator,rl_agents_rl_regulator,0.4169166666666667,0.8333333333333334,0.1166666666666667,0.024025593991963374,0.37160000000000004,0.45,0.15833333333333333,0.024013213954913334,0.21148333333333336,0.3541666666666667,0.11666666666666664,0.024370000911867945,0.5776221815858126,0.7445371024985434,0.15740208323431604,0.031782129832709706,0.5779575170949577,0.7445371024985434,0.15740208323431604,0.03189285740996473,0.1431410105985337,0.8651652058110598,0.538028885760411,0.12606182629599874,0.14438333333333334,0.8916666666666667,0.55,0.12816404527011466,2.0804454727436696,2.3181275164746866,0.23467700056812135,0.046511977179145916,0.998,2.5,2.5,0.8384485672955735,0.33171428571428574,0.5714285714285714,0.42857142857142855,0.07912996284852004,0.0,0.0,0.0,0.0,0.0,0.0,0.0,0.0,0.0,0.0,0.0,0.0,0.0,0.0,0.0,0.0,0.0,0.0,0.0,0.0,stable,stable
24,500,240,modular,6,0.08,0.004,0.12,6,10.0,0.72,0.22,True,rl,1.0,False,False,1.0,rl_agents_rl_regulator,rl_agents_rl_regulator,0.4355833333333334,0.8166666666666667,0.14166666666666666,0.024287199417708814,0.3778666666666667,0.4375,0.12083333333333335,0.023213477885822186,0.18655000000000002,0.4125,0.12499999999999997,0.02078662096424311,0.5603718862318023,0.8832511966286163,0.1836348446723436,0.031823069266677585,0.5611241036417882,0.8832511966286163,0.1836348446723436,0.0314720381844657,0.12324364884165773,0.8922047032970268,0.5477560948031164,0.11757902291087804,0.12441666666666669,0.8791666666666667,0.5833333333333334,0.11952803599527974,2.0197437014820903,2.4459316736841235,0.24176085766135147,0.04343379623382084,0.932,2.5,2.5,0.8374819401037852,0.2948571428571429,0.5357142857142857,0.3214285714285714,0.06290647414850016,0.0,0.0,0.0,0.0,0.0,0.0,0.0,0.0,0.0,0.0,0.0,0.0,0.0,0.0,0.0,0.0,0.0,0.0,0.0,0.0,stable,runaway
25,500,240,modular,6,0.08,0.004,0.12,6,10.0,0.72,0.22,True,rl,1.0,False,False,1.0,rl_agents_rl_regulator,rl_agents_rl_regulator,0.3592666666666667,0.775,0.12916666666666665,0.0260893975911033,0.39785000000000004,0.4625,0.1375,0.023927604931914474,0.2428833333333333,0.3541666666666667,0.11666666666666667,0.020949151401535204,0.6472216614193336,0.8127074748758967,0.19289672183354056,0.03310713371725328,0.6477501373248749,0.8127074748758967,0.18231144981787184,0.03249658996910854,0.25449289285890386,0.9758793600397144,0.8895173211887343,0.23173286635514226,0.2527833333333333,0.9833333333333333,0.8875,0.2305029892551408,2.155973282802126,2.369294302454376,0.2642188316552443,0.04692083026575899,1.012,2.5,2.5,0.8716971951314286,0.3118571428571429,0.5714285714285714,0.42857142857142855,0.07912287009094508,0.0,0.0,0.0,0.0,0.0,0.0,0.0,0.0,0.0,0.0,0.0,0.0,0.0,0.0,0.0,0.0,0.0,0.0,0.0,0.0,stable,stable
26,500,240,modular,6,0.08,0.004,0.12,6,10.0,0.72,0.22,True,rl,1.0,False,False,1.0,rl_agents_rl_regulator,rl_agents_rl_regulator,0.40601666666666664,0.8375,0.1791666666666667,0.028828655689936165,0.37803333333333333,0.4583333333333333,0.12916666666666665,0.025616704619360303,0.21594999999999998,0.4,0.1375,0.02556256486001008,0.6060128662032336,0.8327880987316717,0.21376136369122278,0.03677241935648851,0.605226005331418,0.8327880987316717,0.21376136369122278,0.03568873794444387,0.18604082802303495,0.9887439639891558,0.7305244646805922,0.16732170530110566,0.1855333333333333,0.9958333333333333,0.7208333333333333,0.16718799797433628,2.049255180334322,2.354647633091497,0.3215060088463184,0.053308428922544844,0.998,2.5,2.5,0.8300578293107053,0.27314285714285713,0.42857142857142855,0.2857142857142857,0.05885922326420309,0.0,0.0,0.0,0.0,0.0,0.0,0.0,0.0,0.0,0.0,0.0,0.0,0.0,0.0,0.0,0.0,0.0,0.0,0.0,0.0,stable,oscillatory
27,500,240,modular,6,0.08,0.004,0.12,6,10.0,0.72,0.22,True,rl,1.0,False,False,1.0,rl_agents_rl_regulator,rl_agents_rl_regulator,0.399,0.7833333333333333,0.13333333333333336,0.021828879952943074,0.4421833333333333,0.49583333333333335,0.13333333333333336,0.02378309974190356,0.15881666666666666,0.36666666666666664,0.11666666666666667,0.019414406163121924,0.5540808596470319,0.8212717164465464,0.13812483525259894,0.02530395111779047,0.5535540294368607,0.8212717164465464,0.132678188937205,0.025039183293869394,0.11186253758881057,0.9189292285127449,0.43962942936134053,0.10914495211123072,0.11259999999999999,0.9208333333333333,0.5125,0.11115862539632271,2.0423597586685145,2.3667185553502113,0.20346270696373803,0.03830061388833771,0.918,2.5,2.5,0.826,0.13071428571428573,0.5357142857142857,0.39285714285714285,0.057325600649238015,0.0,0.0,0.0,0.0,0.0,0.0,0.0,0.0,0.0,0.0,0.0,0.0,0.0,0.0,0.0,0.0,0.0,0.0,0.0,0.0,stable,stable
28,500,240,modular,6,0.08,0.004,0.12,6,10.0,0.72,0.22,True,rl,1.0,False,False,1.0,rl_agents_rl_regulator,rl_agents_rl_regulator,0.3938666666666667,0.825,0.14583333333333331,0.02532607352117576,0.4328833333333334,0.5,0.12916666666666665,0.023851514044651804,0.17325,0.3458333333333333,0.09999999999999999,0.019255049842689175,0.5576007021074824,0.7550012271011345,0.16043724648633767,0.02906843331705915,0.5571730757186358,0.7550012271011345,0.16043724648633767,0.029348035648479973,0.11134388758664632,0.7854245811181887,0.440508197609957,0.10634604644289013,0.11136666666666667,0.7708333333333334,0.45416666666666666,0.10819654954449025,2.0659452815442743,2.286909636490581,0.2589667389707839,0.04516544295195912,0.898,2.5,2.5,0.8176771979210378,0.19228571428571428,0.4642857142857143,0.2857142857142857,0.05825419315730125,0.0,0.0,0.0,0.0,0.0,0.0,0.0,0.0,0.0,0.0,0.0,0.0,0.0,0.0,0.0,0.0,0.0,0.0,0.0,0.0,stable,stable
29,500,240,modular,6,0.08,0.004,0.12,6,10.0,0.72,0.22,True,rl,1.0,False,False,1.0,rl_agents_rl_regulator,rl_agents_rl_regulator,0.3814666666666667,0.7958333333333333,0.15416666666666667,0.02735291981164392,0.3922166666666667,0.4625,0.15416666666666667,0.02471313753182033,0.22631666666666667,0.4,0.10416666666666669,0.020415877535769934,0.6252385164161878,0.8458756420536682,0.17908015316984804,0.031248338986379534,0.625503392300184,0.8458756420536682,0.17908015316984804,0.031528840658792315,0.20980052701397536,0.9389691176063124,0.6865525293116644,0.1846640453739828,0.21143333333333333,0.9625,0.75,0.18813071992042601,2.1010322125353205,2.3568741373699487,0.24788862369577624,0.047858936801640405,1.004,2.5,2.5,0.8543910111886711,0.18885714285714283,0.42857142857142855,0.32142857142857145,0.060830309308865474,0.0,0.0,0.0,0.0,0.0,0.0,0.0,0.0,0.0,0.0,0.0,0.0,0.0,0.0,0.0,0.0,0.0,0.0,0.0,0.0,stable,stable
30,500,240,modular,6,0.08,0.004,0.12,6,10.0,0.72,0.22,True,rl,1.0,False,False,1.0,rl_agents_rl_regulator,rl_agents_rl_regulator,0.3892333333333334,0.8208333333333333,0.15833333333333333,0.024387975179037177,0.39116666666666666,0.44583333333333336,0.1291666666666667,0.024950506563550526,0.21960000000000002,0.4083333333333333,0.11250000000000002,0.02126567395802185,0.6061355027007594,0.8220198168745816,0.17109060042240942,0.029008934742769762,0.6056980077357437,0.8220198168745816,0.17109060042240942,0.02901099985546981,0.17774485401767623,0.91327284677645,0.5870489083147912,0.15652677413526514,0.17641666666666667,0.9083333333333333,0.6416666666666667,0.15808930756590298,2.0959927996176146,2.3718944480320237,0.26793868512248764,0.043700082623320355,0.986,2.5,2.5,0.8442772056617425,0.17528571428571427,0.42857142857142855,0.25,0.05591922016331656,0.0,0.0,0.0,0.0,0.0,0.0,0.0,0.0,0.0,0.0,0.0,0.0,0.0,0.0,0.0,0.0,0.0,0.0,0.0,0.0,stable,runaway
31,500,240,modular,6,0.08,0.004,0.12,6,10.0,0.72,0.22,True,rl,1.0,False,False,1.0,rl_agents_rl_regulator,rl_agents_rl_regulator,0.36773333333333336,0.7791666666666667,0.15000000000000002,0.02498279407912574,0.4257833333333333,0.4875,0.1333333333333333,0.02328591014135181,0.20648333333333332,0.3625,0.10833333333333336,0.019166152167007566,0.6308226303733343,0.8108361223347097,0.14963824356599764,0.02973118038768524,0.630371606485958,0.8108361223347097,0.16211820331712212,0.030120880968932496,0.2206225679613716,0.9807825929959592,0.7978107395403432,0.2003122905562847,0.22061666666666668,0.9833333333333333,0.8125,0.2010034417892169,2.107369047079443,2.3290687151891523,0.24583232686279444,0.04426518005367272,0.986,2.5,2.5,0.8442772056617424,0.2981428571428571,0.6071428571428571,0.39285714285714285,0.07023008832489426,0.0,0.0,0.0,0.0,0.0,0.0,0.0,0.0,0.0,0.0,0.0,0.0,0.0,0.0,0.0,0.0,0.0,0.0,0.0,0.0,stable,stable
32,500,240,modular,6,0.08,0.004,0.12,6,10.0,0.72,0.22,True,rl,1.0,False,False,1.0,rl_agents_rl_regulator,rl_agents_rl_regulator,0.3843,0.8125,0.11666666666666664,0.021944601968492287,0.43011666666666665,0.49583333333333335,0.14166666666666666,0.02440970321636687,0.18558333333333332,0.36666666666666664,0.09166666666666667,0.018771469190118167,0.584283693553879,0.7441678327979304,0.12781067102906518,0.024971192731548884,0.5844789725978236,0.7441678327979304,0.12781067102906518,0.025096438262755098,0.14824519570277908,0.8824245874107781,0.5142708857043152,0.13317182477802328,0.14898333333333336,0.8875,0.5291666666666667,0.13655435324034487,2.0900937183043937,2.2742312503112534,0.20231405163987226,0.03695255165865988,0.968,2.5,2.5,0.8384366404207297,0.24785714285714283,0.42857142857142855,0.3571428571428571,0.061449332040008915,0.0,0.0,0.0,0.0,0.0,0.0,0.0,0.0,0.0,0.0,0.0,0.0,0.0,0.0,0.0,0.0,0.0,0.0,0.0,0.0,stable,stable
33,500,240,modular,6,0.08,0.004,0.12,6,10.0,0.72,0.22,True,rl,1.0,False,False,1.0,rl_agents_rl_regulator,rl_agents_rl_regulator,0.38794999999999996,0.8333333333333334,0.15416666666666667,0.02512204100873264,0.3615333333333333,0.45416666666666666,0.175,0.02862174775314122,0.25051666666666667,0.37916666666666665,0.11249999999999999,0.021348881053165816,0.6240629272896657,0.8110023084023926,0.20373385535340138,0.028959316945548506,0.6252752878761483,0.8110023084023926,0.20373385535340138,0.02917737522456298,0.2162549958137289,0.9663337181967359,0.9166347915688448,0.1792837575198851,0.21683333333333332,0.9416666666666667,0.8875,0.18223222364152103,2.1198486405351344,2.3693542271356574,0.280849066013408,0.04245966769149128,1.044,2.5,2.5,0.8294962326617283,0.29671428571428565,0.4642857142857143,0.32142857142857145,0.06281183431975415,0.0,0.0,0.0,0.0,0.0,0.0,0.0,0.0,0.0,0.0,0.0,0.0,0.0,0.0,0.0,0.0,0.0,0.0,0.0,0.0,stable,stable
34,500,240,modular,6,0.08,0.004,0.12,6,10.0,0.72,0.22,True,rl,1.0,False,False,1.0,rl_agents_rl_regulator,rl_agents_rl_regulator,0.40043333333333336,0.8416666666666667,0.15000000000000002,0.025730030012505706,0.4080166666666667,0.4791666666666667,0.14166666666666666,0.023687133169249877,0.19154999999999997,0.3958333333333333,0.1708333333333333,0.02692686081468342,0.5795855798455121,0.8365961491616183,0.19921936129389378,0.03529672063755544,0.579738570359072,0.8365961491616183,0.19921936129389378,0.03556277530945431,0.14270517144949635,0.9137108970392306,0.5912174940033912,0.1361212801896891,0.14225,0.925,0.6375,0.13797143927478453,2.0590907649751062,2.3852788586270033,0.2610058209866173,0.05093391611973232,0.948,2.5,2.5,0.8338441101309045,0.1712857142857143,0.5714285714285714,0.39285714285714285,0.07058776560467986,0.0,0.0,0.0,0.0,0.0,0.0,0.0,0.0,0.0,0.0,0.0,0.0,0.0,0.0,0.0,0.0,0.0,0.0,0.0,0.0,oscillatory,oscillatory
35,500,240,modular,6,0.08,0.004,0.12,6,10.0,0.72,0.22,True,rl,1.0,False,False,1.0,rl_agents_rl_regulator,rl_agents_rl_regulator,0.43256666666666665,0.8125,0.12083333333333335,0.02419184894867599,0.39135,0.45416666666666666,0.11249999999999999,0.022210414223962596,0.17608333333333331,0.4,0.13333333333333333,0.022815838796765724,0.5270856067717203,0.7760255508681411,0.14509198258042477,0.02929284456313271,0.5267539008932598,0.7760255508681411,0.14509198258042477,0.02871066728218445,0.07093338799447582,0.6912158216345673,0.36268982890321505,0.08150580656149788,0.0705,0.7041666666666667,0.38333333333333336,0.08279341761275469,2.0040883437409875,2.33552398075206,0.2180347762177528,0.046302468142949436,0.774,2.5,2.5,0.836614606614061,0.2161428571428571,0.5357142857142857,0.3571428571428571,0.06269150253260738,0.0,0.0,0.0,0.0,0.0,0.0,0.0,0.0,0.0,0.0,0.0,0.0,0.0,0.0,0.0,0.0,0.0,0.0,0.0,0.0,stable,oscillatory
36,500,240,modular,6,0.08,0.004,0.12,6,10.0,0.72,0.22,True,rl,1.0,False,False,1.0,rl_agents_rl_regulator,rl_agents_rl_regulator,0.44148333333333334,0.75,0.1416666666666666,0.023067708309814104,0.3840666666666666,0.44583333333333336,0.14166666666666672,0.02348500703758795,0.17445,0.3875,0.14166666666666666,0.02168371764968155,0.5236185835816884,0.8463228718215574,0.16279545815398694,0.02840196577492054,0.5242555325509696,0.8463228718215574,0.16279545815398694,0.028538075310132482,0.0831681234549029,0.9418698041792372,0.3608128675257368,0.07960338601520164,0.08358333333333334,0.925,0.4125,0.08161567285488465,1.9783221251403083,2.4015630483918398,0.22512964070026298,0.0414357702782396,0.918,2.5,2.5,0.8415913497654308,0.27442857142857147,0.5357142857142857,0.3214285714285714,0.06308546195601711,0.0,0.0,0.0,0.0,0.0,0.0,0.0,0.0,0.0,0.0,0.0,0.0,0.0,0.0,0.0,0.0,0.0,0.0,0.0,0.0,stable,oscillatory
37,500,240,modular,6,0.08,0.004,0.12,6,10.0,0.72,0.22,True,rl,1.0,False,False,1.0,rl_agents_rl_regulator,rl_agents_rl_regulator,0.37228333333333335,0.7833333333333333,0.125,0.022599661993539244,0.3916666666666666,0.4791666666666667,0.16249999999999998,0.03199609351155231,0.23605,0.35,0.15416666666666667,0.030592214877499652,0.6304713311951243,0.7691935105084106,0.17410758398196458,0.033794943650249765,0.6304687200409007,0.7691935105084106,0.17410758398196458,0.03376192811699955,0.23296347656004257,0.9438450756305652,0.8395771116511512,0.19711342017645428,0.23406666666666667,0.9416666666666667,0.8375,0.19912416840867017,2.1107439958050116,2.2833339228658556,0.2374866072970907,0.04421212220294371,1.056,2.5,2.5,0.8419406154830635,0.3457142857142857,0.6071428571428571,0.49999999999999994,0.08649643144697489,0.0,0.0,0.0,0.0,0.0,0.0,0.0,0.0,0.0,0.0,0.0,0.0,0.0,0.0,0.0,0.0,0.0,0.0,0.0,0.0,oscillatory,oscillatory
38,500,240,modular,6,0.08,0.004,0.12,6,10.0,0.72,0.22,True,rl,1.0,False,False,1.0,rl_agents_rl_regulator,rl_agents_rl_regulator,0.4835333333333333,0.8208333333333333,0.1208333333333334,0.02242491174267285,0.3806333333333333,0.44583333333333336,0.14166666666666672,0.021745088845274672,0.1358333333333333,0.37916666666666665,0.09583333333333334,0.017456294630368217,0.47996058786841056,0.8005345319863127,0.16438543491798835,0.02553647152235274,0.4800391920147775,0.8005345319863127,0.16438543491798835,0.025521793935196192,0.05525479608970355,0.9388414847897326,0.24237655431442912,0.05590878214140315,0.055233333333333336,0.9291666666666667,0.24583333333333332,0.05744539436137012,1.8965523987731074,2.3577177705616874,0.24209029551617345,0.039116047689376224,0.862,2.5,2.5,0.816061272209385,0.177,0.5357142857142857,0.28571428571428575,0.054703094715277054,0.0,0.0,0.0,0.0,0.0,0.0,0.0,0.0,0.0,0.0,0.0,0.0,0.0,0.0,0.0,0.0,0.0,0.0,0.0,0.0,stable,stable
39,500,240,modular,6,0.08,0.004,0.12,6,10.0,0.72,0.22,True,rl,1.0,False,False,1.0,rl_agents_rl_regulator,rl_agents_rl_regulator,0.4079666666666667,0.7916666666666666,0.125,0.0238922116552189,0.41135,0.475,0.10833333333333334,0.02128502995064841,0.18068333333333333,0.38333333333333336,0.11249999999999999,0.020237952520505188,0.5681711661169928,0.8254010044069946,0.1660550649205858,0.02985771862175403,0.5681849090296897,0.8254010044069946,0.1660550649205858,0.02904062763404884,0.11827752185494729,0.9421732276085251,0.5254284231693332,0.11551488697067064,0.12044999999999999,0.9583333333333334,0.4875,0.11777417303183807,2.0179861781693553,2.386661725649612,0.21565825783118608,0.04274647104351956,0.888,2.5,2.5,0.8458463217393571,0.27628571428571436,0.5,0.35714285714285715,0.05970061360912569,0.0,0.0,0.0,0.0,0.0,0.0,0.0,0.0,0.0,0.0,0.0,0.0,0.0,0.0,0.0,0.0,0.0,0.0,0.0,0.0,stable,stable
40,500,240,modular,6,0.08,0.004,0.12,6,10.0,0.72,0.22,True,rl,1.0,False,False,1.0,rl_agents_rl_regulator,rl_agents_rl_regulator,0.35095000000000004,0.7708333333333334,0.22083333333333333,0.04432989021717364,0.41526666666666673,0.49583333333333335,0.125,0.02495242139218824,0.23378333333333334,0.4,0.21249999999999997,0.04060829485599107,0.6456737608035396,0.8351867512396852,0.3283067720939497,0.06474332374183718,0.6452247437178465,0.8351867512396852,0.3283067720939497,0.06541716802433278,0.2440519225670741,0.9813406708839518,0.8939586670350522,0.2458842951825707,0.24406666666666665,0.975,0.9208333333333333,0.24516789258700974,2.159491088108976,2.3829506823796915,0.4603866684748439,0.08910665530370644,0.99,2.5,2.5,0.8466994744299775,0.34585714285714286,0.6071428571428571,0.5357142857142857,0.11627807977746578,0.0,0.0,0.0,0.0,0.0,0.0,0.0,0.0,0.0,0.0,0.0,0.0,0.0,0.0,0.0,0.0,0.0,0.0,0.0,0.0,oscillatory,oscillatory
41,500,240,modular,6,0.08,0.004,0.12,6,10.0,0.72,0.22,True,rl,1.0,False,False,1.0,rl_agents_rl_regulator,rl_agents_rl_regulator,0.40713333333333335,0.7875,0.1333333333333333,0.024747704719607612,0.39525,0.45,0.12083333333333335,0.02217058236091741,0.19761666666666666,0.4083333333333333,0.11666666666666664,0.02047560201258507,0.5742009629304063,0.8377105529355068,0.17930733495771944,0.02931654847745403,0.5745812150256782,0.8377105529355068,0.17930733495771944,0.029269870063024166,0.14081175485110958,0.9460716189178442,0.5763986639583139,0.12987789487597393,0.13953333333333334,0.925,0.575,0.13129125383411241,2.050302181271955,2.4001552367129517,0.2602424523781943,0.04499526614105841,0.986,2.5,2.5,0.8323484847105809,0.2861428571428571,0.5,0.35714285714285715,0.05980256632265467,0.0,0.0,0.0,0.0,0.0,0.0,0.0,0.0,0.0,0.0,0.0,0.0,0.0,0.0,0.0,0.0,0.0,0.0,0.0,0.0,stable,runaway
42,500,240,modular,6,0.08,0.004,0.12,6,10.0,0.72,0.22,True,rl,1.0,False,False,1.0,rl_agents_rl_regulator,rl_agents_rl_regulator,0.3789666666666667,0.7958333333333333,0.15416666666666667,0.0268061767343109,0.39120000000000005,0.4625,0.13333333333333336,0.024167908014095425,0.22983333333333333,0.4166666666666667,0.13749999999999998,0.02261329500782916,0.6112519369102597,0.8072605818616311,0.1870268743129332,0.03401212216764696,0.6100365627333757,0.8072605818616311,0.18804758846956204,0.03517807186692307,0.18234938973636303,0.9535790275997795,0.6377160029853237,0.16223812608644292,0.18276666666666666,0.9666666666666667,0.6458333333333334,0.16413734425101978,2.142844844412953,2.3959075044904674,0.2800923475658259,0.04997904094824391,0.992,2.5,2.5,0.8531916549052738,0.21014285714285713,0.4642857142857143,0.3571428571428571,0.07571549864257567,0.0,0.0,0.0,0.0,0.0,0.0,0.0,0.0,0.0,0.0,0.0,0.0,0.0,0.0,0.0,0.0,0.0,0.0,0.0,0.0,stable,runaway
43,500,240,modular,6,0.08,0.004,0.12,6,10.0,0.72,0.22,True,rl,1.0,False,False,1.0,rl_agents_rl_regulator,rl_agents_rl_regulator,0.3829666666666667,0.8208333333333333,0.12083333333333329,0.023187137238851484,0.46175,0.5291666666666667,0.1791666666666667,0.027219401781327472,0.15528333333333336,0.37916666666666665,0.15833333333333333,0.027857579259910975,0.5689243486204171,0.8209233795788634,0.20887081535314755,0.033701110917890395,0.5690043678681367,0.8209233795788634,0.20887081535314755,0.03357855442183781,0.12612981561071945,0.9272222214601682,0.5476230999275541,0.11832430593631195,0.1256,0.8875,0.575,0.11916399064594416,2.065181594908545,2.4048518932922276,0.2927770194582555,0.04628346289743092,0.932,2.5,2.5,0.8386751456911073,0.23614285714285713,0.5357142857142857,0.42857142857142855,0.06974311464808786,0.0,0.0,0.0,0.0,0.0,0.0,0.0,0.0,0.0,0.0,0.0,0.0,0.0,0.0,0.0,0.0,0.0,0.0,0.0,0.0,oscillatory,oscillatory
44,500,240,modular,6,0.08,0.004,0.12,6,10.0,0.72,0.22,True,rl,1.0,False,False,1.0,rl_agents_rl_regulator,rl_agents_rl_regulator,0.3815833333333334,0.8375,0.14166666666666666,0.023899238714049264,0.3949833333333333,0.4583333333333333,0.13749999999999996,0.024032090813928132,0.22343333333333334,0.4166666666666667,0.12499999999999997,0.021976401484825082,0.6228361147246247,0.8423881412281751,0.19299567093506353,0.030206797647715385,0.622720162367145,0.8423881412281751,0.19299567093506353,0.030341957024842894,0.20772784410340878,0.9322303620266833,0.7558405795353471,0.1807811340404823,0.20884999999999995,0.9166666666666666,0.7458333333333333,0.1839759865066936,2.12720857889412,2.4260496548799733,0.2792395366866991,0.043950131792181914,1.012,2.5,2.5,0.841341785483165,0.18985714285714284,0.42857142857142855,0.39285714285714285,0.06962127870830578,0.0,0.0,0.0,0.0,0.0,0.0,0.0,0.0,0.0,0.0,0.0,0.0,0.0,0.0,0.0,0.0,0.0,0.0,0.0,0.0,stable,runaway
45,500,240,modular,6,0.08,0.004,0.12,6,10.0,0.72,0.22,True,rl,1.0,False,False,1.0,rl_agents_rl_regulator,rl_agents_rl_regulator,0.4351,0.8125,0.11666666666666664,0.021700384021179596,0.37138333333333334,0.44166666666666665,0.12916666666666665,0.02334916724663026,0.19351666666666664,0.37083333333333335,0.09999999999999998,0.019478827537154856,0.5493336097824572,0.7732271695177655,0.13941957473149819,0.02579858526901552,0.5493661897330604,0.7732271695177655,0.13941957473149819,0.02589020966397055,0.11928904958414947,0.9581724919999218,0.4198043571633175,0.10112978100838817,0.11761666666666666,0.95,0.4041666666666667,0.10219466853891049,2.0079558567088616,2.317549037116165,0.22034658614842306,0.03894322654845835,1.038,2.5,2.5,0.8494445243804919,0.19171428571428573,0.39285714285714285,0.35714285714285715,0.05942513726341329,0.0,0.0,0.0,0.0,0.0,0.0,0.0,0.0,0.0,0.0,0.0,0.0,0.0,0.0,0.0,0.0,0.0,0.0,0.0,0.0,stable,stable
46,500,240,modular,6,0.08,0.004,0.12,6,10.0,0.72,0.22,True,rl,1.0,False,False,1.0,rl_agents_rl_regulator,rl_agents_rl_regulator,0.4068166666666666,0.8125,0.14999999999999997,0.024163614749821222,0.40523333333333333,0.4708333333333333,0.1333333333333333,0.023710663330146535,0.18794999999999998,0.37916666666666665,0.09999999999999998,0.019184926085051488,0.5571434291118029,0.7858318388278579,0.16815088737370448,0.027465564685112333,0.5566610067012298,0.7858318388278579,0.16815088737370448,0.02735970239070236,0.11784667933153718,0.8818800245530263,0.48573359072155503,0.10720607189830612,0.11638333333333334,0.9166666666666666,0.5041666666666667,0.10852606061832952,2.0275508434823446,2.3174707673424106,0.2667989130907571,0.04153925068674759,0.964,2.5,2.5,0.8310860364607265,0.22728571428571429,0.5357142857142857,0.4285714285714286,0.06730512307274042,0.0,0.0,0.0,0.0,0.0,0.0,0.0,0.0,0.0,0.0,0.0,0.0,0.0,0.0,0.0,0.0,0.0,0.0,0.0,0.0,stable,stable
47,500,240,modular,6,0.08,0.004,0.12,6,10.0,0.72,0.22,True,rl,1.0,False,False,1.0,rl_agents_rl_regulator,rl_agents_rl_regulator,0.3993833333333333,0.8,0.16249999999999998,0.03173624373908586,0.39154999999999995,0.4666666666666667,0.16250000000000003,0.027989090136456146,0.20906666666666665,0.36666666666666664,0.18333333333333332,0.03559051059544446,0.5957528614398868,0.7962219949681142,0.25064830330206733,0.04975828631012534,0.5961181400849866,0.7962219949681142,0.25064830330206733,0.04976655351594899,0.17613537622604827,0.9455284677124545,0.8649283776448538,0.18229916352881229,0.17575,0.9458333333333333,0.875,0.18347246614501408,2.0665046341909403,2.319220590953519,0.3299336030060369,0.06485962660919174,0.964,2.5,2.5,0.8548122600898983,0.19299999999999998,0.5357142857142857,0.4285714285714286,0.0884733327745988,0.0,0.0,0.0,0.0,0.0,0.0,0.0,0.0,0.0,0.0,0.0,0.0,0.0,0.0,0.0,0.0,0.0,0.0,0.0,0.0,oscillatory,oscillatory
48,500,240,modular,6,0.08,0.004,0.12,6,10.0,0.72,0.22,True,rl,1.0,False,False,1.0,rl_agents_rl_regulator,rl_agents_rl_regulator,0.37383333333333335,0.7791666666666667,0.13333333333333336,0.022949824497029262,0.43576666666666664,0.5166666666666667,0.15833333333333338,0.02462600251766413,0.1904,0.38333333333333336,0.14583333333333334,0.024288337393352667,0.5823145597878525,0.8149594176877683,0.19849361789345332,0.031429354560431944,0.5822261684463058,0.8149594176877683,0.19849361789345332,0.031218980061000504,0.15199868982346879,0.9424934330740717,0.5416441787492344,0.1378366278109542,0.15238333333333332,0.9458333333333333,0.5416666666666666,0.13980273900511866,2.1170669127239736,2.399743035754917,0.28904178048902307,0.044371947713060876,0.99,2.5,2.5,0.8455175929571188,0.2591428571428571,0.4642857142857143,0.3928571428571429,0.070768954337048,0.0,0.0,0.0,0.0,0.0,0.0,0.0,0.0,0.0,0.0,0.0,0.0,0.0,0.0,0.0,0.0,0.0,0.0,0.0,0.0,stable,oscillatory
49,500,240,modular,6,0.08,0.004,0.12,6,10.0,0.72,0.22,True,rl,1.0,False,False,1.0,rl_agents_rl_regulator,rl_agents_rl_regulator,0.4175,0.8166666666666667,0.1375,0.02522124325070259,0.3750833333333334,0.4375,0.13333333333333336,0.024808852586660813,0.20741666666666667,0.37916666666666665,0.1375,0.02476963306595845,0.5655812730321389,0.8213758968058147,0.18739516057223532,0.03300263306453102,0.5657413385488239,0.8213758968058147,0.18739516057223532,0.032704310848664875,0.13088997875915126,0.9567091399693671,0.5374484175711347,0.11807323773328363,0.1313666666666667,0.9458333333333333,0.5083333333333333,0.1194542869329798,2.0206260916677707,2.3584385159459864,0.2684700375545057,0.04804048571140867,1.002,2.5,2.5,0.8549830407674762,0.2511428571428571,0.5,0.3571428571428571,0.06419612805413467,0.0,0.0,0.0,0.0,0.0,0.0,0.0,0.0,0.0,0.0,0.0,0.0,0.0,0.0,0.0,0.0,0.0,0.0,0.0,0.0,stable,oscillatory
50,500,240,modular,6,0.08,0.004,0.12,6,10.0,0.72,0.22,True,rl,1.0,False,False,1.0,rl_agents_rl_regulator,rl_agents_rl_regulator,0.37076666666666663,0.7833333333333333,0.14166666666666666,0.02779380426561926,0.40418333333333334,0.5,0.14999999999999997,0.026743374049576385,0.22505,0.38333333333333336,0.14583333333333334,0.029708028282678815,0.6312645936849424,0.822005700345432,0.19876168316360143,0.03863532906871172,0.6310537118294485,0.822005700345432,0.19876168316360143,0.03877558130143907,0.22508399180610172,0.9905456213850005,0.8350374572385718,0.20715676182632434,0.22593333333333335,0.9875,0.8208333333333333,0.20694897653501187,2.1261161965957025,2.3433454490499277,0.28207526570882235,0.05501858733201974,1.004,2.5,2.5,0.8366504646505611,0.23942857142857138,0.42857142857142855,0.39285714285714285,0.07613414584314522,0.0,0.0,0.0,0.0,0.0,0.0,0.0,0.0,0.0,0.0,0.0,0.0,0.0,0.0,0.0,0.0,0.0,0.0,0.0,0.0,stable,oscillatory
