seed,steps,n,topology,num_communities,p_in,p_out,bridge_fraction,delay_steps,k,alarm_threshold,influence_weight,learning,regulator,regulator_force,enable_content,enable_noise,bridge_multiplier,name,learning_mode,condition,L_mean_tail,L_max,L_amp_tail,L_std_tail,M_mean_tail,M_max,M_amp_tail,M_std_tail,R_mean_tail,R_max,R_amp_tail,R_std_tail,alarm_true_mean_tail,alarm_true_max,alarm_true_amp_tail,alarm_true_std_tail,alarm_delayed_mean_tail,alarm_delayed_max,alarm_delayed_amp_tail,alarm_delayed_std_tail,avg_repression_mean_tail,avg_repression_max,avg_repression_amp_tail,avg_repression_std_tail,punished_fraction_mean_tail,punished_fraction_max,punished_fraction_amp_tail,punished_fraction_std_tail,usefulness_mean_tail,usefulness_max,usefulness_amp_tail,usefulness_std_tail,regulator_force_mean_tail,regulator_force_max,regulator_force_amp_tail,regulator_force_std_tail,bridge_radical_fraction_mean_tail,bridge_radical_fraction_max,bridge_radical_fraction_amp_tail,bridge_radical_fraction_std_tail,dangerous_radical_bridge_fraction_mean_tail,dangerous_radical_bridge_fraction_max,dangerous_radical_bridge_fraction_amp_tail,dangerous_radical_bridge_fraction_std_tail,false_positive_rate_mean_tail,false_positive_rate_max,false_positive_rate_amp_tail,false_positive_rate_std_tail,false_negative_rate_mean_tail,false_negative_rate_max,false_negative_rate_amp_tail,false_negative_rate_std_tail,false_positive_bridge_rate_mean_tail,false_positive_bridge_rate_max,false_positive_bridge_rate_amp_tail,false_positive_bridge_rate_std_tail,false_negative_bridge_rate_mean_tail,false_negative_bridge_rate_max,false_negative_bridge_rate_amp_tail,false_negative_bridge_rate_std_tail,regime_fixed,regime
1,500,240,modular,6,0.08,0.004,0.12,0,10.0,0.72,0.22,True,static,1.0,False,False,1.0,default,q_learning,default,0.3794166666666666,0.8333333333333334,0.1166666666666667,0.025027901097242122,0.3981,0.475,0.14166666666666666,0.025127475002474878,0.22248333333333334,0.3875,0.10833333333333336,0.02063202069061045,0.6170835818240927,0.8350143278851493,0.13934928260819257,0.029413832916597,0.6169641700807198,0.8350143278851493,0.13934928260819257,0.029526096782648076,0.20011837758277093,0.5693788775553811,0.19208623253779644,0.0421569125396321,0.20001666666666668,0.5416666666666666,0.275,0.051804249611183226,2.114062832555474,2.370716128961089,0.22057019520158305,0.044645308914243946,1.0,1.0,0.0,0.0,0.278,0.4642857142857143,0.35714285714285715,0.06382117875081011,0.0,0.0,0.0,0.0,0.0,0.0,0.0,0.0,0.0,0.0,0.0,0.0,0.0,0.0,0.0,0.0,0.0,0.0,0.0,0.0,stable,stable
2,500,240,modular,6,0.08,0.004,0.12,0,10.0,0.72,0.22,True,static,1.0,False,False,1.0,default,q_learning,default,0.3609333333333333,0.7875,0.1333333333333333,0.023553508820933194,0.42145000000000005,0.49166666666666664,0.125,0.022471469565750354,0.21761666666666668,0.3541666666666667,0.11250000000000002,0.01902849471479841,0.6241826339817569,0.7931353903153742,0.16741436938133325,0.027373487586051667,0.624246875849124,0.7931353903153742,0.16741436938133325,0.02738418660169364,0.2059495427633559,0.4954575576778216,0.24600286889147774,0.04023897060149882,0.20493333333333333,0.5416666666666666,0.25,0.04788407297259126,2.12806159236819,2.338089224511075,0.25215831804746003,0.041247863679816345,1.0,1.0,0.0,0.0,0.2094285714285714,0.4642857142857143,0.39285714285714285,0.06481433451933047,0.0,0.0,0.0,0.0,0.0,0.0,0.0,0.0,0.0,0.0,0.0,0.0,0.0,0.0,0.0,0.0,0.0,0.0,0.0,0.0,stable,stable
3,500,240,modular,6,0.08,0.004,0.12,0,10.0,0.72,0.22,True,static,1.0,False,False,1.0,default,q_learning,default,0.37861666666666666,0.8,0.12083333333333335,0.023829026417375932,0.41291666666666665,0.48333333333333334,0.11249999999999999,0.0225562568309155,0.20846666666666666,0.3625,0.12916666666666668,0.021245496254762117,0.6021902425161766,0.7715743451004692,0.16975903154526717,0.02953237465981292,0.602215654086744,0.7715743451004692,0.16975903154526717,0.029525480835630506,0.17555352276334868,0.4589861085745548,0.2288136056724102,0.03899820144577556,0.17406666666666668,0.45,0.2541666666666667,0.04544796780690835,2.1057076585997594,2.3240117813033434,0.2449704228618188,0.044015251863819785,1.0,1.0,0.0,0.0,0.2424285714285714,0.4642857142857143,0.35714285714285715,0.06661509910351728,0.0,0.0,0.0,0.0,0.0,0.0,0.0,0.0,0.0,0.0,0.0,0.0,0.0,0.0,0.0,0.0,0.0,0.0,0.0,0.0,stable,oscillatory
4,500,240,modular,6,0.08,0.004,0.12,0,10.0,0.72,0.22,True,static,1.0,False,False,1.0,default,q_learning,default,0.38806666666666667,0.7791666666666667,0.12083333333333335,0.02401298259969663,0.4133833333333333,0.48333333333333334,0.1375,0.023255471279775095,0.19855,0.35,0.12916666666666668,0.021490831378365365,0.5919010499525389,0.7416598225482877,0.16293641145415372,0.02995723155409923,0.591906428731353,0.7416598225482877,0.16293641145415372,0.029957792196763203,0.1639030364731444,0.40971365129478576,0.20451421937518405,0.038182375181851455,0.161,0.4041666666666667,0.22499999999999998,0.04379370832538492,2.090595889906116,2.2806447604471463,0.22481887454511273,0.04433517407311104,1.0,1.0,0.0,0.0,0.2638571428571429,0.5,0.3928571428571429,0.07468860525610344,0.0,0.0,0.0,0.0,0.0,0.0,0.0,0.0,0.0,0.0,0.0,0.0,0.0,0.0,0.0,0.0,0.0,0.0,0.0,0.0,stable,oscillatory
5,500,240,modular,6,0.08,0.004,0.12,0,10.0,0.72,0.22,True,static,1.0,False,False,1.0,default,q_learning,default,0.36968333333333336,0.7666666666666667,0.125,0.0227332905669197,0.39881666666666665,0.475,0.13749999999999996,0.028634230680545034,0.2315,0.36666666666666664,0.11666666666666664,0.022781571499789034,0.622529126833686,0.7704038400923772,0.1575811750566487,0.026302557707025765,0.6223694512225252,0.7704038400923772,0.1575811750566487,0.026212513013180054,0.2020342793444001,0.4552720512317866,0.23034455619276573,0.03792369409891471,0.2045,0.4125,0.2583333333333333,0.047838269199459965,2.1080001593106066,2.263269140708434,0.23511579338522148,0.039213035382982264,1.0,1.0,0.0,0.0,0.2628571428571429,0.5,0.4285714285714286,0.07744649239102742,0.0,0.0,0.0,0.0,0.0,0.0,0.0,0.0,0.0,0.0,0.0,0.0,0.0,0.0,0.0,0.0,0.0,0.0,0.0,0.0,stable,stable
6,500,240,modular,6,0.08,0.004,0.12,0,10.0,0.72,0.22,True,static,1.0,False,False,1.0,default,q_learning,default,0.33566666666666667,0.7958333333333333,0.16249999999999998,0.023795424396766327,0.4408,0.5041666666666667,0.14999999999999997,0.02516222918935796,0.22353333333333333,0.3458333333333333,0.15000000000000002,0.022529338896450354,0.6425486036091809,0.7279313478111883,0.17654713904032804,0.02977260148169693,0.6426974131125662,0.7279313478111883,0.17654713904032804,0.02964070399690438,0.23373704424473993,0.38057944049190673,0.260429034700681,0.04588429509839575,0.23168333333333332,0.3958333333333333,0.3125,0.05244427995501511,2.162382761240237,2.2827334675722972,0.2599986471305171,0.04338418340482878,1.0,1.0,0.0,0.0,0.23942857142857144,0.4642857142857143,0.3928571428571429,0.06616676519466953,0.0,0.0,0.0,0.0,0.0,0.0,0.0,0.0,0.0,0.0,0.0,0.0,0.0,0.0,0.0,0.0,0.0,0.0,0.0,0.0,oscillatory,oscillatory
7,500,240,modular,6,0.08,0.004,0.12,0,10.0,0.72,0.22,True,static,1.0,False,False,1.0,default,q_learning,default,0.4091,0.8416666666666667,0.125,0.0251654745854536,0.34815,0.425,0.1166666666666667,0.023392359863852987,0.24275,0.3375,0.10833333333333336,0.021953391284466484,0.6170480334235415,0.7406914663163682,0.15580498112603458,0.031659717348131694,0.6169755577473561,0.7406914663163682,0.15580498112603458,0.03169501663082141,0.2020320544556144,0.4165016424361286,0.21974698957287653,0.04606827238785803,0.20575,0.4791666666666667,0.275,0.05401189426619124,2.0916553312915656,2.259849927786519,0.22022639944281885,0.046636589892783534,1.0,1.0,0.0,0.0,0.2987142857142857,0.5,0.35714285714285715,0.07325786159665246,0.0,0.0,0.0,0.0,0.0,0.0,0.0,0.0,0.0,0.0,0.0,0.0,0.0,0.0,0.0,0.0,0.0,0.0,0.0,0.0,stable,stable
8,500,240,modular,6,0.08,0.004,0.12,0,10.0,0.72,0.22,True,static,1.0,False,False,1.0,default,q_learning,default,0.39308333333333334,0.8,0.15416666666666667,0.026384049263817627,0.37888333333333335,0.4583333333333333,0.15833333333333333,0.027540177720720847,0.22803333333333334,0.3333333333333333,0.12916666666666668,0.022078622138973155,0.6140785770322782,0.729255942373828,0.18135921649316233,0.030185124254707832,0.6142464901743101,0.729255942373828,0.18135921649316233,0.030383925211319433,0.1954107474313055,0.3902080886068492,0.23994102241410392,0.04233115496201806,0.19331666666666666,0.3875,0.275,0.049641629595420095,2.0569483192105693,2.1892780734425936,0.2624501416409324,0.04502199268892512,1.0,1.0,0.0,0.0,0.3395714285714286,0.5714285714285714,0.46428571428571425,0.08325287272116519,0.0,0.0,0.0,0.0,0.0,0.0,0.0,0.0,0.0,0.0,0.0,0.0,0.0,0.0,0.0,0.0,0.0,0.0,0.0,0.0,stable,oscillatory
9,500,240,modular,6,0.08,0.004,0.12,0,10.0,0.72,0.22,True,static,1.0,False,False,1.0,default,q_learning,default,0.38680000000000003,0.7583333333333333,0.12916666666666665,0.023011084285622006,0.37560000000000004,0.44166666666666665,0.12083333333333335,0.023209217517567837,0.2376,0.375,0.12083333333333332,0.022028794287880984,0.6194878610422887,0.7821402801089382,0.16466380912524692,0.029022079696822474,0.6192301220143664,0.7821402801089382,0.16466380912524692,0.029139282490887087,0.20073009086384208,0.48152661308025624,0.23542998172593343,0.04235791596462112,0.20039999999999997,0.4708333333333333,0.24583333333333332,0.049543538652605565,2.1206254373151805,2.334837096461509,0.2400592764864895,0.04255944791691531,1.0,1.0,0.0,0.0,0.28014285714285714,0.4642857142857143,0.35714285714285715,0.0721009779434937,0.0,0.0,0.0,0.0,0.0,0.0,0.0,0.0,0.0,0.0,0.0,0.0,0.0,0.0,0.0,0.0,0.0,0.0,0.0,0.0,stable,oscillatory
10,500,240,modular,6,0.08,0.004,0.12,0,10.0,0.72,0.22,True,static,1.0,False,False,1.0,default,q_learning,default,0.3645333333333333,0.7875,0.125,0.023247556621909513,0.4057,0.5,0.15000000000000002,0.023532105728132365,0.22976666666666665,0.36666666666666664,0.10833333333333331,0.019398625380852803,0.6423444006047889,0.815522468549318,0.16708600471084245,0.027248495916012822,0.6422927409013027,0.815522468549318,0.16708600471084245,0.027202407234135355,0.23867056334395648,0.5422341567612802,0.2635809908135791,0.043192802446262765,0.24073333333333335,0.575,0.2666666666666667,0.04964838589745111,2.145395118450666,2.343472810830723,0.22913005330282799,0.04059537683680805,1.0,1.0,0.0,0.0,0.23999999999999996,0.5,0.3214285714285714,0.05909176537127553,0.0,0.0,0.0,0.0,0.0,0.0,0.0,0.0,0.0,0.0,0.0,0.0,0.0,0.0,0.0,0.0,0.0,0.0,0.0,0.0,stable,stable
11,500,240,modular,6,0.08,0.004,0.12,0,10.0,0.72,0.22,True,static,1.0,False,False,1.0,default,q_learning,default,0.3777,0.8166666666666667,0.125,0.023053416232740865,0.39729999999999993,0.4791666666666667,0.15416666666666667,0.025826644295292325,0.225,0.3541666666666667,0.12083333333333335,0.024261308932353814,0.6291771503500797,0.7784575645813919,0.16410351527907696,0.029325183121261353,0.6291598833893219,0.7784575645813919,0.16410351527907696,0.029322564590565967,0.21471510398834776,0.4738863834106316,0.2472301241370849,0.04447176297241115,0.21459999999999999,0.4625,0.27083333333333337,0.052653542668614,2.111775457347118,2.306508943047645,0.24087618548622292,0.042816678315342666,1.0,1.0,0.0,0.0,0.3182857142857143,0.5,0.35714285714285715,0.06918121722206491,0.0,0.0,0.0,0.0,0.0,0.0,0.0,0.0,0.0,0.0,0.0,0.0,0.0,0.0,0.0,0.0,0.0,0.0,0.0,0.0,stable,oscillatory
12,500,240,modular,6,0.08,0.004,0.12,0,10.0,0.72,0.22,True,static,1.0,False,False,1.0,default,q_learning,default,0.38245,0.7708333333333334,0.14583333333333337,0.02455119933707698,0.40135,0.4625,0.13333333333333336,0.025050997984112332,0.2162,0.3416666666666667,0.10833333333333331,0.021152331103476776,0.6088891634548614,0.7720527363452485,0.14857028540664363,0.02921239415782353,0.6090910887875459,0.7720527363452485,0.14857028540664363,0.029143347850215405,0.18728364176049847,0.4662880679552885,0.2053752012330719,0.040370125931931955,0.19008333333333333,0.4625,0.23333333333333334,0.047102798336310245,2.0763691839780303,2.2964543788990404,0.22924838529419667,0.04352595474398108,1.0,1.0,0.0,0.0,0.2572857142857143,0.4642857142857143,0.3928571428571429,0.06710470040411873,0.0,0.0,0.0,0.0,0.0,0.0,0.0,0.0,0.0,0.0,0.0,0.0,0.0,0.0,0.0,0.0,0.0,0.0,0.0,0.0,stable,stable
13,500,240,modular,6,0.08,0.004,0.12,0,10.0,0.72,0.22,True,static,1.0,False,False,1.0,default,q_learning,default,0.38873333333333326,0.8291666666666667,0.1333333333333333,0.02666418738474677,0.3874333333333334,0.45416666666666666,0.12083333333333335,0.02295214828967239,0.22383333333333336,0.31666666666666665,0.12500000000000003,0.021849230853485183,0.623756514606036,0.7277174620593505,0.16340742581348988,0.03279236470892357,0.6239184804408505,0.7277174620593505,0.16340742581348988,0.032769429744641074,0.2097942855936536,0.38722075337919937,0.23665266767360715,0.04891963469798175,0.21139999999999998,0.3958333333333333,0.31666666666666665,0.0558498582510884,2.1266448746389046,2.2806695655151072,0.23440327299926,0.04947350853099047,1.0,1.0,0.0,0.0,0.27485714285714286,0.5,0.35714285714285715,0.07067083802346465,0.0,0.0,0.0,0.0,0.0,0.0,0.0,0.0,0.0,0.0,0.0,0.0,0.0,0.0,0.0,0.0,0.0,0.0,0.0,0.0,stable,oscillatory
14,500,240,modular,6,0.08,0.004,0.12,0,10.0,0.72,0.22,True,static,1.0,False,False,1.0,default,q_learning,default,0.33345,0.7708333333333334,0.14999999999999997,0.02459505935029319,0.45016666666666666,0.5291666666666667,0.1375,0.024465962751000287,0.21638333333333332,0.35833333333333334,0.12500000000000003,0.02160221825029396,0.6423144057034113,0.7711280246765141,0.16640076280476002,0.03019145989548813,0.6426274669165473,0.7711280246765141,0.16640076280476002,0.03058748075380249,0.2350837590939135,0.46038784874553856,0.2573259507933987,0.04865406441604271,0.2338,0.4875,0.2833333333333333,0.05330524260228903,2.1404321295374524,2.2872292325140813,0.2558039888052206,0.04408443074389877,1.0,1.0,0.0,0.0,0.24057142857142855,0.5,0.4285714285714286,0.0697874323520053,0.0,0.0,0.0,0.0,0.0,0.0,0.0,0.0,0.0,0.0,0.0,0.0,0.0,0.0,0.0,0.0,0.0,0.0,0.0,0.0,stable,oscillatory
15,500,240,modular,6,0.08,0.004,0.12,0,10.0,0.72,0.22,True,static,1.0,False,False,1.0,default,q_learning,default,0.33951666666666663,0.7791666666666667,0.14166666666666666,0.0242647950285548,0.43426666666666663,0.5125,0.15416666666666662,0.02649614227685901,0.22621666666666668,0.4041666666666667,0.12083333333333335,0.021863979763782966,0.6384652168588772,0.8505958521323673,0.1582511406311401,0.028196276462686333,0.6386495793404092,0.8505958521323673,0.1582511406311401,0.028344320645040232,0.22878278279771888,0.580082500279995,0.2481060996780217,0.04437988070261125,0.22939999999999997,0.5458333333333333,0.31666666666666665,0.05363405841647844,2.1747034535696694,2.396806703455779,0.23848996758564178,0.04336631021928629,1.0,1.0,0.0,0.0,0.20257142857142857,0.4642857142857143,0.35714285714285715,0.0641706907475711,0.0,0.0,0.0,0.0,0.0,0.0,0.0,0.0,0.0,0.0,0.0,0.0,0.0,0.0,0.0,0.0,0.0,0.0,0.0,0.0,stable,runaway
16,500,240,modular,6,0.08,0.004,0.12,0,10.0,0.72,0.22,True,static,1.0,False,False,1.0,default,q_learning,default,0.3840166666666667,0.7875,0.12083333333333335,0.023091418559956667,0.3783166666666667,0.45,0.1291666666666667,0.025031363659750273,0.23766666666666666,0.4083333333333333,0.1166666666666667,0.022025238048909056,0.6231867595150643,0.8465921628026379,0.1499895270728412,0.02958241685259966,0.6233893145893559,0.8465921628026379,0.1499895270728412,0.02956875280055246,0.2091973808975401,0.5838490556615356,0.21150160826374909,0.04343050826440358,0.20838333333333334,0.5375,0.2625,0.0508845124877021,2.155341747287599,2.422682421350523,0.23504097621336406,0.0430832284932494,1.0,1.0,0.0,0.0,0.2818571428571428,0.5357142857142857,0.39285714285714285,0.06969627987612703,0.0,0.0,0.0,0.0,0.0,0.0,0.0,0.0,0.0,0.0,0.0,0.0,0.0,0.0,0.0,0.0,0.0,0.0,0.0,0.0,stable,runaway
17,500,240,modular,6,0.08,0.004,0.12,0,10.0,0.72,0.22,True,static,1.0,False,False,1.0,default,q_learning,default,0.38355,0.8166666666666667,0.12916666666666665,0.022883041998631018,0.3986166666666667,0.475,0.12916666666666665,0.023317619708900155,0.21783333333333332,0.35,0.12500000000000003,0.019490738541391623,0.5980776700756317,0.7284452554515183,0.15890025638557181,0.026797531243414663,0.5982405197181621,0.7284452554515183,0.15890025638557181,0.026758737951873574,0.1671041140124575,0.3757842836529657,0.19366309339186508,0.033817289359815574,0.16843333333333332,0.4125,0.25,0.042126674051800796,2.1346623315214592,2.304427148738882,0.2338958904359072,0.04123048852668247,1.0,1.0,0.0,0.0,0.30057142857142854,0.5,0.4285714285714286,0.07023052420858217,0.0,0.0,0.0,0.0,0.0,0.0,0.0,0.0,0.0,0.0,0.0,0.0,0.0,0.0,0.0,0.0,0.0,0.0,0.0,0.0,stable,oscillatory
18,500,240,modular,6,0.08,0.004,0.12,0,10.0,0.72,0.22,True,static,1.0,False,False,1.0,default,q_learning,default,0.3762833333333333,0.875,0.14583333333333331,0.023870722420758213,0.41505,0.5125,0.12916666666666665,0.024893333556507764,0.2086666666666667,0.3875,0.10000000000000003,0.020042316344286267,0.6172727317034787,0.8097810969177488,0.16250271660391813,0.02859873780875755,0.6173108070482053,0.8097810969177488,0.16250271660391813,0.028545218858716095,0.20012187260069914,0.5318323442644577,0.22233191673419034,0.04079306438915058,0.20085,0.5458333333333333,0.3125,0.04983486341017813,2.1052972241382064,2.3079231692250306,0.2554809856527802,0.04190370638873046,1.0,1.0,0.0,0.0,0.3012857142857143,0.5357142857142857,0.5,0.07777111892454365,0.0,0.0,0.0,0.0,0.0,0.0,0.0,0.0,0.0,0.0,0.0,0.0,0.0,0.0,0.0,0.0,0.0,0.0,0.0,0.0,stable,stable
19,500,240,modular,6,0.08,0.004,0.12,0,10.0,0.72,0.22,True,static,1.0,False,False,1.0,default,q_learning,default,0.39685000000000004,0.8166666666666667,0.14166666666666666,0.025557826589911747,0.35514999999999997,0.4375,0.14166666666666666,0.024150966164248312,0.24800000000000003,0.37083333333333335,0.11249999999999996,0.022258581366395396,0.6138748307379563,0.7809446727110392,0.15015001201849276,0.031468885755438596,0.6137309850371493,0.7809446727110392,0.15015001201849276,0.0314817541700683,0.1921326815753872,0.47638087808412594,0.21070765598758517,0.04405524630508774,0.19160000000000002,0.475,0.2416666666666667,0.04921038734070503,2.133574014557495,2.3432842079923275,0.22576801847711936,0.047246282298914165,1.0,1.0,0.0,0.0,0.27714285714285714,0.4642857142857143,0.32142857142857145,0.06442841305016961,0.0,0.0,0.0,0.0,0.0,0.0,0.0,0.0,0.0,0.0,0.0,0.0,0.0,0.0,0.0,0.0,0.0,0.0,0.0,0.0,stable,stable
20,500,240,modular,6,0.08,0.004,0.12,0,10.0,0.72,0.22,True,static,1.0,False,False,1.0,default,q_learning,default,0.3835333333333333,0.7833333333333333,0.15000000000000002,0.02569779497674201,0.3850166666666667,0.44583333333333336,0.1375,0.02412956347166963,0.23145000000000002,0.45416666666666666,0.1375,0.02151860306287975,0.6218172784507114,0.8719080392844626,0.17082986426081903,0.031062226962976443,0.6220768930218254,0.8719080392844626,0.17082986426081903,0.031024373678769708,0.20675538942214525,0.6117598940423189,0.24373261762151283,0.045231355382194034,0.20793333333333333,0.6208333333333333,0.3333333333333333,0.05446564666527578,2.0893643888101474,2.40524608218017,0.2625635056937792,0.04577387916180898,1.0,1.0,0.0,0.0,0.3154285714285714,0.5,0.39285714285714285,0.06772332670204438,0.0,0.0,0.0,0.0,0.0,0.0,0.0,0.0,0.0,0.0,0.0,0.0,0.0,0.0,0.0,0.0,0.0,0.0,0.0,0.0,runaway,runaway
21,500,240,modular,6,0.08,0.004,0.12,0,10.0,0.72,0.22,True,static,1.0,False,False,1.0,default,q_learning,default,0.37603333333333333,0.7958333333333333,0.14583333333333331,0.026146786503209996,0.4058333333333333,0.475,0.14999999999999997,0.02632594833155219,0.21813333333333332,0.3333333333333333,0.09583333333333335,0.020325517623585053,0.6121335243411922,0.7484162938303114,0.16759032224890114,0.029598415970712045,0.6122391900893693,0.7484162938303114,0.16759032224890114,0.029581330422292964,0.1914518061573204,0.42346388134365914,0.2127794235600147,0.04094000272469348,0.19335000000000002,0.4583333333333333,0.22916666666666669,0.04902535908418554,2.123356160431479,2.255147110355589,0.2525460860081865,0.04503253978589935,1.0,1.0,0.0,0.0,0.2022857142857143,0.39285714285714285,0.32142857142857145,0.05605099718751028,0.0,0.0,0.0,0.0,0.0,0.0,0.0,0.0,0.0,0.0,0.0,0.0,0.0,0.0,0.0,0.0,0.0,0.0,0.0,0.0,stable,stable
22,500,240,modular,6,0.08,0.004,0.12,0,10.0,0.72,0.22,True,static,1.0,False,False,1.0,default,q_learning,default,0.35525,0.7583333333333333,0.125,0.02393292130564554,0.4288666666666667,0.5041666666666667,0.14166666666666666,0.023808705224023514,0.21588333333333332,0.3458333333333333,0.10833333333333336,0.02100622262304408,0.6206437359594529,0.7530856180554696,0.16925661246241452,0.030287873765289214,0.6209190887612714,0.7530856180554696,0.16925661246241452,0.030319682659737085,0.2003583695874778,0.42433658307276156,0.23790483909713117,0.04345297230175229,0.2021,0.42916666666666664,0.27499999999999997,0.05074616570080278,2.1357924818041365,2.3168658461933216,0.229898174314894,0.04351148564542612,1.0,1.0,0.0,0.0,0.2154285714285714,0.42857142857142855,0.39285714285714285,0.06576643893199569,0.0,0.0,0.0,0.0,0.0,0.0,0.0,0.0,0.0,0.0,0.0,0.0,0.0,0.0,0.0,0.0,0.0,0.0,0.0,0.0,stable,stable
23,500,240,modular,6,0.08,0.004,0.12,0,10.0,0.72,0.22,True,static,1.0,False,False,1.0,default,q_learning,default,0.35818333333333335,0.8333333333333334,0.13333333333333336,0.025436025414535365,0.41836666666666666,0.4875,0.14166666666666666,0.02620748408798949,0.22344999999999998,0.3458333333333333,0.11666666666666664,0.021628819508547694,0.6304026865539217,0.754419492927344,0.1732934782491351,0.03021208863971022,0.6300648186590203,0.754419492927344,0.1732934782491351,0.03006328707315026,0.21332252804423335,0.4260751642268742,0.2520735524204092,0.044431939227618934,0.21663333333333332,0.4,0.275,0.05211764469821031,2.1664695304445427,2.2916757200225715,0.2594693247776392,0.04545076564286439,1.0,1.0,0.0,0.0,0.29828571428571427,0.5,0.39285714285714285,0.06757550576645237,0.0,0.0,0.0,0.0,0.0,0.0,0.0,0.0,0.0,0.0,0.0,0.0,0.0,0.0,0.0,0.0,0.0,0.0,0.0,0.0,stable,stable
24,500,240,modular,6,0.08,0.004,0.12,0,10.0,0.72,0.22,True,static,1.0,False,False,1.0,default,q_learning,default,0.38958333333333334,0.8166666666666667,0.12916666666666665,0.02366211810750114,0.40673333333333334,0.4791666666666667,0.13333333333333336,0.024677272494702036,0.20368333333333333,0.32083333333333336,0.12083333333333332,0.021300815060044585,0.6125134676206019,0.7496989555077316,0.16794252193030457,0.0292817217955864,0.6124099812828409,0.7496989555077316,0.16794252193030457,0.029323405646062544,0.1958021425752105,0.4350997863920302,0.23629490979761236,0.04230419818704883,0.1963333333333333,0.4,0.2791666666666667,0.05117942294842071,2.095764510355745,2.24902185140114,0.25014265272168346,0.04304854901659245,1.0,1.0,0.0,0.0,0.19714285714285715,0.42857142857142855,0.35714285714285715,0.07122829064181663,0.0,0.0,0.0,0.0,0.0,0.0,0.0,0.0,0.0,0.0,0.0,0.0,0.0,0.0,0.0,0.0,0.0,0.0,0.0,0.0,stable,oscillatory
25,500,240,modular,6,0.08,0.004,0.12,0,10.0,0.72,0.22,True,static,1.0,False,False,1.0,default,q_learning,default,0.3726166666666666,0.775,0.14166666666666666,0.02357494550482685,0.4028333333333334,0.49583333333333335,0.1375,0.02426474351353786,0.22454999999999997,0.37916666666666665,0.11250000000000002,0.021347137460975368,0.6250136307638858,0.804210253584537,0.16585748976347425,0.028832312403132027,0.6251312006928014,0.804210253584537,0.16585748976347425,0.02878211179400348,0.21117530805556853,0.5220605180240031,0.2513358878462816,0.0432275767877061,0.21208333333333332,0.5,0.27083333333333337,0.05082547753505781,2.1260953675982464,2.353155549220388,0.2590223815935566,0.0427435744863412,1.0,1.0,0.0,0.0,0.3071428571428571,0.5357142857142857,0.39285714285714285,0.0705662230584484,0.0,0.0,0.0,0.0,0.0,0.0,0.0,0.0,0.0,0.0,0.0,0.0,0.0,0.0,0.0,0.0,0.0,0.0,0.0,0.0,stable,stable
26,500,240,modular,6,0.08,0.004,0.12,0,10.0,0.72,0.22,True,static,1.0,False,False,1.0,default,q_learning,default,0.37631666666666674,0.8375,0.11249999999999999,0.023181104613695852,0.39198333333333335,0.4625,0.15000000000000002,0.02468067732728041,0.2317,0.35833333333333334,0.13333333333333333,0.02298487425339639,0.6311506504175559,0.7909744747073079,0.16391522701472616,0.030205684516994392,0.6313313869378578,0.7909744747073079,0.16391522701472616,0.030059143589877456,0.22003905441081048,0.4990756424585017,0.2506903992627638,0.04613007258226723,0.22086666666666668,0.5041666666666667,0.275,0.050357047393807974,2.1035549927847286,2.2976662390048035,0.21631756412277303,0.04238924305373014,1.0,1.0,0.0,0.0,0.2805714285714286,0.5,0.35714285714285715,0.07370708713466807,0.0,0.0,0.0,0.0,0.0,0.0,0.0,0.0,0.0,0.0,0.0,0.0,0.0,0.0,0.0,0.0,0.0,0.0,0.0,0.0,stable,oscillatory
27,500,240,modular,6,0.08,0.004,0.12,0,10.0,0.72,0.22,True,static,1.0,False,False,1.0,default,q_learning,default,0.39113333333333333,0.7833333333333333,0.125,0.023460818400047347,0.39429999999999993,0.4666666666666667,0.14166666666666666,0.024395673569075498,0.21456666666666666,0.3541666666666667,0.1375,0.02104970308579197,0.6111185548131643,0.7728487255175381,0.15997793385716652,0.02869388862074138,0.6107789803527593,0.7728487255175381,0.15997793385716652,0.028153523327565967,0.18924586479075411,0.4673010828700794,0.2301871854065371,0.0400035593168534,0.1872333333333333,0.4166666666666667,0.275,0.044574357351882636,2.091525240305613,2.300214727501452,0.2416481369613439,0.04289212263551685,1.0,1.0,0.0,0.0,0.26942857142857146,0.5357142857142857,0.35714285714285715,0.06654812590317244,0.0,0.0,0.0,0.0,0.0,0.0,0.0,0.0,0.0,0.0,0.0,0.0,0.0,0.0,0.0,0.0,0.0,0.0,0.0,0.0,stable,oscillatory
28,500,240,modular,6,0.08,0.004,0.12,0,10.0,0.72,0.22,True,static,1.0,False,False,1.0,default,q_learning,default,0.38201666666666667,0.825,0.15416666666666667,0.02464474814460702,0.4073333333333333,0.4708333333333333,0.1375,0.023359509127262642,0.21065,0.3375,0.10833333333333334,0.019832135818189402,0.6034114091902026,0.7193008915209427,0.17990392829823998,0.029502319830833935,0.6034516138787692,0.7193008915209427,0.17990392829823998,0.029503774185301705,0.17741961969187733,0.365770225554165,0.24067133965476706,0.03975368972049551,0.17868333333333333,0.375,0.27083333333333337,0.04673182653300757,2.1043132424664575,2.272446945185892,0.2642780950146899,0.044558846893790235,1.0,1.0,0.0,0.0,0.2364285714285714,0.39285714285714285,0.35714285714285715,0.06255201916837551,0.0,0.0,0.0,0.0,0.0,0.0,0.0,0.0,0.0,0.0,0.0,0.0,0.0,0.0,0.0,0.0,0.0,0.0,0.0,0.0,stable,stable
29,500,240,modular,6,0.08,0.004,0.12,0,10.0,0.72,0.22,True,static,1.0,False,False,1.0,default,q_learning,default,0.3957833333333334,0.7958333333333333,0.11666666666666664,0.023038259241724163,0.40985000000000005,0.48333333333333334,0.125,0.022592212276701797,0.1943666666666667,0.30416666666666664,0.12083333333333335,0.02002606634697222,0.6010736983581841,0.7262339731055059,0.16352968188118022,0.029452873788489337,0.6009265168829977,0.7262339731055059,0.16352968188118022,0.029171785969289255,0.17846022871639458,0.38805249634437367,0.21206391353945955,0.038975449161720105,0.18009999999999998,0.43333333333333335,0.24583333333333335,0.04558832696596307,2.0606375295368107,2.221316814080368,0.24398106131677455,0.042002227735713,1.0,1.0,0.0,0.0,0.24471428571428572,0.42857142857142855,0.39285714285714285,0.06974896678336488,0.0,0.0,0.0,0.0,0.0,0.0,0.0,0.0,0.0,0.0,0.0,0.0,0.0,0.0,0.0,0.0,0.0,0.0,0.0,0.0,stable,oscillatory
30,500,240,modular,6,0.08,0.004,0.12,0,10.0,0.72,0.22,True,static,1.0,False,False,1.0,default,q_learning,default,0.38403333333333334,0.8208333333333333,0.14583333333333331,0.024419573205843616,0.40186666666666665,0.5,0.1375,0.0268196445415172,0.21409999999999998,0.35,0.12916666666666665,0.02077514540663113,0.6089474611470674,0.7834935305590751,0.156644848470324,0.027910454204028236,0.6087756335174661,0.7834935305590751,0.156644848470324,0.028057442223296862,0.18627348022533027,0.484905438434651,0.21876466759004506,0.03841214048943245,0.18515,0.49166666666666664,0.30000000000000004,0.04804184807713653,2.103433660204403,2.330393377949471,0.2400865188259429,0.04264961942837947,1.0,1.0,0.0,0.0,0.21342857142857144,0.39285714285714285,0.3214285714285714,0.06152218780112371,0.0,0.0,0.0,0.0,0.0,0.0,0.0,0.0,0.0,0.0,0.0,0.0,0.0,0.0,0.0,0.0,0.0,0.0,0.0,0.0,stable,oscillatory
31,500,240,modular,6,0.08,0.004,0.12,0,10.0,0.72,0.22,True,static,1.0,False,False,1.0,default,q_learning,default,0.39585000000000004,0.7791666666666667,0.11666666666666664,0.02230937147379001,0.3931,0.475,0.14999999999999997,0.025653156617547954,0.21105,0.4041666666666667,0.10000000000000003,0.021109377852824875,0.6074523090877492,0.8742284777580258,0.13379075625512638,0.027394699601727548,0.6075257722799429,0.8742284777580258,0.13379075625512638,0.02737027712010973,0.18741203140380172,0.621006550128541,0.18729186214697055,0.03786631426069293,0.18676666666666666,0.6083333333333333,0.2583333333333333,0.04580169817327252,2.0606347403083736,2.3978846632997213,0.18670548859326885,0.03857774593939018,1.0,1.0,0.0,0.0,0.22328571428571428,0.5357142857142857,0.3214285714285714,0.060572270883631235,0.0,0.0,0.0,0.0,0.0,0.0,0.0,0.0,0.0,0.0,0.0,0.0,0.0,0.0,0.0,0.0,0.0,0.0,0.0,0.0,stable,runaway
32,500,240,modular,6,0.08,0.004,0.12,0,10.0,0.72,0.22,True,static,1.0,False,False,1.0,default,q_learning,default,0.38006666666666666,0.8125,0.125,0.02358839168366979,0.38698333333333335,0.4583333333333333,0.13749999999999996,0.027176322414925826,0.23295000000000002,0.3416666666666667,0.11249999999999999,0.020623752487524346,0.6130003498627479,0.7371511606589772,0.13967309317690157,0.02619521636541283,0.6132626929457689,0.7371511606589772,0.13967309317690157,0.02634973910268311,0.19029946030685832,0.3987041021738363,0.19198548081065164,0.03687502846899002,0.19001666666666667,0.4041666666666667,0.22499999999999998,0.042234296884562116,2.1302321210066806,2.2953390379868233,0.21019205176112132,0.04026557455938867,1.0,1.0,0.0,0.0,0.2512857142857143,0.4642857142857143,0.3571428571428571,0.06603477747925478,0.0,0.0,0.0,0.0,0.0,0.0,0.0,0.0,0.0,0.0,0.0,0.0,0.0,0.0,0.0,0.0,0.0,0.0,0.0,0.0,stable,stable
33,500,240,modular,6,0.08,0.004,0.12,0,10.0,0.72,0.22,True,static,1.0,False,False,1.0,default,q_learning,default,0.38781666666666664,0.8333333333333334,0.14583333333333337,0.024013242874158697,0.3903166666666667,0.4708333333333333,0.13333333333333336,0.023594897047172443,0.22186666666666668,0.35833333333333334,0.10833333333333336,0.0205051213115163,0.6160133880947463,0.8302018949071646,0.1698114453216516,0.02970671304055106,0.615679477997675,0.8302018949071646,0.1698114453216516,0.02965047398215463,0.19608536431587278,0.5565411828098602,0.24007696310309262,0.042298084501583955,0.1958,0.5458333333333333,0.3125,0.0511017394789823,2.1028621371955927,2.3745661387712915,0.22568512653957962,0.043198007347640635,1.0,1.0,0.0,0.0,0.34342857142857136,0.5714285714285714,0.39285714285714285,0.0752931685114247,0.0,0.0,0.0,0.0,0.0,0.0,0.0,0.0,0.0,0.0,0.0,0.0,0.0,0.0,0.0,0.0,0.0,0.0,0.0,0.0,stable,stable
34,500,240,modular,6,0.08,0.004,0.12,0,10.0,0.72,0.22,True,static,1.0,False,False,1.0,default,q_learning,default,0.38435,0.8416666666666667,0.14583333333333331,0.023641001341830774,0.3925,0.475,0.17916666666666664,0.02438977472448467,0.22315,0.3458333333333333,0.14999999999999997,0.024298085201193212,0.6103213846865214,0.7457689182777116,0.19452966921650694,0.03098178977210273,0.6104194362642933,0.7457689182777116,0.19452966921650694,0.03116645803479514,0.18893913115546582,0.4180256114462725,0.2534208920075817,0.0427578388460275,0.18905000000000002,0.4166666666666667,0.2625,0.051594306856474,2.1120900813712784,2.266702093295632,0.29241786767396594,0.04506721744886861,1.0,1.0,0.0,0.0,0.2287142857142857,0.5357142857142857,0.4642857142857143,0.0634145737450415,0.0,0.0,0.0,0.0,0.0,0.0,0.0,0.0,0.0,0.0,0.0,0.0,0.0,0.0,0.0,0.0,0.0,0.0,0.0,0.0,stable,oscillatory
35,500,240,modular,6,0.08,0.004,0.12,0,10.0,0.72,0.22,True,static,1.0,False,False,1.0,default,q_learning,default,0.4092,0.8125,0.13749999999999996,0.02411371209729251,0.35593333333333327,0.425,0.1291666666666667,0.023483232788996968,0.23486666666666667,0.35833333333333334,0.1333333333333333,0.021045823021841333,0.5951624378876291,0.7360200918673032,0.1562494229011523,0.02850254975432722,0.5952698424926407,0.7360200918673032,0.1562494229011523,0.028498988608672976,0.16272224078258357,0.3871116678140922,0.19715621244345766,0.03605320710025664,0.16478333333333334,0.3958333333333333,0.2625,0.042977645998304226,2.0833432596083323,2.2688297873835546,0.24042303729021963,0.04355984464763284,1.0,1.0,0.0,0.0,0.3288571428571429,0.5714285714285714,0.39285714285714285,0.06727888955379567,0.0,0.0,0.0,0.0,0.0,0.0,0.0,0.0,0.0,0.0,0.0,0.0,0.0,0.0,0.0,0.0,0.0,0.0,0.0,0.0,stable,oscillatory
36,500,240,modular,6,0.08,0.004,0.12,0,10.0,0.72,0.22,True,static,1.0,False,False,1.0,default,q_learning,default,0.38815,0.75,0.1375,0.022399336547714484,0.3904,0.45,0.12083333333333335,0.023530264200245038,0.22144999999999998,0.3541666666666667,0.12083333333333335,0.02184783869300475,0.5922938333996326,0.7484476700355391,0.1587313442119439,0.027771233127769076,0.5924137214519953,0.7484476700355391,0.1587313442119439,0.02776120363054816,0.16099871981105054,0.4140420241113513,0.20205466020142393,0.034572415874999284,0.16078333333333333,0.4125,0.26249999999999996,0.03913878795034693,2.0729836001753337,2.248635924642198,0.2515908341288211,0.040982204261924345,1.0,1.0,0.0,0.0,0.28328571428571425,0.5357142857142857,0.35714285714285715,0.07034332714244748,0.0,0.0,0.0,0.0,0.0,0.0,0.0,0.0,0.0,0.0,0.0,0.0,0.0,0.0,0.0,0.0,0.0,0.0,0.0,0.0,stable,oscillatory
37,500,240,modular,6,0.08,0.004,0.12,0,10.0,0.72,0.22,True,static,1.0,False,False,1.0,default,q_learning,default,0.36918333333333336,0.7833333333333333,0.11249999999999999,0.022797106297851828,0.41923333333333335,0.5041666666666667,0.15000000000000002,0.024895805090639486,0.21158333333333332,0.29583333333333334,0.10416666666666666,0.02146201424739895,0.6191670380094236,0.7272637281970513,0.1449445781303118,0.027943359895504213,0.6191767280962449,0.7272637281970513,0.1449445781303118,0.027946280081603495,0.2005168267272267,0.38364383693424914,0.20386986332332147,0.03999227493689178,0.1985,0.37083333333333335,0.21666666666666667,0.04645906202717016,2.096530818438072,2.232832342853932,0.21914947271836382,0.04018468695652941,1.0,1.0,0.0,0.0,0.21328571428571427,0.4642857142857143,0.4285714285714286,0.07066751700168666,0.0,0.0,0.0,0.0,0.0,0.0,0.0,0.0,0.0,0.0,0.0,0.0,0.0,0.0,0.0,0.0,0.0,0.0,0.0,0.0,stable,stable
38,500,240,modular,6,0.08,0.004,0.12,0,10.0,0.72,0.22,True,static,1.0,False,False,1.0,default,q_learning,default,0.37943333333333334,0.8208333333333333,0.16250000000000003,0.025159182110005972,0.381,0.4666666666666667,0.12916666666666665,0.02580589941165478,0.23956666666666665,0.37916666666666665,0.10833333333333334,0.022070744839669046,0.6265178907225186,0.806964465061173,0.1891766189989752,0.030403698707307053,0.6266772028880893,0.806964465061173,0.1891766189989752,0.030327269330365014,0.21176139179467082,0.5213759310902596,0.2771896276310274,0.044940660237033005,0.21348333333333333,0.5333333333333333,0.26666666666666666,0.051145948574208254,2.109386730992839,2.33170442612013,0.2885317769232696,0.045129018330962244,1.0,1.0,0.0,0.0,0.24714285714285714,0.4642857142857143,0.4285714285714286,0.07520041250429632,0.0,0.0,0.0,0.0,0.0,0.0,0.0,0.0,0.0,0.0,0.0,0.0,0.0,0.0,0.0,0.0,0.0,0.0,0.0,0.0,stable,stable
39,500,240,modular,6,0.08,0.004,0.12,0,10.0,0.72,0.22,True,static,1.0,False,False,1.0,default,q_learning,default,0.36138333333333333,0.7916666666666666,0.1375,0.02519513290741333,0.40601666666666664,0.48333333333333334,0.15833333333333333,0.025654916141399142,0.2326,0.4041666666666667,0.11666666666666664,0.022770375490975114,0.633812870369783,0.8192540076349812,0.16066857028068338,0.030423240206725707,0.6336638658225354,0.8192540076349812,0.16066857028068338,0.030312687681479468,0.22022998359180695,0.5348487765037321,0.2424707388511202,0.04599083301046611,0.2207333333333333,0.5625,0.25416666666666665,0.05036936899876087,2.1194028813859194,2.3603178725285425,0.24098177555656086,0.04515051502012221,1.0,1.0,0.0,0.0,0.4018571428571429,0.6071428571428571,0.4285714285714285,0.07683549881110306,0.0,0.0,0.0,0.0,0.0,0.0,0.0,0.0,0.0,0.0,0.0,0.0,0.0,0.0,0.0,0.0,0.0,0.0,0.0,0.0,stable,runaway
40,500,240,modular,6,0.08,0.004,0.12,0,10.0,0.72,0.22,True,static,1.0,False,False,1.0,default,q_learning,default,0.3529333333333333,0.7708333333333334,0.13333333333333336,0.025854958690527605,0.42755,0.5125,0.1375,0.023625204290709904,0.2195166666666667,0.375,0.13333333333333333,0.022438242404926066,0.6445525113900705,0.7711936366368156,0.19752386293544566,0.03254057420662283,0.6446128771837747,0.7711936366368156,0.19752386293544566,0.03252979779539415,0.2417354763878101,0.46647210150443974,0.2975258824109601,0.0514929995032102,0.24055,0.4875,0.35,0.058165857205446946,2.1463661709093107,2.310930124420708,0.27250330049241844,0.04824384581802096,1.0,1.0,0.0,0.0,0.28857142857142853,0.5,0.4285714285714286,0.06610134457862443,0.0,0.0,0.0,0.0,0.0,0.0,0.0,0.0,0.0,0.0,0.0,0.0,0.0,0.0,0.0,0.0,0.0,0.0,0.0,0.0,stable,oscillatory
41,500,240,modular,6,0.08,0.004,0.12,0,10.0,0.72,0.22,True,static,1.0,False,False,1.0,default,q_learning,default,0.39008333333333334,0.7875,0.11666666666666664,0.022507560458161116,0.40046666666666664,0.4625,0.12083333333333335,0.024015134117190907,0.20945,0.35,0.10000000000000003,0.019240878069591544,0.5976840434835728,0.7443238971377982,0.13546939580161999,0.026103618599303404,0.5974091387817422,0.7443238971377982,0.13546939580161999,0.02634120917225499,0.16767609776878975,0.40833420788751923,0.17458139840598247,0.033821652535950264,0.16771666666666665,0.45416666666666666,0.22916666666666669,0.042621659204368535,2.088326503278093,2.2958867537304077,0.20589698222869202,0.03928511376735199,1.0,1.0,0.0,0.0,0.2054285714285714,0.42857142857142855,0.35714285714285715,0.06533368041001798,0.0,0.0,0.0,0.0,0.0,0.0,0.0,0.0,0.0,0.0,0.0,0.0,0.0,0.0,0.0,0.0,0.0,0.0,0.0,0.0,stable,stable
42,500,240,modular,6,0.08,0.004,0.12,0,10.0,0.72,0.22,True,static,1.0,False,False,1.0,default,q_learning,default,0.36181666666666673,0.7958333333333333,0.15416666666666667,0.023292040843744602,0.41681666666666667,0.5041666666666667,0.1375,0.024407814094852678,0.22136666666666668,0.36666666666666664,0.11249999999999999,0.02123267921546093,0.62271433679456,0.7466867801177917,0.18501751582684667,0.02797051657162329,0.622955026655088,0.7466867801177917,0.18501751582684667,0.028066450832808634,0.2026570298589393,0.4125393845430369,0.27097552024972277,0.04074898594057142,0.20316666666666666,0.4583333333333333,0.2833333333333333,0.04783333333333333,2.163024501986184,2.3137868363653973,0.26896849059437145,0.042720656777938903,1.0,1.0,0.0,0.0,0.33,0.6071428571428571,0.3571428571428571,0.07119963311072636,0.0,0.0,0.0,0.0,0.0,0.0,0.0,0.0,0.0,0.0,0.0,0.0,0.0,0.0,0.0,0.0,0.0,0.0,0.0,0.0,stable,stable
43,500,240,modular,6,0.08,0.004,0.12,0,10.0,0.72,0.22,True,static,1.0,False,False,1.0,default,q_learning,default,0.36360000000000003,0.8208333333333333,0.16249999999999998,0.024659593580502407,0.41479999999999995,0.49583333333333335,0.175,0.025636107348815655,0.2216,0.375,0.10833333333333334,0.02210696220148254,0.628397205630425,0.8000160987650843,0.1774751129149288,0.029358057802457038,0.6282690098537614,0.8000160987650843,0.1774751129149288,0.029470546803574194,0.21536383970271425,0.5138144695111891,0.24998915715719494,0.04432377399050511,0.2167666666666667,0.5083333333333333,0.25,0.05181554893187093,2.143024201491231,2.357243429180498,0.2788773328980576,0.04372965080109785,1.0,1.0,0.0,0.0,0.2547142857142857,0.4642857142857143,0.3214285714285714,0.05743869846743268,0.0,0.0,0.0,0.0,0.0,0.0,0.0,0.0,0.0,0.0,0.0,0.0,0.0,0.0,0.0,0.0,0.0,0.0,0.0,0.0,stable,stable
44,500,240,modular,6,0.08,0.004,0.12,0,10.0,0.72,0.22,True,static,1.0,False,False,1.0,default,q_learning,default,0.3708333333333333,0.8375,0.14166666666666666,0.023136070923512008,0.39383333333333337,0.4625,0.14166666666666666,0.023609084880377912,0.2353333333333333,0.39166666666666666,0.13749999999999998,0.021292278203872667,0.6256813723676319,0.7732352550024678,0.16654410920006346,0.02910942770748554,0.6255854283726471,0.7732352550024678,0.16654410920006346,0.029189005650716537,0.21049814142191353,0.4675983147738675,0.2603127125251641,0.04467004754344264,0.21141666666666667,0.45416666666666666,0.2833333333333333,0.05304093021222175,2.1541889087718356,2.3225174656140117,0.2522037753364508,0.042185400756095025,1.0,1.0,0.0,0.0,0.2414285714285714,0.4642857142857143,0.3214285714285714,0.060508053098706785,0.0,0.0,0.0,0.0,0.0,0.0,0.0,0.0,0.0,0.0,0.0,0.0,0.0,0.0,0.0,0.0,0.0,0.0,0.0,0.0,stable,oscillatory
45,500,240,modular,6,0.08,0.004,0.12,0,10.0,0.72,0.22,True,static,1.0,False,False,1.0,default,q_learning,default,0.3743166666666667,0.8125,0.12083333333333335,0.023781814948027457,0.41701666666666665,0.5,0.1375,0.023627955429486015,0.20866666666666667,0.35,0.14166666666666666,0.022737023160964192,0.6119638023059717,0.796543849302902,0.17626162394453393,0.030473548515684713,0.6120193728611257,0.796543849302902,0.17626162394453393,0.03049346807128244,0.19173772414006493,0.5077397751812313,0.2555977608534118,0.043086945882813275,0.1932833333333333,0.55,0.29166666666666663,0.05155859934740922,2.1128300743511153,2.3290414542083555,0.23923388009722624,0.04459560249085724,1.0,1.0,0.0,0.0,0.1757142857142857,0.5357142857142857,0.32142857142857145,0.06253162465211226,0.0,0.0,0.0,0.0,0.0,0.0,0.0,0.0,0.0,0.0,0.0,0.0,0.0,0.0,0.0,0.0,0.0,0.0,0.0,0.0,stable,oscillatory
46,500,240,modular,6,0.08,0.004,0.12,0,10.0,0.72,0.22,True,static,1.0,False,False,1.0,default,q_learning,default,0.3794,0.8125,0.1375,0.022281681564310478,0.39143333333333336,0.45416666666666666,0.14583333333333331,0.025222917268935323,0.22916666666666669,0.3375,0.11249999999999999,0.01982913120750489,0.6147998600538278,0.7572365761290196,0.13271105116472703,0.025174598084614197,0.6149697950627,0.7572365761290196,0.13271105116472703,0.025130199097406238,0.19232202816472016,0.4345153478379956,0.1843999740505621,0.035253754427296086,0.19191666666666668,0.475,0.27083333333333337,0.04368932300281665,2.0986883496814164,2.255202309828392,0.20511576336243853,0.03873431068491691,1.0,1.0,0.0,0.0,0.31385714285714283,0.5,0.39285714285714285,0.07234286278492418,0.0,0.0,0.0,0.0,0.0,0.0,0.0,0.0,0.0,0.0,0.0,0.0,0.0,0.0,0.0,0.0,0.0,0.0,0.0,0.0,stable,stable
47,500,240,modular,6,0.08,0.004,0.12,0,10.0,0.72,0.22,True,static,1.0,False,False,1.0,default,q_learning,default,0.38333333333333336,0.8,0.14583333333333331,0.025251512605958655,0.3938833333333333,0.4791666666666667,0.13333333333333336,0.025503599963752392,0.2227833333333333,0.3541666666666667,0.12083333333333335,0.02179806948638648,0.616744608937435,0.7431742022786322,0.2013763215373543,0.029928725046574112,0.6167670938927239,0.7431742022786322,0.2013763215373543,0.029935044320185684,0.1965678259610094,0.4112214509665073,0.2931548393299224,0.043385618512299516,0.1982166666666667,0.44166666666666665,0.24166666666666667,0.04934515905559756,2.104862357467305,2.2657323577072277,0.2513244212953418,0.04536850125531536,1.0,1.0,0.0,0.0,0.28757142857142853,0.5,0.39285714285714285,0.0737592609197555,0.0,0.0,0.0,0.0,0.0,0.0,0.0,0.0,0.0,0.0,0.0,0.0,0.0,0.0,0.0,0.0,0.0,0.0,0.0,0.0,stable,oscillatory
48,500,240,modular,6,0.08,0.004,0.12,0,10.0,0.72,0.22,True,static,1.0,False,False,1.0,default,q_learning,default,0.4035333333333333,0.7791666666666667,0.12916666666666665,0.02359411414362112,0.3736833333333333,0.45,0.15416666666666667,0.022915963625579638,0.2227833333333333,0.38333333333333336,0.12499999999999997,0.021887090309637373,0.5909209565042339,0.7935788370239825,0.1525087262645768,0.02902931657984705,0.5907915496534488,0.7935788370239825,0.1525087262645768,0.029095774053884717,0.15979670148295952,0.49219246838694014,0.18374856725740557,0.035906132369547095,0.16166666666666665,0.5041666666666667,0.25416666666666665,0.04494131976502495,2.0977661754966612,2.390501650235229,0.23079968046943589,0.04415975724940948,1.0,1.0,0.0,0.0,0.3071428571428571,0.5,0.39285714285714285,0.0608611668689737,0.0,0.0,0.0,0.0,0.0,0.0,0.0,0.0,0.0,0.0,0.0,0.0,0.0,0.0,0.0,0.0,0.0,0.0,0.0,0.0,stable,oscillatory
49,500,240,modular,6,0.08,0.004,0.12,0,10.0,0.72,0.22,True,static,1.0,False,False,1.0,default,q_learning,default,0.3599666666666667,0.8166666666666667,0.13333333333333336,0.023317828181696323,0.4275,0.49166666666666664,0.14583333333333331,0.02476556749467561,0.21253333333333332,0.3458333333333333,0.12916666666666665,0.022623095377168095,0.6226097093659966,0.7635767216105093,0.14626428891697896,0.028553309343314143,0.6226386276235503,0.7635767216105093,0.14626428891697896,0.028537984798544778,0.20282942988963196,0.4434556483477275,0.20679380936128045,0.04108141674071532,0.2005333333333333,0.4,0.2625,0.048078281074837845,2.1172970377935685,2.2881787473808712,0.22352594925198455,0.04234436912766514,1.0,1.0,0.0,0.0,0.25471428571428567,0.5357142857142857,0.3571428571428571,0.06725841120299395,0.0,0.0,0.0,0.0,0.0,0.0,0.0,0.0,0.0,0.0,0.0,0.0,0.0,0.0,0.0,0.0,0.0,0.0,0.0,0.0,stable,oscillatory
50,500,240,modular,6,0.08,0.004,0.12,0,10.0,0.72,0.22,True,static,1.0,False,False,1.0,default,q_learning,default,0.391,0.7833333333333333,0.16250000000000003,0.026367593746870418,0.38028333333333336,0.45,0.1375,0.025283179520516535,0.22871666666666668,0.3875,0.12500000000000003,0.02241354377255958,0.6242491306198231,0.7944915189524208,0.17879550189574966,0.032769771617599724,0.6245118438011579,0.7944915189524208,0.17879550189574966,0.032587096899601764,0.21304379675068963,0.5115476380480125,0.27196384130886747,0.04998719584947933,0.2132833333333333,0.5208333333333334,0.29583333333333334,0.055532875648374065,2.1060969301327512,2.301170992624581,0.2765201273957236,0.048033532049847,1.0,1.0,0.0,0.0,0.2497142857142857,0.4642857142857143,0.35714285714285715,0.0606084792343616,0.0,0.0,0.0,0.0,0.0,0.0,0.0,0.0,0.0,0.0,0.0,0.0,0.0,0.0,0.0,0.0,0.0,0.0,0.0,0.0,stable,oscillatory
1,500,240,modular,6,0.08,0.004,0.12,0,10.0,0.72,0.22,True,static,1.0,False,False,1.0,default,reactive,default,0.19971666666666665,0.8333333333333334,0.43333333333333335,0.13350609744710373,0.8002833333333333,1.0,0.43333333333333324,0.13350609744710373,0.0,0.18333333333333332,0.0,0.0,0.5936987258392182,0.7496393365352996,0.33512298496033527,0.10453603842694477,0.593181722787749,0.7496393365352996,0.33512298496033527,0.10432702113571571,0.1995058841023365,0.42996359452116023,0.3752156914795958,0.12990055798560532,0.19846666666666668,0.4708333333333333,0.43333333333333335,0.1339226932889933,2.1905045185089547,2.4697659820421403,0.5970214837096834,0.18757765981582042,1.0,1.0,0.0,0.0,0.0,0.32142857142857145,0.0,0.0,0.0,0.0,0.0,0.0,0.0,0.0,0.0,0.0,0.0,0.0,0.0,0.0,0.0,0.0,0.0,0.0,0.0,0.0,0.0,0.0,stable,stable
2,500,240,modular,6,0.08,0.004,0.12,0,10.0,0.72,0.22,True,static,1.0,False,False,1.0,default,reactive,default,0.1762,0.7875,0.3125,0.06898332326648875,0.8238,0.9958333333333333,0.3125,0.06898332326648875,0.0,0.13333333333333333,0.0,0.0,0.5987512075241578,0.7310343096750943,0.2403108879110778,0.05336423858229078,0.5983206220437413,0.7310343096750943,0.2403108879110778,0.05314951712282229,0.17713302211818222,0.38717466335113115,0.29352841663520074,0.06696334695527119,0.17581666666666668,0.3875,0.3125,0.06933683685058357,2.213921077068714,2.452145049206628,0.42685391700159836,0.09720266631126878,1.0,1.0,0.0,0.0,0.0,0.14285714285714285,0.0,0.0,0.0,0.0,0.0,0.0,0.0,0.0,0.0,0.0,0.0,0.0,0.0,0.0,0.0,0.0,0.0,0.0,0.0,0.0,0.0,0.0,stable,stable
3,500,240,modular,6,0.08,0.004,0.12,0,10.0,0.72,0.22,True,static,1.0,False,False,1.0,default,reactive,default,0.17853333333333332,0.8,0.3333333333333333,0.08794025118100231,0.8214666666666667,0.9958333333333333,0.33333333333333337,0.08794025118100231,0.0,0.13333333333333333,0.0,0.0,0.5949111128298766,0.7301987459058288,0.25394307730430105,0.0677050231105942,0.5954645484536588,0.7301987459058288,0.25394307730430105,0.06783791061412787,0.1789478147915394,0.3851870860119836,0.2978138040846584,0.08322292152490902,0.17985,0.4125,0.3333333333333333,0.08749534749535734,2.223297265713085,2.46914630753354,0.4601247128432213,0.12312008765785323,1.0,1.0,0.0,0.0,0.0,0.17857142857142858,0.0,0.0,0.0,0.0,0.0,0.0,0.0,0.0,0.0,0.0,0.0,0.0,0.0,0.0,0.0,0.0,0.0,0.0,0.0,0.0,0.0,0.0,stable,stable
4,500,240,modular,6,0.08,0.004,0.12,0,10.0,0.72,0.22,True,static,1.0,False,False,1.0,default,reactive,default,0.18339999999999998,0.7791666666666667,0.4,0.09117517327771975,0.8166,0.9958333333333333,0.3999999999999999,0.09117517327771975,0.0,0.11666666666666667,0.0,0.0,0.5975602074704794,0.7360165957914483,0.3123367286617439,0.07026266787011734,0.5975723639284358,0.7360165957914483,0.3123367286617439,0.07024729911684108,0.1841595576850407,0.39937150401371196,0.34925475805709844,0.08683741287504539,0.18416666666666667,0.4625,0.4,0.09120870450663017,2.227659728871111,2.4794642213695743,0.5666668902055276,0.1287115314828145,1.0,1.0,0.0,0.0,0.0,0.10714285714285714,0.0,0.0,0.0,0.0,0.0,0.0,0.0,0.0,0.0,0.0,0.0,0.0,0.0,0.0,0.0,0.0,0.0,0.0,0.0,0.0,0.0,0.0,stable,stable
5,500,240,modular,6,0.08,0.004,0.12,0,10.0,0.72,0.22,True,static,1.0,False,False,1.0,default,reactive,default,0.17386666666666667,0.7666666666666667,0.275,0.0632057398940599,0.8261333333333334,1.0,0.275,0.0632057398940599,0.0,0.125,0.0,0.0,0.5974489511623065,0.7302956077715328,0.21008818337620533,0.047982910292363505,0.5980336155636472,0.7302956077715328,0.21156734675730687,0.04821113959541716,0.17431137279619402,0.3839283102778012,0.250414193181088,0.06049344281291556,0.17488333333333334,0.3625,0.275,0.06308658291938504,2.199003270872334,2.440618865536315,0.3773487509152391,0.0873220968069417,1.0,1.0,0.0,0.0,0.0,0.17857142857142858,0.0,0.0,0.0,0.0,0.0,0.0,0.0,0.0,0.0,0.0,0.0,0.0,0.0,0.0,0.0,0.0,0.0,0.0,0.0,0.0,0.0,0.0,stable,stable
6,500,240,modular,6,0.08,0.004,0.12,0,10.0,0.72,0.22,True,static,1.0,False,False,1.0,default,reactive,default,0.17555,0.7958333333333333,0.35833333333333334,0.07576949877387631,0.82445,0.9958333333333333,0.3583333333333333,0.07576949877387631,0.0,0.15833333333333333,0.0,0.0,0.5977417906542968,0.7287026826968878,0.28256036058170375,0.05830743623809623,0.597420614397638,0.7287026826968878,0.28256036058170375,0.05825378297257657,0.17731532388298687,0.3819888125422343,0.31713678063278794,0.072472446173583,0.17525,0.38333333333333336,0.35833333333333334,0.07580040493881869,2.2115349605085357,2.449584547904656,0.4996389030673194,0.10555878465922121,1.0,1.0,0.0,0.0,0.0,0.03571428571428571,0.0,0.0,0.0,0.0,0.0,0.0,0.0,0.0,0.0,0.0,0.0,0.0,0.0,0.0,0.0,0.0,0.0,0.0,0.0,0.0,0.0,0.0,stable,stable
7,500,240,modular,6,0.08,0.004,0.12,0,10.0,0.72,0.22,True,static,1.0,False,False,1.0,default,reactive,default,0.20711666666666667,1.0,0.44999999999999996,0.14017639779934424,0.7928833333333333,1.0,0.45000000000000007,0.14017639779934424,0.0,0.17083333333333334,0.0,0.0,0.5920783870428156,0.7551545603243569,0.36327992371245754,0.11137198434293842,0.5911535697394567,0.7551545603243569,0.36327992371245754,0.1112260061549324,0.2026781235097709,0.4432699374667919,0.40742856181234327,0.1380443634666885,0.20463333333333333,0.49166666666666664,0.44999999999999996,0.13993422661299765,2.190278306498727,2.4802155882846537,0.6434702251492996,0.19763878464999923,1.0,1.0,0.0,0.0,0.0,0.21428571428571427,0.0,0.0,0.0,0.0,0.0,0.0,0.0,0.0,0.0,0.0,0.0,0.0,0.0,0.0,0.0,0.0,0.0,0.0,0.0,0.0,0.0,0.0,stable,stable
8,500,240,modular,6,0.08,0.004,0.12,0,10.0,0.72,0.22,True,static,1.0,False,False,1.0,default,reactive,default,0.19371666666666668,0.8,0.4708333333333333,0.11144832011096245,0.8062833333333334,1.0,0.4708333333333333,0.11144832011096245,0.0,0.15416666666666667,0.0,0.0,0.5961506730118027,0.7459198463467853,0.3609456407517104,0.08609868772972684,0.5957457342720417,0.7459198463467853,0.3609456407517104,0.0864759565412407,0.19130576215742415,0.42102643577634713,0.3771710019723928,0.10698048562244229,0.19346666666666668,0.4875,0.4708333333333333,0.11102656839193441,2.159476027886172,2.4252424276351685,0.6382343605050675,0.15229051986635864,1.0,1.0,0.0,0.0,0.0,0.21428571428571427,0.0,0.0,0.0,0.0,0.0,0.0,0.0,0.0,0.0,0.0,0.0,0.0,0.0,0.0,0.0,0.0,0.0,0.0,0.0,0.0,0.0,0.0,stable,stable
9,500,240,modular,6,0.08,0.004,0.12,0,10.0,0.72,0.22,True,static,1.0,False,False,1.0,default,reactive,default,0.18880000000000002,0.7583333333333333,0.36250000000000004,0.10932420693616864,0.8111999999999999,0.9833333333333333,0.36249999999999993,0.10932420693616864,0.0,0.10416666666666667,0.0,0.0,0.5945002736410792,0.7275856708615055,0.28778729402147585,0.0839328143639873,0.5941644740897405,0.7275856708615055,0.28778729402147585,0.08419454115956815,0.1869820289629993,0.3841295482728474,0.3355678309922644,0.10431502407908606,0.18868333333333334,0.425,0.36250000000000004,0.1088464884851852,2.2180315339829577,2.4593963603689923,0.5072792465091764,0.1532439113475539,1.0,1.0,0.0,0.0,0.0,0.10714285714285714,0.0,0.0,0.0,0.0,0.0,0.0,0.0,0.0,0.0,0.0,0.0,0.0,0.0,0.0,0.0,0.0,0.0,0.0,0.0,0.0,0.0,0.0,stable,stable
10,500,240,modular,6,0.08,0.004,0.12,0,10.0,0.72,0.22,True,static,1.0,False,False,1.0,default,reactive,default,0.20510000000000003,0.7875,0.4583333333333333,0.14447401150379954,0.7949,0.9958333333333333,0.45833333333333337,0.14447401150379954,0.0,0.11666666666666667,0.0,0.0,0.5901402901418467,0.7483015799706298,0.35822447126571355,0.11239507777254541,0.5906117394121705,0.7483015799706298,0.35822447126571355,0.11266123607279985,0.2018138042901091,0.42819628911690394,0.3957518561036003,0.13795599682321044,0.20423333333333335,0.4666666666666667,0.4583333333333333,0.1440225522463602,2.183836220213858,2.4669480827223134,0.6468277098426349,0.20245633308594457,1.0,1.0,0.0,0.0,0.0,0.07142857142857142,0.0,0.0,0.0,0.0,0.0,0.0,0.0,0.0,0.0,0.0,0.0,0.0,0.0,0.0,0.0,0.0,0.0,0.0,0.0,0.0,0.0,0.0,stable,stable
11,500,240,modular,6,0.08,0.004,0.12,0,10.0,0.72,0.22,True,static,1.0,False,False,1.0,default,reactive,default,0.18313333333333331,0.8166666666666667,0.3833333333333333,0.09490398071501298,0.8168666666666666,0.9875,0.3833333333333333,0.09490398071501298,0.0,0.1125,0.0,0.0,0.596370823991544,0.728252093669379,0.2999916666778328,0.07375889421441066,0.5964162494079174,0.728252093669379,0.2999916666778328,0.0738146077606425,0.18399947935883806,0.38421820768829573,0.33085826835014503,0.09071824660974381,0.1837833333333333,0.4083333333333333,0.3833333333333333,0.09494811594877606,2.202711678534948,2.443207667582259,0.5453884564749938,0.1332894570472576,1.0,1.0,0.0,0.0,0.0,0.14285714285714285,0.0,0.0,0.0,0.0,0.0,0.0,0.0,0.0,0.0,0.0,0.0,0.0,0.0,0.0,0.0,0.0,0.0,0.0,0.0,0.0,0.0,0.0,stable,stable
12,500,240,modular,6,0.08,0.004,0.12,0,10.0,0.72,0.22,True,static,1.0,False,False,1.0,default,reactive,default,0.18694999999999998,0.7708333333333334,0.36666666666666664,0.10165868957775655,0.8130499999999999,1.0,0.3666666666666667,0.10165868957775655,0.0,0.13333333333333333,0.0,0.0,0.5971597092472782,0.7433597496141217,0.2950793144276706,0.08002200294826917,0.5978115438327065,0.7433597496141217,0.2863451260886847,0.079292290581359,0.18971613513178703,0.41489528324625524,0.33436595668461416,0.09933317981068705,0.18751666666666666,0.4166666666666667,0.3833333333333333,0.10294112260035938,2.1812068942112597,2.4406648699713074,0.5263334607018366,0.14210169288753247,1.0,1.0,0.0,0.0,0.0,0.07142857142857142,0.0,0.0,0.0,0.0,0.0,0.0,0.0,0.0,0.0,0.0,0.0,0.0,0.0,0.0,0.0,0.0,0.0,0.0,0.0,0.0,0.0,0.0,stable,stable
13,500,240,modular,6,0.08,0.004,0.12,0,10.0,0.72,0.22,True,static,1.0,False,False,1.0,default,reactive,default,0.19018333333333334,0.8291666666666667,0.38749999999999996,0.09738715549576113,0.8098166666666666,0.9958333333333333,0.38749999999999996,0.09738715549576112,0.0,0.10833333333333334,0.0,0.0,0.5971122360505866,0.743327581649191,0.30304347153023453,0.07587966645240268,0.5974293236653757,0.743327581649191,0.30304347153023453,0.07597181455122326,0.18812644268744885,0.41613221024710273,0.351314749388567,0.09545169403822534,0.19028333333333336,0.4583333333333333,0.38749999999999996,0.0975503587897041,2.2314896242805085,2.496668156417245,0.5509358869939358,0.1383280722225522,1.0,1.0,0.0,0.0,0.0,0.14285714285714285,0.0,0.0,0.0,0.0,0.0,0.0,0.0,0.0,0.0,0.0,0.0,0.0,0.0,0.0,0.0,0.0,0.0,0.0,0.0,0.0,0.0,0.0,stable,stable
14,500,240,modular,6,0.08,0.004,0.12,0,10.0,0.72,0.22,True,static,1.0,False,False,1.0,default,reactive,default,0.1805,0.7708333333333334,0.37083333333333335,0.08600080748974913,0.8195,1.0,0.37083333333333324,0.08600080748974913,0.0,0.11666666666666667,0.0,0.0,0.5969597233049663,0.736495004791969,0.28795334979472825,0.06663370023195794,0.5967180053921824,0.736495004791969,0.28795334979472825,0.06677090444359704,0.18080345960968622,0.3985500478359306,0.3335481975783403,0.08221490052996276,0.18048333333333336,0.425,0.37083333333333335,0.08614266106613816,2.187226340320442,2.4357721154032825,0.5129460777327635,0.1183741544542806,1.0,1.0,0.0,0.0,0.0,0.10714285714285714,0.0,0.0,0.0,0.0,0.0,0.0,0.0,0.0,0.0,0.0,0.0,0.0,0.0,0.0,0.0,0.0,0.0,0.0,0.0,0.0,0.0,0.0,stable,stable
15,500,240,modular,6,0.08,0.004,0.12,0,10.0,0.72,0.22,True,static,1.0,False,False,1.0,default,reactive,default,0.18063333333333337,0.7791666666666667,0.3541666666666667,0.08030022831017772,0.8193666666666667,0.9916666666666667,0.35416666666666663,0.08030022831017772,0.0,0.1125,0.0,0.0,0.5971917334218537,0.7296037735864772,0.27367005875586337,0.0622166384601596,0.5974610763244704,0.7296037735864772,0.27367005875586337,0.0621785554524475,0.18011186208853866,0.3863041029879277,0.3110664486743776,0.07730846283343965,0.1809,0.4166666666666667,0.3541666666666667,0.08033641764480166,2.2263393591792364,2.4694319631586845,0.5098210630069167,0.11340888510762137,1.0,1.0,0.0,0.0,0.0,0.03571428571428571,0.0,0.0,0.0,0.0,0.0,0.0,0.0,0.0,0.0,0.0,0.0,0.0,0.0,0.0,0.0,0.0,0.0,0.0,0.0,0.0,0.0,0.0,stable,stable
16,500,240,modular,6,0.08,0.004,0.12,0,10.0,0.72,0.22,True,static,1.0,False,False,1.0,default,reactive,default,0.1949,0.7875,0.38749999999999996,0.12032867488674509,0.8051,0.9958333333333333,0.38749999999999996,0.1203286748867451,0.0,0.18333333333333332,0.0,0.0,0.5945194744795547,0.7443157348703341,0.3085290184277996,0.09432846281665289,0.5953406902500534,0.7443157348703341,0.3085290184277996,0.094399262796364,0.1959766120172764,0.41951808451845823,0.35584063506456076,0.1176372370515716,0.19581666666666667,0.44166666666666665,0.38749999999999996,0.12021479503141218,2.232744301819827,2.504070736280133,0.5554563474912271,0.17078304391841787,1.0,1.0,0.0,0.0,0.0,0.17857142857142858,0.0,0.0,0.0,0.0,0.0,0.0,0.0,0.0,0.0,0.0,0.0,0.0,0.0,0.0,0.0,0.0,0.0,0.0,0.0,0.0,0.0,0.0,stable,stable
17,500,240,modular,6,0.08,0.004,0.12,0,10.0,0.72,0.22,True,static,1.0,False,False,1.0,default,reactive,default,0.16768333333333335,0.8166666666666667,0.2916666666666667,0.06107151772944387,0.8323166666666666,1.0,0.29166666666666663,0.06107151772944388,0.0,0.125,0.0,0.0,0.5943494284954677,0.7211357738463132,0.22529871216844705,0.046237134105825126,0.5943818360166052,0.7211357738463132,0.22529871216844705,0.0462273156072102,0.16688549015683754,0.36261548279079037,0.24935681594721795,0.0550395804715986,0.16806666666666667,0.35833333333333334,0.2916666666666667,0.06091990187487538,2.270608388720247,2.5092577706663852,0.40828187442356123,0.08681360100016992,1.0,1.0,0.0,0.0,0.0,0.17857142857142858,0.0,0.0,0.0,0.0,0.0,0.0,0.0,0.0,0.0,0.0,0.0,0.0,0.0,0.0,0.0,0.0,0.0,0.0,0.0,0.0,0.0,0.0,stable,stable
18,500,240,modular,6,0.08,0.004,0.12,0,10.0,0.72,0.22,True,static,1.0,False,False,1.0,default,reactive,default,0.1946166666666667,0.875,0.4125,0.11260232506973872,0.8053833333333333,0.9958333333333333,0.4125,0.11260232506973875,0.0,0.1625,0.0,0.0,0.596362888310346,0.7455682703241051,0.31709319767749317,0.08769911725330876,0.5964297264537105,0.7455682703241051,0.31709319767749317,0.08776565238980279,0.19357494842012563,0.4218543165006721,0.3673056672743915,0.11007637849473963,0.19496666666666665,0.42916666666666664,0.4083333333333333,0.11218387188500453,2.1995588649134525,2.4645741700847563,0.5731325202737318,0.15783673906636872,1.0,1.0,0.0,0.0,0.0,0.10714285714285714,0.0,0.0,0.0,0.0,0.0,0.0,0.0,0.0,0.0,0.0,0.0,0.0,0.0,0.0,0.0,0.0,0.0,0.0,0.0,0.0,0.0,0.0,stable,stable
19,500,240,modular,6,0.08,0.004,0.12,0,10.0,0.72,0.22,True,static,1.0,False,False,1.0,default,reactive,default,0.18143333333333334,0.8166666666666667,0.425,0.09933389820868471,0.8185666666666666,1.0,0.42500000000000004,0.09933389820868471,0.0,0.12083333333333333,0.0,0.0,0.5952483572672845,0.7353660920675277,0.32989662147661875,0.07724461639826165,0.595380531179896,0.7353660920675277,0.32989662147661875,0.07713687687102352,0.18357387350632506,0.39587685028411,0.35619913078803167,0.09418726817897373,0.18243333333333334,0.43333333333333335,0.425,0.09960768042676227,2.2387722596714816,2.4961912139466644,0.6013261816472095,0.1412574773967034,1.0,1.0,0.0,0.0,0.0,0.07142857142857142,0.0,0.0,0.0,0.0,0.0,0.0,0.0,0.0,0.0,0.0,0.0,0.0,0.0,0.0,0.0,0.0,0.0,0.0,0.0,0.0,0.0,0.0,stable,stable
20,500,240,modular,6,0.08,0.004,0.12,0,10.0,0.72,0.22,True,static,1.0,False,False,1.0,default,reactive,default,0.19144999999999998,0.7833333333333333,0.39583333333333337,0.10654886854814033,0.8085500000000001,1.0,0.39583333333333326,0.10654886854814033,0.0,0.1625,0.0,0.0,0.5978248134409341,0.7456821540884491,0.31662832499253146,0.08287233534747197,0.5969850646743514,0.7456821540884491,0.31662832499253146,0.08285848881288652,0.19098641133707955,0.42045645906435686,0.3581720151065879,0.10361526015995716,0.19048333333333334,0.42916666666666664,0.39583333333333337,0.1064564451887354,2.181756960613566,2.445263088899923,0.5509376830010242,0.14752836353755042,1.0,1.0,0.0,0.0,0.0,0.21428571428571427,0.0,0.0,0.0,0.0,0.0,0.0,0.0,0.0,0.0,0.0,0.0,0.0,0.0,0.0,0.0,0.0,0.0,0.0,0.0,0.0,0.0,0.0,stable,stable
21,500,240,modular,6,0.08,0.004,0.12,0,10.0,0.72,0.22,True,static,1.0,False,False,1.0,default,reactive,default,0.18603333333333333,0.7958333333333333,0.32499999999999996,0.09519680783630416,0.8139666666666667,0.9958333333333333,0.32500000000000007,0.09519680783630417,0.0,0.12083333333333333,0.0,0.0,0.5971950059377739,0.7383436338538082,0.2541992230785695,0.07475434804393329,0.5969515624432054,0.7383436338538082,0.2541992230785695,0.07462745356528838,0.1862528916314724,0.40503135777184046,0.3008233579755279,0.09415691582520445,0.18675,0.4,0.32499999999999996,0.09521645661917436,2.2174455670353352,2.472755832993236,0.45727234256187255,0.13392250030614528,1.0,1.0,0.0,0.0,0.0,0.07142857142857142,0.0,0.0,0.0,0.0,0.0,0.0,0.0,0.0,0.0,0.0,0.0,0.0,0.0,0.0,0.0,0.0,0.0,0.0,0.0,0.0,0.0,0.0,stable,stable
22,500,240,modular,6,0.08,0.004,0.12,0,10.0,0.72,0.22,True,static,1.0,False,False,1.0,default,reactive,default,0.17413333333333333,0.7583333333333333,0.3541666666666667,0.0686603880624694,0.8258666666666666,0.9958333333333333,0.35416666666666663,0.06866038806246938,0.0,0.14583333333333334,0.0,0.0,0.5957625745627299,0.7249744774527187,0.2689909804440112,0.052871351371256224,0.5955668212522321,0.7249744774527187,0.2689909804440112,0.052710562336288895,0.17227068662506023,0.3736364430996332,0.31449817158705895,0.06428346808184769,0.17336666666666667,0.375,0.3541666666666667,0.06872933224694615,2.2292933094129603,2.467908609921166,0.5046550836378962,0.09653415211645608,1.0,1.0,0.0,0.0,0.0,0.10714285714285714,0.0,0.0,0.0,0.0,0.0,0.0,0.0,0.0,0.0,0.0,0.0,0.0,0.0,0.0,0.0,0.0,0.0,0.0,0.0,0.0,0.0,0.0,stable,stable
23,500,240,modular,6,0.08,0.004,0.12,0,10.0,0.72,0.22,True,static,1.0,False,False,1.0,default,reactive,default,0.17335,0.8333333333333334,0.31666666666666665,0.07873998878164343,0.8266500000000001,1.0,0.31666666666666665,0.07873998878164343,0.0,0.18333333333333332,0.0,0.0,0.5955805079847292,0.7280732996556839,0.24631886955900467,0.060854444518380256,0.5958247148085191,0.7280732996556839,0.24631886955900467,0.060598175878318235,0.17529606290994454,0.37872355827802734,0.28958406636799205,0.074402349576265,0.1735833333333333,0.4041666666666667,0.31666666666666665,0.07896821618009785,2.2482730211373623,2.4932432800331954,0.4481752046121785,0.11155778344216924,1.0,1.0,0.0,0.0,0.0,0.10714285714285714,0.0,0.0,0.0,0.0,0.0,0.0,0.0,0.0,0.0,0.0,0.0,0.0,0.0,0.0,0.0,0.0,0.0,0.0,0.0,0.0,0.0,0.0,stable,stable
24,500,240,modular,6,0.08,0.004,0.12,0,10.0,0.72,0.22,True,static,1.0,False,False,1.0,default,reactive,default,0.20671666666666666,1.0,0.43333333333333335,0.1432881139910464,0.7932833333333333,1.0,0.43333333333333324,0.1432881139910464,0.0,0.1125,0.0,0.0,0.5931621076658103,0.7584014542938767,0.3454618292035326,0.11380839996515466,0.5936243369947509,0.7584014542938767,0.3454618292035326,0.11412067537365846,0.20841289369032975,0.45112827630244773,0.39800402698833615,0.14236823858758005,0.2084166666666667,0.5208333333333334,0.43333333333333335,0.14281663165674288,2.1924342128637395,2.4837155771314867,0.6136206455134599,0.20117278106131467,1.0,1.0,0.0,0.0,0.0,0.17857142857142858,0.0,0.0,0.0,0.0,0.0,0.0,0.0,0.0,0.0,0.0,0.0,0.0,0.0,0.0,0.0,0.0,0.0,0.0,0.0,0.0,0.0,0.0,stable,stable
25,500,240,modular,6,0.08,0.004,0.12,0,10.0,0.72,0.22,True,static,1.0,False,False,1.0,default,reactive,default,0.19385000000000002,0.775,0.4,0.11973186362312527,0.8061500000000001,0.9916666666666667,0.3999999999999999,0.11973186362312527,0.0,0.15416666666666667,0.0,0.0,0.5936218067757493,0.7405535259159503,0.31820475370788615,0.09417508015640666,0.5942382840155361,0.7405535259159503,0.31820475370788615,0.09450360802138263,0.19427453191446567,0.4117305038292532,0.35830265006525586,0.11797687060894846,0.1938333333333333,0.43333333333333335,0.4,0.11938046089894462,2.1980694023618987,2.4611758348522867,0.5617766145285246,0.16710731935946888,1.0,1.0,0.0,0.0,0.0,0.07142857142857142,0.0,0.0,0.0,0.0,0.0,0.0,0.0,0.0,0.0,0.0,0.0,0.0,0.0,0.0,0.0,0.0,0.0,0.0,0.0,0.0,0.0,0.0,stable,stable
26,500,240,modular,6,0.08,0.004,0.12,0,10.0,0.72,0.22,True,static,1.0,False,False,1.0,default,reactive,default,0.18933333333333333,0.8375,0.375,0.09692336606251811,0.8106666666666668,0.9916666666666667,0.375,0.09692336606251811,0.0,0.16666666666666666,0.0,0.0,0.5966387634620354,0.737576004232285,0.29457507790455095,0.07521837451737313,0.5972903197811175,0.737576004232285,0.29457507790455095,0.07515356038778571,0.1874573265675526,0.40488260545212545,0.32769310129715085,0.0947592453129887,0.18941666666666668,0.43333333333333335,0.375,0.09694575373200555,2.18515755425483,2.4374115215914007,0.525463856922902,0.1350011298567924,1.0,1.0,0.0,0.0,0.0,0.10714285714285714,0.0,0.0,0.0,0.0,0.0,0.0,0.0,0.0,0.0,0.0,0.0,0.0,0.0,0.0,0.0,0.0,0.0,0.0,0.0,0.0,0.0,0.0,stable,stable
27,500,240,modular,6,0.08,0.004,0.12,0,10.0,0.72,0.22,True,static,1.0,False,False,1.0,default,reactive,default,0.18641666666666667,0.7833333333333333,0.3375,0.08665308387151864,0.8135833333333332,0.9958333333333333,0.3375,0.08665308387151864,0.0,0.18333333333333332,0.0,0.0,0.5994033971625287,0.7396361444933461,0.2628264392123066,0.06707803658998451,0.5984749851626852,0.7396361444933461,0.2628264392123066,0.06737310294049668,0.18494680007846603,0.4077329081448418,0.31273650398681413,0.08466072542981944,0.18563333333333332,0.4041666666666667,0.3375,0.08627790369884207,2.2136195237075484,2.4668000510658574,0.47713639804923624,0.12075855569527823,1.0,1.0,0.0,0.0,0.0,0.25,0.0,0.0,0.0,0.0,0.0,0.0,0.0,0.0,0.0,0.0,0.0,0.0,0.0,0.0,0.0,0.0,0.0,0.0,0.0,0.0,0.0,0.0,stable,stable
28,500,240,modular,6,0.08,0.004,0.12,0,10.0,0.72,0.22,True,static,1.0,False,False,1.0,default,reactive,default,0.18,0.825,0.36666666666666664,0.08482088972259919,0.82,0.9958333333333333,0.3666666666666667,0.0848208897225992,0.0,0.17916666666666667,0.0,0.0,0.5950188996710903,0.730066487115369,0.2832871493682257,0.06591780065955834,0.595137133176117,0.730066487115369,0.2832871493682257,0.06594337183335179,0.17791205011457942,0.3855123705127266,0.3137025770894125,0.08009048572879901,0.17975,0.4083333333333333,0.36666666666666664,0.08493138570503708,2.2240044944476134,2.472360205318952,0.5174137398941858,0.11987864678925163,1.0,1.0,0.0,0.0,0.0,0.14285714285714285,0.0,0.0,0.0,0.0,0.0,0.0,0.0,0.0,0.0,0.0,0.0,0.0,0.0,0.0,0.0,0.0,0.0,0.0,0.0,0.0,0.0,0.0,stable,stable
29,500,240,modular,6,0.08,0.004,0.12,0,10.0,0.72,0.22,True,static,1.0,False,False,1.0,default,reactive,default,0.2000333333333333,0.7958333333333333,0.4166666666666667,0.12365554307564758,0.7999666666666666,0.9958333333333333,0.41666666666666663,0.12365554307564756,0.0,0.12083333333333333,0.0,0.0,0.5953364816007619,0.748485843178147,0.32526588436929216,0.09688265587653441,0.595552528753931,0.748485843178147,0.32526588436929216,0.09705974696602178,0.1989176519909751,0.4295665817372762,0.3771436821728625,0.12297265477774692,0.20016666666666666,0.44583333333333336,0.4166666666666667,0.12330168512861271,2.17607763432161,2.44815082238084,0.5770764329539559,0.17076039910127508,1.0,1.0,0.0,0.0,0.0,0.10714285714285714,0.0,0.0,0.0,0.0,0.0,0.0,0.0,0.0,0.0,0.0,0.0,0.0,0.0,0.0,0.0,0.0,0.0,0.0,0.0,0.0,0.0,0.0,stable,stable
30,500,240,modular,6,0.08,0.004,0.12,0,10.0,0.72,0.22,True,static,1.0,False,False,1.0,default,reactive,default,0.18615000000000004,0.8208333333333333,0.35833333333333334,0.09053496715511514,0.8138500000000001,0.9958333333333333,0.3583333333333334,0.09053496715511514,0.0,0.1375,0.0,0.0,0.597389200303937,0.7377239970422534,0.2788508565677778,0.07023683527385256,0.5972864469185297,0.7377239970422534,0.2788508565677778,0.07028136462113373,0.18442654772180145,0.4037327146596878,0.31855472648252287,0.08784912261331519,0.1864,0.4166666666666667,0.35833333333333334,0.09022601866670414,2.2145276545401247,2.4692031914416566,0.5064838904298545,0.12710830504854417,1.0,1.0,0.0,0.0,0.0,0.21428571428571427,0.0,0.0,0.0,0.0,0.0,0.0,0.0,0.0,0.0,0.0,0.0,0.0,0.0,0.0,0.0,0.0,0.0,0.0,0.0,0.0,0.0,0.0,stable,stable
31,500,240,modular,6,0.08,0.004,0.12,0,10.0,0.72,0.22,True,static,1.0,False,False,1.0,default,reactive,default,0.20495,1.0,0.425,0.14160590952044025,0.7950499999999999,0.9958333333333333,0.42499999999999993,0.14160590952044025,0.0,0.15,0.0,0.0,0.5922550656347524,0.7518131627820439,0.3327634280385172,0.11157033573735882,0.5928769069495565,0.7518131627820439,0.3327634280385172,0.11162083097838373,0.20470672886290311,0.4363714756700129,0.3840266652535264,0.13837175634589208,0.20501666666666668,0.4583333333333333,0.425,0.14178685979705988,2.1622247799822225,2.4416604343736514,0.5858819110394864,0.19636775292120234,1.0,1.0,0.0,0.0,0.0,0.2857142857142857,0.0,0.0,0.0,0.0,0.0,0.0,0.0,0.0,0.0,0.0,0.0,0.0,0.0,0.0,0.0,0.0,0.0,0.0,0.0,0.0,0.0,0.0,stable,stable
32,500,240,modular,6,0.08,0.004,0.12,0,10.0,0.72,0.22,True,static,1.0,False,False,1.0,default,reactive,default,0.17886666666666667,0.8125,0.35,0.0812569244912566,0.8211333333333333,1.0,0.35,0.0812569244912566,0.0,0.10833333333333334,0.0,0.0,0.5966480829843265,0.7345686464411519,0.27311654550724845,0.06258180256012696,0.596834040208417,0.7345686464411519,0.27311654550724845,0.06244709712365344,0.17887935582661998,0.3939912802441029,0.3129198939607277,0.07747486909482243,0.17975,0.4125,0.35,0.08166415812473807,2.2289732089327674,2.480784642231197,0.4862629944786232,0.11435798576396067,1.0,1.0,0.0,0.0,0.0,0.03571428571428571,0.0,0.0,0.0,0.0,0.0,0.0,0.0,0.0,0.0,0.0,0.0,0.0,0.0,0.0,0.0,0.0,0.0,0.0,0.0,0.0,0.0,0.0,stable,stable
33,500,240,modular,6,0.08,0.004,0.12,0,10.0,0.72,0.22,True,static,1.0,False,False,1.0,default,reactive,default,0.1872833333333333,0.8333333333333334,0.33333333333333337,0.09586750260414399,0.8127166666666666,0.9916666666666667,0.33333333333333337,0.09586750260414399,0.0,0.12083333333333333,0.0,0.0,0.5962058350895083,0.7358366709421958,0.2650769432337352,0.07411962846103735,0.5960609730056093,0.7358366709421958,0.2650769432337352,0.07429973034565913,0.1847266233830105,0.4000050247459358,0.31544202734726295,0.09345772459858782,0.18616666666666665,0.38333333333333336,0.33333333333333337,0.09567973197658484,2.2070513996200005,2.458115206169923,0.4756309430929715,0.13448184638463498,1.0,1.0,0.0,0.0,0.0,0.17857142857142858,0.0,0.0,0.0,0.0,0.0,0.0,0.0,0.0,0.0,0.0,0.0,0.0,0.0,0.0,0.0,0.0,0.0,0.0,0.0,0.0,0.0,0.0,stable,stable
34,500,240,modular,6,0.08,0.004,0.12,0,10.0,0.72,0.22,True,static,1.0,False,False,1.0,default,reactive,default,0.18473333333333333,0.8416666666666667,0.3458333333333333,0.09096388782857122,0.8152666666666667,0.9958333333333333,0.3458333333333333,0.09096388782857122,0.0,0.11666666666666667,0.0,0.0,0.598108532145023,0.7390561971069045,0.26102421075223287,0.07030007879540368,0.5981484220785089,0.7390561971069045,0.26102421075223287,0.07031171985178343,0.18551126769524506,0.4057447690846836,0.3043205432982498,0.08865083105543119,0.18455,0.4125,0.3458333333333333,0.09105999396002616,2.2132681976065243,2.4669167008258697,0.48419775285181554,0.12756007031491057,1.0,1.0,0.0,0.0,0.0,0.07142857142857142,0.0,0.0,0.0,0.0,0.0,0.0,0.0,0.0,0.0,0.0,0.0,0.0,0.0,0.0,0.0,0.0,0.0,0.0,0.0,0.0,0.0,0.0,stable,stable
35,500,240,modular,6,0.08,0.004,0.12,0,10.0,0.72,0.22,True,static,1.0,False,False,1.0,default,reactive,default,0.16441666666666668,0.8125,0.2708333333333333,0.061472724303818956,0.8355833333333333,1.0,0.27083333333333337,0.06147272430381895,0.0,0.12083333333333333,0.0,0.0,0.5934971113645594,0.716920199828262,0.20450143280436034,0.046668391182352956,0.5931877550948998,0.716920199828262,0.20450143280436034,0.046539657529832114,0.16461874575225874,0.35294060879840533,0.23310722912252152,0.05580823875273281,0.16413333333333333,0.3416666666666667,0.2708333333333333,0.06171596227881406,2.240572182712068,2.4701274009608736,0.3816275282271677,0.08630081659922849,1.0,1.0,0.0,0.0,0.0,0.14285714285714285,0.0,0.0,0.0,0.0,0.0,0.0,0.0,0.0,0.0,0.0,0.0,0.0,0.0,0.0,0.0,0.0,0.0,0.0,0.0,0.0,0.0,0.0,stable,stable
36,500,240,modular,6,0.08,0.004,0.12,0,10.0,0.72,0.22,True,static,1.0,False,False,1.0,default,reactive,default,0.17173333333333335,0.75,0.30833333333333335,0.07005966504820492,0.8282666666666667,1.0,0.30833333333333335,0.07005966504820492,0.0,0.12083333333333333,0.0,0.0,0.5947851579689424,0.7255705082279278,0.2437430450241192,0.053856963142694905,0.5945344368139394,0.7255705082279278,0.2437430450241192,0.053928131486060446,0.17060573894333664,0.3728871332392349,0.27935675986677166,0.06616106797403168,0.17085000000000003,0.3458333333333333,0.30833333333333335,0.06948670736191204,2.2066441179941787,2.4436428645039396,0.42301079713302636,0.09683929789349058,1.0,1.0,0.0,0.0,0.0,0.10714285714285714,0.0,0.0,0.0,0.0,0.0,0.0,0.0,0.0,0.0,0.0,0.0,0.0,0.0,0.0,0.0,0.0,0.0,0.0,0.0,0.0,0.0,0.0,stable,stable
37,500,240,modular,6,0.08,0.004,0.12,0,10.0,0.72,0.22,True,static,1.0,False,False,1.0,default,reactive,default,0.17993333333333333,0.7833333333333333,0.2916666666666667,0.0674524194442934,0.8200666666666666,1.0,0.29166666666666674,0.06745241944429338,0.0,0.14583333333333334,0.0,0.0,0.6006841883405166,0.7404088478184002,0.22991182051890668,0.05202187405847757,0.6010868921790695,0.7404088478184002,0.22991182051890668,0.05236655654625433,0.1820575095727074,0.4078510714292726,0.28416029802414233,0.06729902287877544,0.18009999999999998,0.44583333333333336,0.2916666666666667,0.06683284289096858,2.1940218802657556,2.4435534162575916,0.400295145839912,0.0928907893192657,1.0,1.0,0.0,0.0,0.0,0.07142857142857142,0.0,0.0,0.0,0.0,0.0,0.0,0.0,0.0,0.0,0.0,0.0,0.0,0.0,0.0,0.0,0.0,0.0,0.0,0.0,0.0,0.0,0.0,stable,stable
38,500,240,modular,6,0.08,0.004,0.12,0,10.0,0.72,0.22,True,static,1.0,False,False,1.0,default,reactive,default,0.18555000000000002,0.8208333333333333,0.3416666666666667,0.09480471302161676,0.81445,0.9958333333333333,0.3416666666666667,0.09480471302161676,0.0,0.14583333333333334,0.0,0.0,0.5964118060814867,0.7360077009324968,0.2635950456738102,0.07382274137602085,0.5958493639521568,0.7360077009324968,0.2635950456738102,0.07380138945701406,0.18385583647748996,0.39948897997935856,0.3093383995182163,0.09234772724300937,0.18523333333333336,0.4,0.3416666666666667,0.09469909069139881,2.2009539724012037,2.4538079784050795,0.48069063736256035,0.13247013453696166,1.0,1.0,0.0,0.0,0.0,0.03571428571428571,0.0,0.0,0.0,0.0,0.0,0.0,0.0,0.0,0.0,0.0,0.0,0.0,0.0,0.0,0.0,0.0,0.0,0.0,0.0,0.0,0.0,0.0,stable,stable
39,500,240,modular,6,0.08,0.004,0.12,0,10.0,0.72,0.22,True,static,1.0,False,False,1.0,default,reactive,default,0.17898333333333336,0.7916666666666666,0.3625,0.08914583713094952,0.8210166666666666,0.9958333333333333,0.36249999999999993,0.08914583713094952,0.0,0.1125,0.0,0.0,0.5957232651574479,0.7298521787003474,0.28107307276772636,0.06834227480319344,0.5952158992612345,0.7298521787003474,0.28107307276772636,0.06875312325120318,0.17898641024196602,0.38458251863909504,0.31499313442576926,0.0838884109721837,0.17923333333333333,0.3875,0.3625,0.0889803099317796,2.195322114359504,2.4365812573561474,0.5052619124195015,0.1226595008243902,1.0,1.0,0.0,0.0,0.0,0.03571428571428571,0.0,0.0,0.0,0.0,0.0,0.0,0.0,0.0,0.0,0.0,0.0,0.0,0.0,0.0,0.0,0.0,0.0,0.0,0.0,0.0,0.0,0.0,stable,stable
40,500,240,modular,6,0.08,0.004,0.12,0,10.0,0.72,0.22,True,static,1.0,False,False,1.0,default,reactive,default,0.18734999999999996,0.7708333333333334,0.41250000000000003,0.09113736427320392,0.81265,1.0,0.4125,0.09113736427320393,0.0,0.14166666666666666,0.0,0.0,0.6001872682534477,0.7460446567345439,0.3202344351283252,0.07133795887045442,0.6000267970793924,0.7460446567345439,0.3202344351283252,0.07117709367792172,0.1894575564356917,0.42132578403914867,0.3592374288392911,0.09041606329013151,0.18675,0.4666666666666667,0.3541666666666667,0.09047363796524746,2.2074226369933045,2.469056656350034,0.5782571812274437,0.12754769304811775,1.0,1.0,0.0,0.0,0.0,0.21428571428571427,0.0,0.0,0.0,0.0,0.0,0.0,0.0,0.0,0.0,0.0,0.0,0.0,0.0,0.0,0.0,0.0,0.0,0.0,0.0,0.0,0.0,0.0,stable,stable
41,500,240,modular,6,0.08,0.004,0.12,0,10.0,0.72,0.22,True,static,1.0,False,False,1.0,default,reactive,default,0.17711666666666667,0.7875,0.3125,0.08678376864368129,0.8228833333333333,0.9833333333333333,0.3125,0.08678376864368129,0.0,0.14583333333333334,0.0,0.0,0.5935276477462565,0.7149642602797852,0.25132055171011775,0.06712606699232936,0.593198695871911,0.7149642602797852,0.25132055171011775,0.06700148003573127,0.17485361512149428,0.355081851747858,0.2945137486510869,0.08226896487718781,0.17608333333333334,0.4041666666666667,0.3125,0.08689077594569199,2.2195050359114643,2.4430968144130882,0.4457818719631841,0.12188928902950523,1.0,1.0,0.0,0.0,0.0,0.10714285714285714,0.0,0.0,0.0,0.0,0.0,0.0,0.0,0.0,0.0,0.0,0.0,0.0,0.0,0.0,0.0,0.0,0.0,0.0,0.0,0.0,0.0,0.0,stable,stable
42,500,240,modular,6,0.08,0.004,0.12,0,10.0,0.72,0.22,True,static,1.0,False,False,1.0,default,reactive,default,0.17355,0.7958333333333333,0.3375,0.06906655606490501,0.82645,0.9916666666666667,0.3375,0.06906655606490501,0.0,0.10833333333333334,0.0,0.0,0.5952398543537777,0.7237386385969237,0.24620347945582777,0.05301282654342191,0.5954143104671276,0.7237386385969237,0.24620347945582777,0.05299153924107458,0.17207061260924025,0.3710334700849123,0.2808141404764961,0.06477848511110143,0.17405,0.3958333333333333,0.3375,0.06927100764389096,2.2519792745562097,2.4865476781848077,0.4692963112455162,0.09804368244672852,1.0,1.0,0.0,0.0,0.0,0.03571428571428571,0.0,0.0,0.0,0.0,0.0,0.0,0.0,0.0,0.0,0.0,0.0,0.0,0.0,0.0,0.0,0.0,0.0,0.0,0.0,0.0,0.0,0.0,stable,stable
43,500,240,modular,6,0.08,0.004,0.12,0,10.0,0.72,0.22,True,static,1.0,False,False,1.0,default,reactive,default,0.18814999999999998,0.8208333333333333,0.37916666666666665,0.09430849054506645,0.8118500000000001,1.0,0.37916666666666665,0.09430849054506645,0.0,0.15,0.0,0.0,0.5975764966372304,0.7446490283402992,0.289425700090633,0.07357216509931004,0.5981259835961235,0.7446490283402992,0.289425700090633,0.07362705955425314,0.18764297719338652,0.41798077223264923,0.33066016733764364,0.09196652529999821,0.18866666666666668,0.42083333333333334,0.37916666666666665,0.09418524890401421,2.2131346309615867,2.4790515305282823,0.5341177109515514,0.13296344813427555,1.0,1.0,0.0,0.0,0.0,0.07142857142857142,0.0,0.0,0.0,0.0,0.0,0.0,0.0,0.0,0.0,0.0,0.0,0.0,0.0,0.0,0.0,0.0,0.0,0.0,0.0,0.0,0.0,0.0,stable,stable
44,500,240,modular,6,0.08,0.004,0.12,0,10.0,0.72,0.22,True,static,1.0,False,False,1.0,default,reactive,default,0.18603333333333333,0.8375,0.425,0.10744088296981431,0.8139666666666667,1.0,0.42500000000000004,0.10744088296981431,0.0,0.14583333333333334,0.0,0.0,0.5961270055676705,0.7421822737260654,0.3220980706571729,0.08379143251396019,0.5967316183611066,0.7421822737260654,0.3220980706571729,0.08379539424500544,0.19026723852065822,0.41208142205224224,0.359219583926127,0.1038583488646837,0.18735,0.4375,0.425,0.10744464854053924,2.2275383677167384,2.4920297519875008,0.5954987336833364,0.15157245024992805,1.0,1.0,0.0,0.0,0.0,0.25,0.0,0.0,0.0,0.0,0.0,0.0,0.0,0.0,0.0,0.0,0.0,0.0,0.0,0.0,0.0,0.0,0.0,0.0,0.0,0.0,0.0,0.0,stable,stable
45,500,240,modular,6,0.08,0.004,0.12,0,10.0,0.72,0.22,True,static,1.0,False,False,1.0,default,reactive,default,0.18894999999999998,0.8125,0.3625,0.10091137613437512,0.8110499999999999,0.9916666666666667,0.36250000000000004,0.10091137613437512,0.0,0.1375,0.0,0.0,0.5969045576339566,0.7361104235274867,0.2733457861128459,0.07853773013076475,0.5970660553233847,0.7361104235274867,0.2733457861128459,0.07841430713978771,0.18866211291891158,0.40184928623228017,0.3136355307184303,0.09916909905616167,0.18938333333333332,0.4166666666666667,0.3625,0.10123539812404223,2.206296617035061,2.4605857616849494,0.5106256828632854,0.1415559022460787,1.0,1.0,0.0,0.0,0.0,0.21428571428571427,0.0,0.0,0.0,0.0,0.0,0.0,0.0,0.0,0.0,0.0,0.0,0.0,0.0,0.0,0.0,0.0,0.0,0.0,0.0,0.0,0.0,0.0,stable,stable
46,500,240,modular,6,0.08,0.004,0.12,0,10.0,0.72,0.22,True,static,1.0,False,False,1.0,default,reactive,default,0.17865,0.8125,0.3708333333333333,0.08539985850886016,0.82135,0.9958333333333333,0.37083333333333335,0.08539985850886014,0.0,0.15,0.0,0.0,0.5955568882993976,0.7301419888237465,0.28401394746627395,0.06621782053953817,0.5960984938681402,0.7301419888237465,0.28401394746627395,0.06622888439578581,0.17927108593395194,0.3855635180437867,0.31625786272377665,0.08058402189648545,0.17846666666666666,0.3958333333333333,0.3708333333333333,0.08486383865411175,2.196283786260778,2.437618232860061,0.5155653255315014,0.11793807824629758,1.0,1.0,0.0,0.0,0.0,0.17857142857142858,0.0,0.0,0.0,0.0,0.0,0.0,0.0,0.0,0.0,0.0,0.0,0.0,0.0,0.0,0.0,0.0,0.0,0.0,0.0,0.0,0.0,0.0,stable,stable
47,500,240,modular,6,0.08,0.004,0.12,0,10.0,0.72,0.22,True,static,1.0,False,False,1.0,default,reactive,default,0.18298333333333333,0.8,0.36250000000000004,0.09003673478703629,0.8170166666666666,1.0,0.36250000000000004,0.09003673478703629,0.0,0.1125,0.0,0.0,0.5963700454039663,0.7373820374778426,0.2785122436855513,0.06989508273920639,0.5958651471723121,0.7373820374778426,0.2785122436855513,0.06973369159281619,0.18134912067634462,0.400653589606071,0.3106846781179763,0.08684532332665916,0.18276666666666666,0.4083333333333333,0.36250000000000004,0.09003061824858376,2.2096037794944756,2.4644739695454496,0.5078441046440603,0.12623122511868984,1.0,1.0,0.0,0.0,0.0,0.07142857142857142,0.0,0.0,0.0,0.0,0.0,0.0,0.0,0.0,0.0,0.0,0.0,0.0,0.0,0.0,0.0,0.0,0.0,0.0,0.0,0.0,0.0,0.0,stable,stable
48,500,240,modular,6,0.08,0.004,0.12,0,10.0,0.72,0.22,True,static,1.0,False,False,1.0,default,reactive,default,0.17526666666666665,0.7791666666666667,0.33749999999999997,0.08348360451143819,0.8247333333333332,1.0,0.3375,0.08348360451143819,0.0,0.14583333333333334,0.0,0.0,0.5944683071442912,0.7280154547160034,0.2569557482191883,0.06340843683793636,0.5946372540766954,0.7280154547160034,0.2569557482191883,0.06339639476320706,0.17487175768160262,0.3785883590571478,0.2892718335101714,0.07666291142685737,0.17581666666666668,0.3875,0.33749999999999997,0.08343635132376188,2.243299436499729,2.491120729264189,0.4695187225575137,0.1179268277068969,1.0,1.0,0.0,0.0,0.0,0.10714285714285714,0.0,0.0,0.0,0.0,0.0,0.0,0.0,0.0,0.0,0.0,0.0,0.0,0.0,0.0,0.0,0.0,0.0,0.0,0.0,0.0,0.0,0.0,stable,stable
49,500,240,modular,6,0.08,0.004,0.12,0,10.0,0.72,0.22,True,static,1.0,False,False,1.0,default,reactive,default,0.17351666666666668,0.8166666666666667,0.2791666666666667,0.06571683574244883,0.8264833333333333,1.0,0.2791666666666667,0.06571683574244883,0.0,0.12083333333333333,0.0,0.0,0.5980326091932028,0.7302686889218974,0.21141137746467337,0.050387761991504465,0.5977887339133109,0.7302686889218974,0.21141137746467337,0.05036072089894743,0.17464257076851422,0.38386514328188365,0.25461628063578173,0.06313691262126589,0.17278333333333337,0.425,0.2791666666666667,0.06515486039685246,2.2047629103725237,2.4445963447168158,0.38007717179174394,0.09118961795101738,1.0,1.0,0.0,0.0,0.0,0.14285714285714285,0.0,0.0,0.0,0.0,0.0,0.0,0.0,0.0,0.0,0.0,0.0,0.0,0.0,0.0,0.0,0.0,0.0,0.0,0.0,0.0,0.0,0.0,stable,stable
50,500,240,modular,6,0.08,0.004,0.12,0,10.0,0.72,0.22,True,static,1.0,False,False,1.0,default,reactive,default,0.2054166666666667,1.0,0.45,0.14396626244444294,0.7945833333333333,1.0,0.44999999999999996,0.1439662624444429,0.0,0.12916666666666668,0.0,0.0,0.5929798812116212,0.7544174449130929,0.35092536033993355,0.11304474447611404,0.5922774508092942,0.7544174449130929,0.35092536033993355,0.11350914200284845,0.2053717523911626,0.44148824887784394,0.3901253771070165,0.1408178158662025,0.20328333333333334,0.4666666666666667,0.45,0.14329208805792454,2.18676901784396,2.4741198731429876,0.6372044574815365,0.20151774268884654,1.0,1.0,0.0,0.0,0.0,0.14285714285714285,0.0,0.0,0.0,0.0,0.0,0.0,0.0,0.0,0.0,0.0,0.0,0.0,0.0,0.0,0.0,0.0,0.0,0.0,0.0,0.0,0.0,0.0,stable,stable
1,500,240,modular,6,0.08,0.004,0.12,0,10.0,0.72,0.22,True,static,1.0,False,False,1.0,default,fixed,default,0.6477166666666667,0.8333333333333334,0.14166666666666672,0.028079653567030422,0.2728666666666667,0.36666666666666664,0.17916666666666664,0.02791910934587038,0.07941666666666668,0.15,0.11249999999999999,0.017740607843776568,0.3232985483203622,0.4190837091675709,0.1672326139607248,0.028287139789772816,0.3232352526297731,0.4190837091675709,0.1672326139607248,0.02827251528051759,0.014458089220682441,0.0352432708802539,0.02836146837423493,0.004141115512051869,0.01465,0.05416666666666667,0.05416666666666667,0.009392801617314305,1.625031139296782,1.76551236484135,0.25379196393726167,0.045521871835055044,1.0,1.0,0.0,0.0,0.07914285714285713,0.25,0.25,0.04919432520782312,0.0,0.0,0.0,0.0,0.0,0.0,0.0,0.0,0.0,0.0,0.0,0.0,0.0,0.0,0.0,0.0,0.0,0.0,0.0,0.0,stable,stable
2,500,240,modular,6,0.08,0.004,0.12,0,10.0,0.72,0.22,True,static,1.0,False,False,1.0,default,fixed,default,0.6500833333333333,0.7875,0.17916666666666659,0.03001492684204533,0.2713,0.3416666666666667,0.15,0.027839899425105688,0.07861666666666667,0.13333333333333333,0.09166666666666667,0.016224646888812918,0.3143835928677126,0.40692564952300064,0.17032152803011016,0.02967127121384626,0.31420102197522976,0.40692564952300064,0.17032152803011016,0.02971923868778605,0.012999078453432926,0.030718688383957003,0.023801275982909046,0.003864354787571878,0.01365,0.0625,0.0625,0.009610309857416437,1.6149077434675834,1.7704306872827908,0.29570701874914884,0.047865015364281664,1.0,1.0,0.0,0.0,0.08099999999999999,0.2857142857142857,0.2857142857142857,0.0516584149653732,0.0,0.0,0.0,0.0,0.0,0.0,0.0,0.0,0.0,0.0,0.0,0.0,0.0,0.0,0.0,0.0,0.0,0.0,0.0,0.0,stable,stable
3,500,240,modular,6,0.08,0.004,0.12,0,10.0,0.72,0.22,True,static,1.0,False,False,1.0,default,fixed,default,0.6490666666666666,0.8,0.1875,0.029839217296854303,0.2683666666666667,0.37083333333333335,0.17916666666666667,0.02917664591187045,0.08256666666666665,0.12916666666666668,0.10416666666666669,0.01710168932526193,0.3182011844222907,0.40255011089379206,0.16797039630510358,0.02951335914732626,0.3181214775564711,0.40255011089379206,0.16797039630510358,0.02956381047130719,0.01349524415616491,0.02942129983007168,0.023751158455600493,0.004064536059099298,0.013266666666666666,0.0375,0.0375,0.008008398369489649,1.6286939427414084,1.7773999554364117,0.27812749975456663,0.047929486823418646,1.0,1.0,0.0,0.0,0.07785714285714283,0.25,0.25,0.04859768198049729,0.0,0.0,0.0,0.0,0.0,0.0,0.0,0.0,0.0,0.0,0.0,0.0,0.0,0.0,0.0,0.0,0.0,0.0,0.0,0.0,stable,stable
4,500,240,modular,6,0.08,0.004,0.12,0,10.0,0.72,0.22,True,static,1.0,False,False,1.0,default,fixed,default,0.6497499999999999,0.7791666666666667,0.1791666666666667,0.030718366746224576,0.2687333333333333,0.36666666666666664,0.18333333333333332,0.028575552876929998,0.08151666666666667,0.14166666666666666,0.10833333333333334,0.018520776621585463,0.3199970139479095,0.421084382237286,0.17668002063661356,0.03239163713714991,0.3197153770953264,0.421084382237286,0.17668002063661356,0.031968113345630725,0.013935713446536251,0.0354420518803987,0.029135181563938524,0.004621416265810906,0.014266666666666667,0.05416666666666667,0.05416666666666667,0.009238566507370672,1.6360282662946974,1.8005383008850382,0.2739762540887878,0.05143726391346018,1.0,1.0,0.0,0.0,0.08299999999999999,0.25,0.25,0.05114784492836747,0.0,0.0,0.0,0.0,0.0,0.0,0.0,0.0,0.0,0.0,0.0,0.0,0.0,0.0,0.0,0.0,0.0,0.0,0.0,0.0,stable,stable
5,500,240,modular,6,0.08,0.004,0.12,0,10.0,0.72,0.22,True,static,1.0,False,False,1.0,default,fixed,default,0.6518333333333333,0.7666666666666667,0.19166666666666665,0.028681197867437665,0.27031666666666665,0.3541666666666667,0.15000000000000002,0.02725032619580503,0.07784999999999999,0.15,0.0875,0.01680367849939742,0.31129989663506874,0.4020205490847459,0.17090046521076813,0.028518011332504513,0.3113372991615773,0.4020205490847459,0.17090046521076813,0.028551322357261797,0.012540697822376998,0.029163048910952546,0.023462424086789092,0.0036145556399260355,0.0123,0.0375,0.0375,0.0077613000056548365,1.5997427971040616,1.7602162930470198,0.3037556880887402,0.04637828290943344,1.0,1.0,0.0,0.0,0.08128571428571428,0.2857142857142857,0.2857142857142857,0.05219449497909189,0.0,0.0,0.0,0.0,0.0,0.0,0.0,0.0,0.0,0.0,0.0,0.0,0.0,0.0,0.0,0.0,0.0,0.0,0.0,0.0,stable,stable
6,500,240,modular,6,0.08,0.004,0.12,0,10.0,0.72,0.22,True,static,1.0,False,False,1.0,default,fixed,default,0.6483666666666666,0.7958333333333333,0.16666666666666663,0.03289670702871845,0.2732166666666667,0.3625,0.16666666666666666,0.03079186851535104,0.07841666666666668,0.13333333333333333,0.1,0.018140845564024236,0.31556657337599237,0.41082035573031855,0.17911486073294144,0.03183413794971455,0.31550916130843315,0.41082035573031855,0.17911486073294144,0.0318082243892326,0.013232234027681745,0.031809216147233504,0.026146274387779864,0.004383281440824096,0.012016666666666665,0.041666666666666664,0.041666666666666664,0.007833492906176088,1.6139892897854702,1.7704003635204197,0.29125418233579636,0.05275325845966035,1.0,1.0,0.0,0.0,0.07899999999999999,0.25,0.21428571428571427,0.049164654634260604,0.0,0.0,0.0,0.0,0.0,0.0,0.0,0.0,0.0,0.0,0.0,0.0,0.0,0.0,0.0,0.0,0.0,0.0,0.0,0.0,stable,stable
7,500,240,modular,6,0.08,0.004,0.12,0,10.0,0.72,0.22,True,static,1.0,False,False,1.0,default,fixed,default,0.6485166666666666,0.8416666666666667,0.20416666666666672,0.033434550492965606,0.26975,0.3541666666666667,0.17500000000000002,0.03191362039422458,0.08173333333333334,0.14166666666666666,0.10416666666666666,0.018248165813460695,0.32765488692379646,0.44158527954074583,0.18675527182315366,0.033957060119222574,0.32757055332735857,0.44158527954074583,0.18675527182315366,0.03389780607892163,0.015465226686251023,0.043940078021528946,0.03325816328157903,0.005556846415486625,0.015416666666666664,0.04583333333333333,0.04583333333333333,0.010132798779760265,1.6329538860994435,1.8120492852524344,0.29373448989682793,0.053321613626390534,1.0,1.0,0.0,0.0,0.08157142857142857,0.25,0.25,0.054624693526436764,0.0,0.0,0.0,0.0,0.0,0.0,0.0,0.0,0.0,0.0,0.0,0.0,0.0,0.0,0.0,0.0,0.0,0.0,0.0,0.0,stable,stable
8,500,240,modular,6,0.08,0.004,0.12,0,10.0,0.72,0.22,True,static,1.0,False,False,1.0,default,fixed,default,0.6527166666666667,0.8,0.16666666666666663,0.029996208093690774,0.2673000000000001,0.3625,0.14583333333333334,0.026737177612206314,0.07998333333333332,0.13333333333333333,0.09583333333333333,0.01781735265283694,0.31872876226195707,0.420738715021438,0.1906443540798202,0.0314547902255515,0.31920165524843686,0.420738715021438,0.1906443540798202,0.03181072037018963,0.013973736070115261,0.035625667350213025,0.02778478811388057,0.004589376160307565,0.01325,0.041666666666666664,0.041666666666666664,0.008885459407869065,1.5888192954297407,1.743749585214928,0.28866317428667476,0.04869488643247454,1.0,1.0,0.0,0.0,0.07999999999999999,0.32142857142857145,0.32142857142857145,0.05089003751587679,0.0,0.0,0.0,0.0,0.0,0.0,0.0,0.0,0.0,0.0,0.0,0.0,0.0,0.0,0.0,0.0,0.0,0.0,0.0,0.0,stable,stable
9,500,240,modular,6,0.08,0.004,0.12,0,10.0,0.72,0.22,True,static,1.0,False,False,1.0,default,fixed,default,0.6503333333333332,0.7625,0.1958333333333333,0.031748140802957965,0.2693,0.35,0.17916666666666667,0.028570264261990996,0.08036666666666667,0.12916666666666668,0.09166666666666667,0.018060976963854666,0.3184287890377617,0.4039945247541838,0.17360217756485194,0.03321131005295869,0.3185069292817269,0.4039945247541838,0.17360217756485194,0.03320337129454335,0.01382588913790038,0.03012377810508596,0.0229573805508796,0.004643346192745307,0.013883333333333333,0.04583333333333333,0.041666666666666664,0.0082388139653445,1.6305513181208242,1.769630096694282,0.3062433796583366,0.053281457854160136,1.0,1.0,0.0,0.0,0.07971428571428571,0.25,0.25,0.04992565901990107,0.0,0.0,0.0,0.0,0.0,0.0,0.0,0.0,0.0,0.0,0.0,0.0,0.0,0.0,0.0,0.0,0.0,0.0,0.0,0.0,stable,stable
10,500,240,modular,6,0.08,0.004,0.12,0,10.0,0.72,0.22,True,static,1.0,False,False,1.0,default,fixed,default,0.6505833333333333,0.7875,0.1791666666666667,0.03086496125598303,0.26863333333333334,0.3416666666666667,0.15000000000000002,0.027126637175375137,0.08078333333333333,0.12916666666666668,0.07916666666666666,0.015884487541134102,0.32267168165372756,0.4109524255622076,0.16711542973046342,0.03133821652504638,0.3228426821182135,0.4109524255622076,0.16711542973046342,0.031481657771534305,0.014550447384539622,0.03266316017469015,0.024371451341792468,0.004592876060955788,0.0145,0.058333333333333334,0.05416666666666667,0.008351646544245032,1.6244004560935257,1.7630045352305606,0.2852599297977054,0.05053491571547412,1.0,1.0,0.0,0.0,0.0797142857142857,0.25,0.25,0.049925659019901064,0.0,0.0,0.0,0.0,0.0,0.0,0.0,0.0,0.0,0.0,0.0,0.0,0.0,0.0,0.0,0.0,0.0,0.0,0.0,0.0,stable,stable
11,500,240,modular,6,0.08,0.004,0.12,0,10.0,0.72,0.22,True,static,1.0,False,False,1.0,default,fixed,default,0.6468166666666666,0.8166666666666667,0.17500000000000004,0.03241342743027614,0.27365000000000006,0.3625,0.16666666666666666,0.02953429738832841,0.07953333333333333,0.12916666666666668,0.1,0.017993177719470357,0.3188093201267574,0.4200911192195974,0.18126531649814487,0.033412740072109315,0.31899377997447076,0.4200911192195974,0.18126531649814487,0.03345312724188679,0.013868747029131864,0.0350308440537015,0.02907659213276858,0.00476788217625721,0.013366666666666667,0.05,0.04583333333333333,0.008363213098644164,1.6193651540425467,1.7766654153933772,0.27051000699925565,0.05308922329319348,1.0,1.0,0.0,0.0,0.07614285714285714,0.25,0.25,0.04931386359693532,0.0,0.0,0.0,0.0,0.0,0.0,0.0,0.0,0.0,0.0,0.0,0.0,0.0,0.0,0.0,0.0,0.0,0.0,0.0,0.0,stable,stable
12,500,240,modular,6,0.08,0.004,0.12,0,10.0,0.72,0.22,True,static,1.0,False,False,1.0,default,fixed,default,0.6476000000000001,0.7708333333333334,0.17083333333333328,0.0319407611403082,0.2732833333333333,0.35,0.1708333333333333,0.02945873290629528,0.07911666666666667,0.13333333333333333,0.09166666666666667,0.01816009820090923,0.3202427150731555,0.41653546634264166,0.17802587012511661,0.03233549306242741,0.32059544057773076,0.41653546634264166,0.17802587012511661,0.032746009798645,0.014146691228163909,0.03410908184610619,0.028130396105085154,0.004646491798725541,0.014183333333333334,0.07083333333333333,0.07083333333333333,0.009553198998822914,1.6052023755360438,1.7408881999345074,0.26459566821117986,0.05105281448035623,1.0,1.0,0.0,0.0,0.07642857142857142,0.2857142857142857,0.21428571428571427,0.050005101780534675,0.0,0.0,0.0,0.0,0.0,0.0,0.0,0.0,0.0,0.0,0.0,0.0,0.0,0.0,0.0,0.0,0.0,0.0,0.0,0.0,stable,stable
13,500,240,modular,6,0.08,0.004,0.12,0,10.0,0.72,0.22,True,static,1.0,False,False,1.0,default,fixed,default,0.6495666666666667,0.8291666666666667,0.15416666666666667,0.03335342727683485,0.26935000000000003,0.35,0.16249999999999998,0.030828058107293537,0.08108333333333333,0.15833333333333333,0.125,0.018749259244626768,0.3221833291357401,0.4368955535926851,0.19329471268650517,0.033891385906801644,0.3216753233848483,0.4368955535926851,0.19329471268650517,0.03355042359770364,0.014393721446074885,0.04151171321989982,0.03520375378844291,0.005022495008027129,0.015133333333333335,0.05416666666666667,0.05416666666666667,0.008644780056324292,1.646494319750352,1.8015547014815434,0.26404680421428584,0.054988398677346326,1.0,1.0,0.0,0.0,0.08542857142857142,0.35714285714285715,0.35714285714285715,0.05676589950788039,0.0,0.0,0.0,0.0,0.0,0.0,0.0,0.0,0.0,0.0,0.0,0.0,0.0,0.0,0.0,0.0,0.0,0.0,0.0,0.0,stable,oscillatory
14,500,240,modular,6,0.08,0.004,0.12,0,10.0,0.72,0.22,True,static,1.0,False,False,1.0,default,fixed,default,0.6511166666666667,0.7708333333333334,0.15416666666666667,0.028933645351620203,0.27004999999999996,0.36666666666666664,0.16249999999999998,0.028018054694944276,0.07883333333333332,0.12916666666666668,0.08750000000000002,0.016262601951170737,0.31463752277677814,0.40055585738834937,0.16381461478004705,0.028787296016982676,0.31448983250112006,0.40055585738834937,0.16381461478004705,0.028730566946988566,0.013048732025742698,0.02899981371411632,0.0231793463741374,0.0037491161317850727,0.012883333333333333,0.05,0.041666666666666664,0.008228017852300625,1.5980917778477648,1.7355510225973834,0.24700133838804073,0.04614144108605605,1.0,1.0,0.0,0.0,0.07457142857142855,0.2857142857142857,0.21428571428571427,0.05030843642482048,0.0,0.0,0.0,0.0,0.0,0.0,0.0,0.0,0.0,0.0,0.0,0.0,0.0,0.0,0.0,0.0,0.0,0.0,0.0,0.0,stable,stable
15,500,240,modular,6,0.08,0.004,0.12,0,10.0,0.72,0.22,True,static,1.0,False,False,1.0,default,fixed,default,0.6480166666666667,0.7791666666666667,0.1625000000000001,0.029375864053485967,0.2714666666666667,0.37083333333333335,0.15833333333333333,0.028720666194687525,0.08051666666666667,0.15,0.11250000000000002,0.018167347082059065,0.31790349531306406,0.41543207933208026,0.16675019646479447,0.02957722100894421,0.3180439198536703,0.41543207933208026,0.16675019646479447,0.029581162177351093,0.013543786318919743,0.03347366450919749,0.02188492329963704,0.0038597999636582237,0.01375,0.05,0.04583333333333333,0.008557404201430868,1.633441883721259,1.789758690713053,0.25669321002972545,0.04847067333876176,1.0,1.0,0.0,0.0,0.08399999999999999,0.2857142857142857,0.25,0.05331002892208435,0.0,0.0,0.0,0.0,0.0,0.0,0.0,0.0,0.0,0.0,0.0,0.0,0.0,0.0,0.0,0.0,0.0,0.0,0.0,0.0,stable,stable
16,500,240,modular,6,0.08,0.004,0.12,0,10.0,0.72,0.22,True,static,1.0,False,False,1.0,default,fixed,default,0.6491166666666667,0.7875,0.16249999999999998,0.030360980989860432,0.2687833333333333,0.37916666666666665,0.16666666666666666,0.028585257466820977,0.08209999999999999,0.15,0.11249999999999999,0.01856687612090114,0.32475555344188956,0.4500602449170619,0.1731891331210305,0.031634365631453124,0.3247799505949656,0.4500602449170619,0.1731891331210305,0.0316393791744805,0.014796886915299243,0.04716106369217769,0.02931141959774389,0.00476908938463687,0.014583333333333334,0.04583333333333333,0.041666666666666664,0.008836870361037202,1.6533816546009126,1.8640177945574044,0.2964207842922706,0.05074177018486494,1.0,1.0,0.0,0.0,0.08257142857142856,0.25,0.25,0.05069234938049612,0.0,0.0,0.0,0.0,0.0,0.0,0.0,0.0,0.0,0.0,0.0,0.0,0.0,0.0,0.0,0.0,0.0,0.0,0.0,0.0,stable,stable
17,500,240,modular,6,0.08,0.004,0.12,0,10.0,0.72,0.22,True,static,1.0,False,False,1.0,default,fixed,default,0.6482666666666667,0.8166666666666667,0.15416666666666667,0.03057179164596744,0.27183333333333337,0.37083333333333335,0.15833333333333333,0.029294481846700526,0.0799,0.13333333333333333,0.09583333333333333,0.01813578414810528,0.3110742805113271,0.39514920155295774,0.15053781109342596,0.030525975259210848,0.3112784409782333,0.39514920155295774,0.15053781109342596,0.030430187068464846,0.012455541898483226,0.026956443086000773,0.020794697434236415,0.003971325136280389,0.012183333333333334,0.04583333333333333,0.041666666666666664,0.008323143770368396,1.650552606436113,1.7894869232793602,0.2588509754468551,0.04970185386961244,1.0,1.0,0.0,0.0,0.08271428571428571,0.21428571428571427,0.21428571428571427,0.05141051270242819,0.0,0.0,0.0,0.0,0.0,0.0,0.0,0.0,0.0,0.0,0.0,0.0,0.0,0.0,0.0,0.0,0.0,0.0,0.0,0.0,stable,stable
18,500,240,modular,6,0.08,0.004,0.12,0,10.0,0.72,0.22,True,static,1.0,False,False,1.0,default,fixed,default,0.6504833333333333,0.875,0.1875,0.03116002157323458,0.2707833333333334,0.35833333333333334,0.17916666666666667,0.02863681100339988,0.07873333333333332,0.13333333333333333,0.10416666666666666,0.018512938418546336,0.3200528798455464,0.44523310856740284,0.16862490929536855,0.03180826795960727,0.3201883326509023,0.44523310856740284,0.16862490929536855,0.03185062431056952,0.01414423841558022,0.045075491857099866,0.023275915408638968,0.004436945903148444,0.014283333333333332,0.05,0.04583333333333333,0.00847055356973662,1.6222376274501071,1.8134856712388632,0.2882555514352376,0.05153648727169382,1.0,1.0,0.0,0.0,0.081,0.25,0.25,0.05056032969409426,0.0,0.0,0.0,0.0,0.0,0.0,0.0,0.0,0.0,0.0,0.0,0.0,0.0,0.0,0.0,0.0,0.0,0.0,0.0,0.0,stable,stable
19,500,240,modular,6,0.08,0.004,0.12,0,10.0,0.72,0.22,True,static,1.0,False,False,1.0,default,fixed,default,0.6514000000000001,0.8166666666666667,0.16249999999999998,0.030907316645451807,0.26776666666666665,0.375,0.1416666666666667,0.028725927119744785,0.08083333333333334,0.1375,0.10416666666666669,0.018951692976266442,0.3157813875433223,0.4117524210099486,0.17926952271030697,0.03149943790059932,0.31557758424466026,0.4117524210099486,0.17926952271030697,0.03185548968132508,0.013282484484522222,0.03223545434864851,0.024278001320336754,0.0042074481755419385,0.013666666666666666,0.04583333333333333,0.0375,0.008605553762283724,1.638663804142599,1.7714066578719048,0.28001014250492484,0.05153430776580568,1.0,1.0,0.0,0.0,0.07985714285714286,0.2857142857142857,0.2857142857142857,0.05565362998594292,0.0,0.0,0.0,0.0,0.0,0.0,0.0,0.0,0.0,0.0,0.0,0.0,0.0,0.0,0.0,0.0,0.0,0.0,0.0,0.0,stable,stable
20,500,240,modular,6,0.08,0.004,0.12,0,10.0,0.72,0.22,True,static,1.0,False,False,1.0,default,fixed,default,0.6471666666666667,0.7833333333333333,0.16666666666666663,0.03178093418667516,0.27226666666666666,0.375,0.1875,0.02797371782385904,0.08056666666666666,0.13333333333333333,0.09583333333333333,0.018599910394049395,0.3229590027600265,0.42572607640122573,0.1866834202794843,0.033629811439828,0.3230323038073736,0.42572607640122573,0.1866834202794843,0.03366439341008652,0.014582550734116928,0.03734435851217841,0.03131519843458468,0.004984084747263404,0.013433333333333334,0.05,0.04583333333333333,0.008698084080225177,1.6105004189510828,1.7639163829062883,0.2704900104595529,0.052549968285446017,1.0,1.0,0.0,0.0,0.083,0.2857142857142857,0.21428571428571427,0.05094795263355555,0.0,0.0,0.0,0.0,0.0,0.0,0.0,0.0,0.0,0.0,0.0,0.0,0.0,0.0,0.0,0.0,0.0,0.0,0.0,0.0,stable,stable
21,500,240,modular,6,0.08,0.004,0.12,0,10.0,0.72,0.22,True,static,1.0,False,False,1.0,default,fixed,default,0.6482,0.7958333333333333,0.16666666666666663,0.03323249748196618,0.2712,0.3541666666666667,0.14583333333333334,0.02960159530235566,0.08059999999999999,0.14583333333333334,0.09166666666666667,0.017417296639324436,0.32151516062024943,0.43895426421455164,0.16317926003209607,0.03273443683023265,0.32144861775327505,0.43895426421455164,0.16317926003209607,0.03282381662312091,0.014262512380334255,0.042127471561287405,0.025871595870903288,0.004835064385935201,0.013933333333333334,0.05416666666666667,0.041666666666666664,0.009038559373902213,1.6310797530989463,1.8066326732750881,0.2813443932282973,0.05417570759785837,1.0,1.0,0.0,0.0,0.08214285714285714,0.2857142857142857,0.21428571428571427,0.04951293378749534,0.0,0.0,0.0,0.0,0.0,0.0,0.0,0.0,0.0,0.0,0.0,0.0,0.0,0.0,0.0,0.0,0.0,0.0,0.0,0.0,stable,stable
22,500,240,modular,6,0.08,0.004,0.12,0,10.0,0.72,0.22,True,static,1.0,False,False,1.0,default,fixed,default,0.6492833333333333,0.7583333333333333,0.1791666666666667,0.030424775174920267,0.2705833333333333,0.3458333333333333,0.14583333333333334,0.027878830080666345,0.08013333333333332,0.1375,0.09583333333333335,0.016808860097513388,0.31372247494821115,0.40502998894489844,0.18425134526634018,0.03070409996299797,0.3136547863337247,0.40502998894489844,0.18425134526634018,0.030643622869481774,0.012876687836209594,0.02996995866762883,0.025052036589799685,0.0039130913537968924,0.01295,0.041666666666666664,0.041666666666666664,0.00842484750933544,1.6260402736836406,1.7730965357541288,0.29411679552554726,0.050135770379916594,1.0,1.0,0.0,0.0,0.08028571428571428,0.2857142857142857,0.2857142857142857,0.05153877082313065,0.0,0.0,0.0,0.0,0.0,0.0,0.0,0.0,0.0,0.0,0.0,0.0,0.0,0.0,0.0,0.0,0.0,0.0,0.0,0.0,stable,stable
23,500,240,modular,6,0.08,0.004,0.12,0,10.0,0.72,0.22,True,static,1.0,False,False,1.0,default,fixed,default,0.6479666666666667,0.8333333333333334,0.16666666666666663,0.031872645882567635,0.2714333333333333,0.3625,0.1708333333333333,0.028767284659256022,0.08059999999999999,0.13333333333333333,0.1,0.017504792994428062,0.3151500984858965,0.41146454954248457,0.1906908079569403,0.03193932600856329,0.3150011709196806,0.41146454954248457,0.1906908079569403,0.03196875112484427,0.01308987748730028,0.03182803439903394,0.026917553833088817,0.0042522906622821585,0.013683333333333334,0.04583333333333333,0.04583333333333333,0.008830329678003093,1.640970463563423,1.7905462708547368,0.2850273114919948,0.0522533828305586,1.0,1.0,0.0,0.0,0.07942857142857142,0.25,0.21428571428571427,0.04637117331150587,0.0,0.0,0.0,0.0,0.0,0.0,0.0,0.0,0.0,0.0,0.0,0.0,0.0,0.0,0.0,0.0,0.0,0.0,0.0,0.0,stable,stable
24,500,240,modular,6,0.08,0.004,0.12,0,10.0,0.72,0.22,True,static,1.0,False,False,1.0,default,fixed,default,0.6486166666666666,0.8166666666666667,0.1708333333333334,0.029370057503821434,0.2694,0.35833333333333334,0.175,0.028742651234706932,0.08198333333333332,0.15,0.10833333333333334,0.018564369995594607,0.3284513385227313,0.41569508339302136,0.16697475221973296,0.0311472437168839,0.32852188483329586,0.41569508339302136,0.16697475221973296,0.031103720522728234,0.015525256085862138,0.03452130510844573,0.027771749761588943,0.004858488127252342,0.015866666666666668,0.058333333333333334,0.058333333333333334,0.009627737705885705,1.6343779561117753,1.7601830721059657,0.2470911517329415,0.047641262547515884,1.0,1.0,0.0,0.0,0.07871428571428571,0.25,0.25,0.053001540216357126,0.0,0.0,0.0,0.0,0.0,0.0,0.0,0.0,0.0,0.0,0.0,0.0,0.0,0.0,0.0,0.0,0.0,0.0,0.0,0.0,stable,stable
25,500,240,modular,6,0.08,0.004,0.12,0,10.0,0.72,0.22,True,static,1.0,False,False,1.0,default,fixed,default,0.6512166666666667,0.775,0.16666666666666674,0.03223145892516261,0.2710333333333333,0.3541666666666667,0.16666666666666669,0.031560594276900285,0.07774999999999999,0.15,0.12083333333333332,0.017308676372784194,0.31853278135845303,0.4003187230549429,0.16794755204334605,0.031693688762812845,0.31855387680745684,0.4003187230549429,0.16794755204334605,0.031704190106067814,0.013885216987417105,0.029345193539579713,0.023061064057234137,0.004352279421843293,0.014533333333333332,0.058333333333333334,0.058333333333333334,0.009258869621431477,1.6198708233292214,1.7459987180988767,0.2673195626189606,0.051046720107991016,1.0,1.0,0.0,0.0,0.07328571428571427,0.25,0.21428571428571427,0.047612594800887184,0.0,0.0,0.0,0.0,0.0,0.0,0.0,0.0,0.0,0.0,0.0,0.0,0.0,0.0,0.0,0.0,0.0,0.0,0.0,0.0,stable,oscillatory
26,500,240,modular,6,0.08,0.004,0.12,0,10.0,0.72,0.22,True,static,1.0,False,False,1.0,default,fixed,default,0.6522833333333334,0.8375,0.18333333333333335,0.030661598313054574,0.2673666666666667,0.3458333333333333,0.15833333333333333,0.026086054171189293,0.08034999999999999,0.14583333333333334,0.09583333333333335,0.017956034268921037,0.3191319310565589,0.43058722576783914,0.20201610182039384,0.032382245697954976,0.319027633001829,0.43058722576783914,0.20201610182039384,0.03245220613878991,0.013959280720972946,0.03904532609675561,0.03361978342424228,0.004795416344719592,0.014333333333333332,0.05416666666666667,0.05416666666666667,0.008488554385497896,1.6070069809575875,1.7927800013373383,0.3186317307776012,0.0514295013016421,1.0,1.0,0.0,0.0,0.08199999999999998,0.2857142857142857,0.2857142857142857,0.0533613021901506,0.0,0.0,0.0,0.0,0.0,0.0,0.0,0.0,0.0,0.0,0.0,0.0,0.0,0.0,0.0,0.0,0.0,0.0,0.0,0.0,stable,stable
27,500,240,modular,6,0.08,0.004,0.12,0,10.0,0.72,0.22,True,static,1.0,False,False,1.0,default,fixed,default,0.65035,0.7833333333333333,0.19166666666666665,0.03123748193721411,0.2725166666666667,0.3458333333333333,0.15833333333333333,0.03145123650634069,0.07713333333333333,0.15416666666666667,0.125,0.01735748317649256,0.3167289432268956,0.4171866194311576,0.20654656618545134,0.030132408010807837,0.3165667062492727,0.4171866194311576,0.20654656618545134,0.03034303743218317,0.013493743275985057,0.03429454041690801,0.029764756802041895,0.004153491766357131,0.01365,0.05,0.05,0.008498186080962611,1.621826863975631,1.7619393594842683,0.29254732979492903,0.049018976990429,1.0,1.0,0.0,0.0,0.08028571428571428,0.2857142857142857,0.21428571428571427,0.04992974656291312,0.0,0.0,0.0,0.0,0.0,0.0,0.0,0.0,0.0,0.0,0.0,0.0,0.0,0.0,0.0,0.0,0.0,0.0,0.0,0.0,stable,oscillatory
28,500,240,modular,6,0.08,0.004,0.12,0,10.0,0.72,0.22,True,static,1.0,False,False,1.0,default,fixed,default,0.6504666666666667,0.825,0.15833333333333333,0.03102515108746451,0.2686666666666666,0.3541666666666667,0.15000000000000002,0.028062925324665956,0.08086666666666667,0.13333333333333333,0.09166666666666667,0.01697707604716169,0.3156026267497207,0.4137006858222519,0.17222047018712797,0.030863794101227502,0.3154692688211153,0.4137006858222519,0.17222047018712797,0.03093623404666727,0.013223857645580915,0.032785070023065736,0.026264694249875323,0.004207362757241391,0.013216666666666665,0.0625,0.0625,0.008674691797278897,1.6275569486931394,1.7749691760819821,0.2549724598953482,0.0510808159751096,1.0,1.0,0.0,0.0,0.07657142857142857,0.2857142857142857,0.21428571428571427,0.0512504853137798,0.0,0.0,0.0,0.0,0.0,0.0,0.0,0.0,0.0,0.0,0.0,0.0,0.0,0.0,0.0,0.0,0.0,0.0,0.0,0.0,stable,stable
29,500,240,modular,6,0.08,0.004,0.12,0,10.0,0.72,0.22,True,static,1.0,False,False,1.0,default,fixed,default,0.652,0.7958333333333333,0.17083333333333328,0.031234329404252196,0.2690166666666666,0.35,0.1375,0.029535143849695772,0.07898333333333334,0.14166666666666666,0.09166666666666667,0.01620295754895795,0.3210410206954537,0.41119457340064414,0.16535558094973288,0.030804326764495675,0.32131596395967915,0.41119457340064414,0.16535558094973288,0.03088362647255744,0.014356785703803436,0.03281768383381081,0.025762517733511806,0.004564906242575501,0.014166666666666668,0.05416666666666667,0.04583333333333333,0.008959786703810408,1.6093487240506128,1.7564054136201401,0.2706937002163188,0.04962190616391465,1.0,1.0,0.0,0.0,0.07942857142857142,0.25,0.25,0.049870035173070267,0.0,0.0,0.0,0.0,0.0,0.0,0.0,0.0,0.0,0.0,0.0,0.0,0.0,0.0,0.0,0.0,0.0,0.0,0.0,0.0,stable,stable
30,500,240,modular,6,0.08,0.004,0.12,0,10.0,0.72,0.22,True,static,1.0,False,False,1.0,default,fixed,default,0.6526833333333334,0.8208333333333333,0.16666666666666663,0.029077621215559492,0.26893333333333336,0.36666666666666664,0.1708333333333333,0.02806245019792661,0.07838333333333333,0.14166666666666666,0.1,0.018443163442798467,0.31640434285848584,0.4357086661739657,0.17382772855302717,0.03111946651525372,0.31636168605540527,0.4357086661739657,0.17382772855302717,0.03111335326212654,0.01348815459856087,0.04084018625784021,0.025994351278488124,0.004314873781229297,0.013816666666666666,0.05416666666666667,0.0375,0.008416402636122713,1.6223075783242635,1.8221049238300568,0.2691935428385166,0.0480639028624058,1.0,1.0,0.0,0.0,0.07942857142857142,0.25,0.25,0.05058111287419284,0.0,0.0,0.0,0.0,0.0,0.0,0.0,0.0,0.0,0.0,0.0,0.0,0.0,0.0,0.0,0.0,0.0,0.0,0.0,0.0,stable,stable
31,500,240,modular,6,0.08,0.004,0.12,0,10.0,0.72,0.22,True,static,1.0,False,False,1.0,default,fixed,default,0.6468666666666666,0.7791666666666667,0.16666666666666663,0.028166942799435414,0.2731,0.3625,0.14583333333333331,0.026191092633438058,0.08003333333333333,0.1375,0.07916666666666666,0.016255734031070047,0.3258390082909897,0.4096537504079697,0.14986147118556006,0.0287362566682464,0.3260229421535759,0.4096537504079697,0.14986147118556006,0.028683763995131565,0.014947915038183617,0.03238825244847009,0.022204547688851252,0.004218434038032607,0.015550000000000001,0.0625,0.0625,0.010182514969844686,1.6130421403868958,1.749199525200915,0.2362314490881905,0.045933651671331115,1.0,1.0,0.0,0.0,0.078,0.25,0.25,0.0485260292029348,0.0,0.0,0.0,0.0,0.0,0.0,0.0,0.0,0.0,0.0,0.0,0.0,0.0,0.0,0.0,0.0,0.0,0.0,0.0,0.0,stable,stable
32,500,240,modular,6,0.08,0.004,0.12,0,10.0,0.72,0.22,True,static,1.0,False,False,1.0,default,fixed,default,0.6506333333333333,0.8125,0.17499999999999993,0.031900696613780144,0.2699,0.35833333333333334,0.15,0.028330215514731107,0.07946666666666667,0.14166666666666666,0.10833333333333334,0.01689983563365172,0.315351771056803,0.41784590840341085,0.16943237357405175,0.032013828263089274,0.3151404218789042,0.41784590840341085,0.16943237357405175,0.0318499472785493,0.013225959283324876,0.0341296451940307,0.027090343880710452,0.004343503262683382,0.012950000000000001,0.04583333333333333,0.04583333333333333,0.007537333009021751,1.6284253542735165,1.797609536402336,0.293456866681588,0.05225935051937802,1.0,1.0,0.0,0.0,0.07728571428571428,0.2857142857142857,0.2857142857142857,0.04908738563593939,0.0,0.0,0.0,0.0,0.0,0.0,0.0,0.0,0.0,0.0,0.0,0.0,0.0,0.0,0.0,0.0,0.0,0.0,0.0,0.0,stable,stable
33,500,240,modular,6,0.08,0.004,0.12,0,10.0,0.72,0.22,True,static,1.0,False,False,1.0,default,fixed,default,0.6513499999999999,0.8333333333333334,0.16249999999999998,0.03029571385159587,0.26831666666666665,0.35833333333333334,0.15833333333333333,0.028896121423702063,0.08033333333333334,0.15416666666666667,0.12083333333333335,0.017087194685559776,0.31761221430593045,0.41241870927356233,0.17154255504379756,0.030471561334521467,0.31744269798647257,0.41241870927356233,0.17154255504379756,0.030291170419610918,0.013586571497772088,0.03270869669748533,0.026603951850557615,0.004173891715702919,0.013600000000000001,0.06666666666666667,0.041666666666666664,0.007721614684334704,1.621154226740983,1.7750658140354276,0.27911902205113326,0.0495267747789255,1.0,1.0,0.0,0.0,0.07742857142857142,0.2857142857142857,0.2857142857142857,0.05175215661482827,0.0,0.0,0.0,0.0,0.0,0.0,0.0,0.0,0.0,0.0,0.0,0.0,0.0,0.0,0.0,0.0,0.0,0.0,0.0,0.0,stable,oscillatory
34,500,240,modular,6,0.08,0.004,0.12,0,10.0,0.72,0.22,True,static,1.0,False,False,1.0,default,fixed,default,0.6494500000000001,0.8416666666666667,0.15416666666666667,0.029581154849366888,0.27101666666666663,0.3625,0.16249999999999998,0.028201305131342964,0.07953333333333333,0.12916666666666668,0.09166666666666667,0.017942934232975636,0.31953525474676386,0.42706161510078033,0.1571170273011497,0.02981143974914692,0.31939025169647606,0.42706161510078033,0.1571170273011497,0.029741861602249252,0.013816603872986593,0.03758810272606903,0.02383874347718136,0.004124490938787813,0.013933333333333334,0.05,0.04583333333333333,0.008450903962167465,1.6246138282819214,1.816450888361105,0.26293233450036224,0.048185181536868245,1.0,1.0,0.0,0.0,0.08242857142857142,0.42857142857142855,0.42857142857142855,0.05557142857142857,0.0,0.0,0.0,0.0,0.0,0.0,0.0,0.0,0.0,0.0,0.0,0.0,0.0,0.0,0.0,0.0,0.0,0.0,0.0,0.0,stable,stable
35,500,240,modular,6,0.08,0.004,0.12,0,10.0,0.72,0.22,True,static,1.0,False,False,1.0,default,fixed,default,0.6497999999999999,0.8125,0.2041666666666666,0.030006277121073628,0.2692166666666667,0.36666666666666664,0.18749999999999997,0.02890281128194972,0.08098333333333332,0.14166666666666666,0.09583333333333333,0.017089381043339295,0.3095547793706935,0.3946053980315386,0.15125353434577157,0.028133810407543907,0.30954746880288164,0.3946053980315386,0.15125353434577157,0.028139373798524707,0.012076957960177727,0.02665892946739169,0.01745515720650979,0.0033498970302278264,0.0117,0.04583333333333333,0.041666666666666664,0.008328265125462805,1.623398995117423,1.7572884771425514,0.30083020137173877,0.04859341244157612,1.0,1.0,0.0,0.0,0.0852857142857143,0.25,0.25,0.05274911741209612,0.0,0.0,0.0,0.0,0.0,0.0,0.0,0.0,0.0,0.0,0.0,0.0,0.0,0.0,0.0,0.0,0.0,0.0,0.0,0.0,stable,stable
36,500,240,modular,6,0.08,0.004,0.12,0,10.0,0.72,0.22,True,static,1.0,False,False,1.0,default,fixed,default,0.6490666666666667,0.75,0.20833333333333326,0.031685801236516015,0.27048333333333335,0.39166666666666666,0.19999999999999998,0.028615307674972383,0.08045,0.15,0.1,0.016656838769039516,0.31292401758964994,0.41739790604631444,0.18011715303385703,0.031108936436694382,0.312871353325606,0.41739790604631444,0.18011715303385703,0.03111893356139588,0.012740949043695793,0.03356785300238098,0.02595870839130205,0.004002300086758711,0.0122,0.05416666666666667,0.05416666666666667,0.00886904729945669,1.6067667891349915,1.7951697537054336,0.3222507141415676,0.051511210554078084,1.0,1.0,0.0,0.0,0.0747142857142857,0.2857142857142857,0.25,0.050753707012495194,0.0,0.0,0.0,0.0,0.0,0.0,0.0,0.0,0.0,0.0,0.0,0.0,0.0,0.0,0.0,0.0,0.0,0.0,0.0,0.0,stable,stable
37,500,240,modular,6,0.08,0.004,0.12,0,10.0,0.72,0.22,True,static,1.0,False,False,1.0,default,fixed,default,0.6494166666666668,0.7833333333333333,0.15416666666666667,0.030226115455935707,0.26963333333333334,0.3458333333333333,0.15416666666666665,0.027672770411041648,0.08095000000000001,0.14583333333333334,0.0875,0.016127107958685934,0.3200032050759488,0.4086025510785597,0.17398081384352548,0.029946749629905144,0.3198808371429557,0.4086025510785597,0.17398081384352548,0.029967196016450176,0.013871293416329361,0.03149291074554315,0.025763278575250938,0.004094350444521588,0.014483333333333334,0.05,0.05,0.009310821064164474,1.6062797435953484,1.7467229975506358,0.2657976913609099,0.048480897208318184,1.0,1.0,0.0,0.0,0.08028571428571428,0.2857142857142857,0.2857142857142857,0.052906540624164104,0.0,0.0,0.0,0.0,0.0,0.0,0.0,0.0,0.0,0.0,0.0,0.0,0.0,0.0,0.0,0.0,0.0,0.0,0.0,0.0,stable,stable
38,500,240,modular,6,0.08,0.004,0.12,0,10.0,0.72,0.22,True,static,1.0,False,False,1.0,default,fixed,default,0.6525833333333333,0.8208333333333333,0.19166666666666676,0.03139234248454018,0.2704166666666667,0.37916666666666665,0.175,0.02802838343140356,0.077,0.15833333333333333,0.09583333333333335,0.017087194685559776,0.31324042416388315,0.4434294541318871,0.16886263593091977,0.031347374976172696,0.31334465500687164,0.4434294541318871,0.16886263593091977,0.031412189753427106,0.013055771853165428,0.043805449641254234,0.022639390019309938,0.004046949784185616,0.01355,0.041666666666666664,0.0375,0.008799952651387772,1.6093825387977208,1.808136352042499,0.26473203441931537,0.05033722444438708,1.0,1.0,0.0,0.0,0.0747142857142857,0.25,0.21428571428571427,0.04633969515371001,0.0,0.0,0.0,0.0,0.0,0.0,0.0,0.0,0.0,0.0,0.0,0.0,0.0,0.0,0.0,0.0,0.0,0.0,0.0,0.0,stable,stable
39,500,240,modular,6,0.08,0.004,0.12,0,10.0,0.72,0.22,True,static,1.0,False,False,1.0,default,fixed,default,0.6477833333333333,0.7916666666666666,0.19166666666666665,0.02884614840455789,0.27153333333333335,0.35833333333333334,0.17083333333333334,0.026479740683523822,0.08068333333333333,0.12916666666666668,0.1,0.016861107450118585,0.31775256756388215,0.41743537939314096,0.1638587979871135,0.029801699048323065,0.3176110284174561,0.41743537939314096,0.1638587979871135,0.02995898706256924,0.013431324820484395,0.03392748614867505,0.021893752843542343,0.0039667655987015325,0.013016666666666666,0.041666666666666664,0.041666666666666664,0.0079719821876369,1.6069073021280464,1.7557011033125938,0.2731129844331961,0.046765377565938404,1.0,1.0,0.0,0.0,0.08314285714285714,0.25,0.25,0.051065384257711746,0.0,0.0,0.0,0.0,0.0,0.0,0.0,0.0,0.0,0.0,0.0,0.0,0.0,0.0,0.0,0.0,0.0,0.0,0.0,0.0,stable,stable
40,500,240,modular,6,0.08,0.004,0.12,0,10.0,0.72,0.22,True,static,1.0,False,False,1.0,default,fixed,default,0.6513500000000001,0.7708333333333334,0.14583333333333326,0.030102551571438443,0.26915,0.3625,0.13749999999999998,0.027746616410334112,0.0795,0.12916666666666668,0.1,0.017951323071016243,0.3190298111018813,0.40446330714042605,0.15078707571494546,0.031059953860253838,0.31906014888467543,0.40446330714042605,0.15078707571494546,0.03106996198399117,0.013913199971203487,0.030498549026077897,0.0222540794452466,0.004283654850901064,0.013733333333333334,0.04583333333333333,0.0375,0.008740455111466197,1.6195731971065717,1.7666987648358998,0.25230401784942513,0.04959777267706815,1.0,1.0,0.0,0.0,0.07928571428571428,0.2857142857142857,0.2857142857142857,0.049223563297200144,0.0,0.0,0.0,0.0,0.0,0.0,0.0,0.0,0.0,0.0,0.0,0.0,0.0,0.0,0.0,0.0,0.0,0.0,0.0,0.0,stable,stable
41,500,240,modular,6,0.08,0.004,0.12,0,10.0,0.72,0.22,True,static,1.0,False,False,1.0,default,fixed,default,0.6562666666666667,0.7875,0.15416666666666656,0.03143831703157435,0.26541666666666663,0.3625,0.15416666666666665,0.02860713294889153,0.07831666666666666,0.12916666666666668,0.09583333333333335,0.018496613804213524,0.3069266278746438,0.3994063606911565,0.15989850800541183,0.03251826894637922,0.3070715633705606,0.3994063606911565,0.15989850800541183,0.03244705219366023,0.01213924225106002,0.02837002912136936,0.021969405729760666,0.0040290339756191154,0.011783333333333333,0.05416666666666667,0.05416666666666667,0.008273132551955288,1.6105177765015604,1.7752645054308664,0.26845144793766984,0.051675131922914,1.0,1.0,0.0,0.0,0.07485714285714284,0.25,0.21428571428571427,0.04649423927449814,0.0,0.0,0.0,0.0,0.0,0.0,0.0,0.0,0.0,0.0,0.0,0.0,0.0,0.0,0.0,0.0,0.0,0.0,0.0,0.0,stable,stable
42,500,240,modular,6,0.08,0.004,0.12,0,10.0,0.72,0.22,True,static,1.0,False,False,1.0,default,fixed,default,0.6477833333333333,0.7958333333333333,0.15000000000000002,0.03150864519813923,0.27259999999999995,0.3625,0.175,0.030123652574753353,0.07961666666666666,0.14583333333333334,0.11250000000000002,0.01884528381909443,0.3142037631336868,0.4135063125790412,0.15579435331952424,0.0316746344810644,0.314276813434669,0.4135063125790412,0.15579435331952424,0.03172625873172643,0.01298363456071041,0.032472157286123515,0.020890901142197497,0.0040469203216706336,0.013066666666666666,0.041666666666666664,0.041666666666666664,0.008454847393326768,1.6439301846750896,1.813702780180698,0.23683664793881154,0.05141915502007265,1.0,1.0,0.0,0.0,0.0747142857142857,0.32142857142857145,0.25,0.04442857142857142,0.0,0.0,0.0,0.0,0.0,0.0,0.0,0.0,0.0,0.0,0.0,0.0,0.0,0.0,0.0,0.0,0.0,0.0,0.0,0.0,stable,stable
43,500,240,modular,6,0.08,0.004,0.12,0,10.0,0.72,0.22,True,static,1.0,False,False,1.0,default,fixed,default,0.6484500000000001,0.8208333333333333,0.17500000000000004,0.031717507433242254,0.27145,0.375,0.19583333333333333,0.029452791793723808,0.08009999999999999,0.1375,0.10833333333333334,0.01760179915046565,0.32114399787273623,0.4139396811580887,0.17283080917196394,0.03183807901471979,0.32122197492782173,0.4139396811580887,0.17283080917196394,0.03181699952871567,0.014195417423027781,0.033331908818608806,0.024720877170554642,0.004294257615356081,0.013883333333333333,0.041666666666666664,0.041666666666666664,0.008569341346399447,1.6306511792370482,1.7741876722991268,0.26292538070262217,0.05180457798800571,1.0,1.0,0.0,0.0,0.07757142857142856,0.2857142857142857,0.2857142857142857,0.04936349969401295,0.0,0.0,0.0,0.0,0.0,0.0,0.0,0.0,0.0,0.0,0.0,0.0,0.0,0.0,0.0,0.0,0.0,0.0,0.0,0.0,stable,stable
44,500,240,modular,6,0.08,0.004,0.12,0,10.0,0.72,0.22,True,static,1.0,False,False,1.0,default,fixed,default,0.64795,0.8375,0.16666666666666663,0.030106851379710895,0.27126666666666666,0.3625,0.1583333333333333,0.028246553378735918,0.08078333333333333,0.14583333333333334,0.10416666666666669,0.017198522223338456,0.32116822457988575,0.44785995707125703,0.1993702950159524,0.03139536699040029,0.32106575360363265,0.44785995707125703,0.1993702950159524,0.03155606370997642,0.014163267226621624,0.04580920724650482,0.03921908144007492,0.004833737846326816,0.013550000000000001,0.05,0.05,0.008161239693412597,1.6407548285620064,1.8160120514275142,0.2757484322635453,0.04880276251311768,1.0,1.0,0.0,0.0,0.08028571428571428,0.25,0.25,0.05271331783857871,0.0,0.0,0.0,0.0,0.0,0.0,0.0,0.0,0.0,0.0,0.0,0.0,0.0,0.0,0.0,0.0,0.0,0.0,0.0,0.0,stable,stable
45,500,240,modular,6,0.08,0.004,0.12,0,10.0,0.72,0.22,True,static,1.0,False,False,1.0,default,fixed,default,0.6473,0.8125,0.1625000000000001,0.030895235159415044,0.27181666666666665,0.3458333333333333,0.16666666666666666,0.028789316112443907,0.08088333333333332,0.14583333333333334,0.09166666666666667,0.016969261425687724,0.3228551786398453,0.41541584477843935,0.1552323489191281,0.030750368124806263,0.3230453901988285,0.41541584477843935,0.1552323489191281,0.030740407931922033,0.014413317385425853,0.03377130052422952,0.023625382044997992,0.004411063885124334,0.014683333333333333,0.04583333333333333,0.04583333333333333,0.00909195309661852,1.6270402372166795,1.7879958545361865,0.2618399660690882,0.050250529253797666,1.0,1.0,0.0,0.0,0.07228571428571427,0.32142857142857145,0.17857142857142858,0.04780146014335477,0.0,0.0,0.0,0.0,0.0,0.0,0.0,0.0,0.0,0.0,0.0,0.0,0.0,0.0,0.0,0.0,0.0,0.0,0.0,0.0,stable,stable
46,500,240,modular,6,0.08,0.004,0.12,0,10.0,0.72,0.22,True,static,1.0,False,False,1.0,default,fixed,default,0.6485833333333333,0.8125,0.16249999999999998,0.03097725420010266,0.2712333333333333,0.3458333333333333,0.14583333333333331,0.02770090251237313,0.08018333333333334,0.14166666666666666,0.10416666666666669,0.018234803414228395,0.3169742485894032,0.41040685568623825,0.1476202972169509,0.03071906292159745,0.31683288986357616,0.41040685568623825,0.1476202972169509,0.030892332974356954,0.01338739886364729,0.03176157561348128,0.020261903791671095,0.0041148311667680215,0.0135,0.05416666666666667,0.05416666666666667,0.007973915809270458,1.6084368853211022,1.7544872270062237,0.26489614989159516,0.0505498068915865,1.0,1.0,0.0,0.0,0.07942857142857143,0.2857142857142857,0.2857142857142857,0.04956216463458094,0.0,0.0,0.0,0.0,0.0,0.0,0.0,0.0,0.0,0.0,0.0,0.0,0.0,0.0,0.0,0.0,0.0,0.0,0.0,0.0,stable,stable
47,500,240,modular,6,0.08,0.004,0.12,0,10.0,0.72,0.22,True,static,1.0,False,False,1.0,default,fixed,default,0.6504333333333333,0.8,0.17083333333333328,0.02985299166098954,0.27243333333333336,0.3625,0.14583333333333334,0.02762488813451458,0.07713333333333333,0.13333333333333333,0.10416666666666666,0.01758800096025065,0.3148829891005709,0.4064797033046442,0.18147972174036645,0.03003808019476292,0.31498222760452427,0.4064797033046442,0.18147972174036645,0.02999757224464921,0.01316671423905411,0.0307328282629225,0.025546388385226704,0.003891585852573567,0.013149999999999998,0.0625,0.04583333333333333,0.00869592816590999,1.6163481172595693,1.752564781033424,0.29397043555209135,0.0489891837881722,1.0,1.0,0.0,0.0,0.07699999999999999,0.2857142857142857,0.21428571428571427,0.05105599167300823,0.0,0.0,0.0,0.0,0.0,0.0,0.0,0.0,0.0,0.0,0.0,0.0,0.0,0.0,0.0,0.0,0.0,0.0,0.0,0.0,stable,stable
48,500,240,modular,6,0.08,0.004,0.12,0,10.0,0.72,0.22,True,static,1.0,False,False,1.0,default,fixed,default,0.6514500000000001,0.7791666666666667,0.14583333333333337,0.028294978942090297,0.27015,0.3625,0.11666666666666664,0.025680023580812988,0.0784,0.1375,0.09583333333333333,0.016699001966185484,0.31121520653565893,0.4048726146578412,0.15754426287366005,0.028698527353481648,0.3112967864370634,0.4048726146578412,0.15754426287366005,0.028698266698970992,0.012509776555039969,0.029878565387026858,0.023488213889849736,0.003703879611208242,0.013016666666666666,0.0375,0.0375,0.00801541916835573,1.6336132928939315,1.787102516576781,0.26697928355744627,0.046740342976555854,1.0,1.0,0.0,0.0,0.07971428571428571,0.25,0.25,0.0495152007169598,0.0,0.0,0.0,0.0,0.0,0.0,0.0,0.0,0.0,0.0,0.0,0.0,0.0,0.0,0.0,0.0,0.0,0.0,0.0,0.0,stable,stable
49,500,240,modular,6,0.08,0.004,0.12,0,10.0,0.72,0.22,True,static,1.0,False,False,1.0,default,fixed,default,0.64825,0.8166666666666667,0.1875,0.030407989629920182,0.2727333333333333,0.375,0.17083333333333334,0.028734918749764294,0.07901666666666667,0.1375,0.07916666666666666,0.016173271846544292,0.3139699180393146,0.41289776833454567,0.18211600070508788,0.0294684918460972,0.31404570347106897,0.41289776833454567,0.18211600070508788,0.029518542332011816,0.012908325512520915,0.032364418605563126,0.026924559253524737,0.0038130766650900736,0.012766666666666666,0.04583333333333333,0.04583333333333333,0.008278888814327682,1.6074741596758102,1.7718928599998711,0.2870778423627651,0.04768458674626899,1.0,1.0,0.0,0.0,0.08014285714285714,0.2857142857142857,0.2857142857142857,0.051513620152581874,0.0,0.0,0.0,0.0,0.0,0.0,0.0,0.0,0.0,0.0,0.0,0.0,0.0,0.0,0.0,0.0,0.0,0.0,0.0,0.0,stable,stable
50,500,240,modular,6,0.08,0.004,0.12,0,10.0,0.72,0.22,True,static,1.0,False,False,1.0,default,fixed,default,0.6463833333333333,0.7833333333333333,0.1791666666666667,0.03336940131983858,0.27163333333333334,0.3458333333333333,0.15833333333333335,0.03080266943698946,0.08198333333333334,0.12916666666666668,0.09166666666666667,0.01771055084154954,0.32844509092365554,0.41172978652134823,0.17773501844825823,0.03416235953197404,0.3286104776865367,0.41172978652134823,0.17773501844825823,0.03407621902877675,0.01558075732131364,0.03306343156980192,0.027261601858954272,0.005186032736231024,0.015716666666666664,0.05416666666666667,0.05416666666666667,0.010020825537072503,1.6316806796435963,1.7559843082334907,0.26372959248196537,0.05373188539327944,1.0,1.0,0.0,0.0,0.08842857142857141,0.25,0.25,0.05413305602958363,0.0,0.0,0.0,0.0,0.0,0.0,0.0,0.0,0.0,0.0,0.0,0.0,0.0,0.0,0.0,0.0,0.0,0.0,0.0,0.0,stable,stable
1,500,240,modular,6,0.08,0.004,0.12,4,10.0,0.72,0.22,True,static,1.0,False,False,1.0,default,q_learning,default,0.37981666666666664,0.8333333333333334,0.14583333333333337,0.024476343454218993,0.3670833333333334,0.44166666666666665,0.14166666666666666,0.025574645647594024,0.25310000000000005,0.42083333333333334,0.15833333333333333,0.022863751028890933,0.6411310186787189,0.8373928286798874,0.17059278459511762,0.03094921547413001,0.6415472315917853,0.8373928286798874,0.17059278459511762,0.031059093362617914,0.23774746713615605,0.572615259062863,0.2632728978992457,0.048818023364189674,0.23771666666666666,0.6333333333333333,0.275,0.05380412262188754,2.1320705073151576,2.3954036187186842,0.25189022563883756,0.04497237047474404,1.0,1.0,0.0,0.0,0.29957142857142854,0.5357142857142857,0.4285714285714286,0.07796401577075183,0.0,0.0,0.0,0.0,0.0,0.0,0.0,0.0,0.0,0.0,0.0,0.0,0.0,0.0,0.0,0.0,0.0,0.0,0.0,0.0,oscillatory,runaway
2,500,240,modular,6,0.08,0.004,0.12,4,10.0,0.72,0.22,True,static,1.0,False,False,1.0,default,q_learning,default,0.36783333333333335,0.7875,0.14583333333333331,0.02308258121518379,0.38856666666666667,0.48333333333333334,0.15000000000000002,0.026530401848110445,0.24359999999999998,0.3541666666666667,0.11666666666666664,0.02240128964541501,0.6342411346006325,0.7968363904724831,0.14554496573168274,0.027082002888072828,0.6346306150999035,0.7968363904724831,0.14554496573168274,0.027011860695609125,0.22138318148385655,0.5013761381690001,0.21680085351728634,0.04130810810953578,0.21856666666666666,0.5208333333333334,0.2791666666666667,0.04732571534940949,2.1334583713182727,2.344168610650498,0.25564370002130743,0.041430278370288696,1.0,1.0,0.0,0.0,0.21842857142857142,0.5,0.3214285714285714,0.060509570840201025,0.0,0.0,0.0,0.0,0.0,0.0,0.0,0.0,0.0,0.0,0.0,0.0,0.0,0.0,0.0,0.0,0.0,0.0,0.0,0.0,stable,stable
3,500,240,modular,6,0.08,0.004,0.12,4,10.0,0.72,0.22,True,static,1.0,False,False,1.0,default,q_learning,default,0.35719999999999996,0.8,0.12083333333333335,0.022778376685893234,0.42923333333333336,0.5,0.125,0.024386836157603096,0.21356666666666665,0.4,0.12083333333333335,0.021437272836502937,0.6084306757375502,0.8104424841882599,0.13093715027456598,0.027595282497127255,0.6089547304022056,0.8104424841882599,0.13093715027456598,0.02759357544032305,0.18420627927912217,0.5218109406460129,0.18224544060459757,0.03774789256679852,0.18284999999999998,0.5208333333333334,0.24166666666666667,0.04501823396012874,2.141186184439711,2.3436405041126482,0.2249577208008091,0.04106627417679366,1.0,1.0,0.0,0.0,0.2521428571428571,0.4642857142857143,0.3214285714285714,0.05847116854502233,0.0,0.0,0.0,0.0,0.0,0.0,0.0,0.0,0.0,0.0,0.0,0.0,0.0,0.0,0.0,0.0,0.0,0.0,0.0,0.0,stable,oscillatory
4,500,240,modular,6,0.08,0.004,0.12,4,10.0,0.72,0.22,True,static,1.0,False,False,1.0,default,q_learning,default,0.3722166666666667,0.7791666666666667,0.1291666666666667,0.02314724005626205,0.43989999999999996,0.5166666666666667,0.14583333333333337,0.02546655759138945,0.18788333333333332,0.36666666666666664,0.12916666666666665,0.021423124836908777,0.5928322028894546,0.7811522696618876,0.1771656347261219,0.028741104134198735,0.5927402111394633,0.7811522696618876,0.18081896487377802,0.02911997746895315,0.1647801410104508,0.47949782889733916,0.24636607902847224,0.03750597891940331,0.1618333333333333,0.5,0.25416666666666665,0.04317889144786682,2.1153387350855084,2.338736142848946,0.23607623361655206,0.04151361839578578,1.0,1.0,0.0,0.0,0.22857142857142856,0.4642857142857143,0.3928571428571429,0.07235118435486057,0.0,0.0,0.0,0.0,0.0,0.0,0.0,0.0,0.0,0.0,0.0,0.0,0.0,0.0,0.0,0.0,0.0,0.0,0.0,0.0,stable,oscillatory
5,500,240,modular,6,0.08,0.004,0.12,4,10.0,0.72,0.22,True,static,1.0,False,False,1.0,default,q_learning,default,0.3689666666666667,0.7666666666666667,0.11249999999999999,0.02270252066279083,0.40441666666666665,0.4708333333333333,0.1333333333333333,0.023493645713019696,0.22661666666666666,0.4166666666666667,0.11249999999999999,0.02060434824658782,0.6144927542869902,0.7959885797802684,0.1556595071108402,0.027481038653661576,0.6145548836514916,0.7959885797802684,0.1556595071108402,0.027677551018902576,0.19119634628872553,0.497571531411249,0.22196733558352794,0.03918901800888536,0.19191666666666665,0.5083333333333333,0.2583333333333333,0.04524785139159157,2.103042130693381,2.308963377986082,0.2170077539680597,0.04022238427194782,1.0,1.0,0.0,0.0,0.2611428571428572,0.4642857142857143,0.2857142857142857,0.06576333573147436,0.0,0.0,0.0,0.0,0.0,0.0,0.0,0.0,0.0,0.0,0.0,0.0,0.0,0.0,0.0,0.0,0.0,0.0,0.0,0.0,stable,runaway
6,500,240,modular,6,0.08,0.004,0.12,4,10.0,0.72,0.22,True,static,1.0,False,False,1.0,default,q_learning,default,0.34631666666666666,0.7958333333333333,0.15833333333333338,0.025543584756690323,0.41529999999999995,0.48333333333333334,0.14583333333333331,0.024651887464361737,0.23838333333333334,0.3333333333333333,0.13333333333333333,0.02268712924398619,0.641050141087516,0.7437191558470494,0.1870930736387093,0.029964326899430654,0.6405133974005064,0.7437191558470494,0.1870930736387093,0.029521063598015443,0.2302903014384409,0.40928185127422073,0.27097409451925636,0.0456533746964244,0.22885,0.3875,0.25416666666666665,0.052077370325315,2.1533225370790734,2.2778047799902152,0.25889780165655596,0.04644623499838208,1.0,1.0,0.0,0.0,0.2738571428571429,0.5,0.3214285714285714,0.057739916515212195,0.0,0.0,0.0,0.0,0.0,0.0,0.0,0.0,0.0,0.0,0.0,0.0,0.0,0.0,0.0,0.0,0.0,0.0,0.0,0.0,stable,oscillatory
7,500,240,modular,6,0.08,0.004,0.12,4,10.0,0.72,0.22,True,static,1.0,False,False,1.0,default,q_learning,default,0.39146666666666663,0.8416666666666667,0.1166666666666667,0.02409100800437098,0.3923833333333333,0.4666666666666667,0.12083333333333329,0.023569642669237806,0.21614999999999998,0.35833333333333334,0.10833333333333331,0.02144624416742682,0.6057382785113363,0.7770336927817791,0.1513562629834424,0.03009417875234726,0.6058324217947612,0.7770336927817791,0.15619293432227,0.03032554212011634,0.18595355228994756,0.48242363092522605,0.2180671869916285,0.04246811017741161,0.1866,0.44583333333333336,0.2625,0.047733589384788104,2.100782677912999,2.290560685973567,0.22894583193867923,0.04511809799618505,1.0,1.0,0.0,0.0,0.27214285714285713,0.5,0.39285714285714285,0.07217114014194147,0.0,0.0,0.0,0.0,0.0,0.0,0.0,0.0,0.0,0.0,0.0,0.0,0.0,0.0,0.0,0.0,0.0,0.0,0.0,0.0,stable,stable
8,500,240,modular,6,0.08,0.004,0.12,4,10.0,0.72,0.22,True,static,1.0,False,False,1.0,default,q_learning,default,0.3558333333333334,0.8,0.1333333333333333,0.02317206172191945,0.43598333333333333,0.5,0.13333333333333336,0.025652425702931962,0.20818333333333333,0.375,0.12916666666666665,0.021906803864451693,0.6254136808130931,0.7518322144284517,0.15814820899033155,0.028836444091949368,0.6249214084486345,0.7518322144284517,0.15814820899033155,0.02905156979057661,0.21061743171129677,0.431824405297592,0.22496249434819632,0.04374971400289075,0.21251666666666666,0.49166666666666664,0.22083333333333333,0.05005205345992865,2.0937828208226494,2.2573808764352292,0.23445582258539654,0.04084011461681549,1.0,1.0,0.0,0.0,0.2464285714285714,0.5,0.4642857142857143,0.06641320866901618,0.0,0.0,0.0,0.0,0.0,0.0,0.0,0.0,0.0,0.0,0.0,0.0,0.0,0.0,0.0,0.0,0.0,0.0,0.0,0.0,stable,oscillatory
9,500,240,modular,6,0.08,0.004,0.12,4,10.0,0.72,0.22,True,static,1.0,False,False,1.0,default,q_learning,default,0.3708333333333333,0.7583333333333333,0.12083333333333329,0.02374342014116753,0.41873333333333335,0.48333333333333334,0.1375,0.026191728974366443,0.21043333333333333,0.3875,0.10416666666666669,0.020416659863944444,0.6196131902467914,0.8099512542169596,0.1418145727282878,0.027055140931290404,0.6193108419601131,0.8099512542169596,0.1418145727282878,0.02680427657233252,0.20044528828485836,0.526169285127868,0.2046456442883759,0.03859811934982126,0.2001,0.5416666666666666,0.22083333333333333,0.044114636019252286,2.1246092577565334,2.3475093220300773,0.23827375424588837,0.04117350670018529,1.0,1.0,0.0,0.0,0.22171428571428572,0.5,0.3214285714285714,0.06132815713147475,0.0,0.0,0.0,0.0,0.0,0.0,0.0,0.0,0.0,0.0,0.0,0.0,0.0,0.0,0.0,0.0,0.0,0.0,0.0,0.0,stable,stable
10,500,240,modular,6,0.08,0.004,0.12,4,10.0,0.72,0.22,True,static,1.0,False,False,1.0,default,q_learning,default,0.35098333333333337,0.7875,0.1291666666666667,0.02324249580211022,0.4386666666666667,0.5041666666666667,0.1375,0.02490035698093057,0.21035,0.38333333333333336,0.10416666666666669,0.021435361490355655,0.636639829170582,0.815522468549318,0.14519621805824034,0.02802767880544477,0.6369636731809719,0.815522468549318,0.14519621805824034,0.027634534597511373,0.23024692064416924,0.5422341567612802,0.22768392566536924,0.04356755440608565,0.23051666666666665,0.5583333333333333,0.26666666666666666,0.05025542812030911,2.1423198214709194,2.3486795967290512,0.22859694329024327,0.04107274992970256,1.0,1.0,0.0,0.0,0.22885714285714287,0.5,0.3571428571428571,0.06430095057538388,0.0,0.0,0.0,0.0,0.0,0.0,0.0,0.0,0.0,0.0,0.0,0.0,0.0,0.0,0.0,0.0,0.0,0.0,0.0,0.0,stable,stable
11,500,240,modular,6,0.08,0.004,0.12,4,10.0,0.72,0.22,True,static,1.0,False,False,1.0,default,q_learning,default,0.38454999999999995,0.8166666666666667,0.14583333333333331,0.026330806840825994,0.4152833333333333,0.4791666666666667,0.12916666666666665,0.024388983168635792,0.2001666666666667,0.38333333333333336,0.12916666666666668,0.02178429607665934,0.6076200684591255,0.8051061114545115,0.17799274739317728,0.031121078727226543,0.6076403475940376,0.8051061114545115,0.17799274739317728,0.03136866221124477,0.18441307289387152,0.5171851169814384,0.2314613088888957,0.0423789012540582,0.18275,0.5708333333333333,0.23333333333333334,0.04972710249172198,2.0836356673191014,2.3422760903252855,0.25235438124549114,0.04667241351788395,1.0,1.0,0.0,0.0,0.335,0.5357142857142857,0.35714285714285715,0.06741964226592503,0.0,0.0,0.0,0.0,0.0,0.0,0.0,0.0,0.0,0.0,0.0,0.0,0.0,0.0,0.0,0.0,0.0,0.0,0.0,0.0,stable,oscillatory
12,500,240,modular,6,0.08,0.004,0.12,4,10.0,0.72,0.22,True,static,1.0,False,False,1.0,default,q_learning,default,0.3727833333333333,0.7708333333333334,0.13333333333333336,0.023523398516748763,0.39163333333333333,0.4583333333333333,0.12916666666666665,0.02475432622122175,0.23558333333333337,0.3875,0.10833333333333336,0.02088343974434182,0.637448742618871,0.8304513161438783,0.166545022479061,0.02859137273456808,0.6365846471146963,0.8304513161438783,0.166545022479061,0.02820904125953592,0.2274299910312461,0.5583410616751753,0.2512287713417538,0.044293972237107224,0.22761666666666666,0.525,0.2666666666666666,0.05164004959546633,2.1069936341703723,2.3218715906388683,0.26488725267708624,0.041122958691630275,1.0,1.0,0.0,0.0,0.209,0.4642857142857143,0.3571428571428571,0.05957005822336162,0.0,0.0,0.0,0.0,0.0,0.0,0.0,0.0,0.0,0.0,0.0,0.0,0.0,0.0,0.0,0.0,0.0,0.0,0.0,0.0,stable,stable
13,500,240,modular,6,0.08,0.004,0.12,4,10.0,0.72,0.22,True,static,1.0,False,False,1.0,default,q_learning,default,0.38039999999999996,0.8291666666666667,0.125,0.022561791694022098,0.40126666666666666,0.475,0.13749999999999996,0.024926135324639116,0.21833333333333332,0.375,0.12083333333333335,0.021311186420907367,0.6133441095424437,0.7855176032132171,0.15430176954485697,0.028434586409768862,0.6141403651969193,0.7855176032132171,0.15430176954485697,0.028485038132481773,0.19481719351461327,0.4907898835840484,0.2032330971264274,0.040408721723024975,0.19526666666666667,0.5208333333333334,0.2583333333333333,0.04929881675388703,2.1461794822296216,2.343338568026049,0.21185541670432873,0.04139348943938029,1.0,1.0,0.0,0.0,0.28071428571428575,0.5,0.39285714285714285,0.06260093889887282,0.0,0.0,0.0,0.0,0.0,0.0,0.0,0.0,0.0,0.0,0.0,0.0,0.0,0.0,0.0,0.0,0.0,0.0,0.0,0.0,stable,oscillatory
14,500,240,modular,6,0.08,0.004,0.12,4,10.0,0.72,0.22,True,static,1.0,False,False,1.0,default,q_learning,default,0.38205,0.7708333333333334,0.14166666666666666,0.02503509203764455,0.394,0.4666666666666667,0.15833333333333338,0.024717290394467687,0.22394999999999998,0.36666666666666664,0.11250000000000002,0.02046528904158345,0.6033591262625182,0.7960912359642066,0.17140361775072344,0.0287959821104955,0.6036388331075584,0.7960912359642066,0.17140361775072344,0.029365101881147552,0.17824099605930535,0.5019594845400753,0.21443747242618333,0.03894285046126294,0.17733333333333334,0.5416666666666666,0.25416666666666665,0.04691866484791645,2.082019630727906,2.2989888228644255,0.2601456354823972,0.04379139218979424,1.0,1.0,0.0,0.0,0.26928571428571435,0.5,0.39285714285714285,0.06492145961365431,0.0,0.0,0.0,0.0,0.0,0.0,0.0,0.0,0.0,0.0,0.0,0.0,0.0,0.0,0.0,0.0,0.0,0.0,0.0,0.0,stable,stable
15,500,240,modular,6,0.08,0.004,0.12,4,10.0,0.72,0.22,True,static,1.0,False,False,1.0,default,q_learning,default,0.3597666666666667,0.7791666666666667,0.16666666666666669,0.02703703221714823,0.4448333333333333,0.5208333333333334,0.14999999999999997,0.02801487700014643,0.1954,0.4083333333333333,0.09999999999999998,0.020654727734293128,0.6103094948953524,0.8294193519458914,0.16799675959661797,0.029662724552461994,0.6101337214579596,0.8294193519458914,0.16799675959661797,0.02980423686396191,0.1873060509810656,0.552314190432492,0.2178629974681986,0.04076212965257601,0.18921666666666667,0.5416666666666666,0.2541666666666667,0.048797031444318184,2.1299163778339705,2.3929258254487125,0.2669856428382513,0.045533369404893345,1.0,1.0,0.0,0.0,0.1977142857142857,0.5357142857142857,0.32142857142857145,0.06437200557727572,0.0,0.0,0.0,0.0,0.0,0.0,0.0,0.0,0.0,0.0,0.0,0.0,0.0,0.0,0.0,0.0,0.0,0.0,0.0,0.0,stable,runaway
16,500,240,modular,6,0.08,0.004,0.12,4,10.0,0.72,0.22,True,static,1.0,False,False,1.0,default,q_learning,default,0.37171666666666664,0.7875,0.28750000000000003,0.07491929175971819,0.38355,0.4583333333333333,0.14166666666666666,0.027611294991562983,0.24473333333333336,0.4583333333333333,0.2875,0.08513901051287308,0.6585513314991255,0.8951038834537856,0.43978674039549986,0.128192931117333,0.6610694519888661,0.8951038834537856,0.43978674039549986,0.12683893948429034,0.3091083220008626,0.6377697150602077,0.517536011180215,0.15629026805294424,0.31045000000000006,0.6833333333333333,0.5708333333333334,0.15769355038597277,2.1741259456721544,2.482227370878478,0.6199830707695941,0.16795435746726833,1.0,1.0,0.0,0.0,0.32142857142857145,0.6428571428571429,0.5714285714285714,0.1365762103167671,0.0,0.0,0.0,0.0,0.0,0.0,0.0,0.0,0.0,0.0,0.0,0.0,0.0,0.0,0.0,0.0,0.0,0.0,0.0,0.0,runaway,runaway
17,500,240,modular,6,0.08,0.004,0.12,4,10.0,0.72,0.22,True,static,1.0,False,False,1.0,default,q_learning,default,0.3639,0.8166666666666667,0.14583333333333331,0.023383541220268585,0.43698333333333333,0.5041666666666667,0.14166666666666666,0.02490141116036956,0.19911666666666664,0.4125,0.1,0.020662237428593147,0.5956543409298674,0.8136253513219404,0.1668755386054429,0.026810163717515517,0.5955811771250412,0.8136253513219404,0.1668755386054429,0.02676140083184962,0.1637412738175762,0.5180223042350774,0.2164953534140297,0.03389627130923175,0.16413333333333333,0.5083333333333333,0.2791666666666667,0.04266600259899886,2.1504701941724993,2.4106136171669803,0.2793130030766391,0.04228536829225361,1.0,1.0,0.0,0.0,0.24871428571428572,0.4642857142857143,0.3928571428571429,0.0600457308717145,0.0,0.0,0.0,0.0,0.0,0.0,0.0,0.0,0.0,0.0,0.0,0.0,0.0,0.0,0.0,0.0,0.0,0.0,0.0,0.0,stable,runaway
18,500,240,modular,6,0.08,0.004,0.12,4,10.0,0.72,0.22,True,static,1.0,False,False,1.0,default,q_learning,default,0.39083333333333337,0.875,0.14583333333333331,0.02290984747027162,0.41633333333333333,0.4875,0.12916666666666665,0.023277313705265337,0.1928333333333333,0.3541666666666667,0.1333333333333333,0.02026285600139658,0.5919077158153161,0.7779017076107911,0.1578994591048225,0.02773710335605169,0.592005832461716,0.7779017076107911,0.1578994591048225,0.027537230005722065,0.16552054711464986,0.47969084377201937,0.20605272795526483,0.0358812225385063,0.16605,0.5,0.28750000000000003,0.04583145753737273,2.075197878434957,2.3077449470427975,0.2348763556196476,0.04189406938762748,1.0,1.0,0.0,0.0,0.17557142857142854,0.39285714285714285,0.32142857142857145,0.06473005169036045,0.0,0.0,0.0,0.0,0.0,0.0,0.0,0.0,0.0,0.0,0.0,0.0,0.0,0.0,0.0,0.0,0.0,0.0,0.0,0.0,stable,oscillatory
19,500,240,modular,6,0.08,0.004,0.12,4,10.0,0.72,0.22,True,static,1.0,False,False,1.0,default,q_learning,default,0.37456666666666666,0.8166666666666667,0.13333333333333336,0.024502403510222783,0.40670000000000006,0.475,0.12916666666666665,0.0247509595773578,0.21873333333333334,0.32916666666666666,0.11249999999999999,0.02007018241626673,0.6183981895374088,0.7273229240324248,0.1683965080793185,0.027810650285187342,0.6185869310290386,0.7273229240324248,0.1683965080793185,0.02784764011905673,0.19825166149547852,0.3811396082162362,0.2448309528401343,0.04026475789848276,0.19818333333333335,0.37083333333333335,0.24583333333333335,0.04420083269703311,2.1373743746949305,2.2667245025753084,0.2487557501524309,0.043811500128401425,1.0,1.0,0.0,0.0,0.337,0.5357142857142857,0.39285714285714285,0.06583358735850414,0.0,0.0,0.0,0.0,0.0,0.0,0.0,0.0,0.0,0.0,0.0,0.0,0.0,0.0,0.0,0.0,0.0,0.0,0.0,0.0,stable,stable
20,500,240,modular,6,0.08,0.004,0.12,4,10.0,0.72,0.22,True,static,1.0,False,False,1.0,default,q_learning,default,0.39936666666666665,0.7833333333333333,0.14166666666666666,0.02548722991791946,0.37511666666666665,0.4666666666666667,0.16666666666666669,0.023997690861136345,0.22551666666666664,0.39166666666666666,0.12916666666666668,0.022643302909837747,0.611283277955685,0.816646109991468,0.16257654648714048,0.03127401457365888,0.6115499655686364,0.816646109991468,0.16257654648714048,0.031219818058346838,0.19169615309071714,0.5401822625807393,0.2323201002394076,0.0439949873012768,0.19106666666666666,0.55,0.30000000000000004,0.050272048783482945,2.0681015100509783,2.3316369944010145,0.25399102110409943,0.047070603470906226,1.0,1.0,0.0,0.0,0.258,0.5,0.3928571428571429,0.06864044146187896,0.0,0.0,0.0,0.0,0.0,0.0,0.0,0.0,0.0,0.0,0.0,0.0,0.0,0.0,0.0,0.0,0.0,0.0,0.0,0.0,stable,oscillatory
21,500,240,modular,6,0.08,0.004,0.12,4,10.0,0.72,0.22,True,static,1.0,False,False,1.0,default,q_learning,default,0.37681666666666674,0.7958333333333333,0.15833333333333333,0.025176427466977912,0.4002,0.4791666666666667,0.17083333333333334,0.026808767222682956,0.22298333333333334,0.3541666666666667,0.12916666666666665,0.021223735402714678,0.6257942343069791,0.7637646974496586,0.15882618417586347,0.02918722879657651,0.6260824677846947,0.7637646974496586,0.15882618417586347,0.02903965058884783,0.2113109923558327,0.4510223265280376,0.23221402491581905,0.043109832180677994,0.21231666666666665,0.43333333333333335,0.31666666666666665,0.052687835935399316,2.1250381979567745,2.278606067563931,0.2682678005152632,0.04418158181070303,1.0,1.0,0.0,0.0,0.21814285714285714,0.4642857142857143,0.3928571428571429,0.06452669120256377,0.0,0.0,0.0,0.0,0.0,0.0,0.0,0.0,0.0,0.0,0.0,0.0,0.0,0.0,0.0,0.0,0.0,0.0,0.0,0.0,stable,oscillatory
22,500,240,modular,6,0.08,0.004,0.12,4,10.0,0.72,0.22,True,static,1.0,False,False,1.0,default,q_learning,default,0.3543333333333334,0.7583333333333333,0.15833333333333333,0.022616365755797282,0.41255000000000003,0.4875,0.14999999999999997,0.024814539868570785,0.23311666666666667,0.3875,0.125,0.02056210781456458,0.6315059196645191,0.7859374475132701,0.13937032295521645,0.026560569792914577,0.6318546553142484,0.7859374475132701,0.13937032295521645,0.02639217771419958,0.21568041812373215,0.48059140808240153,0.2041911995307124,0.03957794247690485,0.2154,0.5291666666666667,0.23333333333333334,0.045670085030210604,2.159386497244248,2.346256895795068,0.2506265064859896,0.039891216237143805,1.0,1.0,0.0,0.0,0.28728571428571426,0.5357142857142857,0.3928571428571429,0.06633695679434423,0.0,0.0,0.0,0.0,0.0,0.0,0.0,0.0,0.0,0.0,0.0,0.0,0.0,0.0,0.0,0.0,0.0,0.0,0.0,0.0,stable,oscillatory
23,500,240,modular,6,0.08,0.004,0.12,4,10.0,0.72,0.22,True,static,1.0,False,False,1.0,default,q_learning,default,0.3606333333333333,0.8333333333333334,0.14583333333333331,0.02264432722682561,0.39003333333333334,0.4791666666666667,0.15000000000000002,0.025264687697346362,0.24933333333333335,0.42083333333333334,0.13333333333333336,0.02269299940999916,0.6271588081671357,0.8213015783989709,0.179823542005078,0.027605568681767504,0.6276622437268409,0.8213015783989709,0.179823542005078,0.027594147880123175,0.20934443485997076,0.5341218010220693,0.25891564309625725,0.04047045081279621,0.20876666666666668,0.55,0.2583333333333333,0.04797952109436321,2.175068688242061,2.3788941993432084,0.2830579065441374,0.042349806973874186,1.0,1.0,0.0,0.0,0.19785714285714284,0.39285714285714285,0.35714285714285715,0.06776685722958908,0.0,0.0,0.0,0.0,0.0,0.0,0.0,0.0,0.0,0.0,0.0,0.0,0.0,0.0,0.0,0.0,0.0,0.0,0.0,0.0,stable,runaway
24,500,240,modular,6,0.08,0.004,0.12,4,10.0,0.72,0.22,True,static,1.0,False,False,1.0,default,q_learning,default,0.3886,0.8166666666666667,0.16666666666666669,0.024461670697917045,0.42410000000000003,0.49166666666666664,0.14999999999999997,0.024014370697563573,0.18730000000000002,0.4083333333333333,0.11666666666666664,0.021113818539840994,0.5998601870230673,0.8427835622048423,0.17683307065226572,0.03049275282470616,0.5997566880582801,0.8427835622048423,0.17683307065226572,0.030522172397904977,0.1785028495112796,0.5865776666484505,0.2580835347865708,0.041709965180193334,0.17743333333333333,0.6416666666666667,0.3375,0.0496031025015349,2.0846271062637176,2.3462958937516234,0.28227572484355923,0.043702568411156696,1.0,1.0,0.0,0.0,0.20471428571428568,0.5,0.35714285714285715,0.06360929851163946,0.0,0.0,0.0,0.0,0.0,0.0,0.0,0.0,0.0,0.0,0.0,0.0,0.0,0.0,0.0,0.0,0.0,0.0,0.0,0.0,stable,runaway
25,500,240,modular,6,0.08,0.004,0.12,4,10.0,0.72,0.22,True,static,1.0,False,False,1.0,default,q_learning,default,0.39920000000000005,0.775,0.14583333333333331,0.023295779302983904,0.38495000000000007,0.4625,0.14166666666666666,0.022924035179018743,0.21585,0.36666666666666664,0.12916666666666668,0.02219765377992308,0.6046539614995754,0.780252073632932,0.16150228162433045,0.031236552039243956,0.6045054032732402,0.780252073632932,0.16150228162433045,0.03170383211825016,0.18241820160343913,0.4827140374201049,0.218697089193638,0.043856016581304856,0.18118333333333334,0.48333333333333334,0.25416666666666665,0.04994888776428249,2.0803827910393173,2.2913620987836243,0.23855252796993498,0.043536001762277704,1.0,1.0,0.0,0.0,0.31457142857142856,0.6428571428571429,0.5,0.07280053823528325,0.0,0.0,0.0,0.0,0.0,0.0,0.0,0.0,0.0,0.0,0.0,0.0,0.0,0.0,0.0,0.0,0.0,0.0,0.0,0.0,stable,oscillatory
26,500,240,modular,6,0.08,0.004,0.12,4,10.0,0.72,0.22,True,static,1.0,False,False,1.0,default,q_learning,default,0.35258333333333336,0.8375,0.14999999999999997,0.02492892674963944,0.4327833333333333,0.5166666666666667,0.15000000000000008,0.025793846165316256,0.21463333333333331,0.375,0.12083333333333332,0.022042358212213946,0.6300390868490506,0.7909744747073079,0.1684914636790067,0.03013917716051696,0.6297624500140463,0.7909744747073079,0.1684914636790067,0.030038893474368493,0.2176797500023156,0.4990756424585017,0.2456187296403809,0.04525341275681508,0.22076666666666667,0.5375,0.275,0.052344966859819056,2.1291401546622146,2.2976662390048035,0.25981798429046266,0.04388487453527321,1.0,1.0,0.0,0.0,0.2824285714285714,0.5357142857142857,0.3214285714285714,0.07138870315936206,0.0,0.0,0.0,0.0,0.0,0.0,0.0,0.0,0.0,0.0,0.0,0.0,0.0,0.0,0.0,0.0,0.0,0.0,0.0,0.0,stable,oscillatory
27,500,240,modular,6,0.08,0.004,0.12,4,10.0,0.72,0.22,True,static,1.0,False,False,1.0,default,q_learning,default,0.36910000000000004,0.7833333333333333,0.1375,0.024268086039076094,0.4248,0.49583333333333335,0.1375,0.023704523712668107,0.20610000000000003,0.37083333333333335,0.10416666666666669,0.019550816976393708,0.6145694525662596,0.833798493325546,0.14667012301256388,0.028350616808788195,0.614670267602472,0.833798493325546,0.14667012301256388,0.028458626933499917,0.19478869625916542,0.5625092046973513,0.20960781599954997,0.04064091235691157,0.19645,0.575,0.2625,0.0480317632174562,2.113443540343231,2.420246497189637,0.22033751453811146,0.042605434725390315,1.0,1.0,0.0,0.0,0.25585714285714284,0.5357142857142857,0.39285714285714285,0.07158112281081615,0.0,0.0,0.0,0.0,0.0,0.0,0.0,0.0,0.0,0.0,0.0,0.0,0.0,0.0,0.0,0.0,0.0,0.0,0.0,0.0,stable,stable
28,500,240,modular,6,0.08,0.004,0.12,4,10.0,0.72,0.22,True,static,1.0,False,False,1.0,default,q_learning,default,0.3738333333333333,0.825,0.11666666666666664,0.023523628782802862,0.39931666666666665,0.48333333333333334,0.15833333333333333,0.024992048735547872,0.22685,0.37083333333333335,0.125,0.02347829375780484,0.6257049292479199,0.8107023804773623,0.15750131713870041,0.029334137781415946,0.6256751092876834,0.8107023804773623,0.15750131713870041,0.029027902379354542,0.2083900158627021,0.52297071333834,0.22632580355376564,0.04288261808337131,0.20815,0.5416666666666666,0.25833333333333336,0.04927143921403374,2.131391884857195,2.343263170854644,0.2300930864343913,0.04405892307349094,1.0,1.0,0.0,0.0,0.29057142857142854,0.4642857142857143,0.4285714285714286,0.07372646632475134,0.0,0.0,0.0,0.0,0.0,0.0,0.0,0.0,0.0,0.0,0.0,0.0,0.0,0.0,0.0,0.0,0.0,0.0,0.0,0.0,stable,oscillatory
29,500,240,modular,6,0.08,0.004,0.12,4,10.0,0.72,0.22,True,static,1.0,False,False,1.0,default,q_learning,default,0.3792166666666667,0.7958333333333333,0.14166666666666666,0.022884013099881664,0.4269833333333333,0.5083333333333333,0.15416666666666662,0.024947661881092847,0.19379999999999997,0.37916666666666665,0.11249999999999999,0.019430188424774016,0.6142804348155554,0.8051755066086778,0.15809675545732838,0.026995213753503885,0.6141134460086652,0.8051755066086778,0.15809675545732838,0.02705254830787877,0.19630347400819734,0.5275606209546028,0.2342283148348559,0.0393090966925285,0.19360000000000002,0.6208333333333333,0.2791666666666667,0.04716120109675843,2.079825450288483,2.2899450575912046,0.25581691303404663,0.04012295226695599,1.0,1.0,0.0,0.0,0.3141428571428571,0.5357142857142857,0.4642857142857143,0.06905321816378662,0.0,0.0,0.0,0.0,0.0,0.0,0.0,0.0,0.0,0.0,0.0,0.0,0.0,0.0,0.0,0.0,0.0,0.0,0.0,0.0,stable,stable
30,500,240,modular,6,0.08,0.004,0.12,4,10.0,0.72,0.22,True,static,1.0,False,False,1.0,default,q_learning,default,0.39648333333333335,0.8208333333333333,0.1375,0.024654439537107487,0.3927833333333333,0.4708333333333333,0.12083333333333329,0.02378293622653762,0.21073333333333333,0.3875,0.14999999999999997,0.022893254707688705,0.6024237075095755,0.8283340936925155,0.18161049650237537,0.030925254867393333,0.6017618713444058,0.8283340936925155,0.18161049650237537,0.031198782133702797,0.17740072376703464,0.5542855842747118,0.23946168651930752,0.04186332709831468,0.17675,0.5541666666666667,0.25416666666666665,0.0493758966163316,2.0797397463207847,2.4043629427816025,0.24900710891130817,0.04561302242508186,1.0,1.0,0.0,0.0,0.176,0.4642857142857143,0.2857142857142857,0.062134810644899785,0.0,0.0,0.0,0.0,0.0,0.0,0.0,0.0,0.0,0.0,0.0,0.0,0.0,0.0,0.0,0.0,0.0,0.0,0.0,0.0,stable,oscillatory
31,500,240,modular,6,0.08,0.004,0.12,4,10.0,0.72,0.22,True,static,1.0,False,False,1.0,default,q_learning,default,0.3619333333333333,0.7791666666666667,0.14166666666666672,0.02450535088959598,0.42023333333333335,0.48333333333333334,0.1375,0.025485311673807545,0.21783333333333335,0.36666666666666664,0.12916666666666665,0.021019831905449034,0.638244991999966,0.8113067237986765,0.17864086918906352,0.029522608811497784,0.6380015397353178,0.8113067237986765,0.17864086918906352,0.029264743234314466,0.23307827818307966,0.5379571632653446,0.2815182276930337,0.04629905643075071,0.2325833333333333,0.55,0.29583333333333334,0.05159733251072406,2.113765156409727,2.3195865820571724,0.25035379173431704,0.042335820690608664,1.0,1.0,0.0,0.0,0.30157142857142855,0.5357142857142857,0.42857142857142855,0.07290320672659337,0.0,0.0,0.0,0.0,0.0,0.0,0.0,0.0,0.0,0.0,0.0,0.0,0.0,0.0,0.0,0.0,0.0,0.0,0.0,0.0,stable,oscillatory
32,500,240,modular,6,0.08,0.004,0.12,4,10.0,0.72,0.22,True,static,1.0,False,False,1.0,default,q_learning,default,0.38208333333333333,0.8125,0.15000000000000002,0.022271213358154615,0.39575,0.4791666666666667,0.15000000000000002,0.024265458990095364,0.22216666666666665,0.3958333333333333,0.12499999999999997,0.021538724815240724,0.5995890755744933,0.841045750066595,0.1771171497400882,0.027171485536801022,0.5996808251218252,0.841045750066595,0.1771171497400882,0.026856536523709517,0.17208967542248482,0.5658969119465439,0.2394221140936695,0.03508447160738924,0.1727,0.5208333333333334,0.22916666666666663,0.041491150328179086,2.1173796953633617,2.4270968011569263,0.2790504484141081,0.04109301566382566,1.0,1.0,0.0,0.0,0.27614285714285713,0.5,0.3214285714285714,0.06448556237718674,0.0,0.0,0.0,0.0,0.0,0.0,0.0,0.0,0.0,0.0,0.0,0.0,0.0,0.0,0.0,0.0,0.0,0.0,0.0,0.0,stable,oscillatory
33,500,240,modular,6,0.08,0.004,0.12,4,10.0,0.72,0.22,True,static,1.0,False,False,1.0,default,q_learning,default,0.3781333333333333,0.8333333333333334,0.11666666666666664,0.02393658288060349,0.35785,0.44166666666666665,0.1333333333333333,0.02513523975970346,0.2640166666666667,0.4,0.11250000000000002,0.023096831191986297,0.6514360025291355,0.8343363742577634,0.16236552149738848,0.030003974423738325,0.6514677783711934,0.8343363742577634,0.16236552149738848,0.0304669415892266,0.25086129963224774,0.5622193682306497,0.2628085717627483,0.04978468914929002,0.2522833333333333,0.5833333333333334,0.2833333333333333,0.0596971081562769,2.1512300234024497,2.4048324624687476,0.24821597074992363,0.04424622171343496,1.0,1.0,0.0,0.0,0.3792857142857143,0.5714285714285714,0.3571428571428571,0.07210041184178563,0.0,0.0,0.0,0.0,0.0,0.0,0.0,0.0,0.0,0.0,0.0,0.0,0.0,0.0,0.0,0.0,0.0,0.0,0.0,0.0,stable,stable
34,500,240,modular,6,0.08,0.004,0.12,4,10.0,0.72,0.22,True,static,1.0,False,False,1.0,default,q_learning,default,0.3593166666666666,0.8416666666666667,0.14166666666666666,0.02351576894105079,0.40026666666666666,0.49166666666666664,0.1333333333333333,0.02523084531987693,0.24041666666666667,0.35833333333333334,0.11666666666666667,0.020764051467219335,0.6505147000088025,0.7926096879867234,0.16863615475255656,0.02817722510348918,0.6508333510212448,0.7926096879867234,0.16863615475255656,0.028015488920133634,0.24930629770494706,0.4994566610532011,0.2751778105575208,0.04604022010169165,0.24956666666666666,0.5333333333333333,0.31666666666666665,0.05256827306782422,2.1593263153460147,2.3268689746251847,0.25215768558467744,0.04189652894625117,1.0,1.0,0.0,0.0,0.2824285714285714,0.6071428571428571,0.35714285714285715,0.073570873784316,0.0,0.0,0.0,0.0,0.0,0.0,0.0,0.0,0.0,0.0,0.0,0.0,0.0,0.0,0.0,0.0,0.0,0.0,0.0,0.0,stable,stable
35,500,240,modular,6,0.08,0.004,0.12,4,10.0,0.72,0.22,True,static,1.0,False,False,1.0,default,q_learning,default,0.37418333333333337,0.8125,0.14583333333333337,0.02235042256622655,0.3985,0.475,0.11666666666666664,0.023261198020165106,0.22731666666666667,0.4083333333333333,0.12916666666666665,0.02039150830887973,0.6008356163488846,0.819758963635416,0.1604175161310214,0.02697287255870814,0.6013923930767296,0.819758963635416,0.1604175161310214,0.026444941232451825,0.17007079963441846,0.5237707201485242,0.20603849727516202,0.03394258212955704,0.17121666666666666,0.49583333333333335,0.22499999999999998,0.04163405723950312,2.123242509568032,2.4047465347561996,0.2491639747927028,0.04082508918638964,1.0,1.0,0.0,0.0,0.27342857142857147,0.4642857142857143,0.3928571428571429,0.06326233041059737,0.0,0.0,0.0,0.0,0.0,0.0,0.0,0.0,0.0,0.0,0.0,0.0,0.0,0.0,0.0,0.0,0.0,0.0,0.0,0.0,stable,runaway
36,500,240,modular,6,0.08,0.004,0.12,4,10.0,0.72,0.22,True,static,1.0,False,False,1.0,default,q_learning,default,0.41080000000000005,0.75,0.12083333333333335,0.024591642663492185,0.36960000000000004,0.4666666666666667,0.14583333333333331,0.022114123189591862,0.2196,0.36666666666666664,0.15000000000000002,0.021082009181079282,0.5827941763815268,0.7458191001732091,0.16672408563021235,0.029681360943476395,0.5822600198007899,0.7458191001732091,0.16672408563021235,0.029779781164947384,0.1491840792804229,0.40936074827730684,0.1952033538262268,0.035375989298371456,0.14786666666666667,0.425,0.19166666666666665,0.04140288503098412,2.0372118103296613,2.2523970176339376,0.22855236454905214,0.04471328092244871,1.0,1.0,0.0,0.0,0.28871428571428565,0.5714285714285714,0.4285714285714286,0.07385990599970808,0.0,0.0,0.0,0.0,0.0,0.0,0.0,0.0,0.0,0.0,0.0,0.0,0.0,0.0,0.0,0.0,0.0,0.0,0.0,0.0,oscillatory,oscillatory
37,500,240,modular,6,0.08,0.004,0.12,4,10.0,0.72,0.22,True,static,1.0,False,False,1.0,default,q_learning,default,0.35378333333333334,0.7833333333333333,0.17083333333333334,0.026173677404768496,0.42325000000000007,0.5166666666666667,0.15000000000000008,0.02412194137202799,0.22296666666666667,0.37083333333333335,0.11666666666666664,0.02197293790097264,0.6446978506137688,0.8008207090566414,0.18494819609870528,0.03149411954840832,0.6449170058725363,0.8008207090566414,0.18494819609870528,0.031173879217260163,0.24009042883443307,0.5121610240314698,0.2924329120759104,0.04989560418885436,0.24071666666666663,0.5125,0.35,0.05885009440188785,2.1247666194872936,2.3125218382296224,0.2802384443636148,0.04605282577970028,1.0,1.0,0.0,0.0,0.27042857142857146,0.5,0.3214285714285714,0.06280858514046418,0.0,0.0,0.0,0.0,0.0,0.0,0.0,0.0,0.0,0.0,0.0,0.0,0.0,0.0,0.0,0.0,0.0,0.0,0.0,0.0,stable,stable
38,500,240,modular,6,0.08,0.004,0.12,4,10.0,0.72,0.22,True,static,1.0,False,False,1.0,default,q_learning,default,0.39168333333333333,0.8208333333333333,0.13333333333333336,0.02436840509074541,0.3955166666666666,0.4666666666666667,0.12916666666666665,0.02412864249991882,0.21280000000000002,0.3625,0.1166666666666667,0.02042041462197409,0.6010875416254428,0.806964465061173,0.1620767621916459,0.028313484160963378,0.6012929893866347,0.806964465061173,0.1620767621916459,0.028705190765306032,0.17579866547273007,0.5213759310902596,0.217743246217865,0.03892927085449817,0.17411666666666667,0.575,0.2791666666666667,0.04838342519224257,2.0798335867611315,2.33170442612013,0.24102202017005503,0.04273103665323058,1.0,1.0,0.0,0.0,0.2181428571428571,0.39285714285714285,0.3214285714285714,0.05873166235741422,0.0,0.0,0.0,0.0,0.0,0.0,0.0,0.0,0.0,0.0,0.0,0.0,0.0,0.0,0.0,0.0,0.0,0.0,0.0,0.0,stable,stable
39,500,240,modular,6,0.08,0.004,0.12,4,10.0,0.72,0.22,True,static,1.0,False,False,1.0,default,q_learning,default,0.3801333333333333,0.7916666666666666,0.1375,0.023997314664585104,0.4068333333333334,0.4708333333333333,0.12083333333333335,0.023590252224170896,0.21303333333333332,0.3958333333333333,0.10833333333333331,0.02036456617646336,0.6068660614863929,0.7924793669209698,0.1330623622711944,0.028003289199000907,0.6064857008132736,0.7924793669209698,0.1330623622711944,0.027833594409209704,0.18091603564285866,0.49384926113715966,0.18312800704737608,0.037947598497828514,0.17965,0.5,0.20833333333333331,0.042967717209810234,2.082132919420129,2.2972694743007547,0.22987665580963146,0.0419138589930456,1.0,1.0,0.0,0.0,0.2154285714285714,0.42857142857142855,0.2857142857142857,0.06403697911267794,0.0,0.0,0.0,0.0,0.0,0.0,0.0,0.0,0.0,0.0,0.0,0.0,0.0,0.0,0.0,0.0,0.0,0.0,0.0,0.0,stable,stable
40,500,240,modular,6,0.08,0.004,0.12,4,10.0,0.72,0.22,True,static,1.0,False,False,1.0,default,q_learning,default,0.38365,0.7708333333333334,0.12916666666666665,0.02593468826794638,0.3885166666666667,0.45416666666666666,0.12083333333333335,0.022982656504416544,0.2278333333333333,0.37916666666666665,0.1375,0.021900025367818893,0.6207500665877018,0.806044036423358,0.17906429088544984,0.03254723292688792,0.6200316342400265,0.806044036423358,0.17906429088544984,0.032741952634936046,0.20418184023480557,0.524284860166663,0.26399594241265123,0.04800398397979577,0.2021,0.5416666666666666,0.28750000000000003,0.05432189041056817,2.1142069692978733,2.3415832100763736,0.25896088713484455,0.04775676604705116,1.0,1.0,0.0,0.0,0.246,0.6071428571428571,0.39285714285714285,0.06416114915760542,0.0,0.0,0.0,0.0,0.0,0.0,0.0,0.0,0.0,0.0,0.0,0.0,0.0,0.0,0.0,0.0,0.0,0.0,0.0,0.0,stable,oscillatory
41,500,240,modular,6,0.08,0.004,0.12,4,10.0,0.72,0.22,True,static,1.0,False,False,1.0,default,q_learning,default,0.37333333333333335,0.7875,0.14583333333333337,0.0224258035902098,0.42956666666666665,0.5125,0.14999999999999997,0.026023088039491223,0.1971,0.375,0.12083333333333332,0.0211063708128349,0.5958122116411749,0.7708448871718282,0.14339337483771608,0.025923701149569742,0.5956295253657882,0.7708448871718282,0.14339337483771608,0.026235637657431917,0.1653903038967594,0.4549081756959331,0.18788089040922581,0.033672758999295095,0.16408333333333333,0.4625,0.21249999999999997,0.03976397378420712,2.103253335272915,2.3132162147555233,0.2292741420130726,0.03905024003294662,1.0,1.0,0.0,0.0,0.27785714285714286,0.4642857142857143,0.35714285714285715,0.0704540666690297,0.0,0.0,0.0,0.0,0.0,0.0,0.0,0.0,0.0,0.0,0.0,0.0,0.0,0.0,0.0,0.0,0.0,0.0,0.0,0.0,stable,oscillatory
42,500,240,modular,6,0.08,0.004,0.12,4,10.0,0.72,0.22,True,static,1.0,False,False,1.0,default,q_learning,default,0.36443333333333333,0.7958333333333333,0.15416666666666667,0.02583356989139003,0.4182166666666666,0.5208333333333334,0.16666666666666669,0.025820432262497507,0.21734999999999996,0.36666666666666664,0.12916666666666668,0.022311363572055484,0.6117480835850263,0.7607507187685059,0.1714491762750091,0.030162615010351192,0.612137931437519,0.7607507187685059,0.1714491762750091,0.030212210437285125,0.18789297669308264,0.4374278059700647,0.21689300157630567,0.04095075258195561,0.18973333333333334,0.42916666666666664,0.2541666666666667,0.0491201587945316,2.1537203699374605,2.3448332842936863,0.27475669484244003,0.04727962835045197,1.0,1.0,0.0,0.0,0.21857142857142856,0.42857142857142855,0.3214285714285714,0.062286369590261834,0.0,0.0,0.0,0.0,0.0,0.0,0.0,0.0,0.0,0.0,0.0,0.0,0.0,0.0,0.0,0.0,0.0,0.0,0.0,0.0,stable,oscillatory
43,500,240,modular,6,0.08,0.004,0.12,4,10.0,0.72,0.22,True,static,1.0,False,False,1.0,default,q_learning,default,0.3960833333333334,0.8208333333333333,0.1333333333333333,0.024040041828397703,0.3869333333333333,0.4666666666666667,0.16666666666666669,0.023888304902422674,0.21698333333333333,0.35833333333333334,0.10416666666666669,0.019180350187974496,0.5987865123332042,0.7825434494189651,0.13135340095355819,0.028196569727827206,0.5985958541848613,0.7825434494189651,0.13135340095355819,0.028108708935159325,0.17327433998876746,0.48510423678479636,0.17087696104614516,0.03742664532345417,0.17128333333333332,0.5291666666666667,0.22083333333333333,0.04425626446554707,2.0899185736961523,2.307597958814245,0.19950831674751135,0.04241302172942754,1.0,1.0,0.0,0.0,0.19799999999999998,0.4642857142857143,0.2857142857142857,0.05785343903488595,0.0,0.0,0.0,0.0,0.0,0.0,0.0,0.0,0.0,0.0,0.0,0.0,0.0,0.0,0.0,0.0,0.0,0.0,0.0,0.0,stable,stable
44,500,240,modular,6,0.08,0.004,0.12,4,10.0,0.72,0.22,True,static,1.0,False,False,1.0,default,q_learning,default,0.36943333333333334,0.8375,0.13333333333333336,0.024460535108165107,0.4127,0.4791666666666667,0.1375,0.02507685962972415,0.21786666666666668,0.4166666666666667,0.12916666666666665,0.021806064396044607,0.6238758711734383,0.8094211915546558,0.16571513687907047,0.030096744124088984,0.6240102989908584,0.8094211915546558,0.16571513687907047,0.029895731903051687,0.20838530860500304,0.526770250601861,0.23963810737673175,0.04422314019405814,0.21035,0.5208333333333334,0.275,0.052802327915853604,2.141528816667205,2.3633108145649575,0.24590780369410048,0.04303537582337022,1.0,1.0,0.0,0.0,0.21871428571428572,0.42857142857142855,0.3571428571428571,0.059382708951756145,0.0,0.0,0.0,0.0,0.0,0.0,0.0,0.0,0.0,0.0,0.0,0.0,0.0,0.0,0.0,0.0,0.0,0.0,0.0,0.0,stable,runaway
45,500,240,modular,6,0.08,0.004,0.12,4,10.0,0.72,0.22,True,static,1.0,False,False,1.0,default,q_learning,default,0.3515333333333333,0.8125,0.1375,0.023643979736452526,0.4296333333333333,0.5,0.11666666666666664,0.02351545591024479,0.21883333333333332,0.37083333333333335,0.10416666666666666,0.020413094925670738,0.6372096258934241,0.8062846380270167,0.176020274859784,0.02808851702049264,0.6371352534173225,0.8062846380270167,0.176020274859784,0.02847380297212671,0.2285467901947371,0.5231547299501943,0.26441000724281405,0.04413728710212779,0.22978333333333337,0.5375,0.2625,0.05010372851506274,2.1514680853674757,2.3355979523031243,0.2507249671762546,0.04191932058338341,1.0,1.0,0.0,0.0,0.28128571428571425,0.5357142857142857,0.35714285714285715,0.06417275790507104,0.0,0.0,0.0,0.0,0.0,0.0,0.0,0.0,0.0,0.0,0.0,0.0,0.0,0.0,0.0,0.0,0.0,0.0,0.0,0.0,stable,stable
46,500,240,modular,6,0.08,0.004,0.12,4,10.0,0.72,0.22,True,static,1.0,False,False,1.0,default,q_learning,default,0.38883333333333336,0.8125,0.12916666666666665,0.025359087785906915,0.4092,0.48333333333333334,0.1333333333333333,0.02373345037424324,0.20196666666666668,0.3958333333333333,0.11666666666666667,0.02247267476539255,0.5868608426069961,0.7677926754488902,0.15705899590077654,0.03145871046851062,0.586967496821262,0.7677926754488902,0.15705899590077654,0.031141759103001126,0.15682280470011034,0.4530309737573544,0.18667274923418972,0.038463779374621074,0.15601666666666666,0.4875,0.22500000000000003,0.04464187433838822,2.0620361343937565,2.2619330812816325,0.24588083019798912,0.046345230542073526,1.0,1.0,0.0,0.0,0.159,0.39285714285714285,0.32142857142857145,0.05306541977135585,0.0,0.0,0.0,0.0,0.0,0.0,0.0,0.0,0.0,0.0,0.0,0.0,0.0,0.0,0.0,0.0,0.0,0.0,0.0,0.0,stable,stable
47,500,240,modular,6,0.08,0.004,0.12,4,10.0,0.72,0.22,True,static,1.0,False,False,1.0,default,q_learning,default,0.37516666666666665,0.8,0.1833333333333333,0.024960524389078403,0.38700000000000007,0.4625,0.15833333333333338,0.02369423277227323,0.2378333333333333,0.39166666666666666,0.11249999999999999,0.021279228265037142,0.6264019996099155,0.8467303803479092,0.20366517044239296,0.030290604818123706,0.6263805690167978,0.8467303803479092,0.20366517044239296,0.030256291188527323,0.21058833749004827,0.5753650860634908,0.268984208062678,0.04472019667699135,0.21293333333333334,0.55,0.3208333333333333,0.05157202083817671,2.131924280906694,2.3931668453360473,0.31673839196795606,0.0452188397117605,1.0,1.0,0.0,0.0,0.24757142857142855,0.5357142857142857,0.4642857142857143,0.06600262827172498,0.0,0.0,0.0,0.0,0.0,0.0,0.0,0.0,0.0,0.0,0.0,0.0,0.0,0.0,0.0,0.0,0.0,0.0,0.0,0.0,stable,stable
48,500,240,modular,6,0.08,0.004,0.12,4,10.0,0.72,0.22,True,static,1.0,False,False,1.0,default,q_learning,default,0.39525,0.7791666666666667,0.125,0.024074681260149174,0.38073333333333337,0.44166666666666665,0.12083333333333329,0.023901789798162723,0.22401666666666664,0.38333333333333336,0.14583333333333331,0.021713212823327437,0.5928679660039352,0.7959799084768863,0.15570125207216035,0.02866237377145535,0.5933424952808282,0.7959799084768863,0.15570125207216035,0.028727118200807866,0.16287349243129307,0.4960042905014134,0.19020095322841418,0.0361323015086938,0.16131666666666666,0.5166666666666667,0.20416666666666666,0.039381358393139373,2.1175867153566577,2.390501650235229,0.23813918340136309,0.044603288597459566,1.0,1.0,0.0,0.0,0.25742857142857145,0.5357142857142857,0.3571428571428571,0.06240028780676694,0.0,0.0,0.0,0.0,0.0,0.0,0.0,0.0,0.0,0.0,0.0,0.0,0.0,0.0,0.0,0.0,0.0,0.0,0.0,0.0,stable,oscillatory
49,500,240,modular,6,0.08,0.004,0.12,4,10.0,0.72,0.22,True,static,1.0,False,False,1.0,default,q_learning,default,0.3666666666666667,0.8166666666666667,0.1375,0.024246992940706414,0.41548333333333337,0.4875,0.14166666666666666,0.02483394294553771,0.21785000000000002,0.38333333333333336,0.10833333333333334,0.020576476590730707,0.609529068464733,0.812500860921999,0.17066026631734155,0.028363740784762722,0.6092957933873031,0.812500860921999,0.17066026631734155,0.028483651983982235,0.18413190309475122,0.5229173250873157,0.22761276031262317,0.038695470094604015,0.18366666666666667,0.5666666666666667,0.2416666666666667,0.04496171210658637,2.1024403068878614,2.3423959534946928,0.2542800314876523,0.04266562903738002,1.0,1.0,0.0,0.0,0.2725714285714286,0.5357142857142857,0.4285714285714286,0.06701142150592614,0.0,0.0,0.0,0.0,0.0,0.0,0.0,0.0,0.0,0.0,0.0,0.0,0.0,0.0,0.0,0.0,0.0,0.0,0.0,0.0,stable,stable
50,500,240,modular,6,0.08,0.004,0.12,4,10.0,0.72,0.22,True,static,1.0,False,False,1.0,default,q_learning,default,0.38811666666666667,0.7833333333333333,0.12083333333333335,0.023436563314615903,0.39708333333333334,0.4708333333333333,0.14166666666666666,0.024282052128178036,0.21480000000000002,0.37083333333333335,0.10833333333333334,0.019996221865364688,0.6174981880157102,0.8247451821353057,0.1558601180645809,0.028074566368046557,0.6174665900457414,0.8247451821353057,0.1558601180645809,0.028142883155562504,0.2018375899922741,0.5584841285422564,0.22319843307053466,0.041093045127433905,0.20326666666666665,0.55,0.2708333333333333,0.04815796922628694,2.1021596427108045,2.358082349274575,0.23055111524695548,0.04204867452960952,1.0,1.0,0.0,0.0,0.2427142857142857,0.4642857142857143,0.3571428571428571,0.06595437507729669,0.0,0.0,0.0,0.0,0.0,0.0,0.0,0.0,0.0,0.0,0.0,0.0,0.0,0.0,0.0,0.0,0.0,0.0,0.0,0.0,stable,stable
1,500,240,modular,6,0.08,0.004,0.12,4,10.0,0.72,0.22,True,static,1.0,False,False,1.0,default,reactive,default,0.19638333333333333,1.0,0.49166666666666664,0.12130901885497036,0.8036166666666666,1.0,0.4916666666666667,0.12130901885497036,0.0,0.5375,0.0,0.0,0.5956596300892657,1.1222693773334764,0.3799547054380516,0.09507737527019613,0.5957342707851635,1.1222693773334764,0.3799547054380516,0.09405475196673084,0.19617340169838376,0.7364533826326951,0.39061857891187096,0.1166233045284585,0.19653333333333337,0.7541666666666667,0.49166666666666664,0.12138807830901498,2.194808405269845,2.8103219913987147,0.6848111982442813,0.17006893850243435,1.0,1.0,0.0,0.0,0.0,1.0,0.0,0.0,0.0,0.0,0.0,0.0,0.0,0.0,0.0,0.0,0.0,0.0,0.0,0.0,0.0,0.0,0.0,0.0,0.0,0.0,0.0,0.0,runaway,runaway
2,500,240,modular,6,0.08,0.004,0.12,4,10.0,0.72,0.22,True,static,1.0,False,False,1.0,default,reactive,default,0.17799999999999996,1.0,0.3458333333333333,0.0827296467080843,0.822,1.0,0.3458333333333333,0.0827296467080843,0.0,0.4666666666666667,0.0,0.0,0.5980171016750705,1.0301449823234043,0.260771482071277,0.06332177992554816,0.5969388269901514,1.0301449823234043,0.260771482071277,0.0632205374629391,0.17912124591794376,0.7023074105257119,0.29417380628824885,0.07876822496343136,0.17743333333333333,0.7333333333333333,0.3458333333333333,0.08267100795052372,2.2112416399845753,2.731018418016394,0.4814978699490826,0.11551516381977225,1.0,1.0,0.0,0.0,0.0,0.8571428571428571,0.0,0.0,0.0,0.0,0.0,0.0,0.0,0.0,0.0,0.0,0.0,0.0,0.0,0.0,0.0,0.0,0.0,0.0,0.0,0.0,0.0,0.0,runaway,runaway
3,500,240,modular,6,0.08,0.004,0.12,4,10.0,0.72,0.22,True,static,1.0,False,False,1.0,default,reactive,default,0.178,1.0,0.325,0.07961382487427111,0.822,1.0,0.32499999999999996,0.07961382487427111,0.0,0.4791666666666667,0.0,0.0,0.5957267171418895,1.0515465494540037,0.24813156009883902,0.06096851900636882,0.5968739292915605,1.0515465494540037,0.24813156009883902,0.06144882268668862,0.17817646389353398,0.7073382674817466,0.2966059213582411,0.07620345442381768,0.17841666666666664,0.75,0.325,0.0791486382981062,2.225298789341674,2.773708548883771,0.4527382790751815,0.11155618353770973,1.0,1.0,0.0,0.0,0.0,0.9642857142857143,0.0,0.0,0.0,0.0,0.0,0.0,0.0,0.0,0.0,0.0,0.0,0.0,0.0,0.0,0.0,0.0,0.0,0.0,0.0,0.0,0.0,0.0,runaway,runaway
4,500,240,modular,6,0.08,0.004,0.12,4,10.0,0.72,0.22,True,static,1.0,False,False,1.0,default,reactive,default,0.18351666666666666,1.0,0.37083333333333335,0.08909284950731643,0.8164833333333333,1.0,0.37083333333333335,0.08909284950731643,0.0,0.4041666666666667,0.0,0.0,0.5972441465550432,0.9937716070145123,0.2884418711546903,0.06926701352929825,0.5967868336792692,0.9937716070145123,0.2884418711546903,0.06888072993037016,0.18274352870652624,0.6946787632566417,0.32900202550974933,0.08569086303703337,0.18376666666666666,0.7041666666666667,0.37083333333333335,0.08952470794888602,2.227492576800525,2.7120363425311536,0.5259492838027942,0.126685155745712,1.0,1.0,0.0,0.0,0.0,0.8214285714285714,0.0,0.0,0.0,0.0,0.0,0.0,0.0,0.0,0.0,0.0,0.0,0.0,0.0,0.0,0.0,0.0,0.0,0.0,0.0,0.0,0.0,0.0,stable,runaway
5,500,240,modular,6,0.08,0.004,0.12,4,10.0,0.72,0.22,True,static,1.0,False,False,1.0,default,reactive,default,0.17701666666666666,1.0,0.35416666666666663,0.07838315614126971,0.8229833333333334,1.0,0.35416666666666663,0.07838315614126971,0.0,0.475,0.0,0.0,0.5948267035830677,1.0456688180075449,0.2759703797213475,0.059598440953735794,0.5957876301715177,1.0456688180075449,0.2759703797213475,0.05995654081960484,0.17539334083157343,0.703210915987091,0.3092923679849605,0.07301398085380473,0.17808333333333334,0.7125,0.35416666666666663,0.07836617219466857,2.194413451836432,2.739955343915418,0.4946516287913494,0.10810211894261995,1.0,1.0,0.0,0.0,0.0,0.9642857142857143,0.0,0.0,0.0,0.0,0.0,0.0,0.0,0.0,0.0,0.0,0.0,0.0,0.0,0.0,0.0,0.0,0.0,0.0,0.0,0.0,0.0,0.0,runaway,runaway
6,500,240,modular,6,0.08,0.004,0.12,4,10.0,0.72,0.22,True,static,1.0,False,False,1.0,default,reactive,default,0.17623333333333333,1.0,0.35,0.07942418467388325,0.8237666666666666,1.0,0.35,0.07942418467388325,0.0,0.4708333333333333,0.0,0.0,0.5964094020610337,1.035440394631146,0.2749891762780024,0.0608219007087802,0.596078113469516,1.035440394631146,0.2749891762780024,0.06071860025725485,0.1766142160558175,0.7021820435116318,0.3116163473742138,0.07505825227342403,0.17578333333333335,0.7125,0.35,0.07936561143075618,2.210481735955271,2.7305978923451706,0.4889074516021221,0.11091053650012929,1.0,1.0,0.0,0.0,0.0,0.9285714285714286,0.0,0.0,0.0,0.0,0.0,0.0,0.0,0.0,0.0,0.0,0.0,0.0,0.0,0.0,0.0,0.0,0.0,0.0,0.0,0.0,0.0,0.0,runaway,runaway
7,500,240,modular,6,0.08,0.004,0.12,4,10.0,0.72,0.22,True,static,1.0,False,False,1.0,default,reactive,default,0.29345000000000004,1.0,1.0,0.28745642230122853,0.6998666666666667,1.0,1.0,0.2919391279778105,0.006683333333333334,0.44583333333333336,0.12083333333333333,0.0219275891667704,0.5304533593835382,1.0563725798962442,0.7551545603243569,0.21701379091088457,0.5320867104966791,1.0563725798962442,0.7551545603243569,0.21730386613458538,0.20003269902913628,0.7298957280722635,0.44270657039078665,0.17885657661848273,0.20260000000000003,0.7625,0.525,0.18259827186720276,2.0704733537070275,2.766031071699194,1.4018609846826302,0.40036218250677846,1.0,1.0,0.0,0.0,0.009142857142857142,0.8928571428571429,0.25,0.03422733124392892,0.0,0.0,0.0,0.0,0.0,0.0,0.0,0.0,0.0,0.0,0.0,0.0,0.0,0.0,0.0,0.0,0.0,0.0,0.0,0.0,stable,runaway
8,500,240,modular,6,0.08,0.004,0.12,4,10.0,0.72,0.22,True,static,1.0,False,False,1.0,default,reactive,default,0.1928666666666667,1.0,0.375,0.11222041307672642,0.8071333333333334,1.0,0.375,0.11222041307672642,0.0,0.4166666666666667,0.0,0.0,0.5966923529332633,1.0163489062325926,0.29626730334818296,0.08660914570630769,0.5948492683391977,1.0163489062325926,0.29626730334818296,0.08748550063161487,0.19082633232622814,0.7092930641299964,0.3387035256497906,0.108635046029109,0.19228333333333333,0.7583333333333333,0.375,0.11171874531857022,2.1612347886069028,2.6545340960783035,0.5236855028193039,0.15317064793428645,1.0,1.0,0.0,0.0,0.0,0.8214285714285714,0.0,0.0,0.0,0.0,0.0,0.0,0.0,0.0,0.0,0.0,0.0,0.0,0.0,0.0,0.0,0.0,0.0,0.0,0.0,0.0,0.0,0.0,stable,runaway
9,500,240,modular,6,0.08,0.004,0.12,4,10.0,0.72,0.22,True,static,1.0,False,False,1.0,default,reactive,default,0.18381666666666666,1.0,0.3791666666666667,0.08381843638351755,0.8161833333333334,1.0,0.37916666666666665,0.08381843638351755,0.0,0.5125,0.0,0.0,0.5982882077862965,1.0879659657625562,0.29247560518296595,0.06490390488215866,0.5976155817548836,1.0879659657625562,0.29247560518296595,0.06457985762544459,0.18176016879270418,0.7219813408672299,0.34036274572627057,0.08001311776264536,0.18371666666666667,0.7583333333333333,0.3791666666666667,0.08395802688116115,2.2251316407544954,2.8157582373069285,0.538676979668796,0.11796824822660178,1.0,1.0,0.0,0.0,0.0,0.8928571428571429,0.0,0.0,0.0,0.0,0.0,0.0,0.0,0.0,0.0,0.0,0.0,0.0,0.0,0.0,0.0,0.0,0.0,0.0,0.0,0.0,0.0,0.0,runaway,runaway
10,500,240,modular,6,0.08,0.004,0.12,4,10.0,0.72,0.22,True,static,1.0,False,False,1.0,default,reactive,default,0.20498333333333332,1.0,0.4291666666666667,0.13813424328046492,0.7950166666666667,1.0,0.4291666666666666,0.13813424328046492,0.0,0.4,0.0,0.0,0.5919772830456991,1.0161287166929438,0.3360151401535737,0.10709973937904896,0.5912018585700609,1.0161287166929438,0.3360151401535737,0.1077517601943971,0.19954702976552835,0.7138996477217359,0.37365408333658984,0.1331325203002885,0.202,0.7416666666666667,0.4291666666666667,0.13714712294952938,2.1861621529485173,2.6909947355540678,0.5993947381037581,0.1937169725744735,1.0,1.0,0.0,0.0,0.0,0.7142857142857143,0.0,0.0,0.0,0.0,0.0,0.0,0.0,0.0,0.0,0.0,0.0,0.0,0.0,0.0,0.0,0.0,0.0,0.0,0.0,0.0,0.0,0.0,stable,stable
11,500,240,modular,6,0.08,0.004,0.12,4,10.0,0.72,0.22,True,static,1.0,False,False,1.0,default,reactive,default,0.18131666666666665,1.0,0.3833333333333333,0.08523433221941079,0.8186833333333334,1.0,0.3833333333333333,0.0852343322194108,0.0,0.5041666666666667,0.0,0.0,0.598167748191825,1.079276524565917,0.2914822784616676,0.06594195134062616,0.5973586817541379,1.079276524565917,0.2914822784616676,0.06618599545608815,0.1817428045468946,0.7182359451520747,0.32397840420361546,0.08168117560555427,0.18113333333333334,0.7291666666666666,0.3833333333333333,0.08481610172078832,2.2052715714588005,2.773307275806153,0.5420823986402936,0.11871885862987845,1.0,1.0,0.0,0.0,0.0,0.8928571428571429,0.0,0.0,0.0,0.0,0.0,0.0,0.0,0.0,0.0,0.0,0.0,0.0,0.0,0.0,0.0,0.0,0.0,0.0,0.0,0.0,0.0,0.0,runaway,runaway
12,500,240,modular,6,0.08,0.004,0.12,4,10.0,0.72,0.22,True,static,1.0,False,False,1.0,default,reactive,default,0.18948333333333334,1.0,0.41250000000000003,0.11043737415889202,0.8105166666666667,1.0,0.4125,0.11043737415889202,0.0,0.42916666666666664,0.0,0.0,0.5951303410092111,1.0109699868588167,0.31936412436400957,0.08589105790251096,0.5965572411975091,1.0109699868588167,0.28635690495862653,0.08520439325698238,0.19122659358504057,0.7049457859017226,0.3308017730739211,0.10646585248464435,0.19028333333333333,0.7208333333333333,0.41250000000000003,0.11011781695580017,2.1774580203286478,2.6596167579070653,0.5698831657448551,0.15201842728715992,1.0,1.0,0.0,0.0,0.0,0.8571428571428571,0.0,0.0,0.0,0.0,0.0,0.0,0.0,0.0,0.0,0.0,0.0,0.0,0.0,0.0,0.0,0.0,0.0,0.0,0.0,0.0,0.0,0.0,stable,runaway
13,500,240,modular,6,0.08,0.004,0.12,4,10.0,0.72,0.22,True,static,1.0,False,False,1.0,default,reactive,default,0.19419999999999998,1.0,0.4041666666666666,0.12150662533376524,0.8058,1.0,0.4041666666666667,0.12150662533376523,0.0,0.4791666666666667,0.0,0.0,0.5933475989084369,1.065220329204623,0.3116813699794874,0.09522141844065488,0.5946364274486721,1.065220329204623,0.3049740490170081,0.09441720338558478,0.19447559131567652,0.7227870835612636,0.3495520269282068,0.117666223745798,0.19446666666666668,0.7291666666666666,0.4041666666666666,0.1211659513963299,2.224833277294939,2.7991310731269836,0.5784914506285146,0.173039222747817,1.0,1.0,0.0,0.0,0.0,0.8928571428571429,0.0,0.0,0.0,0.0,0.0,0.0,0.0,0.0,0.0,0.0,0.0,0.0,0.0,0.0,0.0,0.0,0.0,0.0,0.0,0.0,0.0,0.0,runaway,runaway
14,500,240,modular,6,0.08,0.004,0.12,4,10.0,0.72,0.22,True,static,1.0,False,False,1.0,default,reactive,default,0.1819,1.0,0.32083333333333336,0.0910884856731202,0.8180999999999999,1.0,0.3208333333333333,0.0910884856731202,0.0,0.4083333333333333,0.0,0.0,0.5959095194484221,0.9984035443343523,0.24756265112832138,0.07065659875022913,0.5956041853260728,0.9984035443343523,0.24756265112832138,0.07065329923424483,0.18128404415839172,0.6936361568542296,0.2950056591617115,0.08799041240682137,0.18136666666666665,0.7166666666666667,0.32083333333333336,0.09154169663176569,2.1853968881594947,2.668990227645908,0.4402810910399235,0.1258678967751113,1.0,1.0,0.0,0.0,0.0,1.0,0.0,0.0,0.0,0.0,0.0,0.0,0.0,0.0,0.0,0.0,0.0,0.0,0.0,0.0,0.0,0.0,0.0,0.0,0.0,0.0,0.0,0.0,stable,runaway
15,500,240,modular,6,0.08,0.004,0.12,4,10.0,0.72,0.22,True,static,1.0,False,False,1.0,default,reactive,default,0.18460000000000001,1.0,0.3958333333333333,0.09657571008166484,0.8154,1.0,0.39583333333333337,0.09657571008166484,0.0,0.39166666666666666,0.0,0.0,0.594779514722411,0.9914294322841205,0.30608529296597997,0.07536715681250236,0.5940117483407465,0.9914294322841205,0.3035739014109941,0.07425529673717868,0.18083368182430665,0.691426090707682,0.3480274750705439,0.09068069726602741,0.18393333333333334,0.7416666666666667,0.3958333333333333,0.0969868318667826,2.2219646145854823,2.6976045374169915,0.5559240306509479,0.13639170317276228,1.0,1.0,0.0,0.0,0.0,0.7857142857142857,0.0,0.0,0.0,0.0,0.0,0.0,0.0,0.0,0.0,0.0,0.0,0.0,0.0,0.0,0.0,0.0,0.0,0.0,0.0,0.0,0.0,0.0,stable,stable
16,500,240,modular,6,0.08,0.004,0.12,4,10.0,0.72,0.22,True,static,1.0,False,False,1.0,default,reactive,default,0.1874833333333333,1.0,0.4708333333333333,0.0852150042213485,0.8125166666666667,1.0,0.4708333333333333,0.08521500422134852,0.0,0.3958333333333333,0.0,0.0,0.6009421929604536,1.0042061756949503,0.3653256194043077,0.06710151010096588,0.6000080322285837,1.0042061756949503,0.3653256194043077,0.06702607785567401,0.18792241870868737,0.7072461792838846,0.3824850226923142,0.08401629226298882,0.1882666666666667,0.7458333333333333,0.4708333333333333,0.0856314519061516,2.2441771750036756,2.7376039993176167,0.6713073513701879,0.12157675774217497,1.0,1.0,0.0,0.0,0.0,0.8214285714285714,0.0,0.0,0.0,0.0,0.0,0.0,0.0,0.0,0.0,0.0,0.0,0.0,0.0,0.0,0.0,0.0,0.0,0.0,0.0,0.0,0.0,0.0,stable,stable
17,500,240,modular,6,0.08,0.004,0.12,4,10.0,0.72,0.22,True,static,1.0,False,False,1.0,default,reactive,default,0.1667,1.0,0.31666666666666665,0.06013063556402288,0.8332999999999999,1.0,0.31666666666666676,0.06013063556402288,0.0,0.26666666666666666,0.0,0.0,0.5945734274601976,0.8471610625468006,0.23400445695246186,0.045987900525546944,0.5952049200827902,0.8471610625468006,0.23400445695246186,0.04564754062079885,0.16776450828761003,0.5632202619462304,0.25447705769824025,0.05511775808332097,0.16741666666666666,0.6,0.31666666666666665,0.05998778810909953,2.2716032260446806,2.586863345639251,0.4563298790466548,0.08624860688265615,1.0,1.0,0.0,0.0,0.0,0.6071428571428571,0.0,0.0,0.0,0.0,0.0,0.0,0.0,0.0,0.0,0.0,0.0,0.0,0.0,0.0,0.0,0.0,0.0,0.0,0.0,0.0,0.0,0.0,stable,stable
18,500,240,modular,6,0.08,0.004,0.12,4,10.0,0.72,0.22,True,static,1.0,False,False,1.0,default,reactive,default,0.19360000000000002,1.0,0.3958333333333333,0.11263577485762584,0.8064,1.0,0.39583333333333326,0.11263577485762584,0.0,0.38333333333333336,0.0,0.0,0.5969767064811817,1.0091637231230348,0.31140782075968076,0.08818584137873413,0.5964312451174802,1.0091637231230348,0.31140782075968076,0.08845942848800863,0.19396825062178713,0.7091838116232634,0.35522880814246793,0.11136554396218726,0.19421666666666668,0.7416666666666667,0.3958333333333333,0.11310803709531678,2.2008162243754676,2.71164723946973,0.5599884853283117,0.15800936504647117,1.0,1.0,0.0,0.0,0.0,0.8214285714285714,0.0,0.0,0.0,0.0,0.0,0.0,0.0,0.0,0.0,0.0,0.0,0.0,0.0,0.0,0.0,0.0,0.0,0.0,0.0,0.0,0.0,0.0,stable,stable
19,500,240,modular,6,0.08,0.004,0.12,4,10.0,0.72,0.22,True,static,1.0,False,False,1.0,default,reactive,default,0.17893333333333333,1.0,0.3541666666666667,0.0886516340640274,0.8210666666666667,1.0,0.35416666666666663,0.0886516340640274,0.0,0.4625,0.0,0.0,0.596668518896083,1.040656215513175,0.27637207665127805,0.06818964828478852,0.5969912412222008,1.040656215513175,0.2766933622606056,0.06814550652454134,0.1815086088931903,0.7067459947546169,0.31516039582204425,0.0834999946071431,0.18023333333333333,0.7208333333333333,0.3541666666666667,0.08907223036514929,2.2414869542380598,2.7544895020460007,0.503364409147091,0.1258525808652312,1.0,1.0,0.0,0.0,0.0,0.9285714285714286,0.0,0.0,0.0,0.0,0.0,0.0,0.0,0.0,0.0,0.0,0.0,0.0,0.0,0.0,0.0,0.0,0.0,0.0,0.0,0.0,0.0,0.0,runaway,runaway
20,500,240,modular,6,0.08,0.004,0.12,4,10.0,0.72,0.22,True,static,1.0,False,False,1.0,default,reactive,default,0.18928333333333333,1.0,0.38333333333333336,0.10263987881044201,0.8107166666666668,1.0,0.3833333333333333,0.102639878810442,0.0,0.5,0.0,0.0,0.5968220018327988,1.1007086519754823,0.30827530828730915,0.08054721775968693,0.5977529548178316,1.1007086519754823,0.30827530828730915,0.08004401987839274,0.19057430549349125,0.7294783954156859,0.35664426535238314,0.10048094699637258,0.1897333333333333,0.7333333333333333,0.38333333333333336,0.10282272230505386,2.1812903686539054,2.776707342494099,0.5292152808570378,0.1426486001366086,1.0,1.0,0.0,0.0,0.0,0.8928571428571429,0.0,0.0,0.0,0.0,0.0,0.0,0.0,0.0,0.0,0.0,0.0,0.0,0.0,0.0,0.0,0.0,0.0,0.0,0.0,0.0,0.0,0.0,runaway,runaway
21,500,240,modular,6,0.08,0.004,0.12,4,10.0,0.72,0.22,True,static,1.0,False,False,1.0,default,reactive,default,0.1864,1.0,0.35833333333333334,0.09368556155803542,0.8136,1.0,0.3583333333333333,0.09368556155803542,0.0,0.4375,0.0,0.0,0.5968636811457875,1.0438773416488476,0.27751347903729745,0.07316897726069081,0.5970100067125641,1.0438773416488476,0.27751347903729745,0.07340197694488745,0.18569700735637365,0.7141771436537961,0.3323069382319864,0.09249619436812898,0.18661666666666668,0.7666666666666667,0.35833333333333334,0.09374083807083347,2.2161333553560505,2.7488813156679024,0.5043506132201534,0.13205044241755173,1.0,1.0,0.0,0.0,0.0,0.9285714285714286,0.0,0.0,0.0,0.0,0.0,0.0,0.0,0.0,0.0,0.0,0.0,0.0,0.0,0.0,0.0,0.0,0.0,0.0,0.0,0.0,0.0,0.0,stable,runaway
22,500,240,modular,6,0.08,0.004,0.12,4,10.0,0.72,0.22,True,static,1.0,False,False,1.0,default,reactive,default,0.17288333333333333,1.0,0.3416666666666667,0.07026165581437559,0.8271166666666667,1.0,0.3416666666666667,0.07026165581437559,0.0,0.45416666666666666,0.0,0.0,0.5959103442386782,1.0264894890010603,0.26115244574406854,0.05382988736670833,0.5954133907751487,1.0264894890010603,0.26115244574406854,0.053853191334781884,0.17254681230580388,0.6966369382291072,0.2916551744729447,0.06653133380832951,0.17275,0.7291666666666666,0.3416666666666667,0.07036516854555556,2.230264805903335,2.754049024685905,0.4858529365692503,0.09907987946788653,1.0,1.0,0.0,0.0,0.0,0.8928571428571429,0.0,0.0,0.0,0.0,0.0,0.0,0.0,0.0,0.0,0.0,0.0,0.0,0.0,0.0,0.0,0.0,0.0,0.0,0.0,0.0,0.0,0.0,runaway,runaway
23,500,240,modular,6,0.08,0.004,0.12,4,10.0,0.72,0.22,True,static,1.0,False,False,1.0,default,reactive,default,0.17148333333333332,1.0,0.3125,0.059435373399273864,0.8285166666666667,1.0,0.3125,0.05943537339927387,0.0,0.45416666666666666,0.0,0.0,0.5975270996408569,1.0328461292124484,0.23671681688289625,0.045056614717164954,0.5973499268913877,1.0328461292124484,0.2312553055246095,0.04467000074745763,0.1718054038246633,0.6975317880411401,0.26385267525117606,0.055127540104591505,0.17096666666666666,0.725,0.3125,0.05893012811796696,2.2514652761493354,2.788322125223794,0.43639231836448933,0.08391085611932816,1.0,1.0,0.0,0.0,0.0,0.8928571428571429,0.0,0.0,0.0,0.0,0.0,0.0,0.0,0.0,0.0,0.0,0.0,0.0,0.0,0.0,0.0,0.0,0.0,0.0,0.0,0.0,0.0,0.0,runaway,runaway
24,500,240,modular,6,0.08,0.004,0.12,4,10.0,0.72,0.22,True,static,1.0,False,False,1.0,default,reactive,default,0.36573333333333335,1.0,1.0,0.35629258575876466,0.5991333333333333,1.0,1.0,0.3483850822804495,0.035133333333333336,0.37916666666666665,0.375,0.0837511790961775,0.5046585356093439,1.0009860352266382,0.9975325037949329,0.29222201288168237,0.5004571997647581,1.0009860352266382,0.9975325037949329,0.29337626321106375,0.2198841819052588,0.7153290591851981,0.7133385674823339,0.2189062648707771,0.21925,0.7458333333333333,0.7333333333333333,0.21903939587308133,2.000221643553178,2.678332545482708,1.5984562075994528,0.5184736591716138,1.0,1.0,0.0,0.0,0.07328571428571427,0.8928571428571429,0.8928571428571429,0.19908366613675008,0.0,0.0,0.0,0.0,0.0,0.0,0.0,0.0,0.0,0.0,0.0,0.0,0.0,0.0,0.0,0.0,0.0,0.0,0.0,0.0,oscillatory,oscillatory
25,500,240,modular,6,0.08,0.004,0.12,4,10.0,0.72,0.22,True,static,1.0,False,False,1.0,default,reactive,default,0.19603333333333334,1.0,0.43333333333333335,0.12576030551984377,0.8039666666666667,1.0,0.43333333333333335,0.12576030551984377,0.0,0.5166666666666667,0.0,0.0,0.5916411038626758,1.1077735146326388,0.3340713182861975,0.09949870728796127,0.5926551473849438,1.1077735146326388,0.3340713182861975,0.09908807201400202,0.1948008684528382,0.731819230103379,0.37476150034315103,0.12115182120471958,0.19753333333333337,0.775,0.43333333333333335,0.12592281145386028,2.1953385137864627,2.8029430100089265,0.6075871453525075,0.1762201613218902,1.0,1.0,0.0,0.0,0.0,0.9642857142857143,0.0,0.0,0.0,0.0,0.0,0.0,0.0,0.0,0.0,0.0,0.0,0.0,0.0,0.0,0.0,0.0,0.0,0.0,0.0,0.0,0.0,0.0,runaway,runaway
26,500,240,modular,6,0.08,0.004,0.12,4,10.0,0.72,0.22,True,static,1.0,False,False,1.0,default,reactive,default,0.18935000000000002,1.0,0.36666666666666664,0.09751699139694124,0.81065,1.0,0.3666666666666667,0.09751699139694123,0.0,0.5416666666666666,0.0,0.0,0.5974728123413151,1.125303376009842,0.28415654032117166,0.07611521151142796,0.5972420410558582,1.125303376009842,0.29102941162932683,0.07618444787127718,0.1878377124935202,0.7317949399989022,0.33837759077537505,0.09567429063128394,0.18994999999999998,0.725,0.36666666666666664,0.09799679841709115,2.1870041441697214,2.8069326127366088,0.5079771119102428,0.13547356651639386,1.0,1.0,0.0,0.0,0.0,1.0,0.0,0.0,0.0,0.0,0.0,0.0,0.0,0.0,0.0,0.0,0.0,0.0,0.0,0.0,0.0,0.0,0.0,0.0,0.0,0.0,0.0,0.0,runaway,runaway
27,500,240,modular,6,0.08,0.004,0.12,4,10.0,0.72,0.22,True,static,1.0,False,False,1.0,default,reactive,default,0.19153333333333336,1.0,0.4083333333333333,0.11287952771773002,0.8084666666666667,1.0,0.4083333333333333,0.11287952771773001,0.0,0.45,0.0,0.0,0.5946741040659907,1.0184621591005716,0.31426375501283715,0.08730182996945161,0.5937800291504179,1.0184621591005716,0.31426375501283715,0.08757787632028873,0.18879346390731877,0.7070269132483827,0.34986682125431434,0.10799809645159231,0.19148333333333334,0.7291666666666666,0.4083333333333333,0.11286192276897958,2.205361800803826,2.6988703825257776,0.5645644612601175,0.15805943195312377,1.0,1.0,0.0,0.0,0.0,0.9285714285714286,0.0,0.0,0.0,0.0,0.0,0.0,0.0,0.0,0.0,0.0,0.0,0.0,0.0,0.0,0.0,0.0,0.0,0.0,0.0,0.0,0.0,0.0,stable,runaway
28,500,240,modular,6,0.08,0.004,0.12,4,10.0,0.72,0.22,True,static,1.0,False,False,1.0,default,reactive,default,0.1797,1.0,0.37916666666666665,0.08601110393431768,0.8203,1.0,0.37916666666666665,0.0860111039343177,0.0,0.3958333333333333,0.0,0.0,0.595823415411624,1.0032181420171171,0.28958885341063567,0.0663640072468759,0.5954897387187652,1.0032181420171171,0.28958885341063567,0.0661045977900649,0.1783950368329321,0.6932830786488633,0.3147102440404283,0.07995695878161552,0.1794166666666667,0.7083333333333334,0.37916666666666665,0.08630698600538275,2.2253717437368112,2.7347709451837816,0.5361896365316883,0.121764747745641,1.0,1.0,0.0,0.0,0.0,1.0,0.0,0.0,0.0,0.0,0.0,0.0,0.0,0.0,0.0,0.0,0.0,0.0,0.0,0.0,0.0,0.0,0.0,0.0,0.0,0.0,0.0,0.0,stable,stable
29,500,240,modular,6,0.08,0.004,0.12,4,10.0,0.72,0.22,True,static,1.0,False,False,1.0,default,reactive,default,0.19675,1.0,0.4333333333333333,0.11485283458021883,0.80325,1.0,0.43333333333333335,0.11485283458021883,0.0,0.5041666666666667,0.0,0.0,0.5975270250916339,1.0817496358020773,0.3379787095173502,0.09002786059621444,0.5969120223972132,1.0817496358020773,0.3379787095173502,0.08939961704744805,0.19601316768053959,0.732972338353545,0.3738713197447411,0.11220290745075233,0.19628333333333334,0.775,0.4333333333333333,0.11436603152451635,2.1805189275425247,2.7610629487069005,0.6066529525522111,0.15998099393098963,1.0,1.0,0.0,0.0,0.0,0.9642857142857143,0.0,0.0,0.0,0.0,0.0,0.0,0.0,0.0,0.0,0.0,0.0,0.0,0.0,0.0,0.0,0.0,0.0,0.0,0.0,0.0,0.0,0.0,runaway,runaway
30,500,240,modular,6,0.08,0.004,0.12,4,10.0,0.72,0.22,True,static,1.0,False,False,1.0,default,reactive,default,0.18426666666666666,1.0,0.31666666666666665,0.08150811820508025,0.8157333333333333,1.0,0.31666666666666665,0.08150811820508023,0.0,0.42083333333333334,0.0,0.0,0.5993560489859003,0.9981350644547997,0.24374547883301262,0.06346443326392416,0.5973181109741027,0.9981350644547997,0.24374547883301262,0.06361996700106186,0.18174273771782862,0.6986085314489922,0.29891723382479235,0.0808233001889565,0.18448333333333336,0.7291666666666666,0.31666666666666665,0.081951864259183,2.218307323362401,2.693078965047312,0.4511738178211526,0.11537854176893568,1.0,1.0,0.0,0.0,0.0,0.6428571428571429,0.0,0.0,0.0,0.0,0.0,0.0,0.0,0.0,0.0,0.0,0.0,0.0,0.0,0.0,0.0,0.0,0.0,0.0,0.0,0.0,0.0,0.0,stable,runaway
31,500,240,modular,6,0.08,0.004,0.12,4,10.0,0.72,0.22,True,static,1.0,False,False,1.0,default,reactive,default,0.20193333333333333,1.0,0.45416666666666666,0.13216419081329608,0.7980666666666666,1.0,0.4541666666666666,0.13216419081329608,0.0,0.4708333333333333,0.0,0.0,0.5955904882726597,1.0536391373269878,0.34992968067421926,0.1033847347546046,0.5944047488304527,1.0536391373269878,0.34992968067421926,0.10393783626554057,0.20149535592174747,0.7279453624563046,0.3889381163510174,0.12912993392202118,0.20268333333333333,0.7541666666666667,0.45416666666666666,0.13190256189071284,2.1682142741935366,2.7048214411785505,0.6252373981130139,0.18266898581307847,1.0,1.0,0.0,0.0,0.0,1.0,0.0,0.0,0.0,0.0,0.0,0.0,0.0,0.0,0.0,0.0,0.0,0.0,0.0,0.0,0.0,0.0,0.0,0.0,0.0,0.0,0.0,0.0,runaway,runaway
32,500,240,modular,6,0.08,0.004,0.12,4,10.0,0.72,0.22,True,static,1.0,False,False,1.0,default,reactive,default,0.18148333333333333,1.0,0.3458333333333333,0.09258243923960718,0.8185166666666667,1.0,0.3458333333333333,0.09258243923960718,0.0,0.4625,0.0,0.0,0.5951942790311903,1.0550647549067842,0.2686134954467499,0.07121735290749316,0.5952057407056934,1.0550647549067842,0.2686134954467499,0.07085580342311237,0.18030079800143783,0.7096858932825089,0.3210004582153655,0.08664886605629318,0.1809,0.7333333333333333,0.3458333333333333,0.09222434000245755,2.226264635992885,2.8083379353287223,0.4975211729506608,0.12995284831373138,1.0,1.0,0.0,0.0,0.0,0.9285714285714286,0.0,0.0,0.0,0.0,0.0,0.0,0.0,0.0,0.0,0.0,0.0,0.0,0.0,0.0,0.0,0.0,0.0,0.0,0.0,0.0,0.0,0.0,runaway,runaway
33,500,240,modular,6,0.08,0.004,0.12,4,10.0,0.72,0.22,True,static,1.0,False,False,1.0,default,reactive,default,0.18686666666666665,1.0,0.3416666666666667,0.09572683357693738,0.8131333333333334,1.0,0.3416666666666667,0.09572683357693738,0.0,0.45,0.0,0.0,0.5965664613980355,1.0378396008677222,0.265051049042099,0.07414868141152321,0.5968054641809755,1.0378396008677222,0.265051049042099,0.07437112335285175,0.1856409533594337,0.711776783777332,0.3129730884980857,0.09327693979803083,0.18786666666666668,0.7291666666666666,0.3416666666666667,0.095821036892277,2.20753861143916,2.722672979864482,0.48450081754721186,0.13423421311151934,1.0,1.0,0.0,0.0,0.0,0.9642857142857143,0.0,0.0,0.0,0.0,0.0,0.0,0.0,0.0,0.0,0.0,0.0,0.0,0.0,0.0,0.0,0.0,0.0,0.0,0.0,0.0,0.0,0.0,stable,runaway
34,500,240,modular,6,0.08,0.004,0.12,4,10.0,0.72,0.22,True,static,1.0,False,False,1.0,default,reactive,default,0.18115,1.0,0.4041666666666666,0.0751768082589305,0.8188500000000001,1.0,0.4041666666666667,0.07517680825893049,0.0,0.49166666666666664,0.0,0.0,0.6011648211576806,1.0804148912074476,0.31432117527223796,0.05829337180034285,0.600122097033676,1.0804148912074476,0.31432117527223796,0.05840153800392445,0.18300736684152394,0.7214592693539301,0.34156119343637753,0.07388000033542573,0.18105000000000002,0.7291666666666666,0.4041666666666666,0.07512208766771299,2.218299551045556,2.7711209484891546,0.5784184193300452,0.10547746256884376,1.0,1.0,0.0,0.0,0.0,0.9285714285714286,0.0,0.0,0.0,0.0,0.0,0.0,0.0,0.0,0.0,0.0,0.0,0.0,0.0,0.0,0.0,0.0,0.0,0.0,0.0,0.0,0.0,0.0,runaway,runaway
35,500,240,modular,6,0.08,0.004,0.12,4,10.0,0.72,0.22,True,static,1.0,False,False,1.0,default,reactive,default,0.16233333333333333,1.0,0.3125,0.04693494315420962,0.8376666666666668,0.9958333333333333,0.3125,0.04693494315420963,0.0,0.4708333333333333,0.0,0.0,0.5942233929021595,1.0083799334881087,0.22779407327788992,0.03552813421183618,0.5944855989832007,1.0083799334881087,0.22779407327788992,0.03536119046370486,0.16318162785404597,0.6789519232224563,0.23810543356713865,0.04216718835838654,0.16303333333333336,0.7083333333333334,0.3125,0.04715952831730944,2.2423515718976206,2.739386291248461,0.4423884309739605,0.0663127589002607,1.0,1.0,0.0,0.0,0.0,0.9642857142857143,0.0,0.0,0.0,0.0,0.0,0.0,0.0,0.0,0.0,0.0,0.0,0.0,0.0,0.0,0.0,0.0,0.0,0.0,0.0,0.0,0.0,0.0,runaway,runaway
36,500,240,modular,6,0.08,0.004,0.12,4,10.0,0.72,0.22,True,static,1.0,False,False,1.0,default,reactive,default,0.17036666666666667,1.0,0.3208333333333333,0.06681902589998018,0.8296333333333334,1.0,0.3208333333333334,0.06681902589998018,0.0,0.525,0.0,0.0,0.5962544253411929,1.0415196495894523,0.24161271829716713,0.05139701971678755,0.5958427677538387,1.0415196495894523,0.24161271829716713,0.05157576458511706,0.17145268171480627,0.6975650541137434,0.2642517882167007,0.06306850654868448,0.1703,0.7375,0.3208333333333333,0.06690577121760291,2.2083610495898793,2.7306663927416293,0.44771968063383194,0.09262833367501669,1.0,1.0,0.0,0.0,0.0,1.0,0.0,0.0,0.0,0.0,0.0,0.0,0.0,0.0,0.0,0.0,0.0,0.0,0.0,0.0,0.0,0.0,0.0,0.0,0.0,0.0,0.0,0.0,runaway,runaway
37,500,240,modular,6,0.08,0.004,0.12,4,10.0,0.72,0.22,True,static,1.0,False,False,1.0,default,reactive,default,0.1861,1.0,0.39583333333333337,0.09348936956800073,0.8139000000000001,1.0,0.39583333333333326,0.09348936956800073,0.0,0.4083333333333333,0.0,0.0,0.596675883101532,0.9923691665577121,0.3005725482119921,0.07265400458867542,0.5972758592722904,0.9923691665577121,0.3005725482119921,0.07322483932272168,0.18534703736994884,0.6948072479626596,0.3446413244468274,0.09175749496514009,0.18526666666666666,0.725,0.39583333333333337,0.09356005795447352,2.1854596388196086,2.636492127188354,0.5470375102226728,0.1297525977744581,1.0,1.0,0.0,0.0,0.0,0.9285714285714286,0.0,0.0,0.0,0.0,0.0,0.0,0.0,0.0,0.0,0.0,0.0,0.0,0.0,0.0,0.0,0.0,0.0,0.0,0.0,0.0,0.0,0.0,stable,runaway
38,500,240,modular,6,0.08,0.004,0.12,4,10.0,0.72,0.22,True,static,1.0,False,False,1.0,default,reactive,default,0.18491666666666667,1.0,0.36666666666666664,0.10100292212494537,0.8150833333333333,1.0,0.3666666666666667,0.10100292212494537,0.0,0.45416666666666666,0.0,0.0,0.5959246741500474,1.0464602375736878,0.2803898675465868,0.07897362631760839,0.5954136138186062,1.0464602375736878,0.2771742074378631,0.07859994875558167,0.18551011125596203,0.712652838223709,0.31964272909870595,0.09703196716000892,0.1855,0.7458333333333333,0.36666666666666664,0.10189060037336342,2.2002623987188064,2.749069027573586,0.5202276290303751,0.14228708233424206,1.0,1.0,0.0,0.0,0.0,0.8928571428571429,0.0,0.0,0.0,0.0,0.0,0.0,0.0,0.0,0.0,0.0,0.0,0.0,0.0,0.0,0.0,0.0,0.0,0.0,0.0,0.0,0.0,0.0,runaway,runaway
39,500,240,modular,6,0.08,0.004,0.12,4,10.0,0.72,0.22,True,static,1.0,False,False,1.0,default,reactive,default,0.17720000000000002,1.0,0.3458333333333333,0.07993934506167091,0.8228,1.0,0.3458333333333333,0.0799393450616709,0.0,0.5375,0.0,0.0,0.5966128509544965,1.1152478379478157,0.2575986049645335,0.061362072911435035,0.5966693720440311,1.1152478379478157,0.2575986049645335,0.061888476222984025,0.17800034111125315,0.7192669581181107,0.3069473309437163,0.07648014527624994,0.17753333333333332,0.7291666666666666,0.3458333333333333,0.07974681463509652,2.196867156830721,2.7970141661240646,0.4788819069383594,0.11059199050260059,1.0,1.0,0.0,0.0,0.0,1.0,0.0,0.0,0.0,0.0,0.0,0.0,0.0,0.0,0.0,0.0,0.0,0.0,0.0,0.0,0.0,0.0,0.0,0.0,0.0,0.0,0.0,0.0,runaway,runaway
40,500,240,modular,6,0.08,0.004,0.12,4,10.0,0.72,0.22,True,static,1.0,False,False,1.0,default,reactive,default,0.1925,1.0,0.36250000000000004,0.11272508347499435,0.8075,1.0,0.36250000000000004,0.11272508347499435,0.0,0.5666666666666667,0.0,0.0,0.5957889365527348,1.1410643103742542,0.28203918899221525,0.0880064089400999,0.5958409405951381,1.1410643103742542,0.28701384722858103,0.08800125242457163,0.19248409827951157,0.7351375505369073,0.33405850786720365,0.11052484043813991,0.1922,0.7708333333333334,0.36250000000000004,0.11299271854612776,2.1987843362812973,2.823473767271457,0.5131844145270426,0.15864194434050669,1.0,1.0,0.0,0.0,0.0,0.9285714285714286,0.0,0.0,0.0,0.0,0.0,0.0,0.0,0.0,0.0,0.0,0.0,0.0,0.0,0.0,0.0,0.0,0.0,0.0,0.0,0.0,0.0,0.0,runaway,runaway
41,500,240,modular,6,0.08,0.004,0.12,4,10.0,0.72,0.22,True,static,1.0,False,False,1.0,default,reactive,default,0.17258333333333334,1.0,0.3041666666666667,0.0705636532973362,0.8274166666666667,1.0,0.3041666666666667,0.0705636532973362,0.0,0.43333333333333335,0.0,0.0,0.5967606682132537,1.0254729929690096,0.2279788187654362,0.05443923862199792,0.5954160294053348,1.0254729929690096,0.22454326789850393,0.054147440730063355,0.1725353572381798,0.6957099731016317,0.26340322799917004,0.06682862684114889,0.17238333333333333,0.7166666666666667,0.3041666666666667,0.07053880137909915,2.2261880249697716,2.740737787626268,0.43145370338192923,0.09934238956160167,1.0,1.0,0.0,0.0,0.0,0.9642857142857143,0.0,0.0,0.0,0.0,0.0,0.0,0.0,0.0,0.0,0.0,0.0,0.0,0.0,0.0,0.0,0.0,0.0,0.0,0.0,0.0,0.0,0.0,stable,runaway
42,500,240,modular,6,0.08,0.004,0.12,4,10.0,0.72,0.22,True,static,1.0,False,False,1.0,default,reactive,default,0.17351666666666668,1.0,0.3625,0.06959072615418425,0.8264833333333332,1.0,0.36250000000000004,0.06959072615418427,0.0,0.37083333333333335,0.0,0.0,0.5954481694491532,0.9520435111248079,0.2779549048752887,0.05331114186681466,0.5952662673418536,0.9520435111248079,0.2758757438937322,0.053281525221323726,0.17198308648630423,0.6632953833175835,0.2956920175289689,0.06445607042469799,0.17346666666666666,0.6708333333333333,0.3625,0.06935523692475493,2.2526344280218997,2.6902996317832346,0.50818453486034,0.09799136106161736,1.0,1.0,0.0,0.0,0.0,0.8214285714285714,0.0,0.0,0.0,0.0,0.0,0.0,0.0,0.0,0.0,0.0,0.0,0.0,0.0,0.0,0.0,0.0,0.0,0.0,0.0,0.0,0.0,0.0,stable,stable
43,500,240,modular,6,0.08,0.004,0.12,4,10.0,0.72,0.22,True,static,1.0,False,False,1.0,default,reactive,default,0.19181666666666666,1.0,0.41250000000000003,0.11029779009572223,0.8081833333333334,1.0,0.4125,0.11029779009572223,0.0,0.4791666666666667,0.0,0.0,0.5959319016765611,1.0770479903492418,0.3305839788337445,0.08544806715946664,0.5954498814641336,1.0770479903492418,0.3305839788337445,0.08599310654241188,0.19045591393541667,0.7242664715494946,0.3799296865478983,0.10659481616386723,0.1915,0.7,0.41250000000000003,0.11027919114683422,2.2101831486811983,2.7714457611388412,0.5824811375547754,0.1545867371900835,1.0,1.0,0.0,0.0,0.0,0.9642857142857143,0.0,0.0,0.0,0.0,0.0,0.0,0.0,0.0,0.0,0.0,0.0,0.0,0.0,0.0,0.0,0.0,0.0,0.0,0.0,0.0,0.0,0.0,runaway,runaway
44,500,240,modular,6,0.08,0.004,0.12,4,10.0,0.72,0.22,True,static,1.0,False,False,1.0,default,reactive,default,0.1886,1.0,0.4125,0.11918081967236917,0.8114000000000001,1.0,0.4125000000000001,0.11918081967236917,0.0,0.5541666666666667,0.0,0.0,0.5948535873369973,1.1249428583386498,0.31101096758790747,0.09293703142828849,0.5933799100049961,1.1249428583386498,0.31101096758790747,0.09368180815129097,0.19150036062157808,0.7294659799113833,0.3577466480212779,0.11579437625717927,0.18971666666666667,0.7166666666666667,0.4125,0.11932281261817085,2.224663447801858,2.8709026383721272,0.5737667659701826,0.1685248599290314,1.0,1.0,0.0,0.0,0.0,0.8928571428571429,0.0,0.0,0.0,0.0,0.0,0.0,0.0,0.0,0.0,0.0,0.0,0.0,0.0,0.0,0.0,0.0,0.0,0.0,0.0,0.0,0.0,0.0,runaway,runaway
45,500,240,modular,6,0.08,0.004,0.12,4,10.0,0.72,0.22,True,static,1.0,False,False,1.0,default,reactive,default,0.19013333333333332,1.0,0.375,0.10928560441949037,0.8098666666666666,1.0,0.375,0.10928560441949038,0.0,0.4125,0.0,0.0,0.5958220914814547,0.9950375238040455,0.28689622289213135,0.08532009089178588,0.5947007263106999,0.9950375238040455,0.2866629863373496,0.08480471377709162,0.18885073420490583,0.6992217595806973,0.33514135949123436,0.10623908261217471,0.18944999999999998,0.7208333333333333,0.375,0.10892028303101105,2.2048507620799955,2.6794280263668293,0.5251958362276123,0.1532517735351635,1.0,1.0,0.0,0.0,0.0,0.8214285714285714,0.0,0.0,0.0,0.0,0.0,0.0,0.0,0.0,0.0,0.0,0.0,0.0,0.0,0.0,0.0,0.0,0.0,0.0,0.0,0.0,0.0,0.0,stable,runaway
46,500,240,modular,6,0.08,0.004,0.12,4,10.0,0.72,0.22,True,static,1.0,False,False,1.0,default,reactive,default,0.1772,1.0,0.35000000000000003,0.07445090850874674,0.8228,1.0,0.35,0.07445090850874675,0.0,0.4166666666666667,0.0,0.0,0.5977500174785401,0.9927369646254698,0.27799506867842605,0.05727770676342202,0.5969138822955483,0.9927369646254698,0.2706848345462549,0.056632362908911694,0.1765335464414168,0.6888933387481238,0.2996458139588119,0.07001531332029469,0.1765666666666667,0.7333333333333333,0.35000000000000003,0.07439508645662621,2.1995013073226097,2.675590059845894,0.4812856100878866,0.10340057192021151,1.0,1.0,0.0,0.0,0.0,0.8571428571428571,0.0,0.0,0.0,0.0,0.0,0.0,0.0,0.0,0.0,0.0,0.0,0.0,0.0,0.0,0.0,0.0,0.0,0.0,0.0,0.0,0.0,0.0,stable,runaway
47,500,240,modular,6,0.08,0.004,0.12,4,10.0,0.72,0.22,True,static,1.0,False,False,1.0,default,reactive,default,0.1834333333333333,1.0,0.3375,0.09327597046756826,0.8165666666666666,1.0,0.3375,0.09327597046756826,0.0,0.45,0.0,0.0,0.5955438133692988,1.0414234707366274,0.2607560556777788,0.07176240023167205,0.5959866847733526,1.0414234707366274,0.2607560556777788,0.07155075697826595,0.18234799936102725,0.7088943549361987,0.30713075270692863,0.08882561140026422,0.18375,0.7416666666666667,0.3375,0.09343168181439669,2.207307815064077,2.7324399584840764,0.47294440466866083,0.12994017155491772,1.0,1.0,0.0,0.0,0.0,1.0,0.0,0.0,0.0,0.0,0.0,0.0,0.0,0.0,0.0,0.0,0.0,0.0,0.0,0.0,0.0,0.0,0.0,0.0,0.0,0.0,0.0,0.0,stable,runaway
48,500,240,modular,6,0.08,0.004,0.12,4,10.0,0.72,0.22,True,static,1.0,False,False,1.0,default,reactive,default,0.17311666666666667,1.0,0.3833333333333333,0.08330162896899969,0.8268833333333333,1.0,0.3833333333333333,0.08330162896899969,0.0,0.3333333333333333,0.0,0.0,0.5955876786610229,0.9201432250302032,0.29095461185450466,0.06366131484718314,0.5947456019271247,0.9201432250302032,0.29095461185450466,0.06395590003196377,0.17512491655009899,0.6413433023908953,0.3099685267211815,0.07775805477761599,0.17331666666666667,0.65,0.3833333333333333,0.08324586910004737,2.2470530035711134,2.6507541424143395,0.5455694277003178,0.11759529231713073,1.0,1.0,0.0,0.0,0.0,0.7857142857142857,0.0,0.0,0.0,0.0,0.0,0.0,0.0,0.0,0.0,0.0,0.0,0.0,0.0,0.0,0.0,0.0,0.0,0.0,0.0,0.0,0.0,0.0,stable,stable
49,500,240,modular,6,0.08,0.004,0.12,4,10.0,0.72,0.22,True,static,1.0,False,False,1.0,default,reactive,default,0.17418333333333333,1.0,0.2875,0.0715199059314569,0.8258166666666666,1.0,0.2875000000000001,0.0715199059314569,0.0,0.5458333333333333,0.0,0.0,0.5972268135572131,1.1205758285448482,0.22308939293829172,0.05437103467673134,0.5962149702689916,1.1205758285448482,0.22308939293829172,0.05430999667252601,0.17402358221428893,0.7172079905371258,0.26406490494380697,0.0671824384162721,0.17351666666666665,0.7166666666666667,0.2875,0.07119969764292854,2.204359436532702,2.810647046140471,0.4002876698588482,0.09856803777410705,1.0,1.0,0.0,0.0,0.0,0.9285714285714286,0.0,0.0,0.0,0.0,0.0,0.0,0.0,0.0,0.0,0.0,0.0,0.0,0.0,0.0,0.0,0.0,0.0,0.0,0.0,0.0,0.0,0.0,runaway,runaway
50,500,240,modular,6,0.08,0.004,0.12,4,10.0,0.72,0.22,True,static,1.0,False,False,1.0,default,reactive,default,0.20560000000000003,1.0,0.4708333333333333,0.14833577151554211,0.7944,1.0,0.4708333333333333,0.14833577151554211,0.0,0.4,0.0,0.0,0.5925698355326872,1.0017254559590811,0.3638698792460136,0.11671219238718072,0.5922889145083625,1.0017254559590811,0.3638698792460136,0.1160204859357371,0.20723868142542665,0.7118691590264802,0.398568466016309,0.1444497790704686,0.2064166666666667,0.7166666666666667,0.4708333333333333,0.1482467209680463,2.186062928113918,2.683956191458073,0.6681489515389931,0.2077329990984427,1.0,1.0,0.0,0.0,0.0,0.8928571428571429,0.0,0.0,0.0,0.0,0.0,0.0,0.0,0.0,0.0,0.0,0.0,0.0,0.0,0.0,0.0,0.0,0.0,0.0,0.0,0.0,0.0,0.0,stable,stable
1,500,240,modular,6,0.08,0.004,0.12,4,10.0,0.72,0.22,True,static,1.0,False,False,1.0,default,fixed,default,0.6477166666666667,0.8333333333333334,0.14166666666666672,0.028079653567030422,0.2728666666666667,0.36666666666666664,0.17916666666666664,0.02791910934587038,0.07941666666666668,0.15,0.11249999999999999,0.017740607843776568,0.3232985483203622,0.4190837091675709,0.1672326139607248,0.028287139789772816,0.3232249510455327,0.4190837091675709,0.1672326139607248,0.028365816730815147,0.01446044092582198,0.0352432708802539,0.02836146837423493,0.0041563042533070945,0.014666666666666666,0.05416666666666667,0.05416666666666667,0.009385272150200723,1.625031139296782,1.76551236484135,0.25379196393726167,0.045521871835055044,1.0,1.0,0.0,0.0,0.07914285714285713,0.25,0.25,0.04919432520782312,0.0,0.0,0.0,0.0,0.0,0.0,0.0,0.0,0.0,0.0,0.0,0.0,0.0,0.0,0.0,0.0,0.0,0.0,0.0,0.0,stable,stable
2,500,240,modular,6,0.08,0.004,0.12,4,10.0,0.72,0.22,True,static,1.0,False,False,1.0,default,fixed,default,0.6500833333333333,0.7875,0.17916666666666659,0.03001492684204533,0.2713,0.3416666666666667,0.15,0.027839899425105688,0.07861666666666667,0.13333333333333333,0.09166666666666667,0.016224646888812918,0.3143835928677126,0.40692564952300064,0.17032152803011016,0.02967127121384626,0.3142280169719707,0.40692564952300064,0.17032152803011016,0.030178492127764668,0.013022857107593478,0.030718688383957003,0.023801275982909046,0.003975032597490363,0.013633333333333332,0.04583333333333333,0.04583333333333333,0.009344873817589335,1.6149077434675834,1.7704306872827908,0.29570701874914884,0.047865015364281664,1.0,1.0,0.0,0.0,0.08099999999999999,0.2857142857142857,0.2857142857142857,0.0516584149653732,0.0,0.0,0.0,0.0,0.0,0.0,0.0,0.0,0.0,0.0,0.0,0.0,0.0,0.0,0.0,0.0,0.0,0.0,0.0,0.0,stable,stable
3,500,240,modular,6,0.08,0.004,0.12,4,10.0,0.72,0.22,True,static,1.0,False,False,1.0,default,fixed,default,0.6490666666666666,0.8,0.1875,0.029839217296854303,0.2683666666666667,0.37083333333333335,0.17916666666666667,0.02917664591187045,0.08256666666666665,0.12916666666666668,0.10416666666666669,0.01710168932526193,0.3182011844222907,0.40255011089379206,0.16797039630510358,0.02951335914732626,0.31783789696578296,0.40255011089379206,0.16797039630510358,0.029526441579696625,0.01345719273198204,0.02942129983007168,0.023751158455600493,0.00405726808727739,0.012899999999999998,0.05,0.0375,0.00756314161649186,1.6286939427414084,1.7773999554364117,0.27812749975456663,0.047929486823418646,1.0,1.0,0.0,0.0,0.07785714285714283,0.25,0.25,0.04859768198049729,0.0,0.0,0.0,0.0,0.0,0.0,0.0,0.0,0.0,0.0,0.0,0.0,0.0,0.0,0.0,0.0,0.0,0.0,0.0,0.0,stable,stable
4,500,240,modular,6,0.08,0.004,0.12,4,10.0,0.72,0.22,True,static,1.0,False,False,1.0,default,fixed,default,0.6497499999999999,0.7791666666666667,0.1791666666666667,0.030718366746224576,0.2687333333333333,0.36666666666666664,0.18333333333333332,0.028575552876929998,0.08151666666666667,0.14166666666666666,0.10833333333333334,0.018520776621585463,0.3199970139479095,0.421084382237286,0.17668002063661356,0.03239163713714991,0.3196756108624924,0.421084382237286,0.17668002063661356,0.03228392912479758,0.01394243056155912,0.0354420518803987,0.029135181563938524,0.0046526068516343005,0.013333333333333334,0.05,0.05,0.008266397845091497,1.6360282662946974,1.8005383008850382,0.2739762540887878,0.05143726391346018,1.0,1.0,0.0,0.0,0.08299999999999999,0.25,0.25,0.05114784492836747,0.0,0.0,0.0,0.0,0.0,0.0,0.0,0.0,0.0,0.0,0.0,0.0,0.0,0.0,0.0,0.0,0.0,0.0,0.0,0.0,stable,stable
5,500,240,modular,6,0.08,0.004,0.12,4,10.0,0.72,0.22,True,static,1.0,False,False,1.0,default,fixed,default,0.6518333333333333,0.7666666666666667,0.19166666666666665,0.028681197867437665,0.27031666666666665,0.3541666666666667,0.15000000000000002,0.02725032619580503,0.07784999999999999,0.15,0.0875,0.01680367849939742,0.31129989663506874,0.4020205490847459,0.17090046521076813,0.028518011332504513,0.312296730234764,0.4020205490847459,0.17090046521076813,0.02843950020276793,0.01265506097860532,0.029163048910952546,0.023462424086789092,0.003625409555666232,0.011983333333333334,0.07083333333333333,0.07083333333333333,0.008288026839295883,1.5997427971040616,1.7602162930470198,0.3037556880887402,0.04637828290943344,1.0,1.0,0.0,0.0,0.08128571428571428,0.2857142857142857,0.2857142857142857,0.05219449497909189,0.0,0.0,0.0,0.0,0.0,0.0,0.0,0.0,0.0,0.0,0.0,0.0,0.0,0.0,0.0,0.0,0.0,0.0,0.0,0.0,stable,stable
6,500,240,modular,6,0.08,0.004,0.12,4,10.0,0.72,0.22,True,static,1.0,False,False,1.0,default,fixed,default,0.6483666666666666,0.7958333333333333,0.16666666666666663,0.03289670702871845,0.2732166666666667,0.3625,0.16666666666666666,0.03079186851535104,0.07841666666666668,0.13333333333333333,0.1,0.018140845564024236,0.31556657337599237,0.41082035573031855,0.17911486073294144,0.03183413794971455,0.3149403253165913,0.41082035573031855,0.17911486073294144,0.031525212287242456,0.013144738630788261,0.031809216147233504,0.026146274387779864,0.004280301532285626,0.011966666666666667,0.04583333333333333,0.0375,0.007664419960658036,1.6139892897854702,1.7704003635204197,0.29125418233579636,0.05275325845966035,1.0,1.0,0.0,0.0,0.07899999999999999,0.25,0.21428571428571427,0.049164654634260604,0.0,0.0,0.0,0.0,0.0,0.0,0.0,0.0,0.0,0.0,0.0,0.0,0.0,0.0,0.0,0.0,0.0,0.0,0.0,0.0,stable,stable
7,500,240,modular,6,0.08,0.004,0.12,4,10.0,0.72,0.22,True,static,1.0,False,False,1.0,default,fixed,default,0.6485166666666666,0.8416666666666667,0.20416666666666672,0.033434550492965606,0.26975,0.3541666666666667,0.17500000000000002,0.03191362039422458,0.08173333333333334,0.14166666666666666,0.10416666666666666,0.018248165813460695,0.32765488692379646,0.44158527954074583,0.18675527182315366,0.033957060119222574,0.32692010602499777,0.44158527954074583,0.18675527182315366,0.03392146186265357,0.015372571680736498,0.043940078021528946,0.03325816328157903,0.005567558586301603,0.015633333333333336,0.05,0.05,0.00987640285394097,1.6329538860994435,1.8120492852524344,0.29373448989682793,0.053321613626390534,1.0,1.0,0.0,0.0,0.08157142857142857,0.25,0.25,0.054624693526436764,0.0,0.0,0.0,0.0,0.0,0.0,0.0,0.0,0.0,0.0,0.0,0.0,0.0,0.0,0.0,0.0,0.0,0.0,0.0,0.0,stable,stable
8,500,240,modular,6,0.08,0.004,0.12,4,10.0,0.72,0.22,True,static,1.0,False,False,1.0,default,fixed,default,0.6527166666666667,0.8,0.16666666666666663,0.029996208093690774,0.2673000000000001,0.3625,0.14583333333333334,0.026737177612206314,0.07998333333333332,0.13333333333333333,0.09583333333333333,0.01781735265283694,0.31872876226195707,0.420738715021438,0.1906443540798202,0.0314547902255515,0.3193371434443562,0.420738715021438,0.1906443540798202,0.031647155771584945,0.013984747342888982,0.035625667350213025,0.02778478811388057,0.00456595942522639,0.013150000000000002,0.05,0.0375,0.008461169475249204,1.5888192954297407,1.743749585214928,0.28866317428667476,0.04869488643247454,1.0,1.0,0.0,0.0,0.07999999999999999,0.32142857142857145,0.32142857142857145,0.05089003751587679,0.0,0.0,0.0,0.0,0.0,0.0,0.0,0.0,0.0,0.0,0.0,0.0,0.0,0.0,0.0,0.0,0.0,0.0,0.0,0.0,stable,stable
9,500,240,modular,6,0.08,0.004,0.12,4,10.0,0.72,0.22,True,static,1.0,False,False,1.0,default,fixed,default,0.6503333333333332,0.7625,0.1958333333333333,0.031748140802957965,0.2693,0.35,0.17916666666666667,0.028570264261990996,0.08036666666666667,0.12916666666666668,0.09166666666666667,0.018060976963854666,0.3184287890377617,0.4039945247541838,0.17360217756485194,0.03321131005295869,0.31853932951842784,0.4039945247541838,0.17360217756485194,0.033115325768779014,0.013826541078935725,0.03012377810508596,0.0229573805508796,0.004633224696575194,0.013983333333333332,0.05,0.05,0.008721445471429097,1.6305513181208242,1.769630096694282,0.3062433796583366,0.053281457854160136,1.0,1.0,0.0,0.0,0.07971428571428571,0.25,0.25,0.04992565901990107,0.0,0.0,0.0,0.0,0.0,0.0,0.0,0.0,0.0,0.0,0.0,0.0,0.0,0.0,0.0,0.0,0.0,0.0,0.0,0.0,stable,stable
10,500,240,modular,6,0.08,0.004,0.12,4,10.0,0.72,0.22,True,static,1.0,False,False,1.0,default,fixed,default,0.6505833333333333,0.7875,0.1791666666666667,0.03086496125598303,0.26863333333333334,0.3416666666666667,0.15000000000000002,0.027126637175375137,0.08078333333333333,0.12916666666666668,0.07916666666666666,0.015884487541134102,0.32267168165372756,0.4109524255622076,0.16711542973046342,0.03133821652504638,0.3228351070048967,0.4109524255622076,0.16711542973046342,0.03148235963416944,0.014549189425888212,0.03266316017469015,0.024371451341792468,0.0045904158177092974,0.014716666666666666,0.04583333333333333,0.04583333333333333,0.00854011774574046,1.6244004560935257,1.7630045352305606,0.2852599297977054,0.05053491571547412,1.0,1.0,0.0,0.0,0.0797142857142857,0.25,0.25,0.049925659019901064,0.0,0.0,0.0,0.0,0.0,0.0,0.0,0.0,0.0,0.0,0.0,0.0,0.0,0.0,0.0,0.0,0.0,0.0,0.0,0.0,stable,stable
11,500,240,modular,6,0.08,0.004,0.12,4,10.0,0.72,0.22,True,static,1.0,False,False,1.0,default,fixed,default,0.6468166666666666,0.8166666666666667,0.17500000000000004,0.03241342743027614,0.27365000000000006,0.3625,0.16666666666666666,0.02953429738832841,0.07953333333333333,0.12916666666666668,0.1,0.017993177719470357,0.3188093201267574,0.4200911192195974,0.18126531649814487,0.033412740072109315,0.3188812752130052,0.4200911192195974,0.18126531649814487,0.03340464156355934,0.01385147897237968,0.0350308440537015,0.02907659213276858,0.0047575481376043545,0.013416666666666665,0.05416666666666667,0.041666666666666664,0.008202726511485202,1.6193651540425467,1.7766654153933772,0.27051000699925565,0.05308922329319348,1.0,1.0,0.0,0.0,0.07614285714285714,0.25,0.25,0.04931386359693532,0.0,0.0,0.0,0.0,0.0,0.0,0.0,0.0,0.0,0.0,0.0,0.0,0.0,0.0,0.0,0.0,0.0,0.0,0.0,0.0,stable,stable
12,500,240,modular,6,0.08,0.004,0.12,4,10.0,0.72,0.22,True,static,1.0,False,False,1.0,default,fixed,default,0.6476000000000001,0.7708333333333334,0.17083333333333328,0.0319407611403082,0.2732833333333333,0.35,0.1708333333333333,0.02945873290629528,0.07911666666666667,0.13333333333333333,0.09166666666666667,0.01816009820090923,0.3202427150731555,0.41653546634264166,0.17802587012511661,0.03233549306242741,0.32083048788370466,0.41653546634264166,0.17802587012511661,0.03264571871671961,0.014174773185866641,0.03410908184610619,0.028130396105085154,0.004640123288608013,0.01395,0.05,0.05,0.009562382896886459,1.6052023755360438,1.7408881999345074,0.26459566821117986,0.05105281448035623,1.0,1.0,0.0,0.0,0.07642857142857142,0.2857142857142857,0.21428571428571427,0.050005101780534675,0.0,0.0,0.0,0.0,0.0,0.0,0.0,0.0,0.0,0.0,0.0,0.0,0.0,0.0,0.0,0.0,0.0,0.0,0.0,0.0,stable,stable
13,500,240,modular,6,0.08,0.004,0.12,4,10.0,0.72,0.22,True,static,1.0,False,False,1.0,default,fixed,default,0.6495666666666667,0.8291666666666667,0.15416666666666667,0.03335342727683485,0.26935000000000003,0.35,0.16249999999999998,0.030828058107293537,0.08108333333333333,0.15833333333333333,0.125,0.018749259244626768,0.3221833291357401,0.4368955535926851,0.19329471268650517,0.033891385906801644,0.32168421870626157,0.4368955535926851,0.19329471268650517,0.03350372267823469,0.014391583309389461,0.04151171321989982,0.03520375378844291,0.005002057444876199,0.015966666666666667,0.05,0.05,0.009714479456518044,1.646494319750352,1.8015547014815434,0.26404680421428584,0.054988398677346326,1.0,1.0,0.0,0.0,0.08542857142857142,0.35714285714285715,0.35714285714285715,0.05676589950788039,0.0,0.0,0.0,0.0,0.0,0.0,0.0,0.0,0.0,0.0,0.0,0.0,0.0,0.0,0.0,0.0,0.0,0.0,0.0,0.0,stable,oscillatory
14,500,240,modular,6,0.08,0.004,0.12,4,10.0,0.72,0.22,True,static,1.0,False,False,1.0,default,fixed,default,0.6511166666666667,0.7708333333333334,0.15416666666666667,0.028933645351620203,0.27004999999999996,0.36666666666666664,0.16249999999999998,0.028018054694944276,0.07883333333333332,0.12916666666666668,0.08750000000000002,0.016262601951170737,0.31463752277677814,0.40055585738834937,0.16381461478004705,0.028787296016982676,0.31479417322264913,0.40055585738834937,0.16381461478004705,0.028785616431819996,0.013088812482554207,0.02899981371411632,0.0231793463741374,0.0037572065852341427,0.012416666666666664,0.05,0.0375,0.0081004972412535,1.5980917778477648,1.7355510225973834,0.24700133838804073,0.04614144108605605,1.0,1.0,0.0,0.0,0.07457142857142855,0.2857142857142857,0.21428571428571427,0.05030843642482048,0.0,0.0,0.0,0.0,0.0,0.0,0.0,0.0,0.0,0.0,0.0,0.0,0.0,0.0,0.0,0.0,0.0,0.0,0.0,0.0,stable,stable
15,500,240,modular,6,0.08,0.004,0.12,4,10.0,0.72,0.22,True,static,1.0,False,False,1.0,default,fixed,default,0.6480166666666667,0.7791666666666667,0.1625000000000001,0.029375864053485967,0.2714666666666667,0.37083333333333335,0.15833333333333333,0.028720666194687525,0.08051666666666667,0.15,0.11250000000000002,0.018167347082059065,0.31790349531306406,0.41543207933208026,0.16675019646479447,0.02957722100894421,0.3177484806903612,0.41543207933208026,0.16675019646479447,0.02967090628084986,0.013508957760226746,0.03347366450919749,0.02188492329963704,0.003871967213904083,0.013850000000000001,0.04583333333333333,0.04583333333333333,0.00897819890376436,1.633441883721259,1.789758690713053,0.25669321002972545,0.04847067333876176,1.0,1.0,0.0,0.0,0.08399999999999999,0.2857142857142857,0.25,0.05331002892208435,0.0,0.0,0.0,0.0,0.0,0.0,0.0,0.0,0.0,0.0,0.0,0.0,0.0,0.0,0.0,0.0,0.0,0.0,0.0,0.0,stable,stable
16,500,240,modular,6,0.08,0.004,0.12,4,10.0,0.72,0.22,True,static,1.0,False,False,1.0,default,fixed,default,0.6491166666666667,0.7875,0.16249999999999998,0.030360980989860432,0.2687833333333333,0.37916666666666665,0.16666666666666666,0.028585257466820977,0.08209999999999999,0.15,0.11249999999999999,0.01856687612090114,0.32475555344188956,0.4500602449170619,0.1731891331210305,0.031634365631453124,0.324814185170041,0.4500602449170619,0.1731891331210305,0.03174593578413592,0.01480538893997329,0.04716106369217769,0.02931141959774389,0.0047760246379891635,0.0144,0.05416666666666667,0.04583333333333333,0.00890542905573149,1.6533816546009126,1.8640177945574044,0.2964207842922706,0.05074177018486494,1.0,1.0,0.0,0.0,0.08257142857142856,0.25,0.25,0.05069234938049612,0.0,0.0,0.0,0.0,0.0,0.0,0.0,0.0,0.0,0.0,0.0,0.0,0.0,0.0,0.0,0.0,0.0,0.0,0.0,0.0,stable,stable
17,500,240,modular,6,0.08,0.004,0.12,4,10.0,0.72,0.22,True,static,1.0,False,False,1.0,default,fixed,default,0.6482666666666667,0.8166666666666667,0.15416666666666667,0.03057179164596744,0.27183333333333337,0.37083333333333335,0.15833333333333333,0.029294481846700526,0.0799,0.13333333333333333,0.09583333333333333,0.01813578414810528,0.3110742805113271,0.39514920155295774,0.15053781109342596,0.030525975259210848,0.31139781953933343,0.39514920155295774,0.15053781109342596,0.03048560284755618,0.012473001468244255,0.026956443086000773,0.020794697434236415,0.003995436136139389,0.012216666666666667,0.04583333333333333,0.04583333333333333,0.00824892248855705,1.650552606436113,1.7894869232793602,0.2588509754468551,0.04970185386961244,1.0,1.0,0.0,0.0,0.08271428571428571,0.21428571428571427,0.21428571428571427,0.05141051270242819,0.0,0.0,0.0,0.0,0.0,0.0,0.0,0.0,0.0,0.0,0.0,0.0,0.0,0.0,0.0,0.0,0.0,0.0,0.0,0.0,stable,stable
18,500,240,modular,6,0.08,0.004,0.12,4,10.0,0.72,0.22,True,static,1.0,False,False,1.0,default,fixed,default,0.6504833333333333,0.875,0.1875,0.03116002157323458,0.2707833333333334,0.35833333333333334,0.17916666666666667,0.02863681100339988,0.07873333333333332,0.13333333333333333,0.10416666666666666,0.018512938418546336,0.3200528798455464,0.44523310856740284,0.16862490929536855,0.03180826795960727,0.31968183375587,0.44523310856740284,0.16862490929536855,0.03216440072494421,0.014086537685644341,0.045075491857099866,0.023275915408638968,0.004455195197531901,0.013733333333333332,0.05416666666666667,0.04583333333333333,0.008998827084064282,1.6222376274501071,1.8134856712388632,0.2882555514352376,0.05153648727169382,1.0,1.0,0.0,0.0,0.081,0.25,0.25,0.05056032969409426,0.0,0.0,0.0,0.0,0.0,0.0,0.0,0.0,0.0,0.0,0.0,0.0,0.0,0.0,0.0,0.0,0.0,0.0,0.0,0.0,stable,stable
19,500,240,modular,6,0.08,0.004,0.12,4,10.0,0.72,0.22,True,static,1.0,False,False,1.0,default,fixed,default,0.6514000000000001,0.8166666666666667,0.16249999999999998,0.030907316645451807,0.26776666666666665,0.375,0.1416666666666667,0.028725927119744785,0.08083333333333334,0.1375,0.10416666666666669,0.018951692976266442,0.3157813875433223,0.4117524210099486,0.17926952271030697,0.03149943790059932,0.31552737785278434,0.4117524210099486,0.17926952271030697,0.032145825478785695,0.0132882115463327,0.03223545434864851,0.024278001320336754,0.004251576270300114,0.013266666666666666,0.041666666666666664,0.0375,0.007743886477588484,1.638663804142599,1.7714066578719048,0.28001014250492484,0.05153430776580568,1.0,1.0,0.0,0.0,0.07985714285714286,0.2857142857142857,0.2857142857142857,0.05565362998594292,0.0,0.0,0.0,0.0,0.0,0.0,0.0,0.0,0.0,0.0,0.0,0.0,0.0,0.0,0.0,0.0,0.0,0.0,0.0,0.0,stable,stable
20,500,240,modular,6,0.08,0.004,0.12,4,10.0,0.72,0.22,True,static,1.0,False,False,1.0,default,fixed,default,0.6471666666666667,0.7833333333333333,0.16666666666666663,0.03178093418667516,0.27226666666666666,0.375,0.1875,0.02797371782385904,0.08056666666666666,0.13333333333333333,0.09583333333333333,0.018599910394049395,0.3229590027600265,0.42572607640122573,0.1866834202794843,0.033629811439828,0.3225512278929021,0.42572607640122573,0.1866834202794843,0.03334921315544601,0.014502343179505389,0.03734435851217841,0.03131519843458468,0.004940799295931878,0.013433333333333334,0.05,0.05,0.008380930735902785,1.6105004189510828,1.7639163829062883,0.2704900104595529,0.052549968285446017,1.0,1.0,0.0,0.0,0.083,0.2857142857142857,0.21428571428571427,0.05094795263355555,0.0,0.0,0.0,0.0,0.0,0.0,0.0,0.0,0.0,0.0,0.0,0.0,0.0,0.0,0.0,0.0,0.0,0.0,0.0,0.0,stable,stable
21,500,240,modular,6,0.08,0.004,0.12,4,10.0,0.72,0.22,True,static,1.0,False,False,1.0,default,fixed,default,0.6482,0.7958333333333333,0.16666666666666663,0.03323249748196618,0.2712,0.3541666666666667,0.14583333333333334,0.02960159530235566,0.08059999999999999,0.14583333333333334,0.09166666666666667,0.017417296639324436,0.32151516062024943,0.43895426421455164,0.16317926003209607,0.03273443683023265,0.32166687939258465,0.43895426421455164,0.16317926003209607,0.03300629975649878,0.014300814705716735,0.042127471561287405,0.025871595870903288,0.004868698862830232,0.013649999999999999,0.058333333333333334,0.058333333333333334,0.009279442631729319,1.6310797530989463,1.8066326732750881,0.2813443932282973,0.05417570759785837,1.0,1.0,0.0,0.0,0.08214285714285714,0.2857142857142857,0.21428571428571427,0.04951293378749534,0.0,0.0,0.0,0.0,0.0,0.0,0.0,0.0,0.0,0.0,0.0,0.0,0.0,0.0,0.0,0.0,0.0,0.0,0.0,0.0,stable,stable
22,500,240,modular,6,0.08,0.004,0.12,4,10.0,0.72,0.22,True,static,1.0,False,False,1.0,default,fixed,default,0.6492833333333333,0.7583333333333333,0.1791666666666667,0.030424775174920267,0.2705833333333333,0.3458333333333333,0.14583333333333334,0.027878830080666345,0.08013333333333332,0.1375,0.09583333333333335,0.016808860097513388,0.31372247494821115,0.40502998894489844,0.18425134526634018,0.03070409996299797,0.3134035862075284,0.40502998894489844,0.18425134526634018,0.030586262292656912,0.012844380396663208,0.02996995866762883,0.025052036589799685,0.003911959732976671,0.012866666666666667,0.05,0.05,0.008366865867482545,1.6260402736836406,1.7730965357541288,0.29411679552554726,0.050135770379916594,1.0,1.0,0.0,0.0,0.08028571428571428,0.2857142857142857,0.2857142857142857,0.05153877082313065,0.0,0.0,0.0,0.0,0.0,0.0,0.0,0.0,0.0,0.0,0.0,0.0,0.0,0.0,0.0,0.0,0.0,0.0,0.0,0.0,stable,stable
23,500,240,modular,6,0.08,0.004,0.12,4,10.0,0.72,0.22,True,static,1.0,False,False,1.0,default,fixed,default,0.6479666666666667,0.8333333333333334,0.16666666666666663,0.031872645882567635,0.2714333333333333,0.3625,0.1708333333333333,0.028767284659256022,0.08059999999999999,0.13333333333333333,0.1,0.017504792994428062,0.3151500984858965,0.41146454954248457,0.1906908079569403,0.03193932600856329,0.31514481432890445,0.41146454954248457,0.1906908079569403,0.03167834620819474,0.013097901266522483,0.03182803439903394,0.026917553833088817,0.004226257939917453,0.014150000000000001,0.0625,0.0625,0.009256364177028568,1.640970463563423,1.7905462708547368,0.2850273114919948,0.0522533828305586,1.0,1.0,0.0,0.0,0.07942857142857142,0.25,0.21428571428571427,0.04637117331150587,0.0,0.0,0.0,0.0,0.0,0.0,0.0,0.0,0.0,0.0,0.0,0.0,0.0,0.0,0.0,0.0,0.0,0.0,0.0,0.0,stable,stable
24,500,240,modular,6,0.08,0.004,0.12,4,10.0,0.72,0.22,True,static,1.0,False,False,1.0,default,fixed,default,0.6486166666666666,0.8166666666666667,0.1708333333333334,0.029370057503821434,0.2694,0.35833333333333334,0.175,0.028742651234706932,0.08198333333333332,0.15,0.10833333333333334,0.018564369995594607,0.3284513385227313,0.41569508339302136,0.16697475221973296,0.0311472437168839,0.32827649445554846,0.41569508339302136,0.16697475221973296,0.03127333100253209,0.015497483575748006,0.03452130510844573,0.027771749761588943,0.004892565042395531,0.01565,0.058333333333333334,0.05416666666666667,0.009675699802426007,1.6343779561117753,1.7601830721059657,0.2470911517329415,0.047641262547515884,1.0,1.0,0.0,0.0,0.07871428571428571,0.25,0.25,0.053001540216357126,0.0,0.0,0.0,0.0,0.0,0.0,0.0,0.0,0.0,0.0,0.0,0.0,0.0,0.0,0.0,0.0,0.0,0.0,0.0,0.0,stable,stable
25,500,240,modular,6,0.08,0.004,0.12,4,10.0,0.72,0.22,True,static,1.0,False,False,1.0,default,fixed,default,0.6512166666666667,0.775,0.16666666666666674,0.03223145892516261,0.2710333333333333,0.3541666666666667,0.16666666666666669,0.031560594276900285,0.07774999999999999,0.15,0.12083333333333332,0.017308676372784194,0.31853278135845303,0.4003187230549429,0.16794755204334605,0.031693688762812845,0.3181273078879586,0.4003187230549429,0.16794755204334605,0.0314673620266817,0.013814769870557004,0.029345193539579713,0.023061064057234137,0.0042706390563363675,0.014583333333333332,0.05,0.05,0.009370832406995657,1.6198708233292214,1.7459987180988767,0.2673195626189606,0.051046720107991016,1.0,1.0,0.0,0.0,0.07328571428571427,0.25,0.21428571428571427,0.047612594800887184,0.0,0.0,0.0,0.0,0.0,0.0,0.0,0.0,0.0,0.0,0.0,0.0,0.0,0.0,0.0,0.0,0.0,0.0,0.0,0.0,stable,oscillatory
26,500,240,modular,6,0.08,0.004,0.12,4,10.0,0.72,0.22,True,static,1.0,False,False,1.0,default,fixed,default,0.6522833333333334,0.8375,0.18333333333333335,0.030661598313054574,0.2673666666666667,0.3458333333333333,0.15833333333333333,0.026086054171189293,0.08034999999999999,0.14583333333333334,0.09583333333333335,0.017956034268921037,0.3191319310565589,0.43058722576783914,0.20201610182039384,0.032382245697954976,0.3187286430167682,0.43058722576783914,0.20201610182039384,0.03202902482118153,0.013900816654525578,0.03904532609675561,0.03361978342424228,0.004727368258862363,0.014199999999999999,0.05416666666666667,0.041666666666666664,0.008613555208700606,1.6070069809575875,1.7927800013373383,0.3186317307776012,0.0514295013016421,1.0,1.0,0.0,0.0,0.08199999999999998,0.2857142857142857,0.2857142857142857,0.0533613021901506,0.0,0.0,0.0,0.0,0.0,0.0,0.0,0.0,0.0,0.0,0.0,0.0,0.0,0.0,0.0,0.0,0.0,0.0,0.0,0.0,stable,stable
27,500,240,modular,6,0.08,0.004,0.12,4,10.0,0.72,0.22,True,static,1.0,False,False,1.0,default,fixed,default,0.65035,0.7833333333333333,0.19166666666666665,0.03123748193721411,0.2725166666666667,0.3458333333333333,0.15833333333333333,0.03145123650634069,0.07713333333333333,0.15416666666666667,0.125,0.01735748317649256,0.3167289432268956,0.4171866194311576,0.20654656618545134,0.030132408010807837,0.31664373867697704,0.4171866194311576,0.20654656618545134,0.030060962529671092,0.013492061548028523,0.03429454041690801,0.029764756802041895,0.004106434993469388,0.013366666666666667,0.05,0.0375,0.008118839544882973,1.621826863975631,1.7619393594842683,0.29254732979492903,0.049018976990429,1.0,1.0,0.0,0.0,0.08028571428571428,0.2857142857142857,0.21428571428571427,0.04992974656291312,0.0,0.0,0.0,0.0,0.0,0.0,0.0,0.0,0.0,0.0,0.0,0.0,0.0,0.0,0.0,0.0,0.0,0.0,0.0,0.0,stable,oscillatory
28,500,240,modular,6,0.08,0.004,0.12,4,10.0,0.72,0.22,True,static,1.0,False,False,1.0,default,fixed,default,0.6504666666666667,0.825,0.15833333333333333,0.03102515108746451,0.2686666666666666,0.3541666666666667,0.15000000000000002,0.028062925324665956,0.08086666666666667,0.13333333333333333,0.09166666666666667,0.01697707604716169,0.3156026267497207,0.4137006858222519,0.17222047018712797,0.030863794101227502,0.3149783911236337,0.4137006858222519,0.17222047018712797,0.0310280998676453,0.013164968543434692,0.032785070023065736,0.026264694249875323,0.004212023961263239,0.013216666666666665,0.06666666666666667,0.06666666666666667,0.008934965646890372,1.6275569486931394,1.7749691760819821,0.2549724598953482,0.0510808159751096,1.0,1.0,0.0,0.0,0.07657142857142857,0.2857142857142857,0.21428571428571427,0.0512504853137798,0.0,0.0,0.0,0.0,0.0,0.0,0.0,0.0,0.0,0.0,0.0,0.0,0.0,0.0,0.0,0.0,0.0,0.0,0.0,0.0,stable,stable
29,500,240,modular,6,0.08,0.004,0.12,4,10.0,0.72,0.22,True,static,1.0,False,False,1.0,default,fixed,default,0.652,0.7958333333333333,0.17083333333333328,0.031234329404252196,0.2690166666666666,0.35,0.1375,0.029535143849695772,0.07898333333333334,0.14166666666666666,0.09166666666666667,0.01620295754895795,0.3210410206954537,0.41119457340064414,0.16535558094973288,0.030804326764495675,0.32142885072577,0.41119457340064414,0.16535558094973288,0.03074647628577253,0.01436561865234633,0.03281768383381081,0.025762517733511806,0.004536197207687929,0.014433333333333333,0.05,0.05,0.009310149778005126,1.6093487240506128,1.7564054136201401,0.2706937002163188,0.04962190616391465,1.0,1.0,0.0,0.0,0.07942857142857142,0.25,0.25,0.049870035173070267,0.0,0.0,0.0,0.0,0.0,0.0,0.0,0.0,0.0,0.0,0.0,0.0,0.0,0.0,0.0,0.0,0.0,0.0,0.0,0.0,stable,stable
30,500,240,modular,6,0.08,0.004,0.12,4,10.0,0.72,0.22,True,static,1.0,False,False,1.0,default,fixed,default,0.6526833333333334,0.8208333333333333,0.16666666666666663,0.029077621215559492,0.26893333333333336,0.36666666666666664,0.1708333333333333,0.02806245019792661,0.07838333333333333,0.14166666666666666,0.1,0.018443163442798467,0.31640434285848584,0.4357086661739657,0.17382772855302717,0.03111946651525372,0.3167727291478847,0.4357086661739657,0.17382772855302717,0.03128260820488468,0.013548387200547863,0.04084018625784021,0.025994351278488124,0.004343940392788325,0.014083333333333331,0.04583333333333333,0.0375,0.008320406640703727,1.6223075783242635,1.8221049238300568,0.2691935428385166,0.0480639028624058,1.0,1.0,0.0,0.0,0.07942857142857142,0.25,0.25,0.05058111287419284,0.0,0.0,0.0,0.0,0.0,0.0,0.0,0.0,0.0,0.0,0.0,0.0,0.0,0.0,0.0,0.0,0.0,0.0,0.0,0.0,stable,stable
31,500,240,modular,6,0.08,0.004,0.12,4,10.0,0.72,0.22,True,static,1.0,False,False,1.0,default,fixed,default,0.6468666666666666,0.7791666666666667,0.16666666666666663,0.028166942799435414,0.2731,0.3625,0.14583333333333331,0.026191092633438058,0.08003333333333333,0.1375,0.07916666666666666,0.016255734031070047,0.3258390082909897,0.4096537504079697,0.14986147118556006,0.0287362566682464,0.32591175042840914,0.4096537504079697,0.14986147118556006,0.02865727882590099,0.014931210179583335,0.03238825244847009,0.022204547688851252,0.004217067114300392,0.014916666666666668,0.05,0.041666666666666664,0.008403454977302821,1.6130421403868958,1.749199525200915,0.2362314490881905,0.045933651671331115,1.0,1.0,0.0,0.0,0.078,0.25,0.25,0.0485260292029348,0.0,0.0,0.0,0.0,0.0,0.0,0.0,0.0,0.0,0.0,0.0,0.0,0.0,0.0,0.0,0.0,0.0,0.0,0.0,0.0,stable,stable
32,500,240,modular,6,0.08,0.004,0.12,4,10.0,0.72,0.22,True,static,1.0,False,False,1.0,default,fixed,default,0.6506333333333333,0.8125,0.17499999999999993,0.031900696613780144,0.2699,0.35833333333333334,0.15,0.028330215514731107,0.07946666666666667,0.14166666666666666,0.10833333333333334,0.01689983563365172,0.315351771056803,0.41784590840341085,0.16943237357405175,0.032013828263089274,0.3143557368419269,0.41784590840341085,0.16943237357405175,0.03208533539980918,0.013134535958337265,0.0341296451940307,0.027090343880710452,0.004352524662977338,0.012966666666666668,0.04583333333333333,0.0375,0.008270026199071762,1.6284253542735165,1.797609536402336,0.293456866681588,0.05225935051937802,1.0,1.0,0.0,0.0,0.07728571428571428,0.2857142857142857,0.2857142857142857,0.04908738563593939,0.0,0.0,0.0,0.0,0.0,0.0,0.0,0.0,0.0,0.0,0.0,0.0,0.0,0.0,0.0,0.0,0.0,0.0,0.0,0.0,stable,stable
33,500,240,modular,6,0.08,0.004,0.12,4,10.0,0.72,0.22,True,static,1.0,False,False,1.0,default,fixed,default,0.6513499999999999,0.8333333333333334,0.16249999999999998,0.03029571385159587,0.26831666666666665,0.35833333333333334,0.15833333333333333,0.028896121423702063,0.08033333333333334,0.15416666666666667,0.12083333333333335,0.017087194685559776,0.31761221430593045,0.41241870927356233,0.17154255504379756,0.030471561334521467,0.31709661487257756,0.41241870927356233,0.17154255504379756,0.03048795050127653,0.01354936339905709,0.03270869669748533,0.026603951850557615,0.004200014563932427,0.013416666666666667,0.05,0.04583333333333333,0.007373469709407882,1.621154226740983,1.7750658140354276,0.27911902205113326,0.0495267747789255,1.0,1.0,0.0,0.0,0.07742857142857142,0.2857142857142857,0.2857142857142857,0.05175215661482827,0.0,0.0,0.0,0.0,0.0,0.0,0.0,0.0,0.0,0.0,0.0,0.0,0.0,0.0,0.0,0.0,0.0,0.0,0.0,0.0,stable,oscillatory
34,500,240,modular,6,0.08,0.004,0.12,4,10.0,0.72,0.22,True,static,1.0,False,False,1.0,default,fixed,default,0.6494500000000001,0.8416666666666667,0.15416666666666667,0.029581154849366888,0.27101666666666663,0.3625,0.16249999999999998,0.028201305131342964,0.07953333333333333,0.12916666666666668,0.09166666666666667,0.017942934232975636,0.31953525474676386,0.42706161510078033,0.1571170273011497,0.02981143974914692,0.31916765920465967,0.42706161510078033,0.1571170273011497,0.02948408067608259,0.013775003443452054,0.03758810272606903,0.02383874347718136,0.004057099381059489,0.014016666666666665,0.058333333333333334,0.05416666666666667,0.00873958109852971,1.6246138282819214,1.816450888361105,0.26293233450036224,0.048185181536868245,1.0,1.0,0.0,0.0,0.08242857142857142,0.42857142857142855,0.42857142857142855,0.05557142857142857,0.0,0.0,0.0,0.0,0.0,0.0,0.0,0.0,0.0,0.0,0.0,0.0,0.0,0.0,0.0,0.0,0.0,0.0,0.0,0.0,stable,stable
35,500,240,modular,6,0.08,0.004,0.12,4,10.0,0.72,0.22,True,static,1.0,False,False,1.0,default,fixed,default,0.6497999999999999,0.8125,0.2041666666666666,0.030006277121073628,0.2692166666666667,0.36666666666666664,0.18749999999999997,0.02890281128194972,0.08098333333333332,0.14166666666666666,0.09583333333333333,0.017089381043339295,0.3095547793706935,0.3946053980315386,0.15125353434577157,0.028133810407543907,0.30887479882692787,0.3946053980315386,0.15125353434577157,0.028053647166848553,0.011994897584991495,0.02665892946739169,0.01745515720650979,0.003320177367231316,0.011516666666666668,0.04583333333333333,0.0375,0.007651597509307742,1.623398995117423,1.7572884771425514,0.30083020137173877,0.04859341244157612,1.0,1.0,0.0,0.0,0.0852857142857143,0.25,0.25,0.05274911741209612,0.0,0.0,0.0,0.0,0.0,0.0,0.0,0.0,0.0,0.0,0.0,0.0,0.0,0.0,0.0,0.0,0.0,0.0,0.0,0.0,stable,stable
36,500,240,modular,6,0.08,0.004,0.12,4,10.0,0.72,0.22,True,static,1.0,False,False,1.0,default,fixed,default,0.6490666666666667,0.75,0.20833333333333326,0.031685801236516015,0.27048333333333335,0.39166666666666666,0.19999999999999998,0.028615307674972383,0.08045,0.15,0.1,0.016656838769039516,0.31292401758964994,0.41739790604631444,0.18011715303385703,0.031108936436694382,0.3125451074278055,0.41739790604631444,0.1660378932213308,0.030432789357231524,0.01266910141844421,0.03356785300238098,0.022000087450179496,0.003812971823395484,0.012266666666666665,0.04583333333333333,0.0375,0.008254695633395577,1.6067667891349915,1.7951697537054336,0.3222507141415676,0.051511210554078084,1.0,1.0,0.0,0.0,0.0747142857142857,0.2857142857142857,0.25,0.050753707012495194,0.0,0.0,0.0,0.0,0.0,0.0,0.0,0.0,0.0,0.0,0.0,0.0,0.0,0.0,0.0,0.0,0.0,0.0,0.0,0.0,stable,stable
37,500,240,modular,6,0.08,0.004,0.12,4,10.0,0.72,0.22,True,static,1.0,False,False,1.0,default,fixed,default,0.6494166666666668,0.7833333333333333,0.15416666666666667,0.030226115455935707,0.26963333333333334,0.3458333333333333,0.15416666666666665,0.027672770411041648,0.08095000000000001,0.14583333333333334,0.0875,0.016127107958685934,0.3200032050759488,0.4086025510785597,0.17398081384352548,0.029946749629905144,0.3201334065899381,0.4086025510785597,0.17398081384352548,0.029872864383883587,0.01390032006032786,0.03149291074554315,0.025763278575250938,0.004072327439057052,0.0141,0.05416666666666667,0.0375,0.008296317790977446,1.6062797435953484,1.7467229975506358,0.2657976913609099,0.048480897208318184,1.0,1.0,0.0,0.0,0.08028571428571428,0.2857142857142857,0.2857142857142857,0.052906540624164104,0.0,0.0,0.0,0.0,0.0,0.0,0.0,0.0,0.0,0.0,0.0,0.0,0.0,0.0,0.0,0.0,0.0,0.0,0.0,0.0,stable,stable
38,500,240,modular,6,0.08,0.004,0.12,4,10.0,0.72,0.22,True,static,1.0,False,False,1.0,default,fixed,default,0.6525833333333333,0.8208333333333333,0.19166666666666676,0.03139234248454018,0.2704166666666667,0.37916666666666665,0.175,0.02802838343140356,0.077,0.15833333333333333,0.09583333333333335,0.017087194685559776,0.31324042416388315,0.4434294541318871,0.16886263593091977,0.031347374976172696,0.3137131272208946,0.4434294541318871,0.16886263593091977,0.031718415877016445,0.013114503078304302,0.043805449641254234,0.022639390019309938,0.00409776217924005,0.013583333333333333,0.0625,0.041666666666666664,0.008636566318727472,1.6093825387977208,1.808136352042499,0.26473203441931537,0.05033722444438708,1.0,1.0,0.0,0.0,0.0747142857142857,0.25,0.21428571428571427,0.04633969515371001,0.0,0.0,0.0,0.0,0.0,0.0,0.0,0.0,0.0,0.0,0.0,0.0,0.0,0.0,0.0,0.0,0.0,0.0,0.0,0.0,stable,stable
39,500,240,modular,6,0.08,0.004,0.12,4,10.0,0.72,0.22,True,static,1.0,False,False,1.0,default,fixed,default,0.6477833333333333,0.7916666666666666,0.19166666666666665,0.02884614840455789,0.27153333333333335,0.35833333333333334,0.17083333333333334,0.026479740683523822,0.08068333333333333,0.12916666666666668,0.1,0.016861107450118585,0.31775256756388215,0.41743537939314096,0.1638587979871135,0.029801699048323065,0.31788018292056197,0.41743537939314096,0.1638587979871135,0.029712829911565118,0.013457929084813493,0.03392748614867505,0.021893752843542343,0.003946256838097748,0.01315,0.041666666666666664,0.041666666666666664,0.007944757181101676,1.6069073021280464,1.7557011033125938,0.2731129844331961,0.046765377565938404,1.0,1.0,0.0,0.0,0.08314285714285714,0.25,0.25,0.051065384257711746,0.0,0.0,0.0,0.0,0.0,0.0,0.0,0.0,0.0,0.0,0.0,0.0,0.0,0.0,0.0,0.0,0.0,0.0,0.0,0.0,stable,stable
40,500,240,modular,6,0.08,0.004,0.12,4,10.0,0.72,0.22,True,static,1.0,False,False,1.0,default,fixed,default,0.6513500000000001,0.7708333333333334,0.14583333333333326,0.030102551571438443,0.26915,0.3625,0.13749999999999998,0.027746616410334112,0.0795,0.12916666666666668,0.1,0.017951323071016243,0.3190298111018813,0.40446330714042605,0.15078707571494546,0.031059953860253838,0.3190744287134329,0.40446330714042605,0.15078707571494546,0.031012495446837807,0.013911862386104541,0.030498549026077897,0.0222540794452466,0.004263827563499656,0.013816666666666666,0.05,0.041666666666666664,0.00820753380200844,1.6195731971065717,1.7666987648358998,0.25230401784942513,0.04959777267706815,1.0,1.0,0.0,0.0,0.07928571428571428,0.2857142857142857,0.2857142857142857,0.049223563297200144,0.0,0.0,0.0,0.0,0.0,0.0,0.0,0.0,0.0,0.0,0.0,0.0,0.0,0.0,0.0,0.0,0.0,0.0,0.0,0.0,stable,stable
41,500,240,modular,6,0.08,0.004,0.12,4,10.0,0.72,0.22,True,static,1.0,False,False,1.0,default,fixed,default,0.6562666666666667,0.7875,0.15416666666666656,0.03143831703157435,0.26541666666666663,0.3625,0.15416666666666665,0.02860713294889153,0.07831666666666666,0.12916666666666668,0.09583333333333335,0.018496613804213524,0.3069266278746438,0.3994063606911565,0.15989850800541183,0.03251826894637922,0.30758963615939505,0.3994063606911565,0.15989850800541183,0.0325815633720814,0.012204007940005764,0.02837002912136936,0.021969405729760666,0.004042865247934224,0.011949999999999999,0.041666666666666664,0.041666666666666664,0.008327681416683625,1.6105177765015604,1.7752645054308664,0.26845144793766984,0.051675131922914,1.0,1.0,0.0,0.0,0.07485714285714284,0.25,0.21428571428571427,0.04649423927449814,0.0,0.0,0.0,0.0,0.0,0.0,0.0,0.0,0.0,0.0,0.0,0.0,0.0,0.0,0.0,0.0,0.0,0.0,0.0,0.0,stable,stable
42,500,240,modular,6,0.08,0.004,0.12,4,10.0,0.72,0.22,True,static,1.0,False,False,1.0,default,fixed,default,0.6477833333333333,0.7958333333333333,0.15000000000000002,0.03150864519813923,0.27259999999999995,0.3625,0.175,0.030123652574753353,0.07961666666666666,0.14583333333333334,0.11250000000000002,0.01884528381909443,0.3142037631336868,0.4135063125790412,0.15579435331952424,0.0316746344810644,0.31338560784320335,0.4135063125790412,0.15579435331952424,0.03118146274915135,0.012850114369991852,0.032472157286123515,0.020890901142197497,0.003937808194336991,0.013,0.04583333333333333,0.04583333333333333,0.008773381458834571,1.6439301846750896,1.813702780180698,0.23683664793881154,0.05141915502007265,1.0,1.0,0.0,0.0,0.0747142857142857,0.32142857142857145,0.25,0.04442857142857142,0.0,0.0,0.0,0.0,0.0,0.0,0.0,0.0,0.0,0.0,0.0,0.0,0.0,0.0,0.0,0.0,0.0,0.0,0.0,0.0,stable,stable
43,500,240,modular,6,0.08,0.004,0.12,4,10.0,0.72,0.22,True,static,1.0,False,False,1.0,default,fixed,default,0.6484500000000001,0.8208333333333333,0.17500000000000004,0.031717507433242254,0.27145,0.375,0.19583333333333333,0.029452791793723808,0.08009999999999999,0.1375,0.10833333333333334,0.01760179915046565,0.32114399787273623,0.4139396811580887,0.17283080917196394,0.03183807901471979,0.32178705709805355,0.4139396811580887,0.18284391174736495,0.03259758615973402,0.014312933762452051,0.033331908818608806,0.02776761395184177,0.004514019139220248,0.013933333333333334,0.05,0.041666666666666664,0.008844395588921458,1.6306511792370482,1.7741876722991268,0.26292538070262217,0.05180457798800571,1.0,1.0,0.0,0.0,0.07757142857142856,0.2857142857142857,0.2857142857142857,0.04936349969401295,0.0,0.0,0.0,0.0,0.0,0.0,0.0,0.0,0.0,0.0,0.0,0.0,0.0,0.0,0.0,0.0,0.0,0.0,0.0,0.0,stable,stable
44,500,240,modular,6,0.08,0.004,0.12,4,10.0,0.72,0.22,True,static,1.0,False,False,1.0,default,fixed,default,0.64795,0.8375,0.16666666666666663,0.030106851379710895,0.27126666666666666,0.3625,0.1583333333333333,0.028246553378735918,0.08078333333333333,0.14583333333333334,0.10416666666666669,0.017198522223338456,0.32116822457988575,0.44785995707125703,0.1993702950159524,0.03139536699040029,0.32124260862675363,0.44785995707125703,0.1993702950159524,0.031386643941035214,0.014180787482007823,0.04580920724650482,0.03921908144007492,0.004818683746285789,0.013383333333333332,0.041666666666666664,0.041666666666666664,0.007681887065616683,1.6407548285620064,1.8160120514275142,0.2757484322635453,0.04880276251311768,1.0,1.0,0.0,0.0,0.08028571428571428,0.25,0.25,0.05271331783857871,0.0,0.0,0.0,0.0,0.0,0.0,0.0,0.0,0.0,0.0,0.0,0.0,0.0,0.0,0.0,0.0,0.0,0.0,0.0,0.0,stable,stable
45,500,240,modular,6,0.08,0.004,0.12,4,10.0,0.72,0.22,True,static,1.0,False,False,1.0,default,fixed,default,0.6473,0.8125,0.1625000000000001,0.030895235159415044,0.27181666666666665,0.3458333333333333,0.16666666666666666,0.028789316112443907,0.08088333333333332,0.14583333333333334,0.09166666666666667,0.016969261425687724,0.3228551786398453,0.41541584477843935,0.1552323489191281,0.030750368124806263,0.3228767508574288,0.41541584477843935,0.1552323489191281,0.03076704440245942,0.01439054130491454,0.03377130052422952,0.023625382044997992,0.004407223333477266,0.0148,0.041666666666666664,0.0375,0.009089921158440631,1.6270402372166795,1.7879958545361865,0.2618399660690882,0.050250529253797666,1.0,1.0,0.0,0.0,0.07228571428571427,0.32142857142857145,0.17857142857142858,0.04780146014335477,0.0,0.0,0.0,0.0,0.0,0.0,0.0,0.0,0.0,0.0,0.0,0.0,0.0,0.0,0.0,0.0,0.0,0.0,0.0,0.0,stable,stable
46,500,240,modular,6,0.08,0.004,0.12,4,10.0,0.72,0.22,True,static,1.0,False,False,1.0,default,fixed,default,0.6485833333333333,0.8125,0.16249999999999998,0.03097725420010266,0.2712333333333333,0.3458333333333333,0.14583333333333331,0.02770090251237313,0.08018333333333334,0.14166666666666666,0.10416666666666669,0.018234803414228395,0.3169742485894032,0.41040685568623825,0.1476202972169509,0.03071906292159745,0.31709757655363613,0.41040685568623825,0.1476202972169509,0.030937290466398294,0.013423384466420999,0.03176157561348128,0.020261903791671095,0.004125157472676726,0.013733333333333332,0.04583333333333333,0.041666666666666664,0.008010826008180014,1.6084368853211022,1.7544872270062237,0.26489614989159516,0.0505498068915865,1.0,1.0,0.0,0.0,0.07942857142857143,0.2857142857142857,0.2857142857142857,0.04956216463458094,0.0,0.0,0.0,0.0,0.0,0.0,0.0,0.0,0.0,0.0,0.0,0.0,0.0,0.0,0.0,0.0,0.0,0.0,0.0,0.0,stable,stable
47,500,240,modular,6,0.08,0.004,0.12,4,10.0,0.72,0.22,True,static,1.0,False,False,1.0,default,fixed,default,0.6504333333333333,0.8,0.17083333333333328,0.02985299166098954,0.27243333333333336,0.3625,0.14583333333333334,0.02762488813451458,0.07713333333333333,0.13333333333333333,0.10416666666666666,0.01758800096025065,0.3148829891005709,0.4064797033046442,0.18147972174036645,0.03003808019476292,0.3147357860315624,0.4064797033046442,0.18147972174036645,0.02992362179643795,0.013132595315520553,0.0307328282629225,0.025546388385226704,0.0038772173176209045,0.013216666666666666,0.06666666666666667,0.04583333333333333,0.008389825186895532,1.6163481172595693,1.752564781033424,0.29397043555209135,0.0489891837881722,1.0,1.0,0.0,0.0,0.07699999999999999,0.2857142857142857,0.21428571428571427,0.05105599167300823,0.0,0.0,0.0,0.0,0.0,0.0,0.0,0.0,0.0,0.0,0.0,0.0,0.0,0.0,0.0,0.0,0.0,0.0,0.0,0.0,stable,stable
48,500,240,modular,6,0.08,0.004,0.12,4,10.0,0.72,0.22,True,static,1.0,False,False,1.0,default,fixed,default,0.6514500000000001,0.7791666666666667,0.14583333333333337,0.028294978942090297,0.27015,0.3625,0.11666666666666664,0.025680023580812988,0.0784,0.1375,0.09583333333333333,0.016699001966185484,0.31121520653565893,0.4048726146578412,0.15754426287366005,0.028698527353481648,0.3114110115977995,0.4048726146578412,0.15754426287366005,0.02829766923115682,0.012508691541305088,0.029878565387026858,0.023488213889849736,0.00363375016122125,0.01325,0.041666666666666664,0.041666666666666664,0.0081004972412535,1.6336132928939315,1.787102516576781,0.26697928355744627,0.046740342976555854,1.0,1.0,0.0,0.0,0.07971428571428571,0.25,0.25,0.0495152007169598,0.0,0.0,0.0,0.0,0.0,0.0,0.0,0.0,0.0,0.0,0.0,0.0,0.0,0.0,0.0,0.0,0.0,0.0,0.0,0.0,stable,stable
49,500,240,modular,6,0.08,0.004,0.12,4,10.0,0.72,0.22,True,static,1.0,False,False,1.0,default,fixed,default,0.64825,0.8166666666666667,0.1875,0.030407989629920182,0.2727333333333333,0.375,0.17083333333333334,0.028734918749764294,0.07901666666666667,0.1375,0.07916666666666666,0.016173271846544292,0.3139699180393146,0.41289776833454567,0.18211600070508788,0.0294684918460972,0.3141279098670035,0.41289776833454567,0.18211600070508788,0.029757708116880634,0.012927753775966475,0.032364418605563126,0.026924559253524737,0.003851500514636207,0.012716666666666666,0.0375,0.0375,0.007959637763952159,1.6074741596758102,1.7718928599998711,0.2870778423627651,0.04768458674626899,1.0,1.0,0.0,0.0,0.08014285714285714,0.2857142857142857,0.2857142857142857,0.051513620152581874,0.0,0.0,0.0,0.0,0.0,0.0,0.0,0.0,0.0,0.0,0.0,0.0,0.0,0.0,0.0,0.0,0.0,0.0,0.0,0.0,stable,stable
50,500,240,modular,6,0.08,0.004,0.12,4,10.0,0.72,0.22,True,static,1.0,False,False,1.0,default,fixed,default,0.6463833333333333,0.7833333333333333,0.1791666666666667,0.03336940131983858,0.27163333333333334,0.3458333333333333,0.15833333333333335,0.03080266943698946,0.08198333333333334,0.12916666666666668,0.09166666666666667,0.01771055084154954,0.32844509092365554,0.41172978652134823,0.17773501844825823,0.03416235953197404,0.32825756003662243,0.41172978652134823,0.17773501844825823,0.033632751221751744,0.015502707721380139,0.03306343156980192,0.027261601858954272,0.0050600628677501674,0.015366666666666666,0.05416666666666667,0.05416666666666667,0.009345468301683858,1.6316806796435963,1.7559843082334907,0.26372959248196537,0.05373188539327944,1.0,1.0,0.0,0.0,0.08842857142857141,0.25,0.25,0.05413305602958363,0.0,0.0,0.0,0.0,0.0,0.0,0.0,0.0,0.0,0.0,0.0,0.0,0.0,0.0,0.0,0.0,0.0,0.0,0.0,0.0,stable,stable
1,500,240,modular,6,0.08,0.004,0.12,8,10.0,0.72,0.22,True,static,1.0,False,False,1.0,default,q_learning,default,0.3857,0.8333333333333334,0.14583333333333331,0.02616367286482878,0.37728333333333336,0.4625,0.16250000000000003,0.026910246912447477,0.23701666666666665,0.3875,0.13749999999999998,0.022781626368633123,0.6339375613538911,0.8812973136146371,0.18221380268955756,0.032279445705687596,0.6344314940274803,0.8812973136146371,0.18221380268955756,0.032311625195011066,0.22677259062488017,0.6250670888809704,0.2733497561068041,0.05000199662076519,0.22758333333333333,0.6958333333333333,0.32083333333333336,0.057697065686990436,2.107467421661248,2.45551624497364,0.23431471394337144,0.046408347766520794,1.0,1.0,0.0,0.0,0.2107142857142857,0.5357142857142857,0.4285714285714286,0.06785714285714287,0.0,0.0,0.0,0.0,0.0,0.0,0.0,0.0,0.0,0.0,0.0,0.0,0.0,0.0,0.0,0.0,0.0,0.0,0.0,0.0,stable,oscillatory
2,500,240,modular,6,0.08,0.004,0.12,8,10.0,0.72,0.22,True,static,1.0,False,False,1.0,default,q_learning,default,0.3737166666666667,0.7875,0.12916666666666665,0.025269772236585133,0.39316666666666666,0.4708333333333333,0.1375,0.024335045601856682,0.23311666666666667,0.4125,0.12916666666666665,0.022233489504698885,0.6204124355851481,0.8860043610652721,0.17844938511935582,0.031655569891978715,0.6204017104813333,0.8860043610652721,0.17844938511935582,0.0313893754842247,0.20110024870996193,0.6166549351662487,0.26270878191097896,0.045858235156021464,0.20053333333333334,0.6041666666666666,0.3333333333333333,0.05479881385577611,2.1167177814072913,2.4838156498457726,0.26157015028219543,0.04668664503112633,1.0,1.0,0.0,0.0,0.22357142857142856,0.5,0.3571428571428571,0.0683665092851517,0.0,0.0,0.0,0.0,0.0,0.0,0.0,0.0,0.0,0.0,0.0,0.0,0.0,0.0,0.0,0.0,0.0,0.0,0.0,0.0,stable,runaway
3,500,240,modular,6,0.08,0.004,0.12,8,10.0,0.72,0.22,True,static,1.0,False,False,1.0,default,q_learning,default,0.3858,0.8,0.14166666666666666,0.02486125946572744,0.3969166666666667,0.4666666666666667,0.14166666666666666,0.02383988837595046,0.21728333333333333,0.3625,0.10833333333333331,0.019356889385091464,0.5988517000760194,0.773391182376708,0.15874553404500447,0.028584487010501747,0.5993934054004337,0.773391182376708,0.15874553404500447,0.028502590946627097,0.171667665704679,0.46209642499466386,0.20332051907016208,0.03722000372751052,0.17023333333333332,0.4625,0.2791666666666667,0.043578486027447585,2.107277726901641,2.348057672169717,0.23513895062355128,0.04422122259352778,1.0,1.0,0.0,0.0,0.23928571428571427,0.5357142857142857,0.3571428571428571,0.06104949480811886,0.0,0.0,0.0,0.0,0.0,0.0,0.0,0.0,0.0,0.0,0.0,0.0,0.0,0.0,0.0,0.0,0.0,0.0,0.0,0.0,stable,stable
4,500,240,modular,6,0.08,0.004,0.12,8,10.0,0.72,0.22,True,static,1.0,False,False,1.0,default,q_learning,default,0.39505,0.7791666666666667,0.125,0.024250091637856637,0.4073,0.49583333333333335,0.15833333333333333,0.02150359143130385,0.19765,0.36666666666666664,0.12916666666666665,0.02032287299243556,0.5865284353478047,0.8078250026864044,0.17241342765115641,0.029717408008061014,0.586987694656411,0.8078250026864044,0.17241342765115641,0.029790822799266634,0.15777248153011625,0.5225235332355503,0.2123364761201214,0.03697564689223855,0.15576666666666666,0.5458333333333333,0.25,0.0469907910599986,2.0825753015341246,2.3724362047359735,0.24207044229345076,0.04447741970985647,1.0,1.0,0.0,0.0,0.20828571428571427,0.5,0.3214285714285714,0.060984440973221414,0.0,0.0,0.0,0.0,0.0,0.0,0.0,0.0,0.0,0.0,0.0,0.0,0.0,0.0,0.0,0.0,0.0,0.0,0.0,0.0,stable,oscillatory
5,500,240,modular,6,0.08,0.004,0.12,8,10.0,0.72,0.22,True,static,1.0,False,False,1.0,default,q_learning,default,0.3760166666666667,0.7666666666666667,0.1375,0.025798519552701297,0.3903666666666667,0.4666666666666667,0.12083333333333335,0.025652138745574846,0.2336166666666667,0.425,0.11666666666666667,0.022567559066549978,0.6198723563388326,0.8172609452736291,0.1542278759646537,0.03164911864733408,0.6203106909723096,0.8172609452736291,0.1542278759646537,0.031876279029419696,0.200161779977117,0.5299312019545858,0.2128175238807097,0.04483578631021525,0.20095,0.5458333333333333,0.2791666666666667,0.053563308855554805,2.093724649770487,2.336494010660533,0.2227584636841391,0.045657824523741876,1.0,1.0,0.0,0.0,0.25271428571428567,0.4642857142857143,0.3214285714285714,0.06544806322261826,0.0,0.0,0.0,0.0,0.0,0.0,0.0,0.0,0.0,0.0,0.0,0.0,0.0,0.0,0.0,0.0,0.0,0.0,0.0,0.0,stable,runaway
6,500,240,modular,6,0.08,0.004,0.12,8,10.0,0.72,0.22,True,static,1.0,False,False,1.0,default,q_learning,default,0.387,0.7958333333333333,0.1333333333333333,0.024324770182767286,0.40470000000000006,0.475,0.12916666666666665,0.023018567384710205,0.2083,0.325,0.12083333333333332,0.021157452062518723,0.5927734552936468,0.7201533062398536,0.17492494134238934,0.029508373314489102,0.5920189793342397,0.7201533062398536,0.17492494134238934,0.029098007934215218,0.1622049513254111,0.36635051103582766,0.2285464791555559,0.037135969192907924,0.15871666666666667,0.4083333333333333,0.29583333333333334,0.043872355887404894,2.0759393607322774,2.235047735020665,0.24505765292527038,0.04432087219137745,1.0,1.0,0.0,0.0,0.2141428571428571,0.39285714285714285,0.35714285714285715,0.0623107747750036,0.0,0.0,0.0,0.0,0.0,0.0,0.0,0.0,0.0,0.0,0.0,0.0,0.0,0.0,0.0,0.0,0.0,0.0,0.0,0.0,stable,oscillatory
7,500,240,modular,6,0.08,0.004,0.12,8,10.0,0.72,0.22,True,static,1.0,False,False,1.0,default,q_learning,default,0.3813666666666667,0.8416666666666667,0.1375,0.02333080938730302,0.4105666666666666,0.4875,0.1375,0.02509727740878148,0.20806666666666665,0.3458333333333333,0.11249999999999999,0.02158795960715139,0.6141228878970036,0.8008427195498048,0.1838592693585498,0.028753138883457534,0.6148049816299039,0.8008427195498048,0.1838592693585498,0.029263557477071413,0.19835088041628157,0.5223964780675184,0.27717446479535407,0.04294541769495044,0.19786666666666666,0.55,0.27083333333333337,0.04897594647715686,2.1120706446704682,2.3475772518463836,0.2698765949467983,0.042049881824658214,1.0,1.0,0.0,0.0,0.2741428571428572,0.5,0.35714285714285715,0.06809192466131085,0.0,0.0,0.0,0.0,0.0,0.0,0.0,0.0,0.0,0.0,0.0,0.0,0.0,0.0,0.0,0.0,0.0,0.0,0.0,0.0,stable,stable
8,500,240,modular,6,0.08,0.004,0.12,8,10.0,0.72,0.22,True,static,1.0,False,False,1.0,default,q_learning,default,0.40463333333333334,0.8,0.14583333333333331,0.02312836161752732,0.4139666666666667,0.4708333333333333,0.11249999999999999,0.02239640348111475,0.1814,0.375,0.11666666666666665,0.01979438753227232,0.579917033944005,0.784437096228726,0.18592806537031953,0.027409428534694236,0.5795149128938488,0.784437096228726,0.18592806537031953,0.027277809007266778,0.14959032238253706,0.4891301164162728,0.23486999698875644,0.032457708821929165,0.1499,0.4875,0.2375,0.039775285458854136,2.012269265175039,2.236251697721674,0.27978908442112393,0.040837314299813805,1.0,1.0,0.0,0.0,0.2322857142857143,0.5,0.35714285714285715,0.061879408727700334,0.0,0.0,0.0,0.0,0.0,0.0,0.0,0.0,0.0,0.0,0.0,0.0,0.0,0.0,0.0,0.0,0.0,0.0,0.0,0.0,stable,stable
9,500,240,modular,6,0.08,0.004,0.12,8,10.0,0.72,0.22,True,static,1.0,False,False,1.0,default,q_learning,default,0.3450333333333333,0.7583333333333333,0.18333333333333335,0.026466414776299244,0.4219666666666667,0.5,0.16250000000000003,0.02849403446337496,0.233,0.38333333333333336,0.14583333333333334,0.02381992629898105,0.654491724798229,0.8190383538404079,0.23112565446655553,0.03139344589563354,0.653809787268409,0.8190383538404079,0.23112565446655553,0.031578038801548296,0.2543865442849829,0.5397255329791143,0.36143401226099175,0.051823496464129294,0.25220000000000004,0.5708333333333333,0.4,0.05983675941908768,2.177544937347099,2.3560819379234124,0.3472704578791026,0.04693388035376579,1.0,1.0,0.0,0.0,0.3978571428571428,0.6428571428571429,0.3928571428571428,0.0722841614740048,0.0,0.0,0.0,0.0,0.0,0.0,0.0,0.0,0.0,0.0,0.0,0.0,0.0,0.0,0.0,0.0,0.0,0.0,0.0,0.0,stable,oscillatory
10,500,240,modular,6,0.08,0.004,0.12,8,10.0,0.72,0.22,True,static,1.0,False,False,1.0,default,q_learning,default,0.37023333333333336,0.7875,0.11666666666666664,0.022731549294611075,0.41979999999999995,0.4875,0.1375,0.024302240408836568,0.20996666666666663,0.38333333333333336,0.10416666666666669,0.021038298410280237,0.6197794930090574,0.821209640814906,0.15272277174466287,0.028832228702832148,0.6191564888771811,0.821209640814906,0.1421737968640353,0.028382906384547477,0.20338238946867362,0.5506928297203479,0.20780211942529847,0.041602814868166346,0.20551666666666665,0.5625,0.25416666666666665,0.04697720783055923,2.1127126022084894,2.3594107865983576,0.23502725147907633,0.041886817120840754,1.0,1.0,0.0,0.0,0.19242857142857142,0.5,0.35714285714285715,0.06273380757012041,0.0,0.0,0.0,0.0,0.0,0.0,0.0,0.0,0.0,0.0,0.0,0.0,0.0,0.0,0.0,0.0,0.0,0.0,0.0,0.0,stable,stable
11,500,240,modular,6,0.08,0.004,0.12,8,10.0,0.72,0.22,True,static,1.0,False,False,1.0,default,q_learning,default,0.37723333333333336,0.8166666666666667,0.12916666666666665,0.024086326226951074,0.40435000000000004,0.49583333333333335,0.15416666666666667,0.026505392533092833,0.21841666666666665,0.4125,0.11666666666666667,0.020379898865739685,0.6127644644615184,0.8382779897254432,0.15880419803446322,0.0271268836610991,0.6122599190033364,0.8382779897254432,0.15880419803446322,0.027585571374842344,0.18999906616150616,0.5649026260422222,0.22554322859664896,0.03877665051081462,0.18863333333333332,0.5875,0.24166666666666664,0.04688157657568933,2.0969311257724477,2.394783200750173,0.23882828983819304,0.04175922291726418,1.0,1.0,0.0,0.0,0.19714285714285715,0.42857142857142855,0.32142857142857145,0.06071008388821651,0.0,0.0,0.0,0.0,0.0,0.0,0.0,0.0,0.0,0.0,0.0,0.0,0.0,0.0,0.0,0.0,0.0,0.0,0.0,0.0,stable,runaway
12,500,240,modular,6,0.08,0.004,0.12,8,10.0,0.72,0.22,True,static,1.0,False,False,1.0,default,q_learning,default,0.3552666666666667,0.7708333333333334,0.13749999999999996,0.025414038115445826,0.41938333333333333,0.49583333333333335,0.15000000000000002,0.025691443668618117,0.22535000000000002,0.42083333333333334,0.11666666666666667,0.02025057612349173,0.6391631496705539,0.8669953940314737,0.17646950434266673,0.02868416651404579,0.6383350188647987,0.8669953940314737,0.17646950434266673,0.028316000579187168,0.23020667313258622,0.6043889306810305,0.27449212276514445,0.04408902548681981,0.22761666666666666,0.6041666666666666,0.2916666666666667,0.05014036132033088,2.1206238368299157,2.3640353446665565,0.269613779619182,0.04389930010085258,1.0,1.0,0.0,0.0,0.2658571428571429,0.5357142857142857,0.4285714285714286,0.07084461294744626,0.0,0.0,0.0,0.0,0.0,0.0,0.0,0.0,0.0,0.0,0.0,0.0,0.0,0.0,0.0,0.0,0.0,0.0,0.0,0.0,stable,runaway
13,500,240,modular,6,0.08,0.004,0.12,8,10.0,0.72,0.22,True,static,1.0,False,False,1.0,default,q_learning,default,0.40523333333333333,0.8291666666666667,0.14166666666666666,0.0233119187446155,0.3913833333333333,0.475,0.13749999999999996,0.022625949949363695,0.20338333333333333,0.38333333333333336,0.1166666666666667,0.021551237396802377,0.5946969845705975,0.8246001446465079,0.14712650718206355,0.029990496616925974,0.5948574439315777,0.8246001446465079,0.14712650718206355,0.03015669719997859,0.1690696790126945,0.5518093395538552,0.18516842229650088,0.038690570560164485,0.1714166666666667,0.5541666666666667,0.22083333333333333,0.04509873427639997,2.0905684402586195,2.3997573505197756,0.21742181927503146,0.043889664419949674,1.0,1.0,0.0,0.0,0.21942857142857142,0.4642857142857143,0.35714285714285715,0.06557500768321009,0.0,0.0,0.0,0.0,0.0,0.0,0.0,0.0,0.0,0.0,0.0,0.0,0.0,0.0,0.0,0.0,0.0,0.0,0.0,0.0,stable,stable
14,500,240,modular,6,0.08,0.004,0.12,8,10.0,0.72,0.22,True,static,1.0,False,False,1.0,default,q_learning,default,0.34564999999999996,0.7708333333333334,0.13333333333333336,0.023541505899156066,0.43770000000000003,0.49166666666666664,0.125,0.024474226806536253,0.21665,0.4,0.11666666666666667,0.020366427985508133,0.6337763971433306,0.8384937647337217,0.16043220929919066,0.026858399627553802,0.6339187729059718,0.8384937647337217,0.16043220929919066,0.027230565266351824,0.22110841313147286,0.564033242632086,0.24347526760477972,0.041727995096743076,0.21994999999999998,0.5458333333333333,0.2583333333333333,0.04768659548435901,2.131475251305766,2.3641642858568797,0.23765593182330447,0.04135475970385618,1.0,1.0,0.0,0.0,0.19142857142857142,0.4642857142857143,0.32142857142857145,0.05853657499585108,0.0,0.0,0.0,0.0,0.0,0.0,0.0,0.0,0.0,0.0,0.0,0.0,0.0,0.0,0.0,0.0,0.0,0.0,0.0,0.0,stable,stable
15,500,240,modular,6,0.08,0.004,0.12,8,10.0,0.72,0.22,True,static,1.0,False,False,1.0,default,q_learning,default,0.38839999999999997,0.7791666666666667,0.13333333333333336,0.022339451898180294,0.3955166666666667,0.4666666666666667,0.11666666666666664,0.022717400330534692,0.21608333333333332,0.4083333333333333,0.10833333333333331,0.019656953816228322,0.5974274824741219,0.8493356072835615,0.13860796166340583,0.026304510718457352,0.5971908577956943,0.8493356072835615,0.13860796166340583,0.026073920218576567,0.16935032152556942,0.5785185412806724,0.1842462721576364,0.03417617291639512,0.16976666666666668,0.6333333333333333,0.22916666666666669,0.04044167267669438,2.100742594199568,2.4135760386013567,0.21396912256128986,0.03992183201493102,1.0,1.0,0.0,0.0,0.32557142857142857,0.5714285714285714,0.3214285714285714,0.07127254387352876,0.0,0.0,0.0,0.0,0.0,0.0,0.0,0.0,0.0,0.0,0.0,0.0,0.0,0.0,0.0,0.0,0.0,0.0,0.0,0.0,stable,runaway
16,500,240,modular,6,0.08,0.004,0.12,8,10.0,0.72,0.22,True,static,1.0,False,False,1.0,default,q_learning,default,0.36188333333333333,0.7875,0.1375,0.02426062768263747,0.41281666666666667,0.4791666666666667,0.12083333333333335,0.02457352346643752,0.2253,0.4583333333333333,0.10833333333333336,0.019196903685519472,0.648008402665846,0.911116882062019,0.1528378593969545,0.027897885692512458,0.6467728499033385,0.911116882062019,0.1284937224866517,0.02728512961011558,0.2450963484349653,0.6520407448610991,0.20688375777698034,0.04459951152122009,0.24573333333333336,0.6708333333333333,0.2958333333333333,0.05326418433932255,2.177227625130834,2.523035731772943,0.24440878740791439,0.04276276054394641,1.0,1.0,0.0,0.0,0.36128571428571427,0.5357142857142857,0.3571428571428571,0.07170076708097341,0.0,0.0,0.0,0.0,0.0,0.0,0.0,0.0,0.0,0.0,0.0,0.0,0.0,0.0,0.0,0.0,0.0,0.0,0.0,0.0,runaway,runaway
17,500,240,modular,6,0.08,0.004,0.12,8,10.0,0.72,0.22,True,static,1.0,False,False,1.0,default,q_learning,default,0.4195,0.8166666666666667,0.125,0.022083176100069178,0.37581666666666674,0.43333333333333335,0.1375,0.022213290566185317,0.20468333333333333,0.425,0.125,0.018636053766825207,0.5702610118841648,0.8414859145761517,0.1517607488511633,0.025209656820863145,0.5703840814718998,0.8414859145761517,0.1517607488511633,0.025070885093354693,0.13409121530424023,0.5561093250298544,0.17721101700531774,0.027486031112763456,0.13475,0.5333333333333333,0.22083333333333333,0.03425405491000704,2.076532360500789,2.447562660032273,0.21883552872040402,0.04023859648863992,1.0,1.0,0.0,0.0,0.2844285714285714,0.42857142857142855,0.2857142857142857,0.06155617974912123,0.0,0.0,0.0,0.0,0.0,0.0,0.0,0.0,0.0,0.0,0.0,0.0,0.0,0.0,0.0,0.0,0.0,0.0,0.0,0.0,stable,runaway
18,500,240,modular,6,0.08,0.004,0.12,8,10.0,0.72,0.22,True,static,1.0,False,False,1.0,default,q_learning,default,0.40771666666666667,0.875,0.16249999999999998,0.02527559758607763,0.39631666666666665,0.4666666666666667,0.125,0.022775529021786128,0.19596666666666668,0.3625,0.1,0.01906812348746812,0.588258988253246,0.7771043893742842,0.19041803543804425,0.02960297337370367,0.5887658715856667,0.7771043893742842,0.19041803543804425,0.030043970028470948,0.1619256052586153,0.4783156455697321,0.24316093584745685,0.03806225618468167,0.16176666666666664,0.5041666666666667,0.25416666666666665,0.044514554423868556,2.0540665955370843,2.3046162490214335,0.29427536633720663,0.04434544175454441,1.0,1.0,0.0,0.0,0.24071428571428571,0.5357142857142857,0.5,0.07235471015512848,0.0,0.0,0.0,0.0,0.0,0.0,0.0,0.0,0.0,0.0,0.0,0.0,0.0,0.0,0.0,0.0,0.0,0.0,0.0,0.0,stable,stable
19,500,240,modular,6,0.08,0.004,0.12,8,10.0,0.72,0.22,True,static,1.0,False,False,1.0,default,q_learning,default,0.35926666666666673,0.8166666666666667,0.14583333333333337,0.024697413269859303,0.4302,0.5,0.125,0.024245022398651464,0.21053333333333332,0.325,0.1,0.019483440262039055,0.6180889960007712,0.7266919280852554,0.1463147608782993,0.028445392237846995,0.617821842420815,0.7266919280852554,0.1463147608782993,0.028790809619513354,0.19738106380509415,0.37998099950621544,0.19890659140942163,0.040276199636429894,0.19746666666666668,0.42916666666666664,0.2666666666666667,0.04942276803255763,2.1518916505248065,2.285313369642877,0.25119295262169095,0.04382461613301248,1.0,1.0,0.0,0.0,0.25171428571428567,0.42857142857142855,0.3571428571428571,0.062246383388097015,0.0,0.0,0.0,0.0,0.0,0.0,0.0,0.0,0.0,0.0,0.0,0.0,0.0,0.0,0.0,0.0,0.0,0.0,0.0,0.0,stable,stable
20,500,240,modular,6,0.08,0.004,0.12,8,10.0,0.72,0.22,True,static,1.0,False,False,1.0,default,q_learning,default,0.39985,0.7833333333333333,0.12916666666666665,0.023079987723855777,0.42086666666666667,0.5,0.14166666666666666,0.023360079908539125,0.17928333333333335,0.39166666666666666,0.1125,0.019448657480087866,0.5694611868926418,0.816646109991468,0.1482501252438745,0.02730198368583642,0.5695925897050856,0.816646109991468,0.1482501252438745,0.02692701583487771,0.13810331047577715,0.5401822625807393,0.16682792716812606,0.030217147123309918,0.13623333333333335,0.55,0.19999999999999998,0.038072387194220784,2.0258191513524304,2.3518468988652,0.21957686466763793,0.04086198944549551,1.0,1.0,0.0,0.0,0.17228571428571426,0.42857142857142855,0.35714285714285715,0.06317516949574672,0.0,0.0,0.0,0.0,0.0,0.0,0.0,0.0,0.0,0.0,0.0,0.0,0.0,0.0,0.0,0.0,0.0,0.0,0.0,0.0,stable,stable
21,500,240,modular,6,0.08,0.004,0.12,8,10.0,0.72,0.22,True,static,1.0,False,False,1.0,default,q_learning,default,0.3998333333333334,0.7958333333333333,0.1375,0.025684517601941532,0.37698333333333334,0.4625,0.1791666666666667,0.026455355475467218,0.22318333333333334,0.35,0.11249999999999999,0.01921637756359576,0.5946769821488851,0.7796165079461859,0.1701620833376386,0.027943585992002355,0.5938906068432097,0.7796165079461859,0.15823162091383824,0.02758159984551058,0.16652117212713125,0.4785425908457797,0.19738967091189683,0.03561213530222212,0.16935,0.5375,0.2625,0.04555012196593013,2.0904197124020727,2.322768538411691,0.2380045136336455,0.043065167927487526,1.0,1.0,0.0,0.0,0.2464285714285714,0.4642857142857143,0.3571428571428571,0.06532883852371128,0.0,0.0,0.0,0.0,0.0,0.0,0.0,0.0,0.0,0.0,0.0,0.0,0.0,0.0,0.0,0.0,0.0,0.0,0.0,0.0,stable,stable
22,500,240,modular,6,0.08,0.004,0.12,8,10.0,0.72,0.22,True,static,1.0,False,False,1.0,default,q_learning,default,0.3452,0.7583333333333333,0.15000000000000002,0.02632888148023003,0.4321333333333333,0.5083333333333333,0.13749999999999996,0.02598779628124623,0.22266666666666668,0.39166666666666666,0.10833333333333334,0.019677257035584112,0.6304185321310304,0.8245899660199415,0.15887685595749268,0.02862922020093439,0.6305650818492343,0.8245899660199415,0.15887685595749268,0.029329195418714253,0.21420959719357796,0.5395547814348199,0.23664137041704925,0.04422708023257092,0.21233333333333335,0.5625,0.2791666666666667,0.05049174850078641,2.1654845598773274,2.384134631485391,0.25291683913529894,0.04499138897937332,1.0,1.0,0.0,0.0,0.2547142857142857,0.5,0.39285714285714285,0.06905499139623937,0.0,0.0,0.0,0.0,0.0,0.0,0.0,0.0,0.0,0.0,0.0,0.0,0.0,0.0,0.0,0.0,0.0,0.0,0.0,0.0,stable,stable
23,500,240,modular,6,0.08,0.004,0.12,8,10.0,0.72,0.22,True,static,1.0,False,False,1.0,default,q_learning,default,0.3817833333333333,0.8333333333333334,0.12083333333333329,0.023001213736090827,0.3710833333333334,0.44166666666666665,0.15416666666666667,0.024463833850536725,0.24713333333333332,0.35833333333333334,0.13333333333333336,0.022477865655894567,0.6139733262740019,0.7627374925158874,0.15494141470428568,0.029288462244190093,0.6144018575515424,0.7627374925158874,0.15494141470428568,0.028859276133082888,0.1906584134216476,0.4406639262220677,0.20470476609807764,0.039660681580430804,0.1927333333333333,0.44583333333333336,0.2833333333333333,0.04847509096891355,2.1520674336484964,2.3340514235834036,0.23991429858079494,0.04363825768358003,1.0,1.0,0.0,0.0,0.25357142857142856,0.5,0.4285714285714286,0.06687255622084597,0.0,0.0,0.0,0.0,0.0,0.0,0.0,0.0,0.0,0.0,0.0,0.0,0.0,0.0,0.0,0.0,0.0,0.0,0.0,0.0,stable,oscillatory
24,500,240,modular,6,0.08,0.004,0.12,8,10.0,0.72,0.22,True,static,1.0,False,False,1.0,default,q_learning,default,0.4169666666666667,0.8166666666666667,0.1375,0.023832027936278432,0.37465,0.4583333333333333,0.15833333333333333,0.023710106846378122,0.20838333333333334,0.4125,0.10416666666666669,0.019876291013276204,0.5890572899215774,0.8823286570777993,0.1407088895578742,0.029689772692792812,0.5891509929996702,0.8823286570777993,0.1407088895578742,0.02927646523032695,0.16441473496637507,0.6334532140876751,0.17520622490964122,0.03700632538904079,0.16583333333333333,0.6666666666666666,0.22916666666666663,0.0441257672265688,2.0484937724555383,2.412632656525554,0.22571859630547086,0.0429000003568768,1.0,1.0,0.0,0.0,0.20214285714285712,0.5,0.35714285714285715,0.05412099068432748,0.0,0.0,0.0,0.0,0.0,0.0,0.0,0.0,0.0,0.0,0.0,0.0,0.0,0.0,0.0,0.0,0.0,0.0,0.0,0.0,stable,runaway
25,500,240,modular,6,0.08,0.004,0.12,8,10.0,0.72,0.22,True,static,1.0,False,False,1.0,default,q_learning,default,0.3884666666666666,0.775,0.10833333333333334,0.023381711751803896,0.4280833333333333,0.5041666666666667,0.15833333333333333,0.023935822758182162,0.18345,0.35833333333333334,0.11666666666666667,0.018967816309621823,0.5802695069995661,0.788330961032541,0.15969622506473435,0.02765630371150244,0.5803443870464627,0.788330961032541,0.15969622506473435,0.0279886647263769,0.15092811142053503,0.4963418139653287,0.1798613884973045,0.03332404263153428,0.15041666666666662,0.5541666666666667,0.21666666666666667,0.04132736852122198,2.0658865828199766,2.309587563889664,0.21387307191469396,0.04076222389118055,1.0,1.0,0.0,0.0,0.21871428571428572,0.4642857142857143,0.3928571428571429,0.06401355086134147,0.0,0.0,0.0,0.0,0.0,0.0,0.0,0.0,0.0,0.0,0.0,0.0,0.0,0.0,0.0,0.0,0.0,0.0,0.0,0.0,stable,stable
26,500,240,modular,6,0.08,0.004,0.12,8,10.0,0.72,0.22,True,static,1.0,False,False,1.0,default,q_learning,default,0.37451666666666666,0.8375,0.12916666666666665,0.024297970880073277,0.40348333333333336,0.475,0.14166666666666666,0.024378776060791533,0.222,0.4041666666666667,0.12083333333333332,0.021577380131362872,0.6285642498640983,0.8449897846408015,0.19033783369507717,0.02948973526302407,0.6281962519963291,0.8449897846408015,0.19033783369507717,0.029371867694590423,0.215212158186062,0.5786911864468436,0.26789334907773854,0.043460797085707395,0.21843333333333334,0.5583333333333333,0.32083333333333336,0.05242127430728864,2.1011185505335472,2.3771172189137393,0.26984726075504106,0.04400988840499793,1.0,1.0,0.0,0.0,0.3132857142857142,0.5357142857142857,0.39285714285714285,0.06895739589760906,0.0,0.0,0.0,0.0,0.0,0.0,0.0,0.0,0.0,0.0,0.0,0.0,0.0,0.0,0.0,0.0,0.0,0.0,0.0,0.0,stable,runaway
27,500,240,modular,6,0.08,0.004,0.12,8,10.0,0.72,0.22,True,static,1.0,False,False,1.0,default,q_learning,default,0.3472833333333333,0.7833333333333333,0.14583333333333331,0.024603415526214152,0.42179999999999995,0.5083333333333333,0.16249999999999998,0.02496740096828485,0.2309166666666667,0.375,0.1166666666666667,0.0213289383493673,0.6441987694896665,0.833798493325546,0.18686645561308612,0.029539656160693352,0.6446141691915667,0.833798493325546,0.18686645561308612,0.029620434462435306,0.2400881656304595,0.5625092046973513,0.2951759959496815,0.0479144888444856,0.2422833333333333,0.5708333333333333,0.35,0.05701457172415565,2.1662423101805843,2.420246497189637,0.2521934217052899,0.04502790022963371,1.0,1.0,0.0,0.0,0.29514285714285715,0.5357142857142857,0.39285714285714285,0.06934739522498157,0.0,0.0,0.0,0.0,0.0,0.0,0.0,0.0,0.0,0.0,0.0,0.0,0.0,0.0,0.0,0.0,0.0,0.0,0.0,0.0,stable,stable
28,500,240,modular,6,0.08,0.004,0.12,8,10.0,0.72,0.22,True,static,1.0,False,False,1.0,default,q_learning,default,0.41645,0.825,0.13333333333333336,0.023455519369412585,0.37385,0.42916666666666664,0.1333333333333333,0.022909780783664332,0.2097,0.37916666666666665,0.1333333333333333,0.020855161897664034,0.5690149760523016,0.7985587666054506,0.15382113159713995,0.02879775630615732,0.5694518538998444,0.7985587666054506,0.15382113159713995,0.02839336330318084,0.13608270623346835,0.5042454006923627,0.18199165819548507,0.031542482706763596,0.14001666666666665,0.5125,0.22916666666666663,0.04005707386550678,2.0518746706663427,2.3774250901113874,0.253236801677283,0.04317531131813023,1.0,1.0,0.0,0.0,0.21671428571428572,0.5,0.4642857142857143,0.06699999999999999,0.0,0.0,0.0,0.0,0.0,0.0,0.0,0.0,0.0,0.0,0.0,0.0,0.0,0.0,0.0,0.0,0.0,0.0,0.0,0.0,stable,oscillatory
29,500,240,modular,6,0.08,0.004,0.12,8,10.0,0.72,0.22,True,static,1.0,False,False,1.0,default,q_learning,default,0.4024,0.7958333333333333,0.125,0.02523921111639145,0.38889999999999997,0.4666666666666667,0.15000000000000002,0.024183580288194624,0.2087,0.39166666666666666,0.10833333333333334,0.020269133621785066,0.6028799761783108,0.8660626179236963,0.1536214288020984,0.03051897768050927,0.6023035584801385,0.8660626179236963,0.1536214288020984,0.03025407778594893,0.1805290856781644,0.6108741738362095,0.1989747485253418,0.04100995071964052,0.18164999999999998,0.6375,0.2708333333333333,0.04921198194207044,2.0524808109930137,2.3941109942529164,0.228858490266739,0.04405598440544785,1.0,1.0,0.0,0.0,0.22314285714285714,0.5,0.35714285714285715,0.06302833829771676,0.0,0.0,0.0,0.0,0.0,0.0,0.0,0.0,0.0,0.0,0.0,0.0,0.0,0.0,0.0,0.0,0.0,0.0,0.0,0.0,stable,stable
30,500,240,modular,6,0.08,0.004,0.12,8,10.0,0.72,0.22,True,static,1.0,False,False,1.0,default,q_learning,default,0.3756333333333333,0.8208333333333333,0.1375,0.024261629513836588,0.4115333333333333,0.4791666666666667,0.1375,0.025882405005889404,0.21283333333333332,0.39166666666666666,0.13749999999999998,0.02269422344513638,0.6137842398698574,0.8283340936925155,0.15656156057339032,0.02978097267464448,0.6133194818997669,0.8283340936925155,0.15656156057339032,0.029639059453425706,0.192845509949461,0.5542855842747118,0.2318860874553385,0.04257752808959746,0.19305,0.5625,0.3375,0.05095848255633643,2.10798864905966,2.4043629427816025,0.2321238898246203,0.04399806501255314,1.0,1.0,0.0,0.0,0.18371428571428572,0.42857142857142855,0.28571428571428575,0.0578887039137717,0.0,0.0,0.0,0.0,0.0,0.0,0.0,0.0,0.0,0.0,0.0,0.0,0.0,0.0,0.0,0.0,0.0,0.0,0.0,0.0,stable,oscillatory
31,500,240,modular,6,0.08,0.004,0.12,8,10.0,0.72,0.22,True,static,1.0,False,False,1.0,default,q_learning,default,0.3421666666666666,0.7791666666666667,0.11249999999999999,0.023070543990118653,0.43993333333333334,0.5,0.13333333333333336,0.023942546973025985,0.2179,0.4041666666666667,0.12083333333333335,0.022909992967650117,0.653290346814911,0.8725809253502045,0.15037718524985133,0.029739760823872263,0.6537295507929655,0.8725809253502045,0.15037718524985133,0.030059558140565962,0.25873733415371325,0.6191941135413377,0.24863501410052188,0.05047575217271398,0.25939999999999996,0.6083333333333333,0.2791666666666667,0.05677661881835201,2.1324031081189236,2.402958187857123,0.2059023020754882,0.041905985629802425,1.0,1.0,0.0,0.0,0.18757142857142856,0.5,0.32142857142857145,0.06040357470162419,0.0,0.0,0.0,0.0,0.0,0.0,0.0,0.0,0.0,0.0,0.0,0.0,0.0,0.0,0.0,0.0,0.0,0.0,0.0,0.0,stable,runaway
32,500,240,modular,6,0.08,0.004,0.12,8,10.0,0.72,0.22,True,static,1.0,False,False,1.0,default,q_learning,default,0.3923666666666667,0.8125,0.1333333333333333,0.023963142995488344,0.42251666666666665,0.49583333333333335,0.1375,0.023157366238653113,0.18511666666666668,0.3958333333333333,0.0875,0.018836290328335177,0.5810368298479022,0.8234986940364307,0.13835224061935536,0.026976721740980224,0.580682554274928,0.8234986940364307,0.13835224061935536,0.02759214014891669,0.1487488870467952,0.5420246700053447,0.15690597930552574,0.03246212044377029,0.14861666666666667,0.5458333333333333,0.19166666666666668,0.0382657411328259,2.081127697429958,2.4251761003541135,0.23520753871037892,0.04199568580517859,1.0,1.0,0.0,0.0,0.32628571428571423,0.6428571428571429,0.42857142857142855,0.07427802157971036,0.0,0.0,0.0,0.0,0.0,0.0,0.0,0.0,0.0,0.0,0.0,0.0,0.0,0.0,0.0,0.0,0.0,0.0,0.0,0.0,stable,stable
33,500,240,modular,6,0.08,0.004,0.12,8,10.0,0.72,0.22,True,static,1.0,False,False,1.0,default,q_learning,default,0.3642666666666666,0.8333333333333334,0.14583333333333331,0.026419500373776942,0.3996,0.4625,0.14583333333333337,0.026388781286330328,0.23613333333333333,0.4166666666666667,0.12500000000000003,0.024828724404518963,0.640219790287796,0.8756873268077591,0.18010619634714164,0.03339917227170682,0.6395984066240177,0.8756873268077591,0.18010619634714164,0.03302841970981855,0.23233165189618907,0.6123452201685272,0.2822354883318092,0.052357756696995564,0.232,0.6416666666666667,0.3333333333333333,0.059920317459476506,2.1435522194214633,2.4386475507316185,0.2769561331200272,0.0492199248781241,1.0,1.0,0.0,0.0,0.2814285714285715,0.4642857142857143,0.35714285714285715,0.06992707571725953,0.0,0.0,0.0,0.0,0.0,0.0,0.0,0.0,0.0,0.0,0.0,0.0,0.0,0.0,0.0,0.0,0.0,0.0,0.0,0.0,stable,runaway
34,500,240,modular,6,0.08,0.004,0.12,8,10.0,0.72,0.22,True,static,1.0,False,False,1.0,default,q_learning,default,0.4083,0.8416666666666667,0.14166666666666666,0.02357903965625214,0.38138333333333335,0.45,0.13333333333333336,0.024048914274407023,0.21031666666666665,0.3875,0.125,0.021292206451083352,0.5875017689625792,0.8461235071969285,0.1678517056051555,0.02816958768054443,0.5876593286510708,0.8461235071969285,0.1678517056051555,0.028082931292761848,0.15856684161784057,0.577486438523933,0.21504071780601153,0.035044746482763685,0.16163333333333332,0.6041666666666666,0.2625,0.04525175257502312,2.0587263123451067,2.3887821508545484,0.2566098253487772,0.04307694516953997,1.0,1.0,0.0,0.0,0.2597142857142857,0.6071428571428571,0.4285714285714286,0.066834550517357,0.0,0.0,0.0,0.0,0.0,0.0,0.0,0.0,0.0,0.0,0.0,0.0,0.0,0.0,0.0,0.0,0.0,0.0,0.0,0.0,stable,oscillatory
35,500,240,modular,6,0.08,0.004,0.12,8,10.0,0.72,0.22,True,static,1.0,False,False,1.0,default,q_learning,default,0.33770000000000006,0.8125,0.1333333333333333,0.02370159394546189,0.42569999999999997,0.49583333333333335,0.14583333333333331,0.024646027401321022,0.2366,0.4083333333333333,0.1333333333333333,0.02291944831602871,0.6380147822414779,0.8266924914824443,0.17676499220656405,0.02878631399196371,0.637349753444145,0.8266924914824443,0.1674245048272075,0.028313605772219284,0.2205655548053116,0.5333970022494429,0.2372485698020954,0.04205876333132345,0.22103333333333336,0.5458333333333333,0.2666666666666666,0.047673239640051504,2.191409254068254,2.420817811030837,0.2577125389987005,0.044393071175241786,1.0,1.0,0.0,0.0,0.3067142857142857,0.5,0.35714285714285715,0.07007881859967768,0.0,0.0,0.0,0.0,0.0,0.0,0.0,0.0,0.0,0.0,0.0,0.0,0.0,0.0,0.0,0.0,0.0,0.0,0.0,0.0,stable,runaway
36,500,240,modular,6,0.08,0.004,0.12,8,10.0,0.72,0.22,True,static,1.0,False,False,1.0,default,q_learning,default,0.3892833333333333,0.75,0.12916666666666665,0.022850972505441523,0.3957,0.4666666666666667,0.125,0.02494124206120368,0.21501666666666666,0.375,0.1166666666666667,0.02260130895914364,0.5931814437360137,0.7911680326864329,0.14137236820939525,0.027894285711059074,0.5942175934368479,0.7911680326864329,0.14137236820939525,0.02782697703948245,0.16325101328099115,0.4866926307246307,0.17528369016236828,0.035045664841530454,0.16151666666666664,0.475,0.22916666666666666,0.041199949433625926,2.0673916571609006,2.3210889711849507,0.21724924939377432,0.04195761165288477,1.0,1.0,0.0,0.0,0.3152857142857143,0.5357142857142857,0.35714285714285715,0.06622487971961559,0.0,0.0,0.0,0.0,0.0,0.0,0.0,0.0,0.0,0.0,0.0,0.0,0.0,0.0,0.0,0.0,0.0,0.0,0.0,0.0,stable,stable
37,500,240,modular,6,0.08,0.004,0.12,8,10.0,0.72,0.22,True,static,1.0,False,False,1.0,default,q_learning,default,0.42973333333333336,0.7833333333333333,0.1375,0.025294619542064235,0.37773333333333337,0.44166666666666665,0.12916666666666665,0.023372609800552634,0.19253333333333336,0.31666666666666665,0.11249999999999999,0.020684777011125838,0.5610414995211338,0.7234566755359959,0.16324091436326887,0.030357981098344682,0.5611484956933995,0.7234566755359959,0.16324091436326887,0.03024271970335077,0.12867828473840653,0.37660216976458294,0.17808857724240273,0.03250034749509486,0.12735,0.39166666666666666,0.22916666666666669,0.03793953156742391,1.9955561858768263,2.223324934704354,0.23682596388230892,0.045553444621882835,1.0,1.0,0.0,0.0,0.2357142857142857,0.4642857142857143,0.4285714285714286,0.061112141817735534,0.0,0.0,0.0,0.0,0.0,0.0,0.0,0.0,0.0,0.0,0.0,0.0,0.0,0.0,0.0,0.0,0.0,0.0,0.0,0.0,stable,stable
38,500,240,modular,6,0.08,0.004,0.12,8,10.0,0.72,0.22,True,static,1.0,False,False,1.0,default,q_learning,default,0.37318333333333326,0.8208333333333333,0.13333333333333336,0.02247757524487214,0.40498333333333336,0.4708333333333333,0.14166666666666666,0.024781539948562966,0.22183333333333335,0.3958333333333333,0.12916666666666668,0.021287711635276034,0.6170407992084485,0.806964465061173,0.13808123523088878,0.027365237042516484,0.6168135752918451,0.806964465061173,0.13808123523088878,0.02694822408114772,0.19679115715887688,0.5213759310902596,0.20030901464440568,0.0388681678191442,0.19603333333333334,0.5291666666666667,0.22916666666666669,0.04785207530620915,2.1133325768679105,2.33170442612013,0.19176917320892706,0.040297747505621144,1.0,1.0,0.0,0.0,0.3217142857142857,0.5357142857142857,0.35714285714285715,0.069765788937863,0.0,0.0,0.0,0.0,0.0,0.0,0.0,0.0,0.0,0.0,0.0,0.0,0.0,0.0,0.0,0.0,0.0,0.0,0.0,0.0,stable,oscillatory
39,500,240,modular,6,0.08,0.004,0.12,8,10.0,0.72,0.22,True,static,1.0,False,False,1.0,default,q_learning,default,0.3581833333333333,0.7916666666666666,0.12916666666666665,0.024535512810799145,0.4356999999999999,0.5,0.14583333333333331,0.025589364110027345,0.20611666666666667,0.3958333333333333,0.11250000000000002,0.021085546655891515,0.6113367168902835,0.8082565858941188,0.15873908368094225,0.028347780830680472,0.611783676282404,0.8082565858941188,0.15873908368094225,0.02844851730385957,0.18824136000418365,0.5185481898013855,0.21618671593830896,0.03949690529100856,0.18611666666666668,0.5208333333333334,0.23333333333333334,0.045922219869881924,2.1012887322120983,2.3478642773556953,0.24338002372826217,0.04292327293989673,1.0,1.0,0.0,0.0,0.20542857142857138,0.42857142857142855,0.35714285714285715,0.06204935494410552,0.0,0.0,0.0,0.0,0.0,0.0,0.0,0.0,0.0,0.0,0.0,0.0,0.0,0.0,0.0,0.0,0.0,0.0,0.0,0.0,stable,stable
40,500,240,modular,6,0.08,0.004,0.12,8,10.0,0.72,0.22,True,static,1.0,False,False,1.0,default,q_learning,default,0.3540333333333333,0.7708333333333334,0.15416666666666667,0.02547022226487673,0.3865,0.4791666666666667,0.16666666666666669,0.028118795611950853,0.2594666666666667,0.39166666666666666,0.17916666666666664,0.024584751371531096,0.6633981123989481,0.8691282512758992,0.2494892317639772,0.03184128850021422,0.6631151790990082,0.8691282512758992,0.2494892317639772,0.031963057898159286,0.2720879492894542,0.608974388734907,0.378831877443206,0.053255388823402035,0.2709499999999999,0.6,0.3541666666666667,0.0591424856690274,2.1814288853645705,2.416183635092627,0.3541041738167936,0.04613076941771828,1.0,1.0,0.0,0.0,0.402,0.6785714285714286,0.46428571428571425,0.08510545679044443,0.0,0.0,0.0,0.0,0.0,0.0,0.0,0.0,0.0,0.0,0.0,0.0,0.0,0.0,0.0,0.0,0.0,0.0,0.0,0.0,oscillatory,oscillatory
41,500,240,modular,6,0.08,0.004,0.12,8,10.0,0.72,0.22,True,static,1.0,False,False,1.0,default,q_learning,default,0.36841666666666667,0.7875,0.1375,0.023515509066713118,0.40256666666666674,0.4875,0.1291666666666667,0.02414817683479323,0.22901666666666665,0.4125,0.11249999999999999,0.0227466053633406,0.6148236024621155,0.8246664562694058,0.1619149438241636,0.0299273046910608,0.6144199347135825,0.8246664562694058,0.1619149438241636,0.030134199558885817,0.19101583024447344,0.5391894443371001,0.21780886152463813,0.042035017463121535,0.1925833333333333,0.5583333333333333,0.2833333333333333,0.05020022410308544,2.1328726178060733,2.382848642795329,0.26245154480727373,0.04412182159583817,1.0,1.0,0.0,0.0,0.18985714285714284,0.42857142857142855,0.39285714285714285,0.0651542909765202,0.0,0.0,0.0,0.0,0.0,0.0,0.0,0.0,0.0,0.0,0.0,0.0,0.0,0.0,0.0,0.0,0.0,0.0,0.0,0.0,stable,runaway
42,500,240,modular,6,0.08,0.004,0.12,8,10.0,0.72,0.22,True,static,1.0,False,False,1.0,default,q_learning,default,0.3591333333333333,0.7958333333333333,0.1291666666666667,0.023065101102940973,0.44025,0.5041666666666667,0.1166666666666667,0.022739619121211727,0.20061666666666667,0.36666666666666664,0.12083333333333332,0.021031596600247816,0.607987773958808,0.7797206192968645,0.16103197659361934,0.027737972379106815,0.6083946611083542,0.7797206192968645,0.16103197659361934,0.028056799843102078,0.18233967565244222,0.46986346759836783,0.2295559429168572,0.03913949645080459,0.18323333333333336,0.48333333333333334,0.2375,0.04631103780117891,2.1446264649469957,2.3900114701887523,0.2398758567391237,0.04280153918879267,1.0,1.0,0.0,0.0,0.1352857142857143,0.5357142857142857,0.25,0.05677398800758772,0.0,0.0,0.0,0.0,0.0,0.0,0.0,0.0,0.0,0.0,0.0,0.0,0.0,0.0,0.0,0.0,0.0,0.0,0.0,0.0,stable,oscillatory
43,500,240,modular,6,0.08,0.004,0.12,8,10.0,0.72,0.22,True,static,1.0,False,False,1.0,default,q_learning,default,0.38109999999999994,0.8208333333333333,0.14583333333333331,0.02647873360516574,0.41305,0.49583333333333335,0.14166666666666666,0.02552047652811801,0.20585,0.37083333333333335,0.12083333333333332,0.021324535946494434,0.6076260214584936,0.8169664648171939,0.15445947628557355,0.03089762756439997,0.6075750128750483,0.8169664648171939,0.15445947628557355,0.03088569352299964,0.18586158399864308,0.5399097513263305,0.20655288227600582,0.04285700459470939,0.18333333333333335,0.5291666666666667,0.22916666666666669,0.047888759989514584,2.1053476789890655,2.373527585013487,0.25859461320222055,0.04640171863977537,1.0,1.0,0.0,0.0,0.19714285714285712,0.42857142857142855,0.39285714285714285,0.05469768491164756,0.0,0.0,0.0,0.0,0.0,0.0,0.0,0.0,0.0,0.0,0.0,0.0,0.0,0.0,0.0,0.0,0.0,0.0,0.0,0.0,stable,oscillatory
44,500,240,modular,6,0.08,0.004,0.12,8,10.0,0.72,0.22,True,static,1.0,False,False,1.0,default,q_learning,default,0.38073333333333337,0.8375,0.15000000000000002,0.024942511679638218,0.38111666666666666,0.44166666666666665,0.12916666666666665,0.024333110729575405,0.23815000000000003,0.425,0.13333333333333333,0.02119177644485919,0.6249861623152096,0.821544439948642,0.1918543283134022,0.030338138873751197,0.6250240406792211,0.821544439948642,0.1918543283134022,0.02967600303790661,0.20984768396841164,0.5448243358422746,0.2566003341178476,0.043614919543106624,0.21084999999999998,0.5583333333333333,0.3,0.05340866814790773,2.1399631982803493,2.3977205094533227,0.28059588595614393,0.04576165683323203,1.0,1.0,0.0,0.0,0.2961428571428571,0.5,0.3928571428571429,0.06968163755427177,0.0,0.0,0.0,0.0,0.0,0.0,0.0,0.0,0.0,0.0,0.0,0.0,0.0,0.0,0.0,0.0,0.0,0.0,0.0,0.0,stable,runaway
45,500,240,modular,6,0.08,0.004,0.12,8,10.0,0.72,0.22,True,static,1.0,False,False,1.0,default,q_learning,default,0.3714666666666667,0.8125,0.125,0.02379925302282499,0.40938333333333327,0.475,0.14583333333333331,0.024402760545115018,0.21915,0.36666666666666664,0.1166666666666667,0.021477048472988813,0.613059769223546,0.827849437457642,0.14691042039750413,0.029056213501008323,0.6128932846508014,0.827849437457642,0.14691042039750413,0.028658133113291167,0.19263112820603992,0.5551083773592427,0.19950916628076432,0.04012728761031563,0.19381666666666666,0.6333333333333333,0.2625,0.047877473826424884,2.1255499658402432,2.3779824949151416,0.2286377425624322,0.04328066155194282,1.0,1.0,0.0,0.0,0.22642857142857142,0.42857142857142855,0.3571428571428571,0.07242519011549302,0.0,0.0,0.0,0.0,0.0,0.0,0.0,0.0,0.0,0.0,0.0,0.0,0.0,0.0,0.0,0.0,0.0,0.0,0.0,0.0,stable,stable
46,500,240,modular,6,0.08,0.004,0.12,8,10.0,0.72,0.22,True,static,1.0,False,False,1.0,default,q_learning,default,0.3941666666666666,0.8125,0.11249999999999999,0.022702789843247605,0.3968333333333333,0.4625,0.14583333333333337,0.027061657993059724,0.209,0.375,0.11249999999999999,0.018881207588499205,0.5875519172932112,0.7838272186937221,0.12894361745098726,0.0240500842227234,0.5870901980982326,0.7838272186937221,0.13933684715680394,0.024457139079761714,0.15570114963236634,0.48026354877891675,0.15968995565575894,0.02996868361929118,0.153,0.49166666666666664,0.20416666666666666,0.03859188170241681,2.0654569584367,2.314127515992828,0.20976003407540467,0.0370173268832905,1.0,1.0,0.0,0.0,0.29571428571428565,0.5,0.32142857142857145,0.06430158534243942,0.0,0.0,0.0,0.0,0.0,0.0,0.0,0.0,0.0,0.0,0.0,0.0,0.0,0.0,0.0,0.0,0.0,0.0,0.0,0.0,stable,stable
47,500,240,modular,6,0.08,0.004,0.12,8,10.0,0.72,0.22,True,static,1.0,False,False,1.0,default,q_learning,default,0.37111666666666665,0.8,0.125,0.024852123763484595,0.39011666666666667,0.4708333333333333,0.14999999999999997,0.02439319691134304,0.23876666666666665,0.4,0.13333333333333333,0.022390002729392913,0.6346620250245423,0.8646343708675006,0.15958417568008776,0.03093430097154819,0.6350623384467665,0.8646343708675006,0.15958417568008776,0.030974376899201538,0.22379380615527275,0.5968628953595443,0.23277321541717302,0.04724849900975047,0.22621666666666668,0.6375,0.2791666666666667,0.05483667922922475,2.135217245775039,2.419599070858398,0.22820851900548345,0.04622729757710928,1.0,1.0,0.0,0.0,0.3058571428571429,0.5,0.4285714285714286,0.07428145592190255,0.0,0.0,0.0,0.0,0.0,0.0,0.0,0.0,0.0,0.0,0.0,0.0,0.0,0.0,0.0,0.0,0.0,0.0,0.0,0.0,stable,oscillatory
48,500,240,modular,6,0.08,0.004,0.12,8,10.0,0.72,0.22,True,static,1.0,False,False,1.0,default,q_learning,default,0.37651666666666667,0.7791666666666667,0.14166666666666672,0.02444363698161321,0.4036166666666667,0.4875,0.15833333333333333,0.025092390391422567,0.21986666666666668,0.4041666666666667,0.10833333333333334,0.020256247321642662,0.60497101048573,0.8347169530429764,0.14809542413983978,0.027927329963283443,0.6049676399844999,0.8347169530429764,0.14809542413983978,0.02754621451387401,0.17757080485396481,0.5525590274665494,0.2016766794972858,0.037672850639825985,0.17755,0.575,0.23333333333333334,0.04334243814605317,2.1269419568558137,2.4394042929240225,0.23426073874390507,0.043298453082501714,1.0,1.0,0.0,0.0,0.2542857142857143,0.5357142857142857,0.35714285714285715,0.06334228364970104,0.0,0.0,0.0,0.0,0.0,0.0,0.0,0.0,0.0,0.0,0.0,0.0,0.0,0.0,0.0,0.0,0.0,0.0,0.0,0.0,stable,runaway
49,500,240,modular,6,0.08,0.004,0.12,8,10.0,0.72,0.22,True,static,1.0,False,False,1.0,default,q_learning,default,0.3752166666666667,0.8166666666666667,0.1333333333333333,0.023936147698964984,0.41973333333333335,0.49583333333333335,0.14583333333333337,0.02628711133278478,0.20505,0.4166666666666667,0.1166666666666667,0.020989024909858642,0.6001265753559165,0.8405037054260739,0.14115749221738005,0.02778533101907955,0.5989343068017263,0.8405037054260739,0.14115749221738005,0.027371235317297116,0.17022475813716925,0.5618830682313115,0.1832671619505845,0.03552250605075957,0.1696,0.5333333333333333,0.23333333333333334,0.04162839575738336,2.0892563022220085,2.3929966943020036,0.23501739572943303,0.04220097909262549,1.0,1.0,0.0,0.0,0.25728571428571434,0.5357142857142857,0.3928571428571429,0.0740448016612998,0.0,0.0,0.0,0.0,0.0,0.0,0.0,0.0,0.0,0.0,0.0,0.0,0.0,0.0,0.0,0.0,0.0,0.0,0.0,0.0,stable,runaway
50,500,240,modular,6,0.08,0.004,0.12,8,10.0,0.72,0.22,True,static,1.0,False,False,1.0,default,q_learning,default,0.3834666666666667,0.7833333333333333,0.12916666666666665,0.02484359966760945,0.37625,0.4583333333333333,0.14166666666666666,0.02471293520945391,0.24028333333333332,0.375,0.10833333333333334,0.021793608900062624,0.6459073479992561,0.8247451821353057,0.14330899487830806,0.03113735326092945,0.6459822320972658,0.8247451821353057,0.14330899487830806,0.030777634777106766,0.24634128971356867,0.5584841285422564,0.23167401242743285,0.050186214620376195,0.24425,0.5625,0.25833333333333336,0.05766094624806484,2.1207185663832213,2.358082349274575,0.2324293398190227,0.04511602111482404,1.0,1.0,0.0,0.0,0.3385714285714285,0.5357142857142857,0.42857142857142855,0.07547130823927023,0.0,0.0,0.0,0.0,0.0,0.0,0.0,0.0,0.0,0.0,0.0,0.0,0.0,0.0,0.0,0.0,0.0,0.0,0.0,0.0,stable,stable
1,500,240,modular,6,0.08,0.004,0.12,8,10.0,0.72,0.22,True,static,1.0,False,False,1.0,default,reactive,default,0.23311666666666667,1.0,0.9958333333333333,0.20694341752168768,0.7545666666666667,1.0,0.9958333333333333,0.20927216728461528,0.012316666666666667,0.5875,0.4875,0.06083134471635491,0.5801048281288288,1.176677900861652,1.083237452991426,0.16645843262285415,0.5733625130759397,1.176677900861652,1.083237452991426,0.18188609301576172,0.21026814076620812,0.741929666108614,0.7297607139947736,0.1657551067395647,0.21026666666666666,0.7833333333333333,0.7583333333333333,0.16940176110851585,2.158543672283918,2.8866214164342154,1.7081344021163156,0.29083798444491454,1.0,1.0,0.0,0.0,0.02657142857142857,1.0,1.0,0.13502864397555636,0.0,0.0,0.0,0.0,0.0,0.0,0.0,0.0,0.0,0.0,0.0,0.0,0.0,0.0,0.0,0.0,0.0,0.0,0.0,0.0,runaway,runaway
2,500,240,modular,6,0.08,0.004,0.12,8,10.0,0.72,0.22,True,static,1.0,False,False,1.0,default,reactive,default,0.18743333333333334,1.0,1.0,0.11431314690601233,0.8111666666666666,1.0,1.0,0.11591675653003945,0.0014,0.5666666666666667,0.18333333333333332,0.01371783105628907,0.5918168410837416,1.129976741448662,0.7884651736478585,0.08657454805069977,0.5884220328480583,1.129976741448662,0.7884651736478585,0.09704707609020302,0.18068067221199446,0.7219328210052158,0.4873316623995982,0.0978760825923951,0.18086666666666668,0.7833333333333333,0.4875,0.1016073542832626,2.1992923828876383,2.850934750709977,1.389776069152651,0.15902269882656592,1.0,1.0,0.0,0.0,0.0022857142857142855,0.9285714285714286,0.32142857142857145,0.023142857142857153,0.0,0.0,0.0,0.0,0.0,0.0,0.0,0.0,0.0,0.0,0.0,0.0,0.0,0.0,0.0,0.0,0.0,0.0,0.0,0.0,runaway,runaway
3,500,240,modular,6,0.08,0.004,0.12,8,10.0,0.72,0.22,True,static,1.0,False,False,1.0,default,reactive,default,0.29073333333333334,1.0,1.0,0.2937141770119001,0.6702833333333333,1.0,1.0,0.2889416324181139,0.038983333333333335,0.5083333333333333,0.43333333333333335,0.0983337980215009,0.5429033295187928,1.093987919085152,1.023611290383834,0.244529663054787,0.5350110469644808,1.093987919085152,1.023611290383834,0.25231008979015196,0.20495637464925667,0.7160163878065726,0.6988920231366463,0.18723014781186972,0.20845,0.7666666666666667,0.7375,0.19235218061901166,2.097811526649488,2.810890266543951,1.66394120819688,0.43414207504059427,1.0,1.0,0.0,0.0,0.09471428571428572,0.9642857142857143,0.9642857142857143,0.24071242050994193,0.0,0.0,0.0,0.0,0.0,0.0,0.0,0.0,0.0,0.0,0.0,0.0,0.0,0.0,0.0,0.0,0.0,0.0,0.0,0.0,runaway,runaway
4,500,240,modular,6,0.08,0.004,0.12,8,10.0,0.72,0.22,True,static,1.0,False,False,1.0,default,reactive,default,0.18761666666666668,1.0,0.49166666666666664,0.10392799457102767,0.8113333333333334,1.0,0.5666666666666667,0.10562459730363737,0.0010500000000000002,0.45,0.1875,0.012728805914146078,0.5957032873883968,1.050253429499399,0.3242797088390313,0.08003478697602534,0.5914495627291405,1.050253429499399,0.7339697058005399,0.09165075734623628,0.18482214726181195,0.7133914386492588,0.39505604811664985,0.10063000907697282,0.18413333333333332,0.7416666666666667,0.425,0.10209023241993112,2.2250128556396414,2.7881877458015802,0.6226958641824221,0.14508320709093286,1.0,1.0,0.0,0.0,0.0018571428571428571,0.8571428571428571,0.32142857142857145,0.022168648573872,0.0,0.0,0.0,0.0,0.0,0.0,0.0,0.0,0.0,0.0,0.0,0.0,0.0,0.0,0.0,0.0,0.0,0.0,0.0,0.0,oscillatory,runaway
5,500,240,modular,6,0.08,0.004,0.12,8,10.0,0.72,0.22,True,static,1.0,False,False,1.0,default,reactive,default,0.18933333333333333,1.0,0.9958333333333333,0.1282054557688123,0.8065,1.0,0.9958333333333333,0.1318610379654784,0.004166666666666667,0.49166666666666664,0.31666666666666665,0.02857738033247041,0.5904797461817302,1.061387974267794,0.9015459689085138,0.0979560542590836,0.5817616992958897,1.061387974267794,0.9015459689085138,0.11319948711320885,0.17715887773971023,0.7070251084085266,0.6275243234770257,0.10247113111888848,0.18030000000000002,0.75,0.6416666666666667,0.10759863175503467,2.1825395662390528,2.759948869571851,1.4971924313731206,0.17820083785351845,1.0,1.0,0.0,0.0,0.010857142857142857,1.0,0.8571428571428571,0.07562312571467239,0.0,0.0,0.0,0.0,0.0,0.0,0.0,0.0,0.0,0.0,0.0,0.0,0.0,0.0,0.0,0.0,0.0,0.0,0.0,0.0,runaway,runaway
6,500,240,modular,6,0.08,0.004,0.12,8,10.0,0.72,0.22,True,static,1.0,False,False,1.0,default,reactive,default,0.3224166666666667,1.0,1.0,0.33377584169618985,0.6142666666666666,1.0,1.0,0.3179027471832646,0.06331666666666666,0.5541666666666667,0.5166666666666667,0.13556963053066945,0.5391903800321447,1.1222599045821757,1.0915429156256016,0.29500161168442823,0.5288501453839525,1.1222599045821757,1.0915429156256016,0.30310815492785925,0.2229504334067991,0.7192604736402796,0.7141932903156168,0.22032206518518102,0.22089999999999999,0.7791666666666667,0.7666666666666667,0.22008772493409684,2.0567728799358185,2.826060998972847,1.7306455115846215,0.5063303558352248,1.0,1.0,0.0,0.0,0.13114285714285717,0.9642857142857143,0.9285714285714286,0.276227353859838,0.0,0.0,0.0,0.0,0.0,0.0,0.0,0.0,0.0,0.0,0.0,0.0,0.0,0.0,0.0,0.0,0.0,0.0,0.0,0.0,runaway,runaway
7,500,240,modular,6,0.08,0.004,0.12,8,10.0,0.72,0.22,True,static,1.0,False,False,1.0,default,reactive,default,0.26156666666666667,1.0,1.0,0.24541199146650422,0.7347666666666667,1.0,1.0,0.24862069727018124,0.0036666666666666666,0.49166666666666664,0.09166666666666666,0.015978283873919485,0.5533368381799605,1.095315463021732,0.7551545603243569,0.1864384608309281,0.5558614241781226,1.095315463021732,0.7551545603243569,0.18709859027984116,0.2042003876350952,0.7378564939864416,0.44270657039078665,0.16837439665408777,0.20696666666666666,0.7708333333333334,0.48333333333333334,0.17213711911664425,2.1163520191259866,2.8104702091215787,1.4018609846826302,0.34200762981610205,1.0,1.0,0.0,0.0,0.004571428571428571,0.9642857142857143,0.17857142857142858,0.023244924835590344,0.0,0.0,0.0,0.0,0.0,0.0,0.0,0.0,0.0,0.0,0.0,0.0,0.0,0.0,0.0,0.0,0.0,0.0,0.0,0.0,runaway,runaway
8,500,240,modular,6,0.08,0.004,0.12,8,10.0,0.72,0.22,True,static,1.0,False,False,1.0,default,reactive,default,0.1974,1.0,0.4041666666666667,0.12047782645228401,0.8026,1.0,0.4041666666666667,0.12047782645228403,0.0,0.48333333333333334,0.0,0.0,0.593028328178551,1.0868352180433771,0.308742246029796,0.09307637160098486,0.595273110391534,1.0868352180433771,0.31620689772686605,0.09395607626380309,0.1950646310488974,0.7273587527933809,0.3559933909616608,0.1169289381032129,0.19621666666666668,0.775,0.4041666666666667,0.11984969869706714,2.154276674236107,2.738110985338182,0.5507394568758932,0.16461716174700725,1.0,1.0,0.0,0.0,0.0,0.8928571428571429,0.0,0.0,0.0,0.0,0.0,0.0,0.0,0.0,0.0,0.0,0.0,0.0,0.0,0.0,0.0,0.0,0.0,0.0,0.0,0.0,0.0,0.0,runaway,runaway
9,500,240,modular,6,0.08,0.004,0.12,8,10.0,0.72,0.22,True,static,1.0,False,False,1.0,default,reactive,default,0.3338,1.0,1.0,0.33751757814305844,0.605,1.0,1.0,0.3204538881718311,0.061200000000000004,0.5416666666666666,0.5416666666666666,0.1327873362435841,0.5345078903810588,1.1247237127545673,1.108108731435549,0.299276358593963,0.5315240583095038,1.1247237127545673,1.108108731435549,0.3031751686086099,0.22997553686877656,0.7274884145643395,0.7246853689818018,0.22583866624302013,0.2288,0.7875,0.7583333333333333,0.2250947430157651,2.0614163289840364,2.8569211259064535,1.7374546040442393,0.515708478676055,1.0,1.0,0.0,0.0,0.13228571428571428,0.8928571428571429,0.8928571428571429,0.28074332819593517,0.0,0.0,0.0,0.0,0.0,0.0,0.0,0.0,0.0,0.0,0.0,0.0,0.0,0.0,0.0,0.0,0.0,0.0,0.0,0.0,runaway,runaway
10,500,240,modular,6,0.08,0.004,0.12,8,10.0,0.72,0.22,True,static,1.0,False,False,1.0,default,reactive,default,0.20713333333333334,1.0,1.0,0.14772094186900742,0.7922333333333333,1.0,1.0,0.14917350449876965,0.0006333333333333333,0.4625,0.07916666666666666,0.007052501526251362,0.590456319069884,1.059729309087363,0.750845568250472,0.11413851622099769,0.587633313084835,1.059729309087363,0.750845568250472,0.12085006543075404,0.20004855845863465,0.7265330615004021,0.43230852418840354,0.13510995402901793,0.20126666666666665,0.7666666666666667,0.4625,0.13780393076154734,2.1842432654213733,2.744036276420834,1.3977579664894764,0.20679014979524002,1.0,1.0,0.0,0.0,0.0007142857142857143,0.8214285714285714,0.17857142857142858,0.011271238455756793,0.0,0.0,0.0,0.0,0.0,0.0,0.0,0.0,0.0,0.0,0.0,0.0,0.0,0.0,0.0,0.0,0.0,0.0,0.0,0.0,runaway,runaway
11,500,240,modular,6,0.08,0.004,0.12,8,10.0,0.72,0.22,True,static,1.0,False,False,1.0,default,reactive,default,0.23460000000000003,1.0,1.0,0.22402735696040935,0.7464333333333333,1.0,1.0,0.2259425959545182,0.01896666666666667,0.5541666666666667,0.44166666666666665,0.06777404452377851,0.5729218743276012,1.1258364953678408,1.0355764669613114,0.18168498227262797,0.5623386044131914,1.1258364953678408,1.0355764669613114,0.19326618528259282,0.19716998472255112,0.7254692113930852,0.7072944395644187,0.15467621948790697,0.19546666666666665,0.7833333333333333,0.7458333333333333,0.15833817185589413,2.1453834369114455,2.830242610756686,1.6603384577445175,0.3231267314852301,1.0,1.0,0.0,0.0,0.03899999999999999,0.9642857142857143,0.8214285714285714,0.13951234310107125,0.0,0.0,0.0,0.0,0.0,0.0,0.0,0.0,0.0,0.0,0.0,0.0,0.0,0.0,0.0,0.0,0.0,0.0,0.0,0.0,runaway,runaway
12,500,240,modular,6,0.08,0.004,0.12,8,10.0,0.72,0.22,True,static,1.0,False,False,1.0,default,reactive,default,0.19294999999999998,1.0,1.0,0.12098533083716298,0.8045,1.0,1.0,0.12345557005569971,0.0025499999999999997,0.49166666666666664,0.21666666666666667,0.019349425773851216,0.5946790738940264,1.0746518256650361,0.8330357845092994,0.09414244291726695,0.5879083949748795,1.0746518256650361,0.8330357845092994,0.10999335948191195,0.18827225430521885,0.7225328656365364,0.5613547332456408,0.10975482865662042,0.18639999999999998,0.7875,0.5125,0.10917321099976864,2.175332695430038,2.741984891358463,1.3991538058205573,0.16748675980551198,1.0,1.0,0.0,0.0,0.004428571428571428,0.9285714285714286,0.5357142857142857,0.03854205230548013,0.0,0.0,0.0,0.0,0.0,0.0,0.0,0.0,0.0,0.0,0.0,0.0,0.0,0.0,0.0,0.0,0.0,0.0,0.0,0.0,runaway,runaway
13,500,240,modular,6,0.08,0.004,0.12,8,10.0,0.72,0.22,True,static,1.0,False,False,1.0,default,reactive,default,0.19793333333333335,1.0,0.425,0.12712922559348813,0.8020666666666666,1.0,0.42500000000000004,0.12712922559348813,0.0,0.575,0.0,0.0,0.5921478432157631,1.156637919742601,0.32609200484008366,0.09884712822029776,0.5913749397309548,1.156637919742601,0.344520280315505,0.10072573067148906,0.1938050675230332,0.7363326081082243,0.37583799703036885,0.12219805491184668,0.19613333333333333,0.775,0.425,0.1265022792943537,2.222643181801122,2.897631297417597,0.6079750017405345,0.18006127064605149,1.0,1.0,0.0,0.0,0.0,0.9642857142857143,0.0,0.0,0.0,0.0,0.0,0.0,0.0,0.0,0.0,0.0,0.0,0.0,0.0,0.0,0.0,0.0,0.0,0.0,0.0,0.0,0.0,0.0,runaway,runaway
14,500,240,modular,6,0.08,0.004,0.12,8,10.0,0.72,0.22,True,static,1.0,False,False,1.0,default,reactive,default,0.22768333333333332,1.0,1.0,0.20922862893654556,0.7576833333333333,1.0,1.0,0.21189962836210924,0.014633333333333333,0.4666666666666667,0.3958333333333333,0.05725580028841329,0.5732259916018334,1.0677707020378004,0.9608913057183881,0.16629277701986117,0.5621481646938609,1.0677707020378004,0.9608913057183881,0.1789567713366565,0.1902897358661693,0.7144345983519143,0.675187996653906,0.14613768677273561,0.19143333333333334,0.7583333333333333,0.7083333333333334,0.1490509830747706,2.134865678377947,2.753852057581808,1.5521604157112576,0.2955061263563229,1.0,1.0,0.0,0.0,0.03857142857142857,1.0,1.0,0.15243600196107726,0.0,0.0,0.0,0.0,0.0,0.0,0.0,0.0,0.0,0.0,0.0,0.0,0.0,0.0,0.0,0.0,0.0,0.0,0.0,0.0,runaway,runaway
15,500,240,modular,6,0.08,0.004,0.12,8,10.0,0.72,0.22,True,static,1.0,False,False,1.0,default,reactive,default,0.18561666666666668,1.0,0.3958333333333333,0.09921984708492326,0.8143833333333333,1.0,0.39583333333333326,0.09921984708492326,0.0,0.4666666666666667,0.0,0.0,0.5929918287803991,1.0539222270949362,0.3090098758359396,0.07645509718798994,0.5947091680547739,1.0539222270949362,0.3090098758359396,0.07665011029134329,0.1829728494844284,0.7119840577924049,0.34452090298200255,0.09388223170156192,0.18565,0.7583333333333333,0.3958333333333333,0.09901308695767892,2.2187432326029013,2.7605799484495797,0.5563192558369652,0.1394473478778776,1.0,1.0,0.0,0.0,0.0,0.8571428571428571,0.0,0.0,0.0,0.0,0.0,0.0,0.0,0.0,0.0,0.0,0.0,0.0,0.0,0.0,0.0,0.0,0.0,0.0,0.0,0.0,0.0,0.0,runaway,runaway
16,500,240,modular,6,0.08,0.004,0.12,8,10.0,0.72,0.22,True,static,1.0,False,False,1.0,default,reactive,default,0.19616666666666666,1.0,0.4083333333333333,0.11368035108241979,0.8038333333333333,1.0,0.4083333333333333,0.11368035108241979,0.0,0.45,0.0,0.0,0.5948322900084683,1.0491844069876157,0.3209155262363575,0.08922421803244505,0.59641666135362,1.0491844069876157,0.3209155262363575,0.08920247033568675,0.19437367782688478,0.7216477746067382,0.3693023691371886,0.11162997703773166,0.19481666666666667,0.775,0.4083333333333333,0.11275714931755867,2.2324807799762167,2.7834712692125696,0.5915031320653046,0.1622163211059782,1.0,1.0,0.0,0.0,0.0,0.8571428571428571,0.0,0.0,0.0,0.0,0.0,0.0,0.0,0.0,0.0,0.0,0.0,0.0,0.0,0.0,0.0,0.0,0.0,0.0,0.0,0.0,0.0,0.0,stable,runaway
17,500,240,modular,6,0.08,0.004,0.12,8,10.0,0.72,0.22,True,static,1.0,False,False,1.0,default,reactive,default,0.16814999999999997,1.0,0.275,0.060065540592478366,0.83185,1.0,0.275,0.06006554059247837,0.0,0.30833333333333335,0.0,0.0,0.5937460510470712,0.9045370343763246,0.21584637642475518,0.04585877174900529,0.595988505741115,0.9045370343763246,0.21584637642475518,0.04528436529562289,0.16867031570480834,0.6227603147547399,0.25506246745545985,0.05553450630556415,0.1687,0.6458333333333334,0.2833333333333334,0.060826748502063904,2.269808592428134,2.6585549074561787,0.38795847821559803,0.08573880013900753,1.0,1.0,0.0,0.0,0.0,0.6785714285714286,0.0,0.0,0.0,0.0,0.0,0.0,0.0,0.0,0.0,0.0,0.0,0.0,0.0,0.0,0.0,0.0,0.0,0.0,0.0,0.0,0.0,0.0,stable,stable
18,500,240,modular,6,0.08,0.004,0.12,8,10.0,0.72,0.22,True,static,1.0,False,False,1.0,default,reactive,default,0.20110000000000003,1.0,0.44583333333333336,0.13121509482948643,0.7988999999999999,1.0,0.4458333333333333,0.1312150948294864,0.0,0.43333333333333335,0.0,0.0,0.5900424465311801,1.04914816462979,0.3475070225925718,0.10279358666219772,0.5963375155770827,1.04914816462979,0.3354409709700356,0.10222358783574989,0.2018761571272002,0.7216872622101372,0.3785450164221628,0.1267599807742258,0.20115,0.7958333333333333,0.44583333333333336,0.13101207429512407,2.188556959222259,2.7391161588646153,0.6196751390413047,0.18398241933612183,1.0,1.0,0.0,0.0,0.0,0.9285714285714286,0.0,0.0,0.0,0.0,0.0,0.0,0.0,0.0,0.0,0.0,0.0,0.0,0.0,0.0,0.0,0.0,0.0,0.0,0.0,0.0,0.0,0.0,stable,runaway
19,500,240,modular,6,0.08,0.004,0.12,8,10.0,0.72,0.22,True,static,1.0,False,False,1.0,default,reactive,default,0.18089999999999998,1.0,0.3333333333333333,0.07941746939083645,0.8191,1.0,0.33333333333333337,0.07941746939083646,0.0,0.49583333333333335,0.0,0.0,0.5961246100871522,1.0720513054801535,0.2591429473045406,0.061072441128926985,0.5979798488787123,1.0720513054801535,0.2591429473045406,0.061316581822959175,0.17997383347114185,0.714235954924936,0.30720078240429205,0.07611896450251414,0.18001666666666666,0.7791666666666667,0.3333333333333333,0.07899744897428299,2.2412314301357474,2.8076383012900745,0.47066304116531676,0.11162756128949874,1.0,1.0,0.0,0.0,0.0,0.9285714285714286,0.0,0.0,0.0,0.0,0.0,0.0,0.0,0.0,0.0,0.0,0.0,0.0,0.0,0.0,0.0,0.0,0.0,0.0,0.0,0.0,0.0,0.0,runaway,runaway
20,500,240,modular,6,0.08,0.004,0.12,8,10.0,0.72,0.22,True,static,1.0,False,False,1.0,default,reactive,default,0.19773333333333332,1.0,0.5,0.1294470118963311,0.8019499999999999,1.0,0.5791666666666666,0.13028021189386785,0.00031666666666666665,0.5375,0.07916666666666666,0.004996915715385507,0.592181889827123,1.1241866343465425,0.33255729313680893,0.10016116992418828,0.5895367963770058,1.1241866343465425,0.7456821540884491,0.10813333547012488,0.19425143650945365,0.7328105852287613,0.4199001586765294,0.12455615882757264,0.1954,0.7666666666666667,0.42083333333333334,0.12782184216061562,2.172457927185167,2.7991192466380315,0.6307140688244497,0.17808109886069792,1.0,1.0,0.0,0.0,0.00042857142857142855,0.9642857142857143,0.10714285714285714,0.006762743073454068,0.0,0.0,0.0,0.0,0.0,0.0,0.0,0.0,0.0,0.0,0.0,0.0,0.0,0.0,0.0,0.0,0.0,0.0,0.0,0.0,runaway,runaway
21,500,240,modular,6,0.08,0.004,0.12,8,10.0,0.72,0.22,True,static,1.0,False,False,1.0,default,reactive,default,0.28229999999999994,1.0,1.0,0.2770502641920575,0.69075,1.0,1.0,0.27304772934415694,0.026949999999999998,0.4791666666666667,0.37083333333333335,0.07338740620085225,0.5468888848028116,1.082447059987495,0.9885845694854948,0.2256696029451313,0.5386705751962033,1.082447059987495,0.9885845694854948,0.23403325280659942,0.20440194313937826,0.7229064257351773,0.6942663591227427,0.18125638153582393,0.20543333333333333,0.7625,0.7,0.18126616709505758,2.103638973864493,2.7981362924121522,1.6130005251663653,0.4028539157360546,1.0,1.0,0.0,0.0,0.06571428571428573,0.9642857142857143,0.8928571428571429,0.18677717817151615,0.0,0.0,0.0,0.0,0.0,0.0,0.0,0.0,0.0,0.0,0.0,0.0,0.0,0.0,0.0,0.0,0.0,0.0,0.0,0.0,runaway,runaway
22,500,240,modular,6,0.08,0.004,0.12,8,10.0,0.72,0.22,True,static,1.0,False,False,1.0,default,reactive,default,0.17416666666666666,1.0,0.3125,0.062376544737051065,0.8258333333333333,1.0,0.3125,0.06237654473705106,0.0,0.5041666666666667,0.0,0.0,0.5960955821619968,1.069383193458826,0.25091194738248057,0.04774906963868756,0.597543389491748,1.069383193458826,0.2615939570458048,0.04854224099596327,0.17345061851732552,0.7076400541158819,0.29457607524995755,0.0601818289977969,0.1731,0.7708333333333334,0.3125,0.06183648689173012,2.2296455500566936,2.795065557737332,0.4417386134968393,0.08770746958051201,1.0,1.0,0.0,0.0,0.0,0.9642857142857143,0.0,0.0,0.0,0.0,0.0,0.0,0.0,0.0,0.0,0.0,0.0,0.0,0.0,0.0,0.0,0.0,0.0,0.0,0.0,0.0,0.0,0.0,runaway,runaway
23,500,240,modular,6,0.08,0.004,0.12,8,10.0,0.72,0.22,True,static,1.0,False,False,1.0,default,reactive,default,0.3664,1.0,1.0,0.3747192445314521,0.5433333333333332,1.0,1.0,0.33945565084247586,0.09026666666666668,0.5416666666666666,0.5041666666666667,0.1646962220439666,0.5238705506060181,1.1115235636035579,1.0812990606215855,0.34410663870301916,0.5201945634488309,1.1115235636035579,1.0812990606215855,0.34749915365486933,0.2402069920414434,0.7138422473411237,0.7084089417446122,0.24893235048686269,0.23723333333333335,0.7666666666666667,0.7375,0.24711459554897466,2.047988325705991,2.87810993096348,1.7626739937432223,0.5947038522405983,1.0,1.0,0.0,0.0,0.184,0.9285714285714286,0.9285714285714286,0.3288835784335626,0.0,0.0,0.0,0.0,0.0,0.0,0.0,0.0,0.0,0.0,0.0,0.0,0.0,0.0,0.0,0.0,0.0,0.0,0.0,0.0,runaway,runaway
24,500,240,modular,6,0.08,0.004,0.12,8,10.0,0.72,0.22,True,static,1.0,False,False,1.0,default,reactive,default,0.301,1.0,1.0,0.2979599152757148,0.6837166666666668,1.0,1.0,0.29777425314041733,0.015283333333333333,0.425,0.3375,0.05278062828559568,0.5388326052970742,1.0511493658425006,0.9578928917299904,0.2328346201681497,0.5417838224178306,1.0511493658425006,1.009961857897297,0.23980170528308334,0.22067881273536188,0.7317216593196664,0.7182680247517683,0.1972747814746415,0.22366666666666665,0.7791666666666667,0.75,0.201,2.0781966181922753,2.7405733320310106,1.553552783075364,0.41988255326852925,1.0,1.0,0.0,0.0,0.03257142857142857,0.8928571428571429,0.7857142857142857,0.12251747064090449,0.0,0.0,0.0,0.0,0.0,0.0,0.0,0.0,0.0,0.0,0.0,0.0,0.0,0.0,0.0,0.0,0.0,0.0,0.0,0.0,oscillatory,runaway
25,500,240,modular,6,0.08,0.004,0.12,8,10.0,0.72,0.22,True,static,1.0,False,False,1.0,default,reactive,default,0.21973333333333334,1.0,1.0,0.19221164839254093,0.7685166666666666,1.0,1.0,0.19548119332673525,0.01175,0.5166666666666667,0.425,0.0567015211436166,0.5845431353213335,1.1077735146326388,1.0350586094961394,0.1581005860963764,0.5696006250302715,1.1077735146326388,1.0350586094961394,0.17584532061786945,0.2009007830876264,0.731819230103379,0.7157323605866918,0.15823928878576488,0.20026666666666665,0.7666666666666667,0.7666666666666667,0.16005879475298376,2.173871159172552,2.8029430100089265,1.6424008651602273,0.27648356580227207,1.0,1.0,0.0,0.0,0.029571428571428568,0.9642857142857143,0.9285714285714286,0.13849784496960413,0.0,0.0,0.0,0.0,0.0,0.0,0.0,0.0,0.0,0.0,0.0,0.0,0.0,0.0,0.0,0.0,0.0,0.0,0.0,0.0,runaway,runaway
26,500,240,modular,6,0.08,0.004,0.12,8,10.0,0.72,0.22,True,static,1.0,False,False,1.0,default,reactive,default,0.19673333333333334,1.0,0.4083333333333333,0.11842025446124775,0.8032666666666667,1.0,0.4083333333333333,0.11842025446124775,0.0,0.6125,0.0,0.0,0.5923120061199658,1.1776001170789587,0.3223255336952293,0.09239915576813465,0.5928035560185003,1.1776001170789587,0.3223255336952293,0.0931301575794015,0.19100614673916125,0.7369186211815824,0.36614441956933563,0.1145605481554151,0.19456666666666667,0.7875,0.4083333333333333,0.11817974069658095,2.1774971245090557,2.8665750601803266,0.5634676919808423,0.16453527349800331,1.0,1.0,0.0,0.0,0.0,1.0,0.0,0.0,0.0,0.0,0.0,0.0,0.0,0.0,0.0,0.0,0.0,0.0,0.0,0.0,0.0,0.0,0.0,0.0,0.0,0.0,0.0,0.0,runaway,runaway
27,500,240,modular,6,0.08,0.004,0.12,8,10.0,0.72,0.22,True,static,1.0,False,False,1.0,default,reactive,default,0.18931666666666666,1.0,0.4083333333333333,0.10382325927588032,0.8101666666666667,1.0,0.4125,0.10462884136051802,0.0005166666666666667,0.49166666666666664,0.12916666666666668,0.008152862482997411,0.5971420977734108,1.0587288111720519,0.3106522390045846,0.08052627459452723,0.5919423615699748,1.0587288111720519,0.7391171323964376,0.09002320601494279,0.18564920683448138,0.718488171831075,0.40622399768094597,0.10180690760109999,0.18719999999999998,0.7416666666666667,0.4083333333333333,0.10336179178013508,2.2098562349805198,2.767962506913763,0.5711214344582292,0.1454603491645044,1.0,1.0,0.0,0.0,0.0011428571428571427,0.9285714285714286,0.2857142857142857,0.018033981529210846,0.0,0.0,0.0,0.0,0.0,0.0,0.0,0.0,0.0,0.0,0.0,0.0,0.0,0.0,0.0,0.0,0.0,0.0,0.0,0.0,runaway,runaway
28,500,240,modular,6,0.08,0.004,0.12,8,10.0,0.72,0.22,True,static,1.0,False,False,1.0,default,reactive,default,0.18021666666666666,1.0,0.4,0.09366797300393911,0.8193666666666667,1.0,0.4375,0.09459380411939133,0.0004166666666666667,0.44166666666666665,0.10416666666666667,0.006574889099191456,0.5959420832651552,1.0389058732592105,0.3049905377174252,0.07162190466809251,0.5924126384572957,1.0389058732592105,0.7305615105765153,0.08288722548019249,0.180244362946063,0.7050509387156783,0.3858707934633997,0.09012701754708186,0.17886666666666667,0.7375,0.4,0.0930877363924307,2.2258678680827857,2.7795349386915924,0.561533122373244,0.1312795608736689,1.0,1.0,0.0,0.0,0.001,1.0,0.25,0.0157797338380595,0.0,0.0,0.0,0.0,0.0,0.0,0.0,0.0,0.0,0.0,0.0,0.0,0.0,0.0,0.0,0.0,0.0,0.0,0.0,0.0,stable,runaway
29,500,240,modular,6,0.08,0.004,0.12,8,10.0,0.72,0.22,True,static,1.0,False,False,1.0,default,reactive,default,0.29686666666666667,1.0,1.0,0.29860911647912636,0.6788333333333333,1.0,1.0,0.2969121643404549,0.024300000000000002,0.525,0.42083333333333334,0.07205945847392663,0.5421346496356368,1.121964961947077,1.0333490144423445,0.2401854094837054,0.5364783515074537,1.121964961947077,1.0333490144423445,0.24455997740829802,0.2122665563890997,0.739373904313643,0.7206702027430835,0.18745345616666004,0.21341666666666664,0.8041666666666667,0.7625,0.18964676594483054,2.0608516476311207,2.809993447884453,1.6275746302542409,0.42619639965793715,1.0,1.0,0.0,0.0,0.04985714285714286,0.9642857142857143,0.8571428571428571,0.16114697309839707,0.0,0.0,0.0,0.0,0.0,0.0,0.0,0.0,0.0,0.0,0.0,0.0,0.0,0.0,0.0,0.0,0.0,0.0,0.0,0.0,runaway,runaway
30,500,240,modular,6,0.08,0.004,0.12,8,10.0,0.72,0.22,True,static,1.0,False,False,1.0,default,reactive,default,0.19985,1.0,0.9916666666666667,0.1395296354423198,0.7972833333333333,1.0,0.9916666666666667,0.14128004203629677,0.0028666666666666667,0.5,0.2916666666666667,0.023036299857206042,0.5902639514770076,1.0777063399297238,0.8832947537681943,0.10828090658692226,0.5843078048000004,1.0777063399297238,0.8832947537681943,0.12309289349366374,0.19248830851500917,0.7217132371543543,0.6200922426269335,0.12650461906823363,0.19293333333333335,0.7458333333333333,0.6166666666666667,0.1304364724045132,2.1988556204659684,2.773825497924301,1.4798370787230148,0.1964204199691603,1.0,1.0,0.0,0.0,0.004428571428571428,0.75,0.42857142857142855,0.03593900728871013,0.0,0.0,0.0,0.0,0.0,0.0,0.0,0.0,0.0,0.0,0.0,0.0,0.0,0.0,0.0,0.0,0.0,0.0,0.0,0.0,runaway,runaway
31,500,240,modular,6,0.08,0.004,0.12,8,10.0,0.72,0.22,True,static,1.0,False,False,1.0,default,reactive,default,0.25895,1.0,1.0,0.24077991391402326,0.7359333333333334,1.0,1.0,0.24431290501231315,0.005116666666666666,0.5041666666666667,0.19583333333333333,0.02181679398995187,0.5570589457605232,1.0870337506641752,0.7799303137412968,0.18223552821519864,0.5567009847260055,1.0870337506641752,0.7799303137412968,0.18603713472680097,0.20034810801287511,0.735113023337892,0.48603560552988767,0.15806033425159746,0.2019,0.775,0.5166666666666667,0.15862517314586472,2.0933590174386616,2.746099646091476,1.3835282946341174,0.33135140012238096,1.0,1.0,0.0,0.0,0.011428571428571427,1.0,0.2857142857142857,0.04857142857142857,0.0,0.0,0.0,0.0,0.0,0.0,0.0,0.0,0.0,0.0,0.0,0.0,0.0,0.0,0.0,0.0,0.0,0.0,0.0,0.0,runaway,runaway
32,500,240,modular,6,0.08,0.004,0.12,8,10.0,0.72,0.22,True,static,1.0,False,False,1.0,default,reactive,default,0.19356666666666666,1.0,1.0,0.13863972494683235,0.8032333333333334,1.0,1.0,0.1403511113046293,0.0031999999999999997,0.525,0.25416666666666665,0.022516265725519895,0.5893364387221004,1.0936811682348453,0.8483953965228698,0.10666522035789831,0.5809800283637379,1.0936811682348453,0.8483953965228698,0.12100268090227681,0.1833365823534586,0.7174713335340626,0.5747089147702132,0.11442259282818741,0.18343333333333334,0.7625,0.5958333333333333,0.11937913925342605,2.21311277888384,2.827398375876138,1.4561532822809726,0.19535462447828453,1.0,1.0,0.0,0.0,0.007,0.9642857142857143,0.6071428571428571,0.051079969315829886,0.0,0.0,0.0,0.0,0.0,0.0,0.0,0.0,0.0,0.0,0.0,0.0,0.0,0.0,0.0,0.0,0.0,0.0,0.0,0.0,runaway,runaway
33,500,240,modular,6,0.08,0.004,0.12,8,10.0,0.72,0.22,True,static,1.0,False,False,1.0,default,reactive,default,0.19123333333333334,1.0,0.3791666666666667,0.10388939631486299,0.8087666666666666,1.0,0.37916666666666665,0.10388939631486299,0.0,0.49166666666666664,0.0,0.0,0.5936054605305373,1.0804706087740967,0.29188201806364844,0.08047659308114966,0.5955115283826754,1.0804706087740967,0.29188201806364844,0.08124637550041343,0.18740157790200185,0.72179448710392,0.33908056199791187,0.10124319806359255,0.18998333333333334,0.75,0.3791666666666667,0.10358846058643147,2.202134192253997,2.7798173330916027,0.52343483270447,0.1454453065327324,1.0,1.0,0.0,0.0,0.0,1.0,0.0,0.0,0.0,0.0,0.0,0.0,0.0,0.0,0.0,0.0,0.0,0.0,0.0,0.0,0.0,0.0,0.0,0.0,0.0,0.0,0.0,0.0,runaway,runaway
34,500,240,modular,6,0.08,0.004,0.12,8,10.0,0.72,0.22,True,static,1.0,False,False,1.0,default,reactive,default,0.18541666666666665,1.0,0.37916666666666665,0.0918583223714046,0.8145833333333332,1.0,0.37916666666666665,0.09185832237140458,0.0,0.5375,0.0,0.0,0.5980274399060309,1.1094072307689373,0.290906346329084,0.07084353579081419,0.5980643660804573,1.1094072307689373,0.290906346329084,0.07128261902812413,0.18574148419738554,0.72630146817254,0.3335989757160772,0.08863458579551318,0.18419999999999997,0.7625,0.37916666666666665,0.09112841366872232,2.213791957938694,2.8092447358682255,0.5329917264539963,0.12815591184235836,1.0,1.0,0.0,0.0,0.0,0.9642857142857143,0.0,0.0,0.0,0.0,0.0,0.0,0.0,0.0,0.0,0.0,0.0,0.0,0.0,0.0,0.0,0.0,0.0,0.0,0.0,0.0,0.0,0.0,runaway,runaway
35,500,240,modular,6,0.08,0.004,0.12,8,10.0,0.72,0.22,True,static,1.0,False,False,1.0,default,reactive,default,0.16531666666666667,1.0,0.29583333333333334,0.05772465533317053,0.8346833333333334,1.0,0.2958333333333333,0.05772465533317053,0.0,0.5541666666666667,0.0,0.0,0.5930159451504529,1.0850056670880557,0.2315569684285524,0.04335113049983157,0.5936992481992066,1.0850056670880557,0.2315569684285524,0.04378523211904231,0.1643804346331152,0.6987596762982162,0.2677641260588126,0.05259889389814478,0.16433333333333333,0.7333333333333333,0.29583333333333334,0.056471231613982,2.239420247183894,2.835031856582893,0.4183000561305379,0.08038947114248352,1.0,1.0,0.0,0.0,0.0,0.9642857142857143,0.0,0.0,0.0,0.0,0.0,0.0,0.0,0.0,0.0,0.0,0.0,0.0,0.0,0.0,0.0,0.0,0.0,0.0,0.0,0.0,0.0,0.0,runaway,runaway
36,500,240,modular,6,0.08,0.004,0.12,8,10.0,0.72,0.22,True,static,1.0,False,False,1.0,default,reactive,default,0.34626666666666667,1.0,1.0,0.35343368229100314,0.5754833333333333,1.0,1.0,0.3315041096611356,0.07825,0.5458333333333333,0.5291666666666667,0.15510769108375425,0.5267790049603572,1.0864885298369678,1.0815056218880734,0.31641522171007974,0.522502192793348,1.0864885298369678,1.0815056218880734,0.31978140495059115,0.22594304606947202,0.7074546406333131,0.7060120376054625,0.2295940312174322,0.22635,0.7541666666666667,0.7333333333333333,0.23090654013643222,2.025703923518771,2.79593348457177,1.733480065222231,0.5421429372142421,1.0,1.0,0.0,0.0,0.15842857142857142,1.0,1.0,0.3115913401641742,0.0,0.0,0.0,0.0,0.0,0.0,0.0,0.0,0.0,0.0,0.0,0.0,0.0,0.0,0.0,0.0,0.0,0.0,0.0,0.0,runaway,runaway
37,500,240,modular,6,0.08,0.004,0.12,8,10.0,0.72,0.22,True,static,1.0,False,False,1.0,default,reactive,default,0.18686666666666668,1.0,0.375,0.09492256493233489,0.8131333333333334,1.0,0.375,0.09492256493233489,0.0,0.4791666666666667,0.0,0.0,0.5957558439955637,1.0641649084065357,0.2816597466358601,0.07312639181033177,0.5971164667006567,1.0641649084065357,0.33978108201924223,0.07491711679571773,0.18597672588905148,0.7174421947889387,0.3470766580173922,0.09283994144625247,0.18613333333333332,0.7333333333333333,0.375,0.09457768118207265,2.185680642818614,2.7337844206994273,0.5155107469024491,0.13088743284828255,1.0,1.0,0.0,0.0,0.0,0.9285714285714286,0.0,0.0,0.0,0.0,0.0,0.0,0.0,0.0,0.0,0.0,0.0,0.0,0.0,0.0,0.0,0.0,0.0,0.0,0.0,0.0,0.0,0.0,runaway,runaway
38,500,240,modular,6,0.08,0.004,0.12,8,10.0,0.72,0.22,True,static,1.0,False,False,1.0,default,reactive,default,0.37585,1.0,1.0,0.3739153383826047,0.5402833333333334,1.0,1.0,0.33760280779835544,0.08386666666666667,0.49166666666666664,0.49166666666666664,0.15135129849312678,0.5206163148728992,1.0918122680435045,1.0918122680435045,0.34308473079455454,0.5135907042533511,1.0918122680435045,1.0918122680435045,0.34780188484589775,0.24610776768713394,0.722346600130758,0.7217946247225389,0.2561450817211336,0.24643333333333334,0.7916666666666666,0.7625,0.25710930662960363,2.0017376407873613,2.8014494429649495,1.7321299142242654,0.5804073132535512,1.0,1.0,0.0,0.0,0.1767142857142857,0.8928571428571429,0.8928571428571429,0.3100717823409309,0.0,0.0,0.0,0.0,0.0,0.0,0.0,0.0,0.0,0.0,0.0,0.0,0.0,0.0,0.0,0.0,0.0,0.0,0.0,0.0,runaway,runaway
39,500,240,modular,6,0.08,0.004,0.12,8,10.0,0.72,0.22,True,static,1.0,False,False,1.0,default,reactive,default,0.2896,1.0,1.0,0.29117989094181773,0.6748666666666667,1.0,1.0,0.2861103788555894,0.03553333333333333,0.575,0.4125,0.09140808376603121,0.5418686743751023,1.1531841695821166,0.9974862219830191,0.24034583589205782,0.5407651295686402,1.1531841695821166,0.9974862219830191,0.243187931622368,0.20486162286790868,0.7235718123566859,0.6895047592040232,0.18311865246864495,0.20414999999999997,0.7541666666666667,0.725,0.1847954943233796,2.069680513658131,2.846992519573777,1.6003290872411526,0.4225834852118064,1.0,1.0,0.0,0.0,0.09285714285714286,1.0,1.0,0.23754698783308414,0.0,0.0,0.0,0.0,0.0,0.0,0.0,0.0,0.0,0.0,0.0,0.0,0.0,0.0,0.0,0.0,0.0,0.0,0.0,0.0,runaway,runaway
40,500,240,modular,6,0.08,0.004,0.12,8,10.0,0.72,0.22,True,static,1.0,False,False,1.0,default,reactive,default,0.41125,1.0,1.0,0.39494255032289893,0.4751166666666667,1.0,1.0,0.34364415582595514,0.11363333333333332,0.6125,0.6125,0.1956061632748598,0.5243090199355258,1.1876937287656828,1.1876255087141403,0.39406200808512437,0.5204892135196952,1.1876937287656828,1.1876255087141403,0.3967059035753384,0.26470384205108005,0.7391648968998847,0.7386036744223399,0.2832515476518084,0.26495,0.7916666666666666,0.7708333333333334,0.28267160029106414,1.9839890697761848,2.8832848109221363,1.794495146270432,0.6395545716623078,1.0,1.0,0.0,0.0,0.22314285714285717,0.9642857142857143,0.9642857142857143,0.3611816208852634,0.0,0.0,0.0,0.0,0.0,0.0,0.0,0.0,0.0,0.0,0.0,0.0,0.0,0.0,0.0,0.0,0.0,0.0,0.0,0.0,runaway,runaway
41,500,240,modular,6,0.08,0.004,0.12,8,10.0,0.72,0.22,True,static,1.0,False,False,1.0,default,reactive,default,0.17678333333333332,1.0,0.37083333333333335,0.09251621629626763,0.8228333333333333,1.0,0.4291666666666667,0.09335877629398916,0.00038333333333333334,0.45,0.09583333333333334,0.006048897971256141,0.5945634545677405,1.0254729929690096,0.28218841390671306,0.07019139868901442,0.5901589195676377,1.0254729929690096,0.7285025750135877,0.08098714098839481,0.17533023525042815,0.6957099731016317,0.37918385066618115,0.08717458927387008,0.1748,0.7333333333333333,0.37083333333333335,0.09144117113083022,2.2213322240266717,2.740737787626268,0.5197185806138869,0.12892809947125772,1.0,1.0,0.0,0.0,0.0005714285714285714,0.9642857142857143,0.14285714285714285,0.009016990764605423,0.0,0.0,0.0,0.0,0.0,0.0,0.0,0.0,0.0,0.0,0.0,0.0,0.0,0.0,0.0,0.0,0.0,0.0,0.0,0.0,stable,runaway
42,500,240,modular,6,0.08,0.004,0.12,8,10.0,0.72,0.22,True,static,1.0,False,False,1.0,default,reactive,default,0.23333333333333334,1.0,1.0,0.2294498250647017,0.7454666666666667,1.0,1.0,0.22993478302432724,0.0212,0.45,0.3958333333333333,0.07051303268033347,0.568390392498445,1.0389762843342696,0.9754312041027539,0.18450035258536052,0.5550161320575397,1.0389762843342696,0.9754312041027539,0.19858195086355981,0.18724155339516246,0.6996391573429704,0.6753594531773693,0.14709104866253478,0.1875,0.7541666666666667,0.6875,0.14704638346076007,2.184988601395831,2.8065024346463194,1.622217782105652,0.3367544732215536,1.0,1.0,0.0,0.0,0.04714285714285714,0.9285714285714286,0.8571428571428571,0.1632326497952651,0.0,0.0,0.0,0.0,0.0,0.0,0.0,0.0,0.0,0.0,0.0,0.0,0.0,0.0,0.0,0.0,0.0,0.0,0.0,0.0,oscillatory,runaway
43,500,240,modular,6,0.08,0.004,0.12,8,10.0,0.72,0.22,True,static,1.0,False,False,1.0,default,reactive,default,0.19191666666666665,1.0,0.38749999999999996,0.10873326818923042,0.8080833333333334,1.0,0.38749999999999996,0.10873326818923044,0.0,0.5125,0.0,0.0,0.5958911254905889,1.0801866551575456,0.2956631083200963,0.08442854182423686,0.5959591383400636,1.0801866551575456,0.29801572095489853,0.08578171241199133,0.19108632174602339,0.7248795557514413,0.3483110026338193,0.10747675547682733,0.18980000000000002,0.7791666666666667,0.38749999999999996,0.10802836047384348,2.210680836913034,2.7843734872100336,0.5498560677436022,0.1523238129120877,1.0,1.0,0.0,0.0,0.0,0.8928571428571429,0.0,0.0,0.0,0.0,0.0,0.0,0.0,0.0,0.0,0.0,0.0,0.0,0.0,0.0,0.0,0.0,0.0,0.0,0.0,0.0,0.0,0.0,runaway,runaway
44,500,240,modular,6,0.08,0.004,0.12,8,10.0,0.72,0.22,True,static,1.0,False,False,1.0,default,reactive,default,0.2928166666666666,1.0,1.0,0.29695,0.6681833333333332,1.0,1.0,0.2912165426658009,0.039,0.5583333333333333,0.4875,0.10199182973813802,0.5466427454819097,1.1404096165823812,1.0773160455798099,0.2516070792732457,0.5395343822307405,1.1404096165823812,1.0773160455798099,0.25928282891500426,0.21723466628708257,0.7312614124421604,0.7213664455565887,0.20185161596739296,0.21531666666666666,0.7625,0.7333333333333333,0.2038430694049823,2.1086679927759078,2.8926188858951174,1.7329894776097887,0.4438816389781768,1.0,1.0,0.0,0.0,0.07242857142857143,0.9642857142857143,0.8571428571428571,0.18931676295218516,0.0,0.0,0.0,0.0,0.0,0.0,0.0,0.0,0.0,0.0,0.0,0.0,0.0,0.0,0.0,0.0,0.0,0.0,0.0,0.0,runaway,runaway
45,500,240,modular,6,0.08,0.004,0.12,8,10.0,0.72,0.22,True,static,1.0,False,False,1.0,default,reactive,default,0.19068333333333334,1.0,0.4166666666666667,0.104221677474293,0.8084333333333332,1.0,0.475,0.10517903255349371,0.0008833333333333333,0.4791666666666667,0.14166666666666666,0.010225797985704808,0.5972057457620273,1.0673925631479313,0.32254223066148296,0.08046035905438917,0.5941661510169297,1.0673925631479313,0.7412511985593412,0.09212927361912256,0.18946065537421408,0.7215405094061299,0.41077149381995853,0.1022858173057454,0.18803333333333336,0.775,0.42083333333333334,0.10317726924516314,2.206119001061483,2.780774319110349,0.5888545989007288,0.14438647037679617,1.0,1.0,0.0,0.0,0.0014285714285714286,0.8571428571428571,0.17857142857142858,0.015907898179514345,0.0,0.0,0.0,0.0,0.0,0.0,0.0,0.0,0.0,0.0,0.0,0.0,0.0,0.0,0.0,0.0,0.0,0.0,0.0,0.0,runaway,runaway
46,500,240,modular,6,0.08,0.004,0.12,8,10.0,0.72,0.22,True,static,1.0,False,False,1.0,default,reactive,default,0.17928333333333335,1.0,0.3458333333333333,0.08499460930618548,0.8207166666666666,1.0,0.3458333333333333,0.08499460930618548,0.0,0.48333333333333334,0.0,0.0,0.5957514114008297,1.0513433464789075,0.27154755968885086,0.06568943848878328,0.5946655082783876,1.0513433464789075,0.2985091922163618,0.06817187371399462,0.17825735987992644,0.7081697927881273,0.32338496225858915,0.0837217158435295,0.17855000000000001,0.7333333333333333,0.3458333333333333,0.08478793972153247,2.1974307399058186,2.752177508130729,0.46995734823357727,0.11677386715015439,1.0,1.0,0.0,0.0,0.0,0.8928571428571429,0.0,0.0,0.0,0.0,0.0,0.0,0.0,0.0,0.0,0.0,0.0,0.0,0.0,0.0,0.0,0.0,0.0,0.0,0.0,0.0,0.0,0.0,runaway,runaway
47,500,240,modular,6,0.08,0.004,0.12,8,10.0,0.72,0.22,True,static,1.0,False,False,1.0,default,reactive,default,0.21071666666666664,1.0,1.0,0.17303805056820437,0.7819333333333334,1.0,1.0,0.17506740289258751,0.00735,0.49166666666666664,0.30416666666666664,0.03665821493502135,0.5815836135723553,1.0820637530676827,0.9050481215487739,0.13502026056494207,0.5722691977704406,1.0820637530676827,0.9050481215487739,0.14605871907614398,0.18601718906671197,0.7181600477639304,0.636683350521657,0.13055575739230893,0.18856666666666666,0.7583333333333333,0.675,0.13423383825747268,2.1759441031133293,2.7941867207536473,1.5218996033257888,0.24495538913285156,1.0,1.0,0.0,0.0,0.019,1.0,0.7857142857142857,0.09498238289927498,0.0,0.0,0.0,0.0,0.0,0.0,0.0,0.0,0.0,0.0,0.0,0.0,0.0,0.0,0.0,0.0,0.0,0.0,0.0,0.0,runaway,runaway
48,500,240,modular,6,0.08,0.004,0.12,8,10.0,0.72,0.22,True,static,1.0,False,False,1.0,default,reactive,default,0.17321666666666663,1.0,0.38749999999999996,0.06786997577066836,0.8267833333333333,1.0,0.38749999999999996,0.06786997577066836,0.0,0.39166666666666666,0.0,0.0,0.5959972621746568,0.968191847630305,0.29245863054105026,0.05128345649500431,0.5975343895175383,0.968191847630305,0.29245863054105026,0.051909257015336024,0.17417821942993947,0.6718596016136141,0.3114284423370748,0.06408483470767842,0.17301666666666668,0.7,0.38749999999999996,0.06728069105537553,2.246122930163886,2.7075743956865352,0.545471956497481,0.09519150607609755,1.0,1.0,0.0,0.0,0.0,0.8571428571428571,0.0,0.0,0.0,0.0,0.0,0.0,0.0,0.0,0.0,0.0,0.0,0.0,0.0,0.0,0.0,0.0,0.0,0.0,0.0,0.0,0.0,0.0,stable,stable
49,500,240,modular,6,0.08,0.004,0.12,8,10.0,0.72,0.22,True,static,1.0,False,False,1.0,default,reactive,default,0.19156666666666666,1.0,1.0,0.1361835607634865,0.802,1.0,1.0,0.1397871397677356,0.0064333333333333334,0.5708333333333333,0.3625,0.03790706471827588,0.5892857523647744,1.1366659524839513,0.959036392862465,0.10719155326862279,0.5801929362264571,1.1366659524839513,0.959036392862465,0.12784781260767333,0.17942508573302063,0.7191194860643654,0.6684467111771824,0.10551811629972903,0.1800333333333333,0.7833333333333333,0.7291666666666666,0.10707771840013111,2.184626947610375,2.823363464161572,1.5835032187406475,0.19186790217832148,1.0,1.0,0.0,0.0,0.015428571428571429,1.0,0.8214285714285714,0.09095143355278203,0.0,0.0,0.0,0.0,0.0,0.0,0.0,0.0,0.0,0.0,0.0,0.0,0.0,0.0,0.0,0.0,0.0,0.0,0.0,0.0,runaway,runaway
50,500,240,modular,6,0.08,0.004,0.12,8,10.0,0.72,0.22,True,static,1.0,False,False,1.0,default,reactive,default,0.25606666666666666,1.0,1.0,0.2404495234624792,0.7392166666666666,1.0,1.0,0.24404242629783315,0.004716666666666667,0.5,0.14583333333333334,0.020280402417659816,0.5582108219880854,1.09554399048762,0.7544174449130929,0.18258308579632093,0.5584166225324684,1.09554399048762,0.7544174449130929,0.18631844552574847,0.20421669455698357,0.7371748089931247,0.44092543171118936,0.1625448903339694,0.20318333333333333,0.7791666666666667,0.4708333333333333,0.1639798166780832,2.1183960604119276,2.7963837833685616,1.3984155804721234,0.3350680185187092,1.0,1.0,0.0,0.0,0.006,1.0,0.2857142857142857,0.031212242496056784,0.0,0.0,0.0,0.0,0.0,0.0,0.0,0.0,0.0,0.0,0.0,0.0,0.0,0.0,0.0,0.0,0.0,0.0,0.0,0.0,runaway,runaway
1,500,240,modular,6,0.08,0.004,0.12,8,10.0,0.72,0.22,True,static,1.0,False,False,1.0,default,fixed,default,0.6477166666666667,0.8333333333333334,0.14166666666666672,0.028079653567030422,0.2728666666666667,0.36666666666666664,0.17916666666666664,0.02791910934587038,0.07941666666666668,0.15,0.11249999999999999,0.017740607843776568,0.3232985483203622,0.4190837091675709,0.1672326139607248,0.028287139789772816,0.3234262109218837,0.4190837091675709,0.1672326139607248,0.028555587865965834,0.01449643421329737,0.0352432708802539,0.02836146837423493,0.004193268907130518,0.014483333333333332,0.04583333333333333,0.04583333333333333,0.009175586569200297,1.625031139296782,1.76551236484135,0.25379196393726167,0.045521871835055044,1.0,1.0,0.0,0.0,0.07914285714285713,0.25,0.25,0.04919432520782312,0.0,0.0,0.0,0.0,0.0,0.0,0.0,0.0,0.0,0.0,0.0,0.0,0.0,0.0,0.0,0.0,0.0,0.0,0.0,0.0,stable,stable
2,500,240,modular,6,0.08,0.004,0.12,8,10.0,0.72,0.22,True,static,1.0,False,False,1.0,default,fixed,default,0.6500833333333333,0.7875,0.17916666666666659,0.03001492684204533,0.2713,0.3416666666666667,0.15,0.027839899425105688,0.07861666666666667,0.13333333333333333,0.09166666666666667,0.016224646888812918,0.3143835928677126,0.40692564952300064,0.17032152803011016,0.02967127121384626,0.31406031420717645,0.40692564952300064,0.17032152803011016,0.030242009302548174,0.013003471726954699,0.030718688383957003,0.023801275982909046,0.003974629245558317,0.013333333333333334,0.05,0.04583333333333333,0.00929456232906579,1.6149077434675834,1.7704306872827908,0.29570701874914884,0.047865015364281664,1.0,1.0,0.0,0.0,0.08099999999999999,0.2857142857142857,0.2857142857142857,0.0516584149653732,0.0,0.0,0.0,0.0,0.0,0.0,0.0,0.0,0.0,0.0,0.0,0.0,0.0,0.0,0.0,0.0,0.0,0.0,0.0,0.0,stable,stable
3,500,240,modular,6,0.08,0.004,0.12,8,10.0,0.72,0.22,True,static,1.0,False,False,1.0,default,fixed,default,0.6490666666666666,0.8,0.1875,0.029839217296854303,0.2683666666666667,0.37083333333333335,0.17916666666666667,0.02917664591187045,0.08256666666666665,0.12916666666666668,0.10416666666666669,0.01710168932526193,0.3182011844222907,0.40255011089379206,0.16797039630510358,0.02951335914732626,0.31751171138040263,0.40255011089379206,0.16797039630510358,0.029481336669238294,0.013414056031075962,0.02942129983007168,0.023751158455600493,0.004055768766281222,0.013066666666666666,0.05,0.041666666666666664,0.007920507840059527,1.6286939427414084,1.7773999554364117,0.27812749975456663,0.047929486823418646,1.0,1.0,0.0,0.0,0.07785714285714283,0.25,0.25,0.04859768198049729,0.0,0.0,0.0,0.0,0.0,0.0,0.0,0.0,0.0,0.0,0.0,0.0,0.0,0.0,0.0,0.0,0.0,0.0,0.0,0.0,stable,stable
4,500,240,modular,6,0.08,0.004,0.12,8,10.0,0.72,0.22,True,static,1.0,False,False,1.0,default,fixed,default,0.6497499999999999,0.7791666666666667,0.1791666666666667,0.030718366746224576,0.2687333333333333,0.36666666666666664,0.18333333333333332,0.028575552876929998,0.08151666666666667,0.14166666666666666,0.10833333333333334,0.018520776621585463,0.3199970139479095,0.421084382237286,0.17668002063661356,0.03239163713714991,0.31987389490996226,0.421084382237286,0.17668002063661356,0.03221404490554199,0.013967026836699748,0.0354420518803987,0.029135181563938524,0.004653546414264614,0.013716666666666667,0.058333333333333334,0.058333333333333334,0.00887288315912903,1.6360282662946974,1.8005383008850382,0.2739762540887878,0.05143726391346018,1.0,1.0,0.0,0.0,0.08299999999999999,0.25,0.25,0.05114784492836747,0.0,0.0,0.0,0.0,0.0,0.0,0.0,0.0,0.0,0.0,0.0,0.0,0.0,0.0,0.0,0.0,0.0,0.0,0.0,0.0,stable,stable
5,500,240,modular,6,0.08,0.004,0.12,8,10.0,0.72,0.22,True,static,1.0,False,False,1.0,default,fixed,default,0.6518333333333333,0.7666666666666667,0.19166666666666665,0.028681197867437665,0.27031666666666665,0.3541666666666667,0.15000000000000002,0.02725032619580503,0.07784999999999999,0.15,0.0875,0.01680367849939742,0.31129989663506874,0.4020205490847459,0.17090046521076813,0.028518011332504513,0.31177518153859074,0.4020205490847459,0.17090046521076813,0.028658661843622486,0.01259772422015536,0.029163048910952546,0.023462424086789092,0.0036357536596321586,0.012233333333333334,0.04583333333333333,0.0375,0.007402026749478821,1.5997427971040616,1.7602162930470198,0.3037556880887402,0.04637828290943344,1.0,1.0,0.0,0.0,0.08128571428571428,0.2857142857142857,0.2857142857142857,0.05219449497909189,0.0,0.0,0.0,0.0,0.0,0.0,0.0,0.0,0.0,0.0,0.0,0.0,0.0,0.0,0.0,0.0,0.0,0.0,0.0,0.0,stable,stable
6,500,240,modular,6,0.08,0.004,0.12,8,10.0,0.72,0.22,True,static,1.0,False,False,1.0,default,fixed,default,0.6483666666666666,0.7958333333333333,0.16666666666666663,0.03289670702871845,0.2732166666666667,0.3625,0.16666666666666666,0.03079186851535104,0.07841666666666668,0.13333333333333333,0.1,0.018140845564024236,0.31556657337599237,0.41082035573031855,0.17911486073294144,0.03183413794971455,0.3154830008253297,0.41082035573031855,0.17911486073294144,0.03164269801490116,0.013217797444319323,0.031809216147233504,0.026146274387779864,0.004300365053595276,0.012166666666666666,0.05416666666666667,0.04583333333333333,0.008343327340522552,1.6139892897854702,1.7704003635204197,0.29125418233579636,0.05275325845966035,1.0,1.0,0.0,0.0,0.07899999999999999,0.25,0.21428571428571427,0.049164654634260604,0.0,0.0,0.0,0.0,0.0,0.0,0.0,0.0,0.0,0.0,0.0,0.0,0.0,0.0,0.0,0.0,0.0,0.0,0.0,0.0,stable,stable
7,500,240,modular,6,0.08,0.004,0.12,8,10.0,0.72,0.22,True,static,1.0,False,False,1.0,default,fixed,default,0.6485166666666666,0.8416666666666667,0.20416666666666672,0.033434550492965606,0.26975,0.3541666666666667,0.17500000000000002,0.03191362039422458,0.08173333333333334,0.14166666666666666,0.10416666666666666,0.018248165813460695,0.32765488692379646,0.44158527954074583,0.18675527182315366,0.033957060119222574,0.32703006446545363,0.44158527954074583,0.18675527182315366,0.03328103690178431,0.015358702824100807,0.043940078021528946,0.03325816328157903,0.0054800991846468885,0.015050000000000001,0.05416666666666667,0.05,0.0090652112802491,1.6329538860994435,1.8120492852524344,0.29373448989682793,0.053321613626390534,1.0,1.0,0.0,0.0,0.08157142857142857,0.25,0.25,0.054624693526436764,0.0,0.0,0.0,0.0,0.0,0.0,0.0,0.0,0.0,0.0,0.0,0.0,0.0,0.0,0.0,0.0,0.0,0.0,0.0,0.0,stable,stable
8,500,240,modular,6,0.08,0.004,0.12,8,10.0,0.72,0.22,True,static,1.0,False,False,1.0,default,fixed,default,0.6527166666666667,0.8,0.16666666666666663,0.029996208093690774,0.2673000000000001,0.3625,0.14583333333333334,0.026737177612206314,0.07998333333333332,0.13333333333333333,0.09583333333333333,0.01781735265283694,0.31872876226195707,0.420738715021438,0.1906443540798202,0.0314547902255515,0.3190888751195677,0.420738715021438,0.1906443540798202,0.031219554854213967,0.013931292911293525,0.035625667350213025,0.02778478811388057,0.00447158998129698,0.01285,0.05416666666666667,0.05416666666666667,0.009049386105636607,1.5888192954297407,1.743749585214928,0.28866317428667476,0.04869488643247454,1.0,1.0,0.0,0.0,0.07999999999999999,0.32142857142857145,0.32142857142857145,0.05089003751587679,0.0,0.0,0.0,0.0,0.0,0.0,0.0,0.0,0.0,0.0,0.0,0.0,0.0,0.0,0.0,0.0,0.0,0.0,0.0,0.0,stable,stable
9,500,240,modular,6,0.08,0.004,0.12,8,10.0,0.72,0.22,True,static,1.0,False,False,1.0,default,fixed,default,0.6503333333333332,0.7625,0.1958333333333333,0.031748140802957965,0.2693,0.35,0.17916666666666667,0.028570264261990996,0.08036666666666667,0.12916666666666668,0.09166666666666667,0.018060976963854666,0.3184287890377617,0.4039945247541838,0.17360217756485194,0.03321131005295869,0.31870080021916253,0.4039945247541838,0.17360217756485194,0.03307050536569418,0.013848300040121372,0.03012377810508596,0.0229573805508796,0.004653315662483501,0.013733333333333334,0.04583333333333333,0.04583333333333333,0.008580080289704623,1.6305513181208242,1.769630096694282,0.3062433796583366,0.053281457854160136,1.0,1.0,0.0,0.0,0.07971428571428571,0.25,0.25,0.04992565901990107,0.0,0.0,0.0,0.0,0.0,0.0,0.0,0.0,0.0,0.0,0.0,0.0,0.0,0.0,0.0,0.0,0.0,0.0,0.0,0.0,stable,stable
10,500,240,modular,6,0.08,0.004,0.12,8,10.0,0.72,0.22,True,static,1.0,False,False,1.0,default,fixed,default,0.6505833333333333,0.7875,0.1791666666666667,0.03086496125598303,0.26863333333333334,0.3416666666666667,0.15000000000000002,0.027126637175375137,0.08078333333333333,0.12916666666666668,0.07916666666666666,0.015884487541134102,0.32267168165372756,0.4109524255622076,0.16711542973046342,0.03133821652504638,0.3225535663568543,0.4109524255622076,0.16711542973046342,0.03150553957760958,0.014509360381300936,0.03266316017469015,0.024371451341792468,0.004574382269558206,0.014666666666666666,0.05416666666666667,0.05416666666666667,0.008621678104251707,1.6244004560935257,1.7630045352305606,0.2852599297977054,0.05053491571547412,1.0,1.0,0.0,0.0,0.0797142857142857,0.25,0.25,0.049925659019901064,0.0,0.0,0.0,0.0,0.0,0.0,0.0,0.0,0.0,0.0,0.0,0.0,0.0,0.0,0.0,0.0,0.0,0.0,0.0,0.0,stable,stable
11,500,240,modular,6,0.08,0.004,0.12,8,10.0,0.72,0.22,True,static,1.0,False,False,1.0,default,fixed,default,0.6468166666666666,0.8166666666666667,0.17500000000000004,0.03241342743027614,0.27365000000000006,0.3625,0.16666666666666666,0.02953429738832841,0.07953333333333333,0.12916666666666668,0.1,0.017993177719470357,0.3188093201267574,0.4200911192195974,0.18126531649814487,0.033412740072109315,0.31954439711562294,0.4200911192195974,0.18126531649814487,0.03404590425381679,0.013975086528758908,0.0350308440537015,0.02907659213276858,0.004949491052578844,0.013366666666666667,0.058333333333333334,0.041666666666666664,0.00803284922469398,1.6193651540425467,1.7766654153933772,0.27051000699925565,0.05308922329319348,1.0,1.0,0.0,0.0,0.07614285714285714,0.25,0.25,0.04931386359693532,0.0,0.0,0.0,0.0,0.0,0.0,0.0,0.0,0.0,0.0,0.0,0.0,0.0,0.0,0.0,0.0,0.0,0.0,0.0,0.0,stable,stable
12,500,240,modular,6,0.08,0.004,0.12,8,10.0,0.72,0.22,True,static,1.0,False,False,1.0,default,fixed,default,0.6476000000000001,0.7708333333333334,0.17083333333333328,0.0319407611403082,0.2732833333333333,0.35,0.1708333333333333,0.02945873290629528,0.07911666666666667,0.13333333333333333,0.09166666666666667,0.01816009820090923,0.3202427150731555,0.41653546634264166,0.17802587012511661,0.03233549306242741,0.32078387339109277,0.41653546634264166,0.17802587012511661,0.03250250145225012,0.014164032937068487,0.03410908184610619,0.028130396105085154,0.0046343346639551065,0.013883333333333333,0.058333333333333334,0.058333333333333334,0.009716266429721518,1.6052023755360438,1.7408881999345074,0.26459566821117986,0.05105281448035623,1.0,1.0,0.0,0.0,0.07642857142857142,0.2857142857142857,0.21428571428571427,0.050005101780534675,0.0,0.0,0.0,0.0,0.0,0.0,0.0,0.0,0.0,0.0,0.0,0.0,0.0,0.0,0.0,0.0,0.0,0.0,0.0,0.0,stable,stable
13,500,240,modular,6,0.08,0.004,0.12,8,10.0,0.72,0.22,True,static,1.0,False,False,1.0,default,fixed,default,0.6495666666666667,0.8291666666666667,0.15416666666666667,0.03335342727683485,0.26935000000000003,0.35,0.16249999999999998,0.030828058107293537,0.08108333333333333,0.15833333333333333,0.125,0.018749259244626768,0.3221833291357401,0.4368955535926851,0.19329471268650517,0.033891385906801644,0.3213937617116885,0.4368955535926851,0.19329471268650517,0.033720296362692186,0.014361452726969313,0.04151171321989982,0.03520375378844291,0.005028020206474334,0.0151,0.04583333333333333,0.041666666666666664,0.008501045687312695,1.646494319750352,1.8015547014815434,0.26404680421428584,0.054988398677346326,1.0,1.0,0.0,0.0,0.08542857142857142,0.35714285714285715,0.35714285714285715,0.05676589950788039,0.0,0.0,0.0,0.0,0.0,0.0,0.0,0.0,0.0,0.0,0.0,0.0,0.0,0.0,0.0,0.0,0.0,0.0,0.0,0.0,stable,oscillatory
14,500,240,modular,6,0.08,0.004,0.12,8,10.0,0.72,0.22,True,static,1.0,False,False,1.0,default,fixed,default,0.6511166666666667,0.7708333333333334,0.15416666666666667,0.028933645351620203,0.27004999999999996,0.36666666666666664,0.16249999999999998,0.028018054694944276,0.07883333333333332,0.12916666666666668,0.08750000000000002,0.016262601951170737,0.31463752277677814,0.40055585738834937,0.16381461478004705,0.028787296016982676,0.31502618603153537,0.40055585738834937,0.16381461478004705,0.028708127902089216,0.013115510468678976,0.02899981371411632,0.0231793463741374,0.0037505039216996178,0.012899999999999998,0.04583333333333333,0.041666666666666664,0.00802641472472818,1.5980917778477648,1.7355510225973834,0.24700133838804073,0.04614144108605605,1.0,1.0,0.0,0.0,0.07457142857142855,0.2857142857142857,0.21428571428571427,0.05030843642482048,0.0,0.0,0.0,0.0,0.0,0.0,0.0,0.0,0.0,0.0,0.0,0.0,0.0,0.0,0.0,0.0,0.0,0.0,0.0,0.0,stable,stable
15,500,240,modular,6,0.08,0.004,0.12,8,10.0,0.72,0.22,True,static,1.0,False,False,1.0,default,fixed,default,0.6480166666666667,0.7791666666666667,0.1625000000000001,0.029375864053485967,0.2714666666666667,0.37083333333333335,0.15833333333333333,0.028720666194687525,0.08051666666666667,0.15,0.11250000000000002,0.018167347082059065,0.31790349531306406,0.41543207933208026,0.16675019646479447,0.02957722100894421,0.31714181974681727,0.41543207933208026,0.16675019646479447,0.029939323211064312,0.013439313460166656,0.03347366450919749,0.02188492329963704,0.0038942067492877108,0.013683333333333336,0.058333333333333334,0.058333333333333334,0.009237739622512281,1.633441883721259,1.789758690713053,0.25669321002972545,0.04847067333876176,1.0,1.0,0.0,0.0,0.08399999999999999,0.2857142857142857,0.25,0.05331002892208435,0.0,0.0,0.0,0.0,0.0,0.0,0.0,0.0,0.0,0.0,0.0,0.0,0.0,0.0,0.0,0.0,0.0,0.0,0.0,0.0,stable,stable
16,500,240,modular,6,0.08,0.004,0.12,8,10.0,0.72,0.22,True,static,1.0,False,False,1.0,default,fixed,default,0.6491166666666667,0.7875,0.16249999999999998,0.030360980989860432,0.2687833333333333,0.37916666666666665,0.16666666666666666,0.028585257466820977,0.08209999999999999,0.15,0.11249999999999999,0.01856687612090114,0.32475555344188956,0.4500602449170619,0.1731891331210305,0.031634365631453124,0.3248372062974362,0.4500602449170619,0.1731891331210305,0.031694588945728526,0.014806863144819389,0.04716106369217769,0.02931141959774389,0.00477297256358505,0.014399999999999998,0.04583333333333333,0.04583333333333333,0.008975336576790125,1.6533816546009126,1.8640177945574044,0.2964207842922706,0.05074177018486494,1.0,1.0,0.0,0.0,0.08257142857142856,0.25,0.25,0.05069234938049612,0.0,0.0,0.0,0.0,0.0,0.0,0.0,0.0,0.0,0.0,0.0,0.0,0.0,0.0,0.0,0.0,0.0,0.0,0.0,0.0,stable,stable
17,500,240,modular,6,0.08,0.004,0.12,8,10.0,0.72,0.22,True,static,1.0,False,False,1.0,default,fixed,default,0.6482666666666667,0.8166666666666667,0.15416666666666667,0.03057179164596744,0.27183333333333337,0.37083333333333335,0.15833333333333333,0.029294481846700526,0.0799,0.13333333333333333,0.09583333333333333,0.01813578414810528,0.3110742805113271,0.39514920155295774,0.15053781109342596,0.030525975259210848,0.3119316044369181,0.39514920155295774,0.15053781109342596,0.030640443278304855,0.012542131652871847,0.026956443086000773,0.020794697434236415,0.004012845074340596,0.011933333333333334,0.041666666666666664,0.0375,0.007716216689544171,1.650552606436113,1.7894869232793602,0.2588509754468551,0.04970185386961244,1.0,1.0,0.0,0.0,0.08271428571428571,0.21428571428571427,0.21428571428571427,0.05141051270242819,0.0,0.0,0.0,0.0,0.0,0.0,0.0,0.0,0.0,0.0,0.0,0.0,0.0,0.0,0.0,0.0,0.0,0.0,0.0,0.0,stable,stable
18,500,240,modular,6,0.08,0.004,0.12,8,10.0,0.72,0.22,True,static,1.0,False,False,1.0,default,fixed,default,0.6504833333333333,0.875,0.1875,0.03116002157323458,0.2707833333333334,0.35833333333333334,0.17916666666666667,0.02863681100339988,0.07873333333333332,0.13333333333333333,0.10416666666666666,0.018512938418546336,0.3200528798455464,0.44523310856740284,0.16862490929536855,0.03180826795960727,0.3189057980185163,0.44523310856740284,0.16862490929536855,0.032256414000073,0.013985283411054128,0.045075491857099866,0.023275915408638968,0.004451623391101291,0.013850000000000001,0.05416666666666667,0.05,0.008735130222269157,1.6222376274501071,1.8134856712388632,0.2882555514352376,0.05153648727169382,1.0,1.0,0.0,0.0,0.081,0.25,0.25,0.05056032969409426,0.0,0.0,0.0,0.0,0.0,0.0,0.0,0.0,0.0,0.0,0.0,0.0,0.0,0.0,0.0,0.0,0.0,0.0,0.0,0.0,stable,stable
19,500,240,modular,6,0.08,0.004,0.12,8,10.0,0.72,0.22,True,static,1.0,False,False,1.0,default,fixed,default,0.6514000000000001,0.8166666666666667,0.16249999999999998,0.030907316645451807,0.26776666666666665,0.375,0.1416666666666667,0.028725927119744785,0.08083333333333334,0.1375,0.10416666666666669,0.018951692976266442,0.3157813875433223,0.4117524210099486,0.17926952271030697,0.03149943790059932,0.31575372937756324,0.4117524210099486,0.17926952271030697,0.03213000275514075,0.013315895440600436,0.03223545434864851,0.024278001320336754,0.004246480081513309,0.0136,0.06666666666666667,0.06666666666666667,0.008686579687464259,1.638663804142599,1.7714066578719048,0.28001014250492484,0.05153430776580568,1.0,1.0,0.0,0.0,0.07985714285714286,0.2857142857142857,0.2857142857142857,0.05565362998594292,0.0,0.0,0.0,0.0,0.0,0.0,0.0,0.0,0.0,0.0,0.0,0.0,0.0,0.0,0.0,0.0,0.0,0.0,0.0,0.0,stable,stable
20,500,240,modular,6,0.08,0.004,0.12,8,10.0,0.72,0.22,True,static,1.0,False,False,1.0,default,fixed,default,0.6471666666666667,0.7833333333333333,0.16666666666666663,0.03178093418667516,0.27226666666666666,0.375,0.1875,0.02797371782385904,0.08056666666666666,0.13333333333333333,0.09583333333333333,0.018599910394049395,0.3229590027600265,0.42572607640122573,0.1866834202794843,0.033629811439828,0.3224390075895637,0.42572607640122573,0.1866834202794843,0.0332709863926391,0.014483888805238598,0.03734435851217841,0.03131519843458468,0.00493432574263548,0.013300000000000001,0.05416666666666667,0.05,0.008687411070687925,1.6105004189510828,1.7639163829062883,0.2704900104595529,0.052549968285446017,1.0,1.0,0.0,0.0,0.083,0.2857142857142857,0.21428571428571427,0.05094795263355555,0.0,0.0,0.0,0.0,0.0,0.0,0.0,0.0,0.0,0.0,0.0,0.0,0.0,0.0,0.0,0.0,0.0,0.0,0.0,0.0,stable,stable
21,500,240,modular,6,0.08,0.004,0.12,8,10.0,0.72,0.22,True,static,1.0,False,False,1.0,default,fixed,default,0.6482,0.7958333333333333,0.16666666666666663,0.03323249748196618,0.2712,0.3541666666666667,0.14583333333333334,0.02960159530235566,0.08059999999999999,0.14583333333333334,0.09166666666666667,0.017417296639324436,0.32151516062024943,0.43895426421455164,0.16317926003209607,0.03273443683023265,0.3218995782925725,0.43895426421455164,0.16317926003209607,0.03312815309699779,0.014337732238847385,0.042127471561287405,0.025871595870903288,0.00488519072504282,0.0141,0.05416666666666667,0.041666666666666664,0.00871276203176824,1.6310797530989463,1.8066326732750881,0.2813443932282973,0.05417570759785837,1.0,1.0,0.0,0.0,0.08214285714285714,0.2857142857142857,0.21428571428571427,0.04951293378749534,0.0,0.0,0.0,0.0,0.0,0.0,0.0,0.0,0.0,0.0,0.0,0.0,0.0,0.0,0.0,0.0,0.0,0.0,0.0,0.0,stable,stable
22,500,240,modular,6,0.08,0.004,0.12,8,10.0,0.72,0.22,True,static,1.0,False,False,1.0,default,fixed,default,0.6492833333333333,0.7583333333333333,0.1791666666666667,0.030424775174920267,0.2705833333333333,0.3458333333333333,0.14583333333333334,0.027878830080666345,0.08013333333333332,0.1375,0.09583333333333335,0.016808860097513388,0.31372247494821115,0.40502998894489844,0.18425134526634018,0.03070409996299797,0.31347019234962914,0.40502998894489844,0.18425134526634018,0.030377429236821213,0.01284517329368063,0.02996995866762883,0.025052036589799685,0.003887672983742899,0.01275,0.04583333333333333,0.04583333333333333,0.008291980731070498,1.6260402736836406,1.7730965357541288,0.29411679552554726,0.050135770379916594,1.0,1.0,0.0,0.0,0.08028571428571428,0.2857142857142857,0.2857142857142857,0.05153877082313065,0.0,0.0,0.0,0.0,0.0,0.0,0.0,0.0,0.0,0.0,0.0,0.0,0.0,0.0,0.0,0.0,0.0,0.0,0.0,0.0,stable,stable
23,500,240,modular,6,0.08,0.004,0.12,8,10.0,0.72,0.22,True,static,1.0,False,False,1.0,default,fixed,default,0.6479666666666667,0.8333333333333334,0.16666666666666663,0.031872645882567635,0.2714333333333333,0.3625,0.1708333333333333,0.028767284659256022,0.08059999999999999,0.13333333333333333,0.1,0.017504792994428062,0.3151500984858965,0.41146454954248457,0.1906908079569403,0.03193932600856329,0.31505530909656304,0.41146454954248457,0.1906908079569403,0.03169442812773843,0.013087503268625124,0.03182803439903394,0.026917553833088817,0.0042293671806233,0.013366666666666667,0.05,0.05,0.008886569141750436,1.640970463563423,1.7905462708547368,0.2850273114919948,0.0522533828305586,1.0,1.0,0.0,0.0,0.07942857142857142,0.25,0.21428571428571427,0.04637117331150587,0.0,0.0,0.0,0.0,0.0,0.0,0.0,0.0,0.0,0.0,0.0,0.0,0.0,0.0,0.0,0.0,0.0,0.0,0.0,0.0,stable,stable
24,500,240,modular,6,0.08,0.004,0.12,8,10.0,0.72,0.22,True,static,1.0,False,False,1.0,default,fixed,default,0.6486166666666666,0.8166666666666667,0.1708333333333334,0.029370057503821434,0.2694,0.35833333333333334,0.175,0.028742651234706932,0.08198333333333332,0.15,0.10833333333333334,0.018564369995594607,0.3284513385227313,0.41569508339302136,0.16697475221973296,0.0311472437168839,0.3282075585414642,0.41569508339302136,0.16697475221973296,0.03145235098632203,0.015495988903130378,0.03452130510844573,0.027771749761588943,0.004924864205521569,0.0159,0.04583333333333333,0.041666666666666664,0.009065870063044141,1.6343779561117753,1.7601830721059657,0.2470911517329415,0.047641262547515884,1.0,1.0,0.0,0.0,0.07871428571428571,0.25,0.25,0.053001540216357126,0.0,0.0,0.0,0.0,0.0,0.0,0.0,0.0,0.0,0.0,0.0,0.0,0.0,0.0,0.0,0.0,0.0,0.0,0.0,0.0,stable,stable
25,500,240,modular,6,0.08,0.004,0.12,8,10.0,0.72,0.22,True,static,1.0,False,False,1.0,default,fixed,default,0.6512166666666667,0.775,0.16666666666666674,0.03223145892516261,0.2710333333333333,0.3541666666666667,0.16666666666666669,0.031560594276900285,0.07774999999999999,0.15,0.12083333333333332,0.017308676372784194,0.31853278135845303,0.4003187230549429,0.16794755204334605,0.031693688762812845,0.3182640590360653,0.4003187230549429,0.16794755204334605,0.03157339310838291,0.013837246920829764,0.029345193539579713,0.023061064057234137,0.004286822213933884,0.014733333333333334,0.058333333333333334,0.05416666666666667,0.009182471223901426,1.6198708233292214,1.7459987180988767,0.2673195626189606,0.051046720107991016,1.0,1.0,0.0,0.0,0.07328571428571427,0.25,0.21428571428571427,0.047612594800887184,0.0,0.0,0.0,0.0,0.0,0.0,0.0,0.0,0.0,0.0,0.0,0.0,0.0,0.0,0.0,0.0,0.0,0.0,0.0,0.0,stable,oscillatory
26,500,240,modular,6,0.08,0.004,0.12,8,10.0,0.72,0.22,True,static,1.0,False,False,1.0,default,fixed,default,0.6522833333333334,0.8375,0.18333333333333335,0.030661598313054574,0.2673666666666667,0.3458333333333333,0.15833333333333333,0.026086054171189293,0.08034999999999999,0.14583333333333334,0.09583333333333335,0.017956034268921037,0.3191319310565589,0.43058722576783914,0.20201610182039384,0.032382245697954976,0.3188535449764593,0.43058722576783914,0.20201610182039384,0.031867863093901834,0.013911488450637546,0.03904532609675561,0.03361978342424228,0.0047142488019943024,0.014150000000000001,0.04583333333333333,0.04583333333333333,0.008747205903093348,1.6070069809575875,1.7927800013373383,0.3186317307776012,0.0514295013016421,1.0,1.0,0.0,0.0,0.08199999999999998,0.2857142857142857,0.2857142857142857,0.0533613021901506,0.0,0.0,0.0,0.0,0.0,0.0,0.0,0.0,0.0,0.0,0.0,0.0,0.0,0.0,0.0,0.0,0.0,0.0,0.0,0.0,stable,stable
27,500,240,modular,6,0.08,0.004,0.12,8,10.0,0.72,0.22,True,static,1.0,False,False,1.0,default,fixed,default,0.65035,0.7833333333333333,0.19166666666666665,0.03123748193721411,0.2725166666666667,0.3458333333333333,0.15833333333333333,0.03145123650634069,0.07713333333333333,0.15416666666666667,0.125,0.01735748317649256,0.3167289432268956,0.4171866194311576,0.20654656618545134,0.030132408010807837,0.3163475743025234,0.4171866194311576,0.20654656618545134,0.030110089116759567,0.013456140132890137,0.03429454041690801,0.029764756802041895,0.004116822797422475,0.013383333333333332,0.041666666666666664,0.0375,0.008282193080472238,1.621826863975631,1.7619393594842683,0.29254732979492903,0.049018976990429,1.0,1.0,0.0,0.0,0.08028571428571428,0.2857142857142857,0.21428571428571427,0.04992974656291312,0.0,0.0,0.0,0.0,0.0,0.0,0.0,0.0,0.0,0.0,0.0,0.0,0.0,0.0,0.0,0.0,0.0,0.0,0.0,0.0,stable,oscillatory
28,500,240,modular,6,0.08,0.004,0.12,8,10.0,0.72,0.22,True,static,1.0,False,False,1.0,default,fixed,default,0.6504666666666667,0.825,0.15833333333333333,0.03102515108746451,0.2686666666666666,0.3541666666666667,0.15000000000000002,0.028062925324665956,0.08086666666666667,0.13333333333333333,0.09166666666666667,0.01697707604716169,0.3156026267497207,0.4137006858222519,0.17222047018712797,0.030863794101227502,0.31523029736045194,0.4137006858222519,0.17222047018712797,0.03095671218657928,0.01319402151843804,0.032785070023065736,0.026264694249875323,0.004204428379411802,0.013183333333333333,0.05,0.0375,0.00817463896586401,1.6275569486931394,1.7749691760819821,0.2549724598953482,0.0510808159751096,1.0,1.0,0.0,0.0,0.07657142857142857,0.2857142857142857,0.21428571428571427,0.0512504853137798,0.0,0.0,0.0,0.0,0.0,0.0,0.0,0.0,0.0,0.0,0.0,0.0,0.0,0.0,0.0,0.0,0.0,0.0,0.0,0.0,stable,stable
29,500,240,modular,6,0.08,0.004,0.12,8,10.0,0.72,0.22,True,static,1.0,False,False,1.0,default,fixed,default,0.652,0.7958333333333333,0.17083333333333328,0.031234329404252196,0.2690166666666666,0.35,0.1375,0.029535143849695772,0.07898333333333334,0.14166666666666666,0.09166666666666667,0.01620295754895795,0.3210410206954537,0.41119457340064414,0.16535558094973288,0.030804326764495675,0.3209180095839627,0.41119457340064414,0.16535558094973288,0.03024949726332414,0.014271531928726223,0.03281768383381081,0.025762517733511806,0.004410644951410784,0.014316666666666667,0.05416666666666667,0.05416666666666667,0.009270158215118734,1.6093487240506128,1.7564054136201401,0.2706937002163188,0.04962190616391465,1.0,1.0,0.0,0.0,0.07942857142857142,0.25,0.25,0.049870035173070267,0.0,0.0,0.0,0.0,0.0,0.0,0.0,0.0,0.0,0.0,0.0,0.0,0.0,0.0,0.0,0.0,0.0,0.0,0.0,0.0,stable,stable
30,500,240,modular,6,0.08,0.004,0.12,8,10.0,0.72,0.22,True,static,1.0,False,False,1.0,default,fixed,default,0.6526833333333334,0.8208333333333333,0.16666666666666663,0.029077621215559492,0.26893333333333336,0.36666666666666664,0.1708333333333333,0.02806245019792661,0.07838333333333333,0.14166666666666666,0.1,0.018443163442798467,0.31640434285848584,0.4357086661739657,0.17382772855302717,0.03111946651525372,0.3164635624246326,0.4357086661739657,0.17382772855302717,0.031326450903359435,0.013509116574470322,0.04084018625784021,0.025994351278488124,0.004339039193809007,0.014433333333333333,0.05,0.04583333333333333,0.008991415659147094,1.6223075783242635,1.8221049238300568,0.2691935428385166,0.0480639028624058,1.0,1.0,0.0,0.0,0.07942857142857142,0.25,0.25,0.05058111287419284,0.0,0.0,0.0,0.0,0.0,0.0,0.0,0.0,0.0,0.0,0.0,0.0,0.0,0.0,0.0,0.0,0.0,0.0,0.0,0.0,stable,stable
31,500,240,modular,6,0.08,0.004,0.12,8,10.0,0.72,0.22,True,static,1.0,False,False,1.0,default,fixed,default,0.6468666666666666,0.7791666666666667,0.16666666666666663,0.028166942799435414,0.2731,0.3625,0.14583333333333331,0.026191092633438058,0.08003333333333333,0.1375,0.07916666666666666,0.016255734031070047,0.3258390082909897,0.4096537504079697,0.14986147118556006,0.0287362566682464,0.3259131998952328,0.4096537504079697,0.14986147118556006,0.02857209395791613,0.014928022218916403,0.03238825244847009,0.022204547688851252,0.0042045474846095976,0.015816666666666666,0.05416666666666667,0.05,0.009184059257454977,1.6130421403868958,1.749199525200915,0.2362314490881905,0.045933651671331115,1.0,1.0,0.0,0.0,0.078,0.25,0.25,0.0485260292029348,0.0,0.0,0.0,0.0,0.0,0.0,0.0,0.0,0.0,0.0,0.0,0.0,0.0,0.0,0.0,0.0,0.0,0.0,0.0,0.0,stable,stable
32,500,240,modular,6,0.08,0.004,0.12,8,10.0,0.72,0.22,True,static,1.0,False,False,1.0,default,fixed,default,0.6506333333333333,0.8125,0.17499999999999993,0.031900696613780144,0.2699,0.35833333333333334,0.15,0.028330215514731107,0.07946666666666667,0.14166666666666666,0.10833333333333334,0.01689983563365172,0.315351771056803,0.41784590840341085,0.16943237357405175,0.032013828263089274,0.3145153509410475,0.41784590840341085,0.16943237357405175,0.03205159975414903,0.013153345012880254,0.0341296451940307,0.027090343880710452,0.0043500876916655416,0.012983333333333335,0.04583333333333333,0.04583333333333333,0.0079040952817019,1.6284253542735165,1.797609536402336,0.293456866681588,0.05225935051937802,1.0,1.0,0.0,0.0,0.07728571428571428,0.2857142857142857,0.2857142857142857,0.04908738563593939,0.0,0.0,0.0,0.0,0.0,0.0,0.0,0.0,0.0,0.0,0.0,0.0,0.0,0.0,0.0,0.0,0.0,0.0,0.0,0.0,stable,stable
33,500,240,modular,6,0.08,0.004,0.12,8,10.0,0.72,0.22,True,static,1.0,False,False,1.0,default,fixed,default,0.6513499999999999,0.8333333333333334,0.16249999999999998,0.03029571385159587,0.26831666666666665,0.35833333333333334,0.15833333333333333,0.028896121423702063,0.08033333333333334,0.15416666666666667,0.12083333333333335,0.017087194685559776,0.31761221430593045,0.41241870927356233,0.17154255504379756,0.030471561334521467,0.31721175442274174,0.41241870927356233,0.17154255504379756,0.030348064007924294,0.013559564611245285,0.03270869669748533,0.026603951850557615,0.0041884056175892055,0.013633333333333332,0.05416666666666667,0.05416666666666667,0.007894723976597705,1.621154226740983,1.7750658140354276,0.27911902205113326,0.0495267747789255,1.0,1.0,0.0,0.0,0.07742857142857142,0.2857142857142857,0.2857142857142857,0.05175215661482827,0.0,0.0,0.0,0.0,0.0,0.0,0.0,0.0,0.0,0.0,0.0,0.0,0.0,0.0,0.0,0.0,0.0,0.0,0.0,0.0,stable,oscillatory
34,500,240,modular,6,0.08,0.004,0.12,8,10.0,0.72,0.22,True,static,1.0,False,False,1.0,default,fixed,default,0.6494500000000001,0.8416666666666667,0.15416666666666667,0.029581154849366888,0.27101666666666663,0.3625,0.16249999999999998,0.028201305131342964,0.07953333333333333,0.12916666666666668,0.09166666666666667,0.017942934232975636,0.31953525474676386,0.42706161510078033,0.1571170273011497,0.02981143974914692,0.3194326250755548,0.42706161510078033,0.1571170273011497,0.029475553559581397,0.013810383752640877,0.03758810272606903,0.02383874347718136,0.0040643372747741005,0.014583333333333334,0.058333333333333334,0.05416666666666667,0.008426561840065286,1.6246138282819214,1.816450888361105,0.26293233450036224,0.048185181536868245,1.0,1.0,0.0,0.0,0.08242857142857142,0.42857142857142855,0.42857142857142855,0.05557142857142857,0.0,0.0,0.0,0.0,0.0,0.0,0.0,0.0,0.0,0.0,0.0,0.0,0.0,0.0,0.0,0.0,0.0,0.0,0.0,0.0,stable,stable
35,500,240,modular,6,0.08,0.004,0.12,8,10.0,0.72,0.22,True,static,1.0,False,False,1.0,default,fixed,default,0.6497999999999999,0.8125,0.2041666666666666,0.030006277121073628,0.2692166666666667,0.36666666666666664,0.18749999999999997,0.02890281128194972,0.08098333333333332,0.14166666666666666,0.09583333333333333,0.017089381043339295,0.3095547793706935,0.3946053980315386,0.15125353434577157,0.028133810407543907,0.30889935260233303,0.3946053980315386,0.15125353434577157,0.027746614227607942,0.011988020116237237,0.02665892946739169,0.01745515720650979,0.0032826385053522367,0.01185,0.05,0.04583333333333333,0.008295396983334258,1.623398995117423,1.7572884771425514,0.30083020137173877,0.04859341244157612,1.0,1.0,0.0,0.0,0.0852857142857143,0.25,0.25,0.05274911741209612,0.0,0.0,0.0,0.0,0.0,0.0,0.0,0.0,0.0,0.0,0.0,0.0,0.0,0.0,0.0,0.0,0.0,0.0,0.0,0.0,stable,stable
36,500,240,modular,6,0.08,0.004,0.12,8,10.0,0.72,0.22,True,static,1.0,False,False,1.0,default,fixed,default,0.6490666666666667,0.75,0.20833333333333326,0.031685801236516015,0.27048333333333335,0.39166666666666666,0.19999999999999998,0.028615307674972383,0.08045,0.15,0.1,0.016656838769039516,0.31292401758964994,0.41739790604631444,0.18011715303385703,0.031108936436694382,0.31293605367880595,0.41739790604631444,0.16738401325455057,0.03114906888414073,0.012745920189056719,0.03356785300238098,0.022356776900485945,0.003950813384664687,0.012516666666666667,0.04583333333333333,0.04583333333333333,0.008909249251324278,1.6067667891349915,1.7951697537054336,0.3222507141415676,0.051511210554078084,1.0,1.0,0.0,0.0,0.0747142857142857,0.2857142857142857,0.25,0.050753707012495194,0.0,0.0,0.0,0.0,0.0,0.0,0.0,0.0,0.0,0.0,0.0,0.0,0.0,0.0,0.0,0.0,0.0,0.0,0.0,0.0,stable,stable
37,500,240,modular,6,0.08,0.004,0.12,8,10.0,0.72,0.22,True,static,1.0,False,False,1.0,default,fixed,default,0.6494166666666668,0.7833333333333333,0.15416666666666667,0.030226115455935707,0.26963333333333334,0.3458333333333333,0.15416666666666665,0.027672770411041648,0.08095000000000001,0.14583333333333334,0.0875,0.016127107958685934,0.3200032050759488,0.4086025510785597,0.17398081384352548,0.029946749629905144,0.3202588811694253,0.4086025510785597,0.17398081384352548,0.02995385256779468,0.013920281139152769,0.03149291074554315,0.025763278575250938,0.004085099352921824,0.013800000000000002,0.04583333333333333,0.04583333333333333,0.008857137736813677,1.6062797435953484,1.7467229975506358,0.2657976913609099,0.048480897208318184,1.0,1.0,0.0,0.0,0.08028571428571428,0.2857142857142857,0.2857142857142857,0.052906540624164104,0.0,0.0,0.0,0.0,0.0,0.0,0.0,0.0,0.0,0.0,0.0,0.0,0.0,0.0,0.0,0.0,0.0,0.0,0.0,0.0,stable,stable
38,500,240,modular,6,0.08,0.004,0.12,8,10.0,0.72,0.22,True,static,1.0,False,False,1.0,default,fixed,default,0.6525833333333333,0.8208333333333333,0.19166666666666676,0.03139234248454018,0.2704166666666667,0.37916666666666665,0.175,0.02802838343140356,0.077,0.15833333333333333,0.09583333333333335,0.017087194685559776,0.31324042416388315,0.4434294541318871,0.16886263593091977,0.031347374976172696,0.31380035714011556,0.4434294541318871,0.16886263593091977,0.03154362400598268,0.013119140159358604,0.043805449641254234,0.022639390019309938,0.00407971914572581,0.013200000000000002,0.05,0.04583333333333333,0.00861581233675747,1.6093825387977208,1.808136352042499,0.26473203441931537,0.05033722444438708,1.0,1.0,0.0,0.0,0.0747142857142857,0.25,0.21428571428571427,0.04633969515371001,0.0,0.0,0.0,0.0,0.0,0.0,0.0,0.0,0.0,0.0,0.0,0.0,0.0,0.0,0.0,0.0,0.0,0.0,0.0,0.0,stable,stable
39,500,240,modular,6,0.08,0.004,0.12,8,10.0,0.72,0.22,True,static,1.0,False,False,1.0,default,fixed,default,0.6477833333333333,0.7916666666666666,0.19166666666666665,0.02884614840455789,0.27153333333333335,0.35833333333333334,0.17083333333333334,0.026479740683523822,0.08068333333333333,0.12916666666666668,0.1,0.016861107450118585,0.31775256756388215,0.41743537939314096,0.1638587979871135,0.029801699048323065,0.317639553644835,0.41743537939314096,0.1638587979871135,0.029665294135165193,0.013427213064835576,0.03392748614867505,0.021893752843542343,0.003955684551153266,0.013633333333333332,0.058333333333333334,0.058333333333333334,0.008658265158538144,1.6069073021280464,1.7557011033125938,0.2731129844331961,0.046765377565938404,1.0,1.0,0.0,0.0,0.08314285714285714,0.25,0.25,0.051065384257711746,0.0,0.0,0.0,0.0,0.0,0.0,0.0,0.0,0.0,0.0,0.0,0.0,0.0,0.0,0.0,0.0,0.0,0.0,0.0,0.0,stable,stable
40,500,240,modular,6,0.08,0.004,0.12,8,10.0,0.72,0.22,True,static,1.0,False,False,1.0,default,fixed,default,0.6513500000000001,0.7708333333333334,0.14583333333333326,0.030102551571438443,0.26915,0.3625,0.13749999999999998,0.027746616410334112,0.0795,0.12916666666666668,0.1,0.017951323071016243,0.3190298111018813,0.40446330714042605,0.15078707571494546,0.031059953860253838,0.3192247504038902,0.40446330714042605,0.15078707571494546,0.030704217839011786,0.013921261749060896,0.030498549026077897,0.0222540794452466,0.0042381455865114805,0.013816666666666666,0.04583333333333333,0.04583333333333333,0.008716347986526365,1.6195731971065717,1.7666987648358998,0.25230401784942513,0.04959777267706815,1.0,1.0,0.0,0.0,0.07928571428571428,0.2857142857142857,0.2857142857142857,0.049223563297200144,0.0,0.0,0.0,0.0,0.0,0.0,0.0,0.0,0.0,0.0,0.0,0.0,0.0,0.0,0.0,0.0,0.0,0.0,0.0,0.0,stable,stable
41,500,240,modular,6,0.08,0.004,0.12,8,10.0,0.72,0.22,True,static,1.0,False,False,1.0,default,fixed,default,0.6562666666666667,0.7875,0.15416666666666656,0.03143831703157435,0.26541666666666663,0.3625,0.15416666666666665,0.02860713294889153,0.07831666666666666,0.12916666666666668,0.09583333333333335,0.018496613804213524,0.3069266278746438,0.3994063606911565,0.15989850800541183,0.03251826894637922,0.30744800174045817,0.3994063606911565,0.15989850800541183,0.03248848327545286,0.012184508865404568,0.02837002912136936,0.021969405729760666,0.004035795566464049,0.0123,0.04583333333333333,0.04583333333333333,0.008777433185922483,1.6105177765015604,1.7752645054308664,0.26845144793766984,0.051675131922914,1.0,1.0,0.0,0.0,0.07485714285714284,0.25,0.21428571428571427,0.04649423927449814,0.0,0.0,0.0,0.0,0.0,0.0,0.0,0.0,0.0,0.0,0.0,0.0,0.0,0.0,0.0,0.0,0.0,0.0,0.0,0.0,stable,stable
42,500,240,modular,6,0.08,0.004,0.12,8,10.0,0.72,0.22,True,static,1.0,False,False,1.0,default,fixed,default,0.6477833333333333,0.7958333333333333,0.15000000000000002,0.03150864519813923,0.27259999999999995,0.3625,0.175,0.030123652574753353,0.07961666666666666,0.14583333333333334,0.11250000000000002,0.01884528381909443,0.3142037631336868,0.4135063125790412,0.15579435331952424,0.0316746344810644,0.31359775589645605,0.4135063125790412,0.15579435331952424,0.03126802785722412,0.01287991028144171,0.032472157286123515,0.020890901142197497,0.003954468183826057,0.01285,0.05,0.041666666666666664,0.007954890180120513,1.6439301846750896,1.813702780180698,0.23683664793881154,0.05141915502007265,1.0,1.0,0.0,0.0,0.0747142857142857,0.32142857142857145,0.25,0.04442857142857142,0.0,0.0,0.0,0.0,0.0,0.0,0.0,0.0,0.0,0.0,0.0,0.0,0.0,0.0,0.0,0.0,0.0,0.0,0.0,0.0,stable,stable
43,500,240,modular,6,0.08,0.004,0.12,8,10.0,0.72,0.22,True,static,1.0,False,False,1.0,default,fixed,default,0.6484500000000001,0.8208333333333333,0.17500000000000004,0.031717507433242254,0.27145,0.375,0.19583333333333333,0.029452791793723808,0.08009999999999999,0.1375,0.10833333333333334,0.01760179915046565,0.32114399787273623,0.4139396811580887,0.17283080917196394,0.03183807901471979,0.3220318753070984,0.4139396811580887,0.18282167556875603,0.03229327290206946,0.01433733211379763,0.033331908818608806,0.02776638577625883,0.004505237600816506,0.014216666666666667,0.05416666666666667,0.041666666666666664,0.008638431570603544,1.6306511792370482,1.7741876722991268,0.26292538070262217,0.05180457798800571,1.0,1.0,0.0,0.0,0.07757142857142856,0.2857142857142857,0.2857142857142857,0.04936349969401295,0.0,0.0,0.0,0.0,0.0,0.0,0.0,0.0,0.0,0.0,0.0,0.0,0.0,0.0,0.0,0.0,0.0,0.0,0.0,0.0,stable,stable
44,500,240,modular,6,0.08,0.004,0.12,8,10.0,0.72,0.22,True,static,1.0,False,False,1.0,default,fixed,default,0.64795,0.8375,0.16666666666666663,0.030106851379710895,0.27126666666666666,0.3625,0.1583333333333333,0.028246553378735918,0.08078333333333333,0.14583333333333334,0.10416666666666669,0.017198522223338456,0.32116822457988575,0.44785995707125703,0.1993702950159524,0.03139536699040029,0.32117187019038396,0.44785995707125703,0.1993702950159524,0.03104496811835557,0.014159274385788227,0.04580920724650482,0.03921908144007492,0.004791595133412169,0.013066666666666666,0.058333333333333334,0.058333333333333334,0.008330732927606737,1.6407548285620064,1.8160120514275142,0.2757484322635453,0.04880276251311768,1.0,1.0,0.0,0.0,0.08028571428571428,0.25,0.25,0.05271331783857871,0.0,0.0,0.0,0.0,0.0,0.0,0.0,0.0,0.0,0.0,0.0,0.0,0.0,0.0,0.0,0.0,0.0,0.0,0.0,0.0,stable,stable
45,500,240,modular,6,0.08,0.004,0.12,8,10.0,0.72,0.22,True,static,1.0,False,False,1.0,default,fixed,default,0.6473,0.8125,0.1625000000000001,0.030895235159415044,0.27181666666666665,0.3458333333333333,0.16666666666666666,0.028789316112443907,0.08088333333333332,0.14583333333333334,0.09166666666666667,0.016969261425687724,0.3228551786398453,0.41541584477843935,0.1552323489191281,0.030750368124806263,0.32216823534169264,0.41541584477843935,0.1552323489191281,0.030581606400302608,0.014282374151772142,0.03377130052422952,0.023625382044997992,0.00433322448661347,0.0148,0.05416666666666667,0.05416666666666667,0.0098312992246419,1.6270402372166795,1.7879958545361865,0.2618399660690882,0.050250529253797666,1.0,1.0,0.0,0.0,0.07228571428571427,0.32142857142857145,0.17857142857142858,0.04780146014335477,0.0,0.0,0.0,0.0,0.0,0.0,0.0,0.0,0.0,0.0,0.0,0.0,0.0,0.0,0.0,0.0,0.0,0.0,0.0,0.0,stable,stable
46,500,240,modular,6,0.08,0.004,0.12,8,10.0,0.72,0.22,True,static,1.0,False,False,1.0,default,fixed,default,0.6485833333333333,0.8125,0.16249999999999998,0.03097725420010266,0.2712333333333333,0.3458333333333333,0.14583333333333331,0.02770090251237313,0.08018333333333334,0.14166666666666666,0.10416666666666669,0.018234803414228395,0.3169742485894032,0.41040685568623825,0.1476202972169509,0.03071906292159745,0.3172893112256604,0.41040685568623825,0.1476202972169509,0.030726157263921392,0.013439463664515434,0.03176157561348128,0.020261903791671095,0.0040923353066078146,0.013699999999999999,0.041666666666666664,0.041666666666666664,0.008229621295458659,1.6084368853211022,1.7544872270062237,0.26489614989159516,0.0505498068915865,1.0,1.0,0.0,0.0,0.07942857142857143,0.2857142857142857,0.2857142857142857,0.04956216463458094,0.0,0.0,0.0,0.0,0.0,0.0,0.0,0.0,0.0,0.0,0.0,0.0,0.0,0.0,0.0,0.0,0.0,0.0,0.0,0.0,stable,stable
47,500,240,modular,6,0.08,0.004,0.12,8,10.0,0.72,0.22,True,static,1.0,False,False,1.0,default,fixed,default,0.6504333333333333,0.8,0.17083333333333328,0.02985299166098954,0.27243333333333336,0.3625,0.14583333333333334,0.02762488813451458,0.07713333333333333,0.13333333333333333,0.10416666666666666,0.01758800096025065,0.3148829891005709,0.4064797033046442,0.18147972174036645,0.03003808019476292,0.3147634506466047,0.4064797033046442,0.18147972174036645,0.030066295342791528,0.01314144122421921,0.0307328282629225,0.025546388385226704,0.0038973865328609213,0.0132,0.05,0.04583333333333333,0.008469487718995892,1.6163481172595693,1.752564781033424,0.29397043555209135,0.0489891837881722,1.0,1.0,0.0,0.0,0.07699999999999999,0.2857142857142857,0.21428571428571427,0.05105599167300823,0.0,0.0,0.0,0.0,0.0,0.0,0.0,0.0,0.0,0.0,0.0,0.0,0.0,0.0,0.0,0.0,0.0,0.0,0.0,0.0,stable,stable
48,500,240,modular,6,0.08,0.004,0.12,8,10.0,0.72,0.22,True,static,1.0,False,False,1.0,default,fixed,default,0.6514500000000001,0.7791666666666667,0.14583333333333337,0.028294978942090297,0.27015,0.3625,0.11666666666666664,0.025680023580812988,0.0784,0.1375,0.09583333333333333,0.016699001966185484,0.31121520653565893,0.4048726146578412,0.15754426287366005,0.028698527353481648,0.31120540300603133,0.4048726146578412,0.15754426287366005,0.028225173081359915,0.012481628216818363,0.029878565387026858,0.023488213889849736,0.003624413771396165,0.01325,0.0375,0.0375,0.007865624931024589,1.6336132928939315,1.787102516576781,0.26697928355744627,0.046740342976555854,1.0,1.0,0.0,0.0,0.07971428571428571,0.25,0.25,0.0495152007169598,0.0,0.0,0.0,0.0,0.0,0.0,0.0,0.0,0.0,0.0,0.0,0.0,0.0,0.0,0.0,0.0,0.0,0.0,0.0,0.0,stable,stable
49,500,240,modular,6,0.08,0.004,0.12,8,10.0,0.72,0.22,True,static,1.0,False,False,1.0,default,fixed,default,0.64825,0.8166666666666667,0.1875,0.030407989629920182,0.2727333333333333,0.375,0.17083333333333334,0.028734918749764294,0.07901666666666667,0.1375,0.07916666666666666,0.016173271846544292,0.3139699180393146,0.41289776833454567,0.18211600070508788,0.0294684918460972,0.31456099538365045,0.41289776833454567,0.18211600070508788,0.029736774772320566,0.012980683557400475,0.032364418605563126,0.026924559253524737,0.0038496493090622095,0.013183333333333333,0.058333333333333334,0.058333333333333334,0.008859536606893663,1.6074741596758102,1.7718928599998711,0.2870778423627651,0.04768458674626899,1.0,1.0,0.0,0.0,0.08014285714285714,0.2857142857142857,0.2857142857142857,0.051513620152581874,0.0,0.0,0.0,0.0,0.0,0.0,0.0,0.0,0.0,0.0,0.0,0.0,0.0,0.0,0.0,0.0,0.0,0.0,0.0,0.0,stable,stable
50,500,240,modular,6,0.08,0.004,0.12,8,10.0,0.72,0.22,True,static,1.0,False,False,1.0,default,fixed,default,0.6463833333333333,0.7833333333333333,0.1791666666666667,0.03336940131983858,0.27163333333333334,0.3458333333333333,0.15833333333333335,0.03080266943698946,0.08198333333333334,0.12916666666666668,0.09166666666666667,0.01771055084154954,0.32844509092365554,0.41172978652134823,0.17773501844825823,0.03416235953197404,0.32785709391050605,0.41172978652134823,0.17773501844825823,0.03343469578065778,0.015434570779196622,0.03306343156980192,0.027261601858954272,0.005028328420754225,0.015400000000000002,0.04583333333333333,0.04583333333333333,0.009116895182998309,1.6316806796435963,1.7559843082334907,0.26372959248196537,0.05373188539327944,1.0,1.0,0.0,0.0,0.08842857142857141,0.25,0.25,0.05413305602958363,0.0,0.0,0.0,0.0,0.0,0.0,0.0,0.0,0.0,0.0,0.0,0.0,0.0,0.0,0.0,0.0,0.0,0.0,0.0,0.0,stable,stable
1,500,240,modular,6,0.08,0.004,0.12,14,10.0,0.72,0.22,True,static,1.0,False,False,1.0,default,q_learning,default,0.3526666666666667,0.8333333333333334,0.15833333333333333,0.0233238075793812,0.41914999999999997,0.49166666666666664,0.12916666666666665,0.024235814866065925,0.22818333333333335,0.4041666666666667,0.11666666666666664,0.020924925328421128,0.6502693720129443,0.895761475297153,0.16326810209966736,0.02889389571179862,0.6514717672686695,0.895761475297153,0.16326810209966736,0.02916045128000455,0.2534305304001823,0.6393753911105009,0.2639914092366674,0.04829945425146306,0.2533166666666667,0.6666666666666666,0.3125,0.05778828456818331,2.1553108863580666,2.471007575189675,0.2427173793326376,0.042072963167401826,1.0,1.0,0.0,0.0,0.2467142857142857,0.5714285714285714,0.39285714285714285,0.06368304807595895,0.0,0.0,0.0,0.0,0.0,0.0,0.0,0.0,0.0,0.0,0.0,0.0,0.0,0.0,0.0,0.0,0.0,0.0,0.0,0.0,stable,runaway
2,500,240,modular,6,0.08,0.004,0.12,14,10.0,0.72,0.22,True,static,1.0,False,False,1.0,default,q_learning,default,0.3591333333333333,0.7875,0.125,0.02475825339378994,0.38083333333333336,0.45,0.15000000000000002,0.025171633064048727,0.26003333333333334,0.4125,0.1333333333333333,0.02271255159597882,0.6545746003433826,0.8860043610652721,0.1587228167306718,0.030274748081362816,0.6546931328517978,0.8860043610652721,0.1587228167306718,0.02965984319783876,0.2534033676157794,0.6166549351662487,0.2533929744511592,0.04869365042017027,0.25211666666666666,0.6,0.2875,0.054385764579427294,2.16852546878207,2.4838156498457726,0.21942868248475023,0.044839724856540294,1.0,1.0,0.0,0.0,0.3241428571428572,0.5714285714285714,0.4642857142857143,0.07611604995810338,0.0,0.0,0.0,0.0,0.0,0.0,0.0,0.0,0.0,0.0,0.0,0.0,0.0,0.0,0.0,0.0,0.0,0.0,0.0,0.0,stable,runaway
3,500,240,modular,6,0.08,0.004,0.12,14,10.0,0.72,0.22,True,static,1.0,False,False,1.0,default,q_learning,default,0.41356666666666664,0.8,0.14583333333333331,0.024197704206988083,0.36885,0.44583333333333336,0.14166666666666666,0.02404618819411232,0.21758333333333335,0.36666666666666664,0.125,0.01948093797650525,0.5847506573639737,0.8018903818483296,0.13304325005632267,0.02702003736766091,0.5850471771879754,0.8018903818483296,0.13304325005632267,0.026825475514140225,0.15346407060040793,0.508723218367389,0.16080488732823356,0.03187168263036758,0.15346666666666667,0.5125,0.20833333333333334,0.038925627091216455,2.0676564082126294,2.3660123844205527,0.21648461969501676,0.04313529911885951,1.0,1.0,0.0,0.0,0.23257142857142857,0.4642857142857143,0.3214285714285714,0.06625799913202625,0.0,0.0,0.0,0.0,0.0,0.0,0.0,0.0,0.0,0.0,0.0,0.0,0.0,0.0,0.0,0.0,0.0,0.0,0.0,0.0,stable,oscillatory
4,500,240,modular,6,0.08,0.004,0.12,14,10.0,0.72,0.22,True,static,1.0,False,False,1.0,default,q_learning,default,0.35783333333333334,0.7791666666666667,0.14166666666666666,0.025141819964177435,0.42636666666666667,0.5083333333333333,0.1833333333333333,0.026821301650408805,0.21580000000000002,0.4,0.12083333333333335,0.023125839324107663,0.6258971673856406,0.8388546004261723,0.17396729465103133,0.03064161417411281,0.6252238634648776,0.8388546004261723,0.17396729465103133,0.030734285037321223,0.20964791006724656,0.5669176280703562,0.24119848848234393,0.04479441834072614,0.20588333333333333,0.5916666666666667,0.29166666666666663,0.05296130925286664,2.152792034923639,2.399916056256741,0.2531533065387688,0.04596650914416332,1.0,1.0,0.0,0.0,0.195,0.5,0.35714285714285715,0.0672377748542212,0.0,0.0,0.0,0.0,0.0,0.0,0.0,0.0,0.0,0.0,0.0,0.0,0.0,0.0,0.0,0.0,0.0,0.0,0.0,0.0,stable,oscillatory
5,500,240,modular,6,0.08,0.004,0.12,14,10.0,0.72,0.22,True,static,1.0,False,False,1.0,default,q_learning,default,0.3570833333333333,0.7666666666666667,0.15416666666666667,0.024333476026978874,0.39748333333333336,0.4666666666666667,0.1375,0.026520165283547285,0.24543333333333334,0.4375,0.11250000000000002,0.021212705836099483,0.6426394968974367,0.8316020456077106,0.16223092633471614,0.027631004357199635,0.641860433295037,0.8316020456077106,0.17540669098495498,0.028332791810557978,0.23161505742925015,0.5500950248971227,0.2628170109150784,0.04401631291926187,0.2301,0.5708333333333333,0.35833333333333334,0.05368468641573271,2.1364906173697955,2.3748915553452554,0.2582186416140533,0.041173174015238845,1.0,1.0,0.0,0.0,0.34042857142857147,0.5357142857142857,0.3571428571428571,0.06866972121863389,0.0,0.0,0.0,0.0,0.0,0.0,0.0,0.0,0.0,0.0,0.0,0.0,0.0,0.0,0.0,0.0,0.0,0.0,0.0,0.0,stable,runaway
6,500,240,modular,6,0.08,0.004,0.12,14,10.0,0.72,0.22,True,static,1.0,False,False,1.0,default,q_learning,default,0.38045000000000007,0.7958333333333333,0.1375,0.022090854065276274,0.3820666666666667,0.45,0.1375,0.024510337954966405,0.23748333333333332,0.3625,0.11249999999999999,0.02151064981713838,0.6140626320861555,0.765024778857686,0.1594093938850094,0.027100105623120704,0.6146368629012483,0.765024778857686,0.1594093938850094,0.027243985820252736,0.19172934660640292,0.447116427338453,0.22656731719177364,0.03823242504510591,0.19058333333333333,0.4666666666666667,0.2833333333333333,0.04629922305563621,2.111887821215785,2.2850606133619706,0.2370655912151125,0.04011437631865095,1.0,1.0,0.0,0.0,0.24942857142857142,0.42857142857142855,0.2857142857142857,0.05958769904561697,0.0,0.0,0.0,0.0,0.0,0.0,0.0,0.0,0.0,0.0,0.0,0.0,0.0,0.0,0.0,0.0,0.0,0.0,0.0,0.0,stable,stable
7,500,240,modular,6,0.08,0.004,0.12,14,10.0,0.72,0.22,True,static,1.0,False,False,1.0,default,q_learning,default,0.39759999999999995,0.8416666666666667,0.13333333333333336,0.02513443852565639,0.39311666666666667,0.475,0.15416666666666662,0.024984333980405487,0.20928333333333332,0.3625,0.10416666666666666,0.019996534421966444,0.6040422858524752,0.8247970584633928,0.1602843335864459,0.029528226871139377,0.6031842816560238,0.8247970584633928,0.1602843335864459,0.029082102016575337,0.18207991090798645,0.5591051131841134,0.22128695082618938,0.03983913731246563,0.17971666666666664,0.5666666666666667,0.2583333333333333,0.04719098607432003,2.091196244467421,2.3645940451252216,0.22581571549137336,0.04400195713273429,1.0,1.0,0.0,0.0,0.2695714285714286,0.5,0.3571428571428571,0.06185582314659516,0.0,0.0,0.0,0.0,0.0,0.0,0.0,0.0,0.0,0.0,0.0,0.0,0.0,0.0,0.0,0.0,0.0,0.0,0.0,0.0,stable,stable
8,500,240,modular,6,0.08,0.004,0.12,14,10.0,0.72,0.22,True,static,1.0,False,False,1.0,default,q_learning,default,0.4038166666666666,0.8,0.1333333333333333,0.0244000739980663,0.4013,0.49166666666666664,0.15416666666666662,0.025816747363764558,0.19488333333333335,0.4083333333333333,0.12083333333333332,0.01944365792060057,0.5841107750037489,0.8173473658153972,0.17073839342159047,0.027179980094296244,0.5832483994137863,0.8173473658153972,0.17073839342159047,0.027090303500282072,0.15401736218986292,0.5413970756325117,0.22351987683091945,0.03309033404530664,0.15443333333333334,0.6125,0.2625,0.041394927225446354,2.016530633223927,2.2929349182403715,0.2338696140225487,0.041430569080967726,1.0,1.0,0.0,0.0,0.20557142857142854,0.42857142857142855,0.39285714285714285,0.05560960862502605,0.0,0.0,0.0,0.0,0.0,0.0,0.0,0.0,0.0,0.0,0.0,0.0,0.0,0.0,0.0,0.0,0.0,0.0,0.0,0.0,stable,runaway
9,500,240,modular,6,0.08,0.004,0.12,14,10.0,0.72,0.22,True,static,1.0,False,False,1.0,default,q_learning,default,0.3878,0.7583333333333333,0.125,0.024495895347769775,0.37805,0.45,0.125,0.02424562388922541,0.23414999999999997,0.3875,0.1166666666666667,0.022222667356652855,0.6216990729261095,0.8347048963233867,0.1612300050250547,0.02957074326441332,0.6213150879129009,0.8347048963233867,0.1612300050250547,0.0286339629609581,0.20366937295418977,0.5617892186896071,0.22781931961019164,0.04154258050171491,0.20451666666666668,0.5875,0.2666666666666666,0.05078087183619876,2.123799220298708,2.397111761193133,0.24057193404065336,0.044736396800003776,1.0,1.0,0.0,0.0,0.26471428571428574,0.5,0.3928571428571429,0.07251192723846701,0.0,0.0,0.0,0.0,0.0,0.0,0.0,0.0,0.0,0.0,0.0,0.0,0.0,0.0,0.0,0.0,0.0,0.0,0.0,0.0,stable,stable
10,500,240,modular,6,0.08,0.004,0.12,14,10.0,0.72,0.22,True,static,1.0,False,False,1.0,default,q_learning,default,0.3884666666666666,0.7875,0.1375,0.022834768811325127,0.35566666666666663,0.4583333333333333,0.13749999999999996,0.02394379993976636,0.25586666666666663,0.39166666666666666,0.1,0.020059605623685074,0.6453756716530324,0.845194688222018,0.14693398311672423,0.027424898066506047,0.644410631057289,0.845194688222018,0.14693398311672423,0.028107615644232132,0.2422015628216638,0.5838850652895301,0.22660562843383222,0.04532962900979811,0.24255000000000002,0.6125,0.24166666666666664,0.05124137054720097,2.121454867112102,2.4098462691618083,0.24472236145508353,0.04083633532744995,1.0,1.0,0.0,0.0,0.305,0.5357142857142857,0.39285714285714285,0.07143214276786161,0.0,0.0,0.0,0.0,0.0,0.0,0.0,0.0,0.0,0.0,0.0,0.0,0.0,0.0,0.0,0.0,0.0,0.0,0.0,0.0,stable,stable
11,500,240,modular,6,0.08,0.004,0.12,14,10.0,0.72,0.22,True,static,1.0,False,False,1.0,default,q_learning,default,0.34346666666666664,0.8166666666666667,0.12916666666666665,0.02609457159385198,0.41386666666666666,0.4875,0.15833333333333333,0.02811818312448765,0.24266666666666667,0.42083333333333334,0.13333333333333333,0.02244685080609552,0.6577027377857082,0.8532891330504941,0.1755077931096538,0.029791572965772332,0.6590942819002665,0.8532891330504941,0.15580824620073486,0.029032925404830726,0.2620111416906434,0.5839956753302471,0.24777826590479893,0.0482525666029818,0.2618666666666667,0.5916666666666667,0.2625,0.05708438198550166,2.161402510535187,2.4178439116232977,0.2539635495482293,0.04549864940694069,1.0,1.0,0.0,0.0,0.209,0.39285714285714285,0.35714285714285715,0.06466254633061695,0.0,0.0,0.0,0.0,0.0,0.0,0.0,0.0,0.0,0.0,0.0,0.0,0.0,0.0,0.0,0.0,0.0,0.0,0.0,0.0,stable,runaway
12,500,240,modular,6,0.08,0.004,0.12,14,10.0,0.72,0.22,True,static,1.0,False,False,1.0,default,q_learning,default,0.36829999999999996,0.7708333333333334,0.13333333333333336,0.024590513075845595,0.4077166666666666,0.4875,0.125,0.022811918181317215,0.22398333333333334,0.42916666666666664,0.11250000000000002,0.019961970788922062,0.6224305081025306,0.8750894140470861,0.16763928416783258,0.030103736777622212,0.6231811358091165,0.8750894140470861,0.16763928416783258,0.030308809694027092,0.20759986843127023,0.6133036359767622,0.23614870329880752,0.044296484419328555,0.20625,0.65,0.275,0.04928833815191762,2.0980650449566975,2.4096098581025642,0.23627212830623212,0.04439922300131082,1.0,1.0,0.0,0.0,0.2562857142857143,0.5714285714285714,0.3928571428571429,0.0655532187599962,0.0,0.0,0.0,0.0,0.0,0.0,0.0,0.0,0.0,0.0,0.0,0.0,0.0,0.0,0.0,0.0,0.0,0.0,0.0,0.0,stable,runaway
13,500,240,modular,6,0.08,0.004,0.12,14,10.0,0.72,0.22,True,static,1.0,False,False,1.0,default,q_learning,default,0.3900166666666667,0.8291666666666667,0.12083333333333335,0.021841913072500465,0.38275,0.4666666666666667,0.15000000000000002,0.023605701994786486,0.22723333333333331,0.4083333333333333,0.12083333333333332,0.021573800983806467,0.6120091363894293,0.8480940652726318,0.15970820129483831,0.02761329481216196,0.611179724104966,0.8480940652726318,0.15970820129483831,0.027538804281968185,0.19046218842533527,0.5835780182814198,0.21499863629252972,0.03864731117967372,0.19344999999999998,0.6125,0.25416666666666665,0.04652001062864119,2.132739860172306,2.431543247348942,0.23315240006027338,0.04032216315585634,1.0,1.0,0.0,0.0,0.2897142857142857,0.5,0.3928571428571429,0.06935798881343734,0.0,0.0,0.0,0.0,0.0,0.0,0.0,0.0,0.0,0.0,0.0,0.0,0.0,0.0,0.0,0.0,0.0,0.0,0.0,0.0,stable,runaway
14,500,240,modular,6,0.08,0.004,0.12,14,10.0,0.72,0.22,True,static,1.0,False,False,1.0,default,q_learning,default,0.38226666666666664,0.7708333333333334,0.12083333333333329,0.025110334304602334,0.42158333333333337,0.5,0.14583333333333331,0.02474719400479802,0.19615000000000002,0.4,0.1166666666666667,0.02057431651355641,0.594299298319485,0.848399564018036,0.14601255146106584,0.02979193179276714,0.5945113621527389,0.848399564018036,0.1523374669455645,0.02955360896418925,0.1664232352708849,0.5767707108762636,0.19184992614317536,0.03788848088920161,0.16685,0.5833333333333334,0.21666666666666665,0.044864391348942996,2.058709536612322,2.377205137854292,0.21334968741621463,0.04416324518657098,1.0,1.0,0.0,0.0,0.29371428571428565,0.4642857142857143,0.35714285714285715,0.06819300341153567,0.0,0.0,0.0,0.0,0.0,0.0,0.0,0.0,0.0,0.0,0.0,0.0,0.0,0.0,0.0,0.0,0.0,0.0,0.0,0.0,stable,stable
15,500,240,modular,6,0.08,0.004,0.12,14,10.0,0.72,0.22,True,static,1.0,False,False,1.0,default,q_learning,default,0.37533333333333335,0.7791666666666667,0.125,0.02296494913752018,0.39725,0.48333333333333334,0.18333333333333335,0.026236239779697426,0.22741666666666668,0.45,0.13333333333333336,0.021185195302380385,0.6259241079818533,0.9018268995564157,0.1356996191538986,0.027201295959463544,0.6263910831966085,0.9018268995564157,0.14005870062707926,0.028284506224454387,0.2101968327295183,0.6342855878168947,0.2052266978395862,0.042310704600298094,0.20905,0.6291666666666667,0.2958333333333333,0.049598109843017206,2.1353484365370896,2.4830283759817897,0.1982311178147711,0.04003436386985695,1.0,1.0,0.0,0.0,0.27,0.5357142857142857,0.39285714285714285,0.06909029879624998,0.0,0.0,0.0,0.0,0.0,0.0,0.0,0.0,0.0,0.0,0.0,0.0,0.0,0.0,0.0,0.0,0.0,0.0,0.0,0.0,stable,runaway
16,500,240,modular,6,0.08,0.004,0.12,14,10.0,0.72,0.22,True,static,1.0,False,False,1.0,default,q_learning,default,0.36275,0.7875,0.26666666666666666,0.07415922247285078,0.3929166666666667,0.5458333333333333,0.24999999999999994,0.042958717263075825,0.24433333333333335,0.4583333333333333,0.3333333333333333,0.10683047318064261,0.6542421684762616,0.911116882062019,0.4238625206695512,0.13480170917912443,0.6584221162519909,0.911116882062019,0.4238625206695512,0.13228066259750507,0.30744945105699834,0.6520407448610991,0.518493003284108,0.16770326863861343,0.3066166666666666,0.6708333333333333,0.5416666666666666,0.16860633061134514,2.1859063150804996,2.523035731772943,0.584425423603739,0.18210402052626232,1.0,1.0,0.0,0.0,0.24285714285714283,0.5357142857142857,0.4642857142857143,0.11221335363803132,0.0,0.0,0.0,0.0,0.0,0.0,0.0,0.0,0.0,0.0,0.0,0.0,0.0,0.0,0.0,0.0,0.0,0.0,0.0,0.0,runaway,runaway
17,500,240,modular,6,0.08,0.004,0.12,14,10.0,0.72,0.22,True,static,1.0,False,False,1.0,default,q_learning,default,0.41441666666666666,0.8166666666666667,0.12083333333333335,0.02309716793606235,0.40771666666666667,0.4625,0.12083333333333335,0.020668555021255513,0.17786666666666667,0.425,0.09999999999999998,0.01773192350285527,0.5407876885286808,0.8414859145761517,0.15308680148400156,0.026859245634975278,0.5397454142634988,0.8414859145761517,0.15308680148400156,0.02634371619592278,0.10422214833617023,0.5561093250298544,0.1383469901491675,0.023146101435571064,0.10566666666666667,0.5666666666666667,0.18333333333333332,0.03103045099396541,2.0630606666726408,2.447562660032273,0.24026112770654473,0.0416870134663305,1.0,1.0,0.0,0.0,0.2952857142857143,0.5,0.39285714285714285,0.06906976656295594,0.0,0.0,0.0,0.0,0.0,0.0,0.0,0.0,0.0,0.0,0.0,0.0,0.0,0.0,0.0,0.0,0.0,0.0,0.0,0.0,stable,runaway
18,500,240,modular,6,0.08,0.004,0.12,14,10.0,0.72,0.22,True,static,1.0,False,False,1.0,default,q_learning,default,0.3994666666666667,0.875,0.1375,0.023534702509745525,0.4035333333333333,0.4666666666666667,0.13333333333333336,0.022528105902528857,0.197,0.38333333333333336,0.10416666666666669,0.018746110707735263,0.5875520648835966,0.7993289699528198,0.17573179244985782,0.027603606626615165,0.5877102125596593,0.7993289699528198,0.17573179244985782,0.028022705126484672,0.16021298057870811,0.515392916593603,0.2169317309225308,0.034937036307476285,0.15778333333333336,0.5541666666666667,0.2416666666666667,0.04041850854909584,2.0636209573573816,2.3419254309966075,0.2503016265215967,0.04152610686225732,1.0,1.0,0.0,0.0,0.16942857142857143,0.39285714285714285,0.28571428571428575,0.06059298807685286,0.0,0.0,0.0,0.0,0.0,0.0,0.0,0.0,0.0,0.0,0.0,0.0,0.0,0.0,0.0,0.0,0.0,0.0,0.0,0.0,stable,stable
19,500,240,modular,6,0.08,0.004,0.12,14,10.0,0.72,0.22,True,static,1.0,False,False,1.0,default,q_learning,default,0.39494999999999997,0.8166666666666667,0.13749999999999996,0.024238061207759815,0.39055,0.4583333333333333,0.17916666666666664,0.025866972721557076,0.2145,0.36666666666666664,0.10833333333333331,0.02105284356618417,0.5940719606234691,0.7567962287372169,0.14385334058212762,0.02768999831449288,0.5937157863652004,0.7567962287372169,0.17728574820102472,0.02852014770169705,0.1649434550531984,0.43457672830330135,0.23738616416188413,0.03645722792379001,0.16436666666666666,0.48333333333333334,0.20833333333333331,0.04366525443008943,2.109231715017506,2.333562214934041,0.22852416354400074,0.04298593596407864,1.0,1.0,0.0,0.0,0.25957142857142856,0.4642857142857143,0.35714285714285715,0.06734937843447558,0.0,0.0,0.0,0.0,0.0,0.0,0.0,0.0,0.0,0.0,0.0,0.0,0.0,0.0,0.0,0.0,0.0,0.0,0.0,0.0,stable,stable
20,500,240,modular,6,0.08,0.004,0.12,14,10.0,0.72,0.22,True,static,1.0,False,False,1.0,default,q_learning,default,0.41245,0.7833333333333333,0.12916666666666665,0.023527413089132147,0.37451666666666666,0.45416666666666666,0.14583333333333331,0.02348704725777357,0.21303333333333332,0.4083333333333333,0.1,0.018423837216437235,0.5886384118910486,0.8499077869461485,0.15849035501497644,0.027467413284867487,0.5885150442996538,0.8499077869461485,0.15849035501497644,0.027414321749914976,0.16048848392396337,0.5858673677160176,0.2110340350550788,0.034710307716983566,0.15876666666666664,0.625,0.2125,0.039778288326953216,2.039273832197853,2.397295186984258,0.23455648011796182,0.04095741570416455,1.0,1.0,0.0,0.0,0.212,0.42857142857142855,0.39285714285714285,0.06581420974289393,0.0,0.0,0.0,0.0,0.0,0.0,0.0,0.0,0.0,0.0,0.0,0.0,0.0,0.0,0.0,0.0,0.0,0.0,0.0,0.0,stable,runaway
21,500,240,modular,6,0.08,0.004,0.12,14,10.0,0.72,0.22,True,static,1.0,False,False,1.0,default,q_learning,default,0.40363333333333334,0.7958333333333333,0.14166666666666666,0.02250910926713894,0.41603333333333337,0.48333333333333334,0.1375,0.024605532349905014,0.18033333333333332,0.3333333333333333,0.11249999999999999,0.019540556116276052,0.5709304226173187,0.7484162938303114,0.1358356547487392,0.026047374349421178,0.5704857716064311,0.7484162938303114,0.1358356547487392,0.025481945271946606,0.13818177608997598,0.42346388134365914,0.14777294331377142,0.028263307438210924,0.13705,0.4875,0.1958333333333333,0.03649018513396597,2.0516776583640377,2.267115674567965,0.2291526838060678,0.03863414019416627,1.0,1.0,0.0,0.0,0.25299999999999995,0.5714285714285714,0.4285714285714286,0.07239475119095307,0.0,0.0,0.0,0.0,0.0,0.0,0.0,0.0,0.0,0.0,0.0,0.0,0.0,0.0,0.0,0.0,0.0,0.0,0.0,0.0,stable,stable
22,500,240,modular,6,0.08,0.004,0.12,14,10.0,0.72,0.22,True,static,1.0,False,False,1.0,default,q_learning,default,0.3348,0.7583333333333333,0.20416666666666666,0.027872507362393266,0.40976666666666667,0.4791666666666667,0.15000000000000002,0.02589564527955317,0.25543333333333335,0.4083333333333333,0.2,0.02603269312059571,0.6659492518849691,0.8370645748065128,0.28896518686939254,0.03565630246289018,0.666492805471893,0.8370645748065128,0.28896518686939254,0.03558475666741013,0.27224404468679914,0.5565255222451182,0.3737690568203993,0.05555500939882145,0.27279999999999993,0.575,0.42083333333333334,0.06334227129913589,2.199246310150062,2.4111578551474397,0.4251889986159558,0.053386868071575125,1.0,1.0,0.0,0.0,0.27471428571428574,0.5,0.39285714285714285,0.07441211773163108,0.0,0.0,0.0,0.0,0.0,0.0,0.0,0.0,0.0,0.0,0.0,0.0,0.0,0.0,0.0,0.0,0.0,0.0,0.0,0.0,oscillatory,runaway
23,500,240,modular,6,0.08,0.004,0.12,14,10.0,0.72,0.22,True,static,1.0,False,False,1.0,default,q_learning,default,0.3932,0.8333333333333334,0.15833333333333333,0.024011201089861742,0.4132833333333333,0.5041666666666667,0.14999999999999997,0.024902816663537834,0.19351666666666664,0.38333333333333336,0.10416666666666666,0.018434787465248657,0.5797281144159665,0.7697724346465904,0.1394329693050924,0.026438152959353742,0.5785744037804662,0.7697724346465904,0.1394329693050924,0.026491988630060886,0.14479504163302415,0.4528065466451891,0.16206428255171546,0.030755787946472036,0.14645,0.4875,0.19583333333333336,0.035140120312195225,2.0976348423799647,2.344368290611377,0.2267243280405815,0.041404951166715984,1.0,1.0,0.0,0.0,0.18857142857142856,0.42857142857142855,0.32142857142857145,0.05943612589347063,0.0,0.0,0.0,0.0,0.0,0.0,0.0,0.0,0.0,0.0,0.0,0.0,0.0,0.0,0.0,0.0,0.0,0.0,0.0,0.0,stable,stable
24,500,240,modular,6,0.08,0.004,0.12,14,10.0,0.72,0.22,True,static,1.0,False,False,1.0,default,q_learning,default,0.41085000000000005,0.8166666666666667,0.13749999999999996,0.024924602972431344,0.36195,0.475,0.14583333333333337,0.02501755494758742,0.22719999999999999,0.43333333333333335,0.1375,0.023202466343999823,0.6190049083093969,0.886551860292317,0.1648311731237846,0.030913695213110288,0.6177206903881061,0.886551860292317,0.1648311731237846,0.031010258193654407,0.20380405329470905,0.6377984980536598,0.2416058017061084,0.046039195932880105,0.20564999999999997,0.6666666666666666,0.2916666666666667,0.05359137834888494,2.0857950806200813,2.4290913771126723,0.24271420898688278,0.046184343414023755,1.0,1.0,0.0,0.0,0.281,0.5,0.4285714285714286,0.07741499617421073,0.0,0.0,0.0,0.0,0.0,0.0,0.0,0.0,0.0,0.0,0.0,0.0,0.0,0.0,0.0,0.0,0.0,0.0,0.0,0.0,stable,runaway
25,500,240,modular,6,0.08,0.004,0.12,14,10.0,0.72,0.22,True,static,1.0,False,False,1.0,default,q_learning,default,0.3855166666666667,0.775,0.11666666666666664,0.023301102739760816,0.41228333333333333,0.4708333333333333,0.125,0.02288911070550555,0.2022,0.3625,0.11250000000000002,0.02097999046710937,0.5990401172523625,0.8074044707483465,0.16203745280906845,0.029088657628238923,0.6003588692677563,0.8074044707483465,0.16768760721829679,0.029651910186210773,0.17644160627535857,0.5270493336005726,0.2272819910120888,0.03944788470089099,0.17653333333333335,0.5666666666666667,0.22500000000000003,0.04406603630411471,2.0951870565075255,2.3447399015149686,0.23885817781403462,0.042582721694994885,1.0,1.0,0.0,0.0,0.21499999999999997,0.5357142857142857,0.39285714285714285,0.06416258048655679,0.0,0.0,0.0,0.0,0.0,0.0,0.0,0.0,0.0,0.0,0.0,0.0,0.0,0.0,0.0,0.0,0.0,0.0,0.0,0.0,stable,stable
26,500,240,modular,6,0.08,0.004,0.12,14,10.0,0.72,0.22,True,static,1.0,False,False,1.0,default,q_learning,default,0.3452166666666666,0.8375,0.14583333333333337,0.02655121361528404,0.386,0.475,0.1375,0.025641221153100767,0.2687833333333333,0.4041666666666667,0.19166666666666665,0.02518884784097033,0.6713245973775545,0.8449897846408015,0.256075077906313,0.03408016822898521,0.6714869978218017,0.8449897846408015,0.256075077906313,0.034608809212979395,0.2861812105125629,0.5786911864468436,0.36890645983751624,0.05850490951749953,0.2882666666666667,0.5958333333333333,0.3791666666666667,0.06598165569981469,2.176221832493252,2.3771172189137393,0.3500454914050517,0.049562596784806366,1.0,1.0,0.0,0.0,0.315,0.5714285714285714,0.39285714285714285,0.08102972495652823,0.0,0.0,0.0,0.0,0.0,0.0,0.0,0.0,0.0,0.0,0.0,0.0,0.0,0.0,0.0,0.0,0.0,0.0,0.0,0.0,oscillatory,runaway
27,500,240,modular,6,0.08,0.004,0.12,14,10.0,0.72,0.22,True,static,1.0,False,False,1.0,default,q_learning,default,0.34981666666666666,0.7833333333333333,0.14166666666666666,0.02345580359361457,0.43088333333333334,0.49166666666666664,0.125,0.024546673230127675,0.21930000000000002,0.39166666666666666,0.125,0.020524619363096602,0.645862517787112,0.8503301092943453,0.19710966525031903,0.028133647585854727,0.6454021133471156,0.8503301092943453,0.19710966525031903,0.028762895348582278,0.24127896411911512,0.5841094579890334,0.2860422367449108,0.04574834957514168,0.2431333333333333,0.625,0.30416666666666664,0.054847657703456724,2.1629618214944166,2.420246497189637,0.2907036411057793,0.04193486560862356,1.0,1.0,0.0,0.0,0.2968571428571429,0.5,0.3928571428571429,0.07011884954293311,0.0,0.0,0.0,0.0,0.0,0.0,0.0,0.0,0.0,0.0,0.0,0.0,0.0,0.0,0.0,0.0,0.0,0.0,0.0,0.0,stable,oscillatory
28,500,240,modular,6,0.08,0.004,0.12,14,10.0,0.72,0.22,True,static,1.0,False,False,1.0,default,q_learning,default,0.39355,0.825,0.15000000000000002,0.026222768944394702,0.38698333333333335,0.4666666666666667,0.15000000000000002,0.026142180687752717,0.21946666666666667,0.37916666666666665,0.13333333333333333,0.02197394922276022,0.5905732369143806,0.7985587666054506,0.16739779668064825,0.029826995055483932,0.5910437779809841,0.7985587666054506,0.16739779668064825,0.029566338724589247,0.16153050642115874,0.5042454006923627,0.22828793432575606,0.037218709985475565,0.162,0.5291666666666667,0.25,0.04181672977277024,2.100943986777361,2.3774250901113874,0.2638258967842273,0.04684611638000063,1.0,1.0,0.0,0.0,0.21985714285714286,0.6428571428571429,0.35714285714285715,0.06565665174502389,0.0,0.0,0.0,0.0,0.0,0.0,0.0,0.0,0.0,0.0,0.0,0.0,0.0,0.0,0.0,0.0,0.0,0.0,0.0,0.0,stable,oscillatory
29,500,240,modular,6,0.08,0.004,0.12,14,10.0,0.72,0.22,True,static,1.0,False,False,1.0,default,q_learning,default,0.36746666666666666,0.7958333333333333,0.1333333333333333,0.024566779737415053,0.3893666666666667,0.45416666666666666,0.1333333333333333,0.026177577343130046,0.24316666666666664,0.39166666666666666,0.13750000000000004,0.024323628201583923,0.6509945942402544,0.8660626179236963,0.17929963900863988,0.03185822449578598,0.6504719574837251,0.8660626179236963,0.17929963900863988,0.031815421252334795,0.2532319580280663,0.6108741738362095,0.2881273532094074,0.052604584284895874,0.25406666666666666,0.5833333333333334,0.35416666666666663,0.0613810140751103,2.127556475068181,2.3941109942529164,0.26042041623906864,0.045417658162209634,1.0,1.0,0.0,0.0,0.28042857142857147,0.5357142857142857,0.42857142857142855,0.07090968673932631,0.0,0.0,0.0,0.0,0.0,0.0,0.0,0.0,0.0,0.0,0.0,0.0,0.0,0.0,0.0,0.0,0.0,0.0,0.0,0.0,stable,oscillatory
30,500,240,modular,6,0.08,0.004,0.12,14,10.0,0.72,0.22,True,static,1.0,False,False,1.0,default,q_learning,default,0.3865166666666667,0.8208333333333333,0.14166666666666666,0.023598310909422684,0.39185000000000003,0.475,0.15833333333333333,0.024063740588510154,0.22163333333333332,0.39166666666666666,0.11249999999999999,0.022102639359738614,0.6116048769517137,0.8283340936925155,0.15699476755184938,0.029616666387540423,0.6103814447370857,0.8283340936925155,0.16053353303692275,0.030527121667033835,0.18896274233508303,0.5542855842747118,0.22739003715901335,0.04262589676418358,0.18936666666666668,0.5875,0.23333333333333334,0.04666058293677866,2.110573872879414,2.4043629427816025,0.2338971656052049,0.043371708376754144,1.0,1.0,0.0,0.0,0.26385714285714285,0.4642857142857143,0.4285714285714286,0.07624356781167223,0.0,0.0,0.0,0.0,0.0,0.0,0.0,0.0,0.0,0.0,0.0,0.0,0.0,0.0,0.0,0.0,0.0,0.0,0.0,0.0,stable,stable
31,500,240,modular,6,0.08,0.004,0.12,14,10.0,0.72,0.22,True,static,1.0,False,False,1.0,default,q_learning,default,0.3494666666666667,0.7791666666666667,0.1375,0.02583320430075302,0.42136666666666667,0.4875,0.14166666666666666,0.02522386436161861,0.22916666666666666,0.4083333333333333,0.12083333333333332,0.022382408767204265,0.6548739473512382,0.8725809253502045,0.1801262672708075,0.03194309781096149,0.6544576842967195,0.8725809253502045,0.1801262672708075,0.0312100491743245,0.26008217751278995,0.6191941135413377,0.2938485916645514,0.05261241651931512,0.2595,0.65,0.30833333333333335,0.05757265940627644,2.137266279950767,2.402958187857123,0.2704607111852777,0.046269688822268715,1.0,1.0,0.0,0.0,0.23614285714285713,0.5,0.4642857142857143,0.07386432681281407,0.0,0.0,0.0,0.0,0.0,0.0,0.0,0.0,0.0,0.0,0.0,0.0,0.0,0.0,0.0,0.0,0.0,0.0,0.0,0.0,stable,runaway
32,500,240,modular,6,0.08,0.004,0.12,14,10.0,0.72,0.22,True,static,1.0,False,False,1.0,default,q_learning,default,0.37488333333333335,0.8125,0.15833333333333333,0.025340465004941536,0.4165,0.49583333333333335,0.14583333333333337,0.025940101944458293,0.20861666666666667,0.4041666666666667,0.10833333333333334,0.0211932968962673,0.6022462194558418,0.8267775616779052,0.17405089919477057,0.029083770680977807,0.6022437237206208,0.8267775616779052,0.17405089919477057,0.029308343564271762,0.17591590937444204,0.5466466451523306,0.22782441386671531,0.039034654974604385,0.17793333333333333,0.6041666666666666,0.25,0.04465150240100177,2.1267988007987557,2.4251761003541135,0.2797887759377198,0.044994200907637234,1.0,1.0,0.0,0.0,0.21328571428571427,0.42857142857142855,0.3571428571428571,0.059795740753375556,0.0,0.0,0.0,0.0,0.0,0.0,0.0,0.0,0.0,0.0,0.0,0.0,0.0,0.0,0.0,0.0,0.0,0.0,0.0,0.0,stable,runaway
33,500,240,modular,6,0.08,0.004,0.12,14,10.0,0.72,0.22,True,static,1.0,False,False,1.0,default,q_learning,default,0.3791333333333333,0.8333333333333334,0.1875,0.026352292752876993,0.37539999999999996,0.44166666666666665,0.12916666666666665,0.023060451956638757,0.24546666666666664,0.42083333333333334,0.11249999999999999,0.020145415800568073,0.6420142742018837,0.8928008057113075,0.21486549630310514,0.03120380490843824,0.6423527321227118,0.8928008057113075,0.21486549630310514,0.03086998024194185,0.23630846033924424,0.6295857172416653,0.3234192147470797,0.04887579091592309,0.23636666666666667,0.6416666666666667,0.3041666666666667,0.05540476313258435,2.1259751469858466,2.477897926413756,0.3306446854473897,0.04668474036487777,1.0,1.0,0.0,0.0,0.285,0.5,0.39285714285714285,0.07131777120603194,0.0,0.0,0.0,0.0,0.0,0.0,0.0,0.0,0.0,0.0,0.0,0.0,0.0,0.0,0.0,0.0,0.0,0.0,0.0,0.0,stable,runaway
34,500,240,modular,6,0.08,0.004,0.12,14,10.0,0.72,0.22,True,static,1.0,False,False,1.0,default,q_learning,default,0.36288333333333334,0.8416666666666667,0.12083333333333335,0.023580364948641297,0.40456666666666674,0.48333333333333334,0.16249999999999998,0.026049760075670565,0.23255,0.4083333333333333,0.10416666666666666,0.02258958093163011,0.6417659157469423,0.8589379796597082,0.15951428652358401,0.029145508258200926,0.6417987405038289,0.8589379796597082,0.15951428652358401,0.02937645897916178,0.23508958267176547,0.5932379987834299,0.24593578107972597,0.0466679216094335,0.23433333333333334,0.6166666666666667,0.2875,0.05247989032847619,2.147338626797066,2.4259472895558103,0.23680545567328748,0.04244704319709343,1.0,1.0,0.0,0.0,0.31457142857142856,0.6071428571428571,0.49999999999999994,0.07124204216211501,0.0,0.0,0.0,0.0,0.0,0.0,0.0,0.0,0.0,0.0,0.0,0.0,0.0,0.0,0.0,0.0,0.0,0.0,0.0,0.0,stable,runaway
35,500,240,modular,6,0.08,0.004,0.12,14,10.0,0.72,0.22,True,static,1.0,False,False,1.0,default,q_learning,default,0.3472833333333333,0.8125,0.15833333333333333,0.025553217888251264,0.4119333333333333,0.49166666666666664,0.15416666666666662,0.026203498494157863,0.24078333333333332,0.43333333333333335,0.12500000000000003,0.022369628467584744,0.628016843355367,0.8542527006372611,0.1725663157073325,0.02885054528915759,0.6273309631531782,0.8542527006372611,0.1725663157073325,0.028858439556816454,0.2058773897109531,0.5684497541174726,0.24756832797757508,0.04146971503093538,0.20603333333333332,0.5833333333333334,0.30000000000000004,0.04928081664186267,2.1672175462265,2.4767429499477784,0.2884168610924789,0.04567239341760648,1.0,1.0,0.0,0.0,0.188,0.42857142857142855,0.39285714285714285,0.06470403576978764,0.0,0.0,0.0,0.0,0.0,0.0,0.0,0.0,0.0,0.0,0.0,0.0,0.0,0.0,0.0,0.0,0.0,0.0,0.0,0.0,stable,runaway
36,500,240,modular,6,0.08,0.004,0.12,14,10.0,0.72,0.22,True,static,1.0,False,False,1.0,default,q_learning,default,0.39273333333333327,0.75,0.12083333333333335,0.021793882933826485,0.3849666666666667,0.4583333333333333,0.125,0.0239263685316245,0.2223,0.4125,0.12500000000000003,0.020640817167286114,0.5825364381077353,0.829877400155128,0.15605669737668504,0.02590082672173492,0.5826370640148347,0.829877400155128,0.15605669737668504,0.026218245799042188,0.14894437382937178,0.5441998804250378,0.18553361401114904,0.03065944045565678,0.1491333333333333,0.5875,0.19583333333333336,0.0379319419779982,2.0811801333247906,2.3721925845261156,0.21809091792401958,0.03879523797217099,1.0,1.0,0.0,0.0,0.36028571428571426,0.5357142857142857,0.3571428571428571,0.06753925540312214,0.0,0.0,0.0,0.0,0.0,0.0,0.0,0.0,0.0,0.0,0.0,0.0,0.0,0.0,0.0,0.0,0.0,0.0,0.0,0.0,stable,runaway
37,500,240,modular,6,0.08,0.004,0.12,14,10.0,0.72,0.22,True,static,1.0,False,False,1.0,default,q_learning,default,0.38676666666666665,0.7833333333333333,0.10833333333333334,0.021477145475546276,0.4031666666666667,0.475,0.13749999999999996,0.022397296463834395,0.21006666666666665,0.32083333333333336,0.10000000000000003,0.019261965977888477,0.5997095595518558,0.7450967007087582,0.14368787199908084,0.026318082413498096,0.6005821969889679,0.7450967007087582,0.14368787199908084,0.026178716216424456,0.17452780240533605,0.4164166719117694,0.18390146656787845,0.03471694605154437,0.17306666666666667,0.4375,0.22916666666666663,0.0431729210398267,2.072933479861956,2.2534845772191967,0.20834336278025423,0.03764118583315742,1.0,1.0,0.0,0.0,0.2384285714285714,0.42857142857142855,0.3571428571428571,0.05945140358103501,0.0,0.0,0.0,0.0,0.0,0.0,0.0,0.0,0.0,0.0,0.0,0.0,0.0,0.0,0.0,0.0,0.0,0.0,0.0,0.0,stable,stable
38,500,240,modular,6,0.08,0.004,0.12,14,10.0,0.72,0.22,True,static,1.0,False,False,1.0,default,q_learning,default,0.35123333333333334,0.8208333333333333,0.1291666666666667,0.024633558862296415,0.4341333333333333,0.5041666666666667,0.13333333333333336,0.025081511561750466,0.21463333333333331,0.3958333333333333,0.10833333333333334,0.020310889252374505,0.6304943941897386,0.806964465061173,0.1574918514467346,0.028257692962103557,0.6302087977405809,0.806964465061173,0.1574918514467346,0.028274192132023913,0.2166717468097259,0.5213759310902596,0.2339349319371557,0.04292405309180496,0.21558333333333338,0.525,0.26666666666666666,0.049911101526169066,2.1296283208241893,2.33170442612013,0.24213197059959768,0.04294579483438982,1.0,1.0,0.0,0.0,0.2765714285714286,0.4642857142857143,0.3214285714285714,0.06323006259941968,0.0,0.0,0.0,0.0,0.0,0.0,0.0,0.0,0.0,0.0,0.0,0.0,0.0,0.0,0.0,0.0,0.0,0.0,0.0,0.0,stable,stable
39,500,240,modular,6,0.08,0.004,0.12,14,10.0,0.72,0.22,True,static,1.0,False,False,1.0,default,q_learning,default,0.36810000000000004,0.7916666666666666,0.16666666666666669,0.02601337262939113,0.4062,0.4875,0.14583333333333337,0.025246649942781186,0.22569999999999998,0.3958333333333333,0.1375,0.023373394181324104,0.6294959832022705,0.8339215004008367,0.20378705656116836,0.032534364700561806,0.6283331344493501,0.8339215004008367,0.20378705656116836,0.03135659545424479,0.21241315011881506,0.55533558775801,0.30486819986958824,0.04648111795785252,0.20946666666666663,0.5791666666666667,0.30833333333333335,0.05118424236683265,2.0999006112193617,2.369226985264426,0.2884601419951556,0.04708169499402273,1.0,1.0,0.0,0.0,0.24714285714285714,0.5,0.3928571428571429,0.06516854130261167,0.0,0.0,0.0,0.0,0.0,0.0,0.0,0.0,0.0,0.0,0.0,0.0,0.0,0.0,0.0,0.0,0.0,0.0,0.0,0.0,stable,oscillatory
40,500,240,modular,6,0.08,0.004,0.12,14,10.0,0.72,0.22,True,static,1.0,False,False,1.0,default,q_learning,default,0.3616333333333333,0.7708333333333334,0.14583333333333331,0.025872529404327244,0.4047166666666667,0.4875,0.1375,0.025003671952557514,0.23365,0.4,0.14166666666666664,0.023463263247515728,0.6467507175217431,0.8691282512758992,0.18896725214512977,0.03249762157508284,0.6468653029041687,0.8691282512758992,0.18896725214512977,0.03237251483949256,0.24522095174070285,0.608974388734907,0.2962864504400503,0.05254194525133777,0.24203333333333332,0.6166666666666667,0.35833333333333334,0.057527809700082345,2.148360700498105,2.416183635092627,0.2719082882330697,0.04781927101370323,1.0,1.0,0.0,0.0,0.3174285714285714,0.5357142857142857,0.35714285714285715,0.06965161117142596,0.0,0.0,0.0,0.0,0.0,0.0,0.0,0.0,0.0,0.0,0.0,0.0,0.0,0.0,0.0,0.0,0.0,0.0,0.0,0.0,stable,oscillatory
41,500,240,modular,6,0.08,0.004,0.12,14,10.0,0.72,0.22,True,static,1.0,False,False,1.0,default,q_learning,default,0.42488333333333334,0.7875,0.15833333333333333,0.0243424697459673,0.37510000000000004,0.4583333333333333,0.125,0.024275410512606285,0.20001666666666668,0.43333333333333335,0.1,0.01953450650629405,0.5555276551917512,0.8543224839447424,0.18349096174712887,0.02751654532274216,0.5555861302880769,0.8543224839447424,0.18349096174712887,0.027644354589005875,0.12046968448572148,0.5777169407674255,0.19370997635743853,0.02786122972228965,0.1205,0.5541666666666667,0.17916666666666667,0.03387517937631885,2.0240456245354412,2.4165654295810226,0.3026182839968581,0.04225574027736772,1.0,1.0,0.0,0.0,0.24428571428571427,0.4642857142857143,0.39285714285714285,0.0680486020789403,0.0,0.0,0.0,0.0,0.0,0.0,0.0,0.0,0.0,0.0,0.0,0.0,0.0,0.0,0.0,0.0,0.0,0.0,0.0,0.0,stable,runaway
42,500,240,modular,6,0.08,0.004,0.12,14,10.0,0.72,0.22,True,static,1.0,False,False,1.0,default,q_learning,default,0.34955,0.7958333333333333,0.16249999999999998,0.025922003737708584,0.4469666666666667,0.525,0.14166666666666666,0.0254262331723229,0.20348333333333332,0.37916666666666665,0.11666666666666667,0.020605885081694503,0.6093437440638539,0.7822877250526449,0.17517628972978316,0.029580469910180176,0.6105175431814209,0.7822877250526449,0.17517628972978316,0.02926546708449475,0.1854828334743574,0.4741291216888258,0.23081584849955933,0.03997847038578455,0.18753333333333336,0.5125,0.26666666666666666,0.04890749772103796,2.161984438311499,2.3941925326874256,0.28307542885980475,0.04606024961627087,1.0,1.0,0.0,0.0,0.2244285714285714,0.4642857142857143,0.3214285714285714,0.05876431653613598,0.0,0.0,0.0,0.0,0.0,0.0,0.0,0.0,0.0,0.0,0.0,0.0,0.0,0.0,0.0,0.0,0.0,0.0,0.0,0.0,stable,stable
43,500,240,modular,6,0.08,0.004,0.12,14,10.0,0.72,0.22,True,static,1.0,False,False,1.0,default,q_learning,default,0.40756666666666674,0.8208333333333333,0.12916666666666665,0.02336833089651225,0.3703166666666667,0.45,0.14583333333333331,0.023902516139054853,0.22211666666666668,0.375,0.12083333333333332,0.020400987176550495,0.6023303404075941,0.8216708413908899,0.14811052159372662,0.027645433322308993,0.6030467200781191,0.8216708413908899,0.14811052159372662,0.027379084998057242,0.17904374711401955,0.5468188229612789,0.20447130945991646,0.03666598718583595,0.17696666666666666,0.5625,0.275,0.04437396634163875,2.080007430240188,2.373527585013487,0.21343711590487957,0.0417852518032379,1.0,1.0,0.0,0.0,0.30042857142857143,0.5357142857142857,0.35714285714285715,0.07251192723846701,0.0,0.0,0.0,0.0,0.0,0.0,0.0,0.0,0.0,0.0,0.0,0.0,0.0,0.0,0.0,0.0,0.0,0.0,0.0,0.0,stable,oscillatory
44,500,240,modular,6,0.08,0.004,0.12,14,10.0,0.72,0.22,True,static,1.0,False,False,1.0,default,q_learning,default,0.36325,0.8375,0.1375,0.024516009508527736,0.40674999999999994,0.475,0.1333333333333333,0.02512316881110166,0.23,0.4375,0.12916666666666668,0.023511226632776473,0.6388783953428755,0.8295985268298047,0.20085348376478018,0.03108446115548042,0.6389900510105648,0.8295985268298047,0.20085348376478018,0.030834199355392503,0.23126869101633207,0.556270891263819,0.29369849852342944,0.04844705239645447,0.23076666666666668,0.5916666666666667,0.2916666666666667,0.05406987249024276,2.1604250424271885,2.3758053137094186,0.2688626102018543,0.046394840072489146,1.0,1.0,0.0,0.0,0.3197142857142858,0.6785714285714286,0.5714285714285715,0.07176435360943198,0.0,0.0,0.0,0.0,0.0,0.0,0.0,0.0,0.0,0.0,0.0,0.0,0.0,0.0,0.0,0.0,0.0,0.0,0.0,0.0,stable,runaway
45,500,240,modular,6,0.08,0.004,0.12,14,10.0,0.72,0.22,True,static,1.0,False,False,1.0,default,q_learning,default,0.3794666666666666,0.8125,0.14583333333333331,0.02419926536993312,0.3958666666666667,0.475,0.14166666666666666,0.024554338833606488,0.22466666666666665,0.37083333333333335,0.1416666666666667,0.022804117561918018,0.6218903036775212,0.8373458097172187,0.17076772188147937,0.030066919813919887,0.6228403996539439,0.8373458097172187,0.17076772188147937,0.031017992310354056,0.20739079733868696,0.5681717628148809,0.24562319958606932,0.04534474924846647,0.20738333333333334,0.6083333333333333,0.30000000000000004,0.05276783795288776,2.11093222880887,2.3948602458492467,0.2730193398027776,0.04467853581507214,1.0,1.0,0.0,0.0,0.16571428571428573,0.42857142857142855,0.35714285714285715,0.06426983930972567,0.0,0.0,0.0,0.0,0.0,0.0,0.0,0.0,0.0,0.0,0.0,0.0,0.0,0.0,0.0,0.0,0.0,0.0,0.0,0.0,stable,oscillatory
46,500,240,modular,6,0.08,0.004,0.12,14,10.0,0.72,0.22,True,static,1.0,False,False,1.0,default,q_learning,default,0.3690833333333334,0.8125,0.13333333333333336,0.024285483775750117,0.44110000000000005,0.5083333333333333,0.125,0.025426058374125635,0.18981666666666666,0.375,0.10833333333333334,0.02141150391728708,0.5943165864936862,0.8340303957693117,0.1530070474894537,0.028895014656643556,0.5947786292903923,0.8340303957693117,0.14748531757865024,0.028253027458078436,0.16592952494946753,0.5561329623097465,0.17922464992922285,0.03582737531141642,0.16448333333333331,0.5833333333333334,0.2375,0.04430352694763702,2.08311263903589,2.401144188620148,0.23506851406870055,0.04329098962258529,1.0,1.0,0.0,0.0,0.334,0.5357142857142857,0.35714285714285715,0.07189220956347334,0.0,0.0,0.0,0.0,0.0,0.0,0.0,0.0,0.0,0.0,0.0,0.0,0.0,0.0,0.0,0.0,0.0,0.0,0.0,0.0,stable,stable
47,500,240,modular,6,0.08,0.004,0.12,14,10.0,0.72,0.22,True,static,1.0,False,False,1.0,default,q_learning,default,0.37628333333333336,0.8,0.1375,0.023672070979203416,0.3899833333333333,0.4708333333333333,0.13333333333333336,0.026381543422122473,0.23373333333333332,0.4375,0.12916666666666668,0.021202882403631405,0.6349253821216085,0.8881375741138928,0.1371312296981323,0.028677881039339582,0.6357220813368172,0.8881375741138928,0.1371312296981323,0.02851301012132374,0.2243784821186116,0.6216769266691385,0.20369219694610474,0.04363083939551491,0.22651666666666667,0.6333333333333333,0.2375,0.05097240266392525,2.1276515236176654,2.4421810975286014,0.21025522565983312,0.04120348108294208,1.0,1.0,0.0,0.0,0.31542857142857145,0.4642857142857143,0.32142857142857145,0.07139084718102517,0.0,0.0,0.0,0.0,0.0,0.0,0.0,0.0,0.0,0.0,0.0,0.0,0.0,0.0,0.0,0.0,0.0,0.0,0.0,0.0,stable,runaway
48,500,240,modular,6,0.08,0.004,0.12,14,10.0,0.72,0.22,True,static,1.0,False,False,1.0,default,q_learning,default,0.34936666666666666,0.7791666666666667,0.10833333333333334,0.022988862037468877,0.43128333333333335,0.48333333333333334,0.1166666666666667,0.022149247541771406,0.21935000000000002,0.42916666666666664,0.11250000000000002,0.020607637473088036,0.6232554082814319,0.8472900997458302,0.15744817274774148,0.027843771139280687,0.6236950383165879,0.8472900997458302,0.13784939333798163,0.027425366811770772,0.20351540750189617,0.5687540267828181,0.19772525979017025,0.03994071120581342,0.20596666666666666,0.5666666666666667,0.25416666666666665,0.0498938762664206,2.1698999833674604,2.455292749696097,0.2267013427157858,0.042749128632740836,1.0,1.0,0.0,0.0,0.17685714285714285,0.5357142857142857,0.2857142857142857,0.0555778549350699,0.0,0.0,0.0,0.0,0.0,0.0,0.0,0.0,0.0,0.0,0.0,0.0,0.0,0.0,0.0,0.0,0.0,0.0,0.0,0.0,stable,runaway
49,500,240,modular,6,0.08,0.004,0.12,14,10.0,0.72,0.22,True,static,1.0,False,False,1.0,default,q_learning,default,0.3846,0.8166666666666667,0.1166666666666667,0.02362745578065202,0.40976666666666667,0.4791666666666667,0.1375,0.0249839059307298,0.20563333333333333,0.4166666666666667,0.10416666666666666,0.021423351745233517,0.5929740765401577,0.8405037054260739,0.14625101335469748,0.02845819077828304,0.5925256582817261,0.8405037054260739,0.14625101335469748,0.02807979933118942,0.16224338638509805,0.5618830682313115,0.184687405011743,0.03502398632362026,0.16046666666666665,0.55,0.23750000000000002,0.04339295897825924,2.0766797310867386,2.3929966943020036,0.20380798524046573,0.042016093135434696,1.0,1.0,0.0,0.0,0.26942857142857146,0.5357142857142857,0.4285714285714286,0.07142914285485717,0.0,0.0,0.0,0.0,0.0,0.0,0.0,0.0,0.0,0.0,0.0,0.0,0.0,0.0,0.0,0.0,0.0,0.0,0.0,0.0,stable,runaway
50,500,240,modular,6,0.08,0.004,0.12,14,10.0,0.72,0.22,True,static,1.0,False,False,1.0,default,q_learning,default,0.3707166666666667,0.7833333333333333,0.16250000000000003,0.026880398682559255,0.43193333333333334,0.49583333333333335,0.14583333333333337,0.024949638162595555,0.19735,0.3875,0.12083333333333335,0.0204936914412433,0.624619510581802,0.8405458059351959,0.15784881628339242,0.031349515785773635,0.6246881916096501,0.8405458059351959,0.15452635275609017,0.0316988021055347,0.2131819536270205,0.5805199376632101,0.23247015281428354,0.048058485058196605,0.2144,0.6416666666666667,0.30000000000000004,0.058329771319817654,2.1044251952918773,2.3711059878477556,0.24395175351086817,0.04663739780107947,1.0,1.0,0.0,0.0,0.18785714285714283,0.4642857142857143,0.32142857142857145,0.05768050638063549,0.0,0.0,0.0,0.0,0.0,0.0,0.0,0.0,0.0,0.0,0.0,0.0,0.0,0.0,0.0,0.0,0.0,0.0,0.0,0.0,stable,oscillatory
1,500,240,modular,6,0.08,0.004,0.12,14,10.0,0.72,0.22,True,static,1.0,False,False,1.0,default,reactive,default,0.4022166666666667,1.0,1.0,0.40591342844119965,0.4585833333333334,1.0,1.0,0.34491928403613503,0.1392,0.5958333333333333,0.5958333333333333,0.22448898512943666,0.5512067000899259,1.1863193262826632,1.182777235958785,0.4220296828472797,0.5415763304473074,1.1863193262826632,1.182777235958785,0.4273921891974705,0.2858287299702604,0.7426316550299608,0.7418221819188208,0.3001130216987735,0.2857166666666667,0.7958333333333333,0.7958333333333333,0.3023977334019993,2.01551054844842,2.8963851161021403,1.8114001862026745,0.6746755486239097,1.0,1.0,0.0,0.0,0.2622857142857143,1.0,1.0,0.4176245750842325,0.0,0.0,0.0,0.0,0.0,0.0,0.0,0.0,0.0,0.0,0.0,0.0,0.0,0.0,0.0,0.0,0.0,0.0,0.0,0.0,runaway,runaway
2,500,240,modular,6,0.08,0.004,0.12,14,10.0,0.72,0.22,True,static,1.0,False,False,1.0,default,reactive,default,0.4206,1.0,1.0,0.4190526034335599,0.4273333333333334,1.0,1.0,0.3395883537461201,0.15206666666666666,0.5958333333333333,0.5791666666666667,0.2253941757110073,0.536480812388412,1.1608729640074906,1.1464697195303428,0.4296055844985891,0.5355447589962246,1.1608729640074906,1.1464697195303428,0.4309405171461768,0.2844836998343021,0.7250753389913489,0.7231796539756946,0.2977638329050869,0.28306666666666674,0.7708333333333334,0.7708333333333334,0.2980311523612553,1.9910330568299792,2.88702437872888,1.7944369174282189,0.6979771076086182,1.0,1.0,0.0,0.0,0.2681428571428571,0.9642857142857143,0.9642857142857143,0.3919241128127761,0.0,0.0,0.0,0.0,0.0,0.0,0.0,0.0,0.0,0.0,0.0,0.0,0.0,0.0,0.0,0.0,0.0,0.0,0.0,0.0,runaway,runaway
3,500,240,modular,6,0.08,0.004,0.12,14,10.0,0.72,0.22,True,static,1.0,False,False,1.0,default,reactive,default,0.34523333333333334,1.0,1.0,0.3609101935077171,0.56455,1.0,1.0,0.3334500299895023,0.09021666666666667,0.5166666666666667,0.5083333333333333,0.17136882009280452,0.5435849397992725,1.1028572644473322,1.0875098760613722,0.3382622691080377,0.5379998369942269,1.1028572644473322,1.0875098760613722,0.34341652148203,0.24558334552169828,0.7174294060623975,0.7143592553938931,0.24781560700987948,0.24425000000000002,0.7708333333333334,0.7666666666666667,0.2472634812637456,2.060892028946798,2.8150346168356397,1.73628093279663,0.5697947965162375,1.0,1.0,0.0,0.0,0.19428571428571428,0.9642857142857143,0.9642857142857143,0.3587648880505995,0.0,0.0,0.0,0.0,0.0,0.0,0.0,0.0,0.0,0.0,0.0,0.0,0.0,0.0,0.0,0.0,0.0,0.0,0.0,0.0,runaway,runaway
4,500,240,modular,6,0.08,0.004,0.12,14,10.0,0.72,0.22,True,static,1.0,False,False,1.0,default,reactive,default,0.3546333333333333,1.0,1.0,0.3634444463127144,0.56225,1.0,1.0,0.3326720628319861,0.08311666666666667,0.4666666666666667,0.44166666666666665,0.15382537086651937,0.536461386512648,1.0601562005369416,1.044024147464819,0.33440699466379636,0.529671958243405,1.0601562005369416,1.044024147464819,0.3393901786189899,0.24791204020860874,0.7157861364988789,0.7112163051129684,0.2504191509459846,0.24793333333333334,0.7625,0.7583333333333333,0.24947952710481966,2.0537466617715885,2.7834711823782876,1.7021044069791837,0.5710866860157878,1.0,1.0,0.0,0.0,0.164,0.8928571428571429,0.8928571428571429,0.30299848453854195,0.0,0.0,0.0,0.0,0.0,0.0,0.0,0.0,0.0,0.0,0.0,0.0,0.0,0.0,0.0,0.0,0.0,0.0,0.0,0.0,runaway,runaway
5,500,240,modular,6,0.08,0.004,0.12,14,10.0,0.72,0.22,True,static,1.0,False,False,1.0,default,reactive,default,0.41401666666666664,1.0,1.0,0.4115763966480315,0.45028333333333337,1.0,1.0,0.340711046114511,0.1357,0.5083333333333333,0.5083333333333333,0.20340527142737586,0.5246471328962116,1.0764711030924041,1.0748248705908447,0.40510588341188625,0.5240085245307206,1.0764711030924041,1.0748248705908447,0.40668229415542795,0.2740523931494418,0.7101934655282616,0.7093243097308262,0.2872702864835331,0.27193333333333336,0.7708333333333334,0.75,0.2845057331974563,1.972346507095318,2.7838963554104783,1.7171899932468213,0.6680914502303508,1.0,1.0,0.0,0.0,0.28771428571428564,1.0,1.0,0.4225965413188966,0.0,0.0,0.0,0.0,0.0,0.0,0.0,0.0,0.0,0.0,0.0,0.0,0.0,0.0,0.0,0.0,0.0,0.0,0.0,0.0,runaway,runaway
6,500,240,modular,6,0.08,0.004,0.12,14,10.0,0.72,0.22,True,static,1.0,False,False,1.0,default,reactive,default,0.39361666666666667,1.0,1.0,0.4050516294251882,0.47380000000000005,1.0,1.0,0.34390014539107133,0.13258333333333333,0.5541666666666667,0.5541666666666667,0.20948231495230757,0.5403123309419545,1.126376196134351,1.1183789610098884,0.40354993284796237,0.5340364070442414,1.126376196134351,1.1183789610098884,0.40790659834284476,0.27334175336885336,0.7197710872351462,0.7182139243668486,0.28528111343859497,0.2715833333333333,0.7833333333333333,0.7708333333333334,0.2871080540880423,2.010374966799452,2.8413562990805183,1.7578090917398386,0.6607009853392739,1.0,1.0,0.0,0.0,0.252,0.9642857142857143,0.9642857142857143,0.3910035231325171,0.0,0.0,0.0,0.0,0.0,0.0,0.0,0.0,0.0,0.0,0.0,0.0,0.0,0.0,0.0,0.0,0.0,0.0,0.0,0.0,runaway,runaway
7,500,240,modular,6,0.08,0.004,0.12,14,10.0,0.72,0.22,True,static,1.0,False,False,1.0,default,reactive,default,0.34468333333333334,1.0,1.0,0.359453863907147,0.5869500000000001,1.0,1.0,0.33860750836657805,0.06836666666666667,0.5083333333333333,0.48333333333333334,0.14593339043702247,0.5440567403986417,1.1110159903930097,1.0838928517201876,0.32531674842755287,0.5259356030133581,1.1110159903930097,1.0838928517201876,0.3361506643194535,0.24901488248461862,0.7403205380046145,0.7352535652070407,0.2514468818457108,0.25095,0.7958333333333333,0.7791666666666667,0.2537269425758504,2.052936940922803,2.8270981649194957,1.708955412140234,0.5495637468537726,1.0,1.0,0.0,0.0,0.137,0.9642857142857143,0.9642857142857143,0.296409431395845,0.0,0.0,0.0,0.0,0.0,0.0,0.0,0.0,0.0,0.0,0.0,0.0,0.0,0.0,0.0,0.0,0.0,0.0,0.0,0.0,runaway,runaway
8,500,240,modular,6,0.08,0.004,0.12,14,10.0,0.72,0.22,True,static,1.0,False,False,1.0,default,reactive,default,0.43721666666666664,1.0,1.0,0.4186144344408375,0.42538333333333334,1.0,1.0,0.33777549291076625,0.1374,0.5,0.5,0.1972755151783639,0.5226365391272381,1.0885990710433824,1.082778259832891,0.42156167415183116,0.5185108023115863,1.0885990710433824,1.082778259832891,0.424195825822844,0.29128565077419305,0.7276753352988432,0.7260536700410999,0.3045753187766474,0.29156666666666664,0.7916666666666666,0.7791666666666667,0.30672846478784965,1.9292411434648948,2.7455277734703643,1.6809237393836567,0.6740101102907531,1.0,1.0,0.0,0.0,0.2664285714285714,0.9285714285714286,0.9285714285714286,0.3816458717562283,0.0,0.0,0.0,0.0,0.0,0.0,0.0,0.0,0.0,0.0,0.0,0.0,0.0,0.0,0.0,0.0,0.0,0.0,0.0,0.0,runaway,runaway
9,500,240,modular,6,0.08,0.004,0.12,14,10.0,0.72,0.22,True,static,1.0,False,False,1.0,default,reactive,default,0.4183,1.0,1.0,0.4175906075997825,0.43465000000000004,1.0,1.0,0.3399117569311188,0.14705000000000001,0.5541666666666667,0.5458333333333333,0.2213462100922946,0.5379285831152475,1.1439615619966028,1.1304683792370298,0.42823828721981017,0.5366439246077979,1.1439615619966028,1.1304683792370298,0.42975396336775373,0.2871708903927572,0.7296810681753206,0.7276342419747541,0.3008948720788953,0.28648333333333337,0.8041666666666667,0.7625,0.30148061896432266,2.00808009226386,2.888344127790048,1.7825998871770643,0.6978344110709543,1.0,1.0,0.0,0.0,0.26771428571428574,0.8928571428571429,0.8928571428571429,0.39262652971587986,0.0,0.0,0.0,0.0,0.0,0.0,0.0,0.0,0.0,0.0,0.0,0.0,0.0,0.0,0.0,0.0,0.0,0.0,0.0,0.0,runaway,runaway
10,500,240,modular,6,0.08,0.004,0.12,14,10.0,0.72,0.22,True,static,1.0,False,False,1.0,default,reactive,default,0.34285000000000004,1.0,1.0,0.355225753336288,0.5898833333333334,1.0,1.0,0.33604430966102605,0.06726666666666667,0.48333333333333334,0.4708333333333333,0.14009292947500557,0.5423019875095709,1.0805335996067869,1.0805335996067869,0.32007029731555053,0.5241475096459745,1.0805335996067869,1.0805335996067869,0.3314684111416514,0.24663726244331258,0.7309787987771688,0.7304186463334954,0.24566258254270967,0.24581666666666668,0.775,0.7666666666666667,0.24583149660330797,2.0451004922491687,2.765832481201378,1.6906340454402415,0.5416368383070992,1.0,1.0,0.0,0.0,0.11257142857142857,0.7857142857142857,0.7857142857142857,0.2350230557513324,0.0,0.0,0.0,0.0,0.0,0.0,0.0,0.0,0.0,0.0,0.0,0.0,0.0,0.0,0.0,0.0,0.0,0.0,0.0,0.0,runaway,runaway
11,500,240,modular,6,0.08,0.004,0.12,14,10.0,0.72,0.22,True,static,1.0,False,False,1.0,default,reactive,default,0.38676666666666665,1.0,1.0,0.39643150031808067,0.48638333333333333,1.0,1.0,0.3439184985008964,0.12685,0.5541666666666667,0.5541666666666667,0.21050661707731028,0.5443764155100516,1.134470917255215,1.1332386274570188,0.39711538379645467,0.5404547925925396,1.134470917255215,1.1332386274570188,0.40014688900521644,0.2711471427720314,0.726489877017972,0.7257988027845682,0.28251716964965035,0.26813333333333333,0.775,0.7541666666666667,0.2792026126111446,2.0178481330725457,2.846498771240131,1.7728977368796721,0.6474604971078656,1.0,1.0,0.0,0.0,0.22971428571428573,0.9642857142857143,0.9642857142857143,0.3728362336775453,0.0,0.0,0.0,0.0,0.0,0.0,0.0,0.0,0.0,0.0,0.0,0.0,0.0,0.0,0.0,0.0,0.0,0.0,0.0,0.0,runaway,runaway
12,500,240,modular,6,0.08,0.004,0.12,14,10.0,0.72,0.22,True,static,1.0,False,False,1.0,default,reactive,default,0.3435,1.0,1.0,0.3521035595768192,0.5761333333333333,1.0,1.0,0.3298197639115441,0.08036666666666667,0.525,0.525,0.1615951869470265,0.5451197630664774,1.1202637622221778,1.1202637622221778,0.32911933731927423,0.535947846610431,1.1202637622221778,1.1202637622221778,0.3359647674290747,0.24698453097518636,0.7300241123936904,0.7294695445865645,0.24930510331568542,0.2475,0.7958333333333333,0.7583333333333333,0.2513402961016089,2.027958426829496,2.7926879806998333,1.7315293415818733,0.5426728683213246,1.0,1.0,0.0,0.0,0.16,0.9285714285714286,0.9285714285714286,0.31668241994471497,0.0,0.0,0.0,0.0,0.0,0.0,0.0,0.0,0.0,0.0,0.0,0.0,0.0,0.0,0.0,0.0,0.0,0.0,0.0,0.0,runaway,runaway
13,500,240,modular,6,0.08,0.004,0.12,14,10.0,0.72,0.22,True,static,1.0,False,False,1.0,default,reactive,default,0.41440000000000005,1.0,1.0,0.41216821808577137,0.44026666666666664,1.0,1.0,0.3425597855362866,0.14533333333333334,0.6083333333333333,0.5958333333333333,0.2248114024391705,0.5431432211201789,1.1733306688648837,1.170374921147647,0.42656129902212475,0.5338264207468613,1.1733306688648837,1.170374921147647,0.4319667243555021,0.28682339801686746,0.7377546819193443,0.7369631784808816,0.3017918236133924,0.28953333333333336,0.7958333333333333,0.7916666666666666,0.30402010898403853,2.029338730834755,2.9240179054748454,1.8328675373047891,0.6959691264212101,1.0,1.0,0.0,0.0,0.2638571428571429,1.0,1.0,0.39915321082797983,0.0,0.0,0.0,0.0,0.0,0.0,0.0,0.0,0.0,0.0,0.0,0.0,0.0,0.0,0.0,0.0,0.0,0.0,0.0,0.0,runaway,runaway
14,500,240,modular,6,0.08,0.004,0.12,14,10.0,0.72,0.22,True,static,1.0,False,False,1.0,default,reactive,default,0.3310666666666666,1.0,1.0,0.34709648994671977,0.5942666666666666,1.0,1.0,0.3263998331971251,0.07466666666666666,0.4875,0.48333333333333334,0.15009034316407938,0.5440940246880115,1.0713144956837652,1.0506602820496864,0.3147536252159277,0.5296107645664574,1.0713144956837652,1.0506602820496864,0.3250596173141342,0.23734194691654614,0.7151804547870857,0.7099138720296684,0.23850366216197444,0.23903333333333332,0.775,0.775,0.2413938321958998,2.0373948031539495,2.7519546397949886,1.6628073161121182,0.5300072093475651,1.0,1.0,0.0,0.0,0.17842857142857144,1.0,1.0,0.3495550816424227,0.0,0.0,0.0,0.0,0.0,0.0,0.0,0.0,0.0,0.0,0.0,0.0,0.0,0.0,0.0,0.0,0.0,0.0,0.0,0.0,runaway,runaway
15,500,240,modular,6,0.08,0.004,0.12,14,10.0,0.72,0.22,True,static,1.0,False,False,1.0,default,reactive,default,0.33598333333333336,1.0,1.0,0.3488285829426508,0.5936333333333335,1.0,1.0,0.3262621117377186,0.07038333333333333,0.4875,0.4666666666666667,0.14371994468409735,0.5388951152571453,1.075762926705371,1.0581000933633906,0.3148358138683962,0.5322666896799602,1.075762926705371,1.0581000933633906,0.3204084937773708,0.23699227262474296,0.7168008777318372,0.7124332594991728,0.2374136274095208,0.23846666666666666,0.7666666666666667,0.7541666666666667,0.23828416509145825,2.063353623876394,2.7982572373258936,1.7019988705928277,0.5379790841952404,1.0,1.0,0.0,0.0,0.13128571428571428,0.8571428571428571,0.8571428571428571,0.26846840729271243,0.0,0.0,0.0,0.0,0.0,0.0,0.0,0.0,0.0,0.0,0.0,0.0,0.0,0.0,0.0,0.0,0.0,0.0,0.0,0.0,runaway,runaway
16,500,240,modular,6,0.08,0.004,0.12,14,10.0,0.72,0.22,True,static,1.0,False,False,1.0,default,reactive,default,0.3591,1.0,1.0,0.363363677631959,0.5623333333333334,1.0,1.0,0.33275946434490955,0.07856666666666666,0.43333333333333335,0.42916666666666664,0.14566676582757876,0.5347819275355329,1.0454572871030743,1.0454572871030743,0.3339247431767033,0.5233249868273459,1.0454572871030743,1.0454572871030743,0.3417485754768228,0.2528460846502482,0.720666613761605,0.7201082243084391,0.2564006091992074,0.2541,0.7875,0.7375,0.25611411519086563,2.063492684588334,2.7963364105269415,1.704318430353137,0.5724001322268856,1.0,1.0,0.0,0.0,0.17,0.8571428571428571,0.8571428571428571,0.3130788516443402,0.0,0.0,0.0,0.0,0.0,0.0,0.0,0.0,0.0,0.0,0.0,0.0,0.0,0.0,0.0,0.0,0.0,0.0,0.0,0.0,oscillatory,runaway
17,500,240,modular,6,0.08,0.004,0.12,14,10.0,0.72,0.22,True,static,1.0,False,False,1.0,default,reactive,default,0.24266666666666667,1.0,1.0,0.24879984146118564,0.7313999999999999,1.0,1.0,0.24706473735530218,0.02593333333333333,0.3375,0.325,0.07283993867835603,0.5602371323130071,0.9342850309518514,0.9127824961097105,0.19688104768844802,0.5454726233523481,0.9342850309518514,0.9127824961097105,0.2156254683532373,0.18631446146791386,0.6454156326231714,0.6290196580585139,0.14813661408979484,0.18548333333333333,0.6916666666666667,0.6416666666666667,0.1487429820940209,2.1853422788645784,2.682484994501118,1.5709957138127715,0.3675175632756731,1.0,1.0,0.0,0.0,0.05285714285714286,0.7142857142857143,0.6785714285714286,0.15031259944203085,0.0,0.0,0.0,0.0,0.0,0.0,0.0,0.0,0.0,0.0,0.0,0.0,0.0,0.0,0.0,0.0,0.0,0.0,0.0,0.0,oscillatory,oscillatory
18,500,240,modular,6,0.08,0.004,0.12,14,10.0,0.72,0.22,True,static,1.0,False,False,1.0,default,reactive,default,0.3105,1.0,1.0,0.319657412101004,0.6411333333333332,1.0,1.0,0.3058376366636389,0.04836666666666667,0.44583333333333336,0.4125,0.11190260646353745,0.5489693658248866,1.066356798183043,1.0361514260278049,0.2791027743255551,0.5343239145711609,1.066356798183043,1.0361514260278049,0.2912089813801218,0.23018564919537357,0.7258025315146117,0.7175542929379176,0.2198557978927548,0.22951666666666667,0.7875,0.7791666666666667,0.2194901345543044,2.076093819196625,2.761351241514226,1.6644820377046463,0.47977593925639206,1.0,1.0,0.0,0.0,0.10328571428571429,0.8928571428571429,0.8571428571428571,0.24786932864239705,0.0,0.0,0.0,0.0,0.0,0.0,0.0,0.0,0.0,0.0,0.0,0.0,0.0,0.0,0.0,0.0,0.0,0.0,0.0,0.0,oscillatory,runaway
19,500,240,modular,6,0.08,0.004,0.12,14,10.0,0.72,0.22,True,static,1.0,False,False,1.0,default,reactive,default,0.3178,1.0,1.0,0.32936444522409786,0.61465,1.0,1.0,0.3174832055925688,0.06755,0.49583333333333335,0.49166666666666664,0.14684689778435528,0.5477937066204779,1.0720513054801535,1.0687514933896767,0.2967898015327724,0.5387723642015563,1.0720513054801535,1.0687514933896767,0.30443787348947926,0.23004535573113963,0.714235954924936,0.7129994965111405,0.22561546203984406,0.23026666666666665,0.7583333333333333,0.75,0.2270007611343089,2.099965592425549,2.808139700242295,1.7149721328101202,0.5110802600903436,1.0,1.0,0.0,0.0,0.1412857142857143,0.9285714285714286,0.9285714285714286,0.3009552478766399,0.0,0.0,0.0,0.0,0.0,0.0,0.0,0.0,0.0,0.0,0.0,0.0,0.0,0.0,0.0,0.0,0.0,0.0,0.0,0.0,runaway,runaway
20,500,240,modular,6,0.08,0.004,0.12,14,10.0,0.72,0.22,True,static,1.0,False,False,1.0,default,reactive,default,0.4021833333333334,1.0,1.0,0.3990805714389013,0.47381666666666666,1.0,1.0,0.34218485460672016,0.124,0.5416666666666666,0.5291666666666667,0.20099018770963809,0.536917912711107,1.1229051983226226,1.1135156000244641,0.3997056549707076,0.5358630920260923,1.1229051983226226,1.1135156000244641,0.40147945877533536,0.27797046820851334,0.7326474847255338,0.7308325765492133,0.2877131566868467,0.27698333333333336,0.8041666666666667,0.775,0.28855366774079766,1.9838995736611154,2.805306452038286,1.7358151088062141,0.6443862330435909,1.0,1.0,0.0,0.0,0.22871428571428573,0.9642857142857143,0.9642857142857143,0.36937755144324086,0.0,0.0,0.0,0.0,0.0,0.0,0.0,0.0,0.0,0.0,0.0,0.0,0.0,0.0,0.0,0.0,0.0,0.0,0.0,0.0,runaway,runaway
21,500,240,modular,6,0.08,0.004,0.12,14,10.0,0.72,0.22,True,static,1.0,False,False,1.0,default,reactive,default,0.3728333333333333,1.0,1.0,0.3869176986848179,0.5266,1.0,1.0,0.3423510560164165,0.10056666666666667,0.5125,0.49583333333333335,0.17384806904625402,0.5388174369998469,1.1101339666894334,1.1002872941565918,0.3699117349342976,0.5262992856601306,1.1101339666894334,1.1002872941565918,0.3771114926986464,0.2642302141804622,0.7274756473502157,0.7254334418866201,0.27495208733107673,0.26625,0.8083333333333333,0.7875,0.27803158543589973,2.033998641630711,2.834718088579292,1.7508472666499493,0.6162929209673653,1.0,1.0,0.0,0.0,0.21885714285714286,1.0,1.0,0.37674697837445986,0.0,0.0,0.0,0.0,0.0,0.0,0.0,0.0,0.0,0.0,0.0,0.0,0.0,0.0,0.0,0.0,0.0,0.0,0.0,0.0,runaway,runaway
22,500,240,modular,6,0.08,0.004,0.12,14,10.0,0.72,0.22,True,static,1.0,False,False,1.0,default,reactive,default,0.35248333333333337,1.0,1.0,0.367565772270004,0.5524833333333333,1.0,1.0,0.33824569842054164,0.09503333333333333,0.5416666666666666,0.5333333333333333,0.17622326117110015,0.5381232063498294,1.0885327939212646,1.0806056660429824,0.3428321221996502,0.532165128092216,1.0885327939212646,1.0806056660429824,0.3476862869446236,0.24451504806914248,0.7112954901719702,0.709318226841206,0.24924850867454376,0.24478333333333332,0.7708333333333334,0.7541666666666667,0.2520082014758867,2.0530495457174154,2.815950941529349,1.7282928331769645,0.5819022523910976,1.0,1.0,0.0,0.0,0.18457142857142858,1.0,1.0,0.3433102957728962,0.0,0.0,0.0,0.0,0.0,0.0,0.0,0.0,0.0,0.0,0.0,0.0,0.0,0.0,0.0,0.0,0.0,0.0,0.0,0.0,runaway,runaway
23,500,240,modular,6,0.08,0.004,0.12,14,10.0,0.72,0.22,True,static,1.0,False,False,1.0,default,reactive,default,0.40251666666666663,1.0,1.0,0.41236561750466055,0.46223333333333333,1.0,1.0,0.3434939931546596,0.13525,0.5291666666666667,0.5125,0.20539394735753805,0.5317412146022612,1.0989912117631762,1.0873181980909843,0.40590605020814946,0.5281009529507463,1.0989912117631762,1.0873181980909843,0.4085845469160839,0.2738747456252992,0.7119841748286914,0.7094982555848374,0.2867164510782057,0.2697333333333333,0.7875,0.75,0.2845194017988931,2.031261430071056,2.879530379159934,1.7723137381160519,0.6836110378989497,1.0,1.0,0.0,0.0,0.26142857142857145,0.9285714285714286,0.9285714285714286,0.38872108462579313,0.0,0.0,0.0,0.0,0.0,0.0,0.0,0.0,0.0,0.0,0.0,0.0,0.0,0.0,0.0,0.0,0.0,0.0,0.0,0.0,runaway,runaway
24,500,240,modular,6,0.08,0.004,0.12,14,10.0,0.72,0.22,True,static,1.0,False,False,1.0,default,reactive,default,0.4283166666666667,1.0,1.0,0.41189489253934675,0.46851666666666664,1.0,1.0,0.3551020702245733,0.10316666666666667,0.45416666666666666,0.43333333333333335,0.16182071698161657,0.5106845602318967,1.0638715447178875,1.0484374986274925,0.3928701837906743,0.504956157708178,1.0638715447178875,1.0484374986274925,0.39512019879617294,0.28172388325117687,0.7348097262798269,0.7304489342435381,0.29167562071922487,0.28153333333333336,0.7875,0.7833333333333333,0.2927192132023072,1.9621111281594386,2.755277250175214,1.6595768664053452,0.6522813170797467,1.0,1.0,0.0,0.0,0.21771428571428572,0.8928571428571429,0.8928571428571429,0.3453015245508523,0.0,0.0,0.0,0.0,0.0,0.0,0.0,0.0,0.0,0.0,0.0,0.0,0.0,0.0,0.0,0.0,0.0,0.0,0.0,0.0,runaway,runaway
25,500,240,modular,6,0.08,0.004,0.12,14,10.0,0.72,0.22,True,static,1.0,False,False,1.0,default,reactive,default,0.37260000000000004,1.0,1.0,0.376296744604574,0.5288333333333334,1.0,1.0,0.3405736989910472,0.09856666666666666,0.5416666666666666,0.5166666666666667,0.17737170950671172,0.5398369094389371,1.123133943352524,1.1150586047836843,0.36118562967678147,0.5253758978344738,1.123133943352524,1.1150586047836843,0.36990060840178846,0.26126936811326934,0.7339383667364933,0.7323061112814422,0.271447263748163,0.2620166666666667,0.775,0.7625,0.2717473852475657,2.0277771711157633,2.8180526984968686,1.7406397434949827,0.5965972783597692,1.0,1.0,0.0,0.0,0.20885714285714285,0.9642857142857143,0.9642857142857143,0.37093527682310934,0.0,0.0,0.0,0.0,0.0,0.0,0.0,0.0,0.0,0.0,0.0,0.0,0.0,0.0,0.0,0.0,0.0,0.0,0.0,0.0,runaway,runaway
26,500,240,modular,6,0.08,0.004,0.12,14,10.0,0.72,0.22,True,static,1.0,False,False,1.0,default,reactive,default,0.4274666666666667,1.0,1.0,0.42054977113297776,0.4090666666666667,1.0,1.0,0.3401601191595903,0.16346666666666668,0.6333333333333333,0.6291666666666667,0.2449255192910694,0.5494141033123476,1.197378020235054,1.197378020235054,0.4482395774696661,0.5443375450391843,1.197378020235054,1.197378020235054,0.45149283556408204,0.2934800922123809,0.7382687477421578,0.7377133248551675,0.3085848797809836,0.29718333333333335,0.8125,0.8125,0.31317291505208783,1.9850554049547795,2.888898806532767,1.8239236885535113,0.7056699729210183,1.0,1.0,0.0,0.0,0.29442857142857143,1.0,1.0,0.43154986469038054,0.0,0.0,0.0,0.0,0.0,0.0,0.0,0.0,0.0,0.0,0.0,0.0,0.0,0.0,0.0,0.0,0.0,0.0,0.0,0.0,runaway,runaway
27,500,240,modular,6,0.08,0.004,0.12,14,10.0,0.72,0.22,True,static,1.0,False,False,1.0,default,reactive,default,0.357,1.0,1.0,0.3589903279415137,0.5595666666666667,1.0,1.0,0.3336361224781007,0.08343333333333333,0.5125,0.49583333333333335,0.15992008768270624,0.5360459961629562,1.083384134474163,1.0735348938228197,0.33210449190224445,0.5272370290351266,1.083384134474163,1.0735348938228197,0.3386514553732736,0.24734306725740232,0.7236581426851686,0.7211815239074405,0.25000647605581144,0.24758333333333335,0.775,0.7625,0.25031992030200073,2.038743554415495,2.8024790106436774,1.7272162780382228,0.5605083047297259,1.0,1.0,0.0,0.0,0.17142857142857143,0.9642857142857143,0.9642857142857143,0.32934691095424296,0.0,0.0,0.0,0.0,0.0,0.0,0.0,0.0,0.0,0.0,0.0,0.0,0.0,0.0,0.0,0.0,0.0,0.0,0.0,0.0,runaway,runaway
28,500,240,modular,6,0.08,0.004,0.12,14,10.0,0.72,0.22,True,static,1.0,False,False,1.0,default,reactive,default,0.4026666666666667,1.0,1.0,0.401565305329587,0.48318333333333335,1.0,1.0,0.3424536339256585,0.11415,0.4666666666666667,0.4666666666666667,0.17641999209588213,0.5207912874782388,1.050926647145369,1.0441897527018869,0.382612385562789,0.5170900173584771,1.050926647145369,1.0441897527018869,0.38554695623758234,0.26849111752710075,0.7082258651904088,0.705942425480689,0.277927880950566,0.26855,0.7708333333333334,0.7625,0.2776025741355196,2.0039820806814372,2.794607241904535,1.706660956532206,0.6470475940263618,1.0,1.0,0.0,0.0,0.2758571428571429,1.0,1.0,0.42311982671000187,0.0,0.0,0.0,0.0,0.0,0.0,0.0,0.0,0.0,0.0,0.0,0.0,0.0,0.0,0.0,0.0,0.0,0.0,0.0,0.0,runaway,runaway
29,500,240,modular,6,0.08,0.004,0.12,14,10.0,0.72,0.22,True,static,1.0,False,False,1.0,default,reactive,default,0.34656666666666675,1.0,1.0,0.3507551631044716,0.5814333333333334,1.0,1.0,0.33187389003790113,0.072,0.5458333333333333,0.5333333333333333,0.15649156881797535,0.5418983972851145,1.1357570910132155,1.1169709564183035,0.32631507711869573,0.5363982967371671,1.1357570910132155,1.1169709564183035,0.3303787713688182,0.24997572530138015,0.7410582706921472,0.7381450312148532,0.2524832774441915,0.25256666666666666,0.8041666666666667,0.8,0.25545481444322443,2.0287000655097374,2.8231290458773097,1.7222092582330335,0.539481599676517,1.0,1.0,0.0,0.0,0.13971428571428574,0.9285714285714286,0.9285714285714286,0.30639496985267306,0.0,0.0,0.0,0.0,0.0,0.0,0.0,0.0,0.0,0.0,0.0,0.0,0.0,0.0,0.0,0.0,0.0,0.0,0.0,0.0,runaway,runaway
30,500,240,modular,6,0.08,0.004,0.12,14,10.0,0.72,0.22,True,static,1.0,False,False,1.0,default,reactive,default,0.3390333333333333,1.0,1.0,0.3502370371937014,0.5855166666666667,1.0,1.0,0.32779083312041807,0.07544999999999999,0.5,0.4791666666666667,0.15008194150752002,0.5426186364754274,1.0777063399297238,1.0682775890104843,0.3198462129872835,0.5315994632437454,1.0777063399297238,1.0682775890104843,0.3287564790112657,0.24502393906107586,0.7217132371543543,0.7192241746561063,0.24536913044522138,0.24638333333333332,0.7791666666666667,0.7541666666666667,0.24914919726942733,2.058639618915213,2.7895448861521186,1.7035301413801724,0.5419923056841963,1.0,1.0,0.0,0.0,0.12228571428571428,0.7857142857142857,0.7857142857142857,0.24389542757468152,0.0,0.0,0.0,0.0,0.0,0.0,0.0,0.0,0.0,0.0,0.0,0.0,0.0,0.0,0.0,0.0,0.0,0.0,0.0,0.0,runaway,runaway
31,500,240,modular,6,0.08,0.004,0.12,14,10.0,0.72,0.22,True,static,1.0,False,False,1.0,default,reactive,default,0.38406666666666667,1.0,1.0,0.38502040494267603,0.5185666666666666,1.0,1.0,0.348086038214692,0.09736666666666667,0.5166666666666667,0.5166666666666667,0.17522131719628178,0.5360947675044021,1.12149047360749,1.117124773000238,0.3688277071044358,0.5243164696465246,1.12149047360749,1.117124773000238,0.37600345748313746,0.2678425487011376,0.7404731914411303,0.739325592406694,0.27572010536215363,0.26923333333333327,0.8,0.7958333333333333,0.2762674247898221,1.991297578077887,2.7926387725265225,1.720124233220745,0.6026102639429223,1.0,1.0,0.0,0.0,0.2102857142857143,1.0,1.0,0.37415799347552714,0.0,0.0,0.0,0.0,0.0,0.0,0.0,0.0,0.0,0.0,0.0,0.0,0.0,0.0,0.0,0.0,0.0,0.0,0.0,0.0,runaway,runaway
32,500,240,modular,6,0.08,0.004,0.12,14,10.0,0.72,0.22,True,static,1.0,False,False,1.0,default,reactive,default,0.3379,1.0,1.0,0.3577044574629856,0.5789666666666667,1.0,1.0,0.33073292178970565,0.08313333333333332,0.5458333333333333,0.5375,0.16706565243107938,0.5435013715243074,1.1208300718175417,1.1208300718175417,0.3323665765894133,0.540620292085488,1.1208300718175417,1.1208300718175417,0.3360517421947355,0.2415570377166658,0.7214638081550968,0.7209157987644194,0.24232217372213172,0.24321666666666664,0.775,0.7625,0.2442673859387154,2.0719970667220933,2.8719245356318894,1.7933225172704994,0.5651637276352863,1.0,1.0,0.0,0.0,0.17257142857142857,0.9642857142857143,0.9642857142857143,0.33770642968865905,0.0,0.0,0.0,0.0,0.0,0.0,0.0,0.0,0.0,0.0,0.0,0.0,0.0,0.0,0.0,0.0,0.0,0.0,0.0,0.0,runaway,runaway
33,500,240,modular,6,0.08,0.004,0.12,14,10.0,0.72,0.22,True,static,1.0,False,False,1.0,default,reactive,default,0.33376666666666666,1.0,1.0,0.3435607353713298,0.594,1.0,1.0,0.3235726777368228,0.07223333333333333,0.5041666666666667,0.49583333333333335,0.14929086449686804,0.5447299427745981,1.0791985771196222,1.0777018113206946,0.3141176176891482,0.5328845316675725,1.0791985771196222,1.0777018113206946,0.3231227014051883,0.23859613771320182,0.7215499344524413,0.7207052566948113,0.2392731846294526,0.2414,0.8,0.7541666666666667,0.24102082897542276,2.058450831136825,2.782493383454038,1.7055405271853095,0.5298805691179421,1.0,1.0,0.0,0.0,0.15528571428571428,1.0,1.0,0.3236488712118964,0.0,0.0,0.0,0.0,0.0,0.0,0.0,0.0,0.0,0.0,0.0,0.0,0.0,0.0,0.0,0.0,0.0,0.0,0.0,0.0,runaway,runaway
34,500,240,modular,6,0.08,0.004,0.12,14,10.0,0.72,0.22,True,static,1.0,False,False,1.0,default,reactive,default,0.43699999999999994,1.0,1.0,0.4221905836099248,0.4095,1.0,1.0,0.33542597295578247,0.1535,0.5583333333333333,0.5583333333333333,0.21778231996396974,0.5330207902463621,1.1410922094401614,1.1410922094401614,0.436973984519861,0.5263887196591561,1.1410922094401614,1.1410922094401614,0.44065280795407585,0.2942073253282988,0.7302589040926176,0.729706029133318,0.30912803885196305,0.2939833333333334,0.8,0.8,0.31067351968478635,1.9812390735979244,2.851180094387211,1.7761693096613673,0.7067390866608819,1.0,1.0,0.0,0.0,0.287,1.0,0.9642857142857143,0.40363574708706185,0.0,0.0,0.0,0.0,0.0,0.0,0.0,0.0,0.0,0.0,0.0,0.0,0.0,0.0,0.0,0.0,0.0,0.0,0.0,0.0,runaway,runaway
35,500,240,modular,6,0.08,0.004,0.12,14,10.0,0.72,0.22,True,static,1.0,False,False,1.0,default,reactive,default,0.3517833333333333,1.0,1.0,0.37598696084069483,0.5463,1.0,1.0,0.3413450583923677,0.10191666666666666,0.5708333333333333,0.5541666666666667,0.18307369872995594,0.5350783646492381,1.1021199017027958,1.0984867536672984,0.348520854590201,0.5264853982601122,1.1021199017027958,1.0984867536672984,0.35497736677594977,0.23883556658471514,0.7015550739471478,0.7004643533192219,0.24771520146801257,0.23875,0.7583333333333333,0.7416666666666667,0.2475811455081164,2.0577518770098933,2.856826868534301,1.7720092616141423,0.5994474651770861,1.0,1.0,0.0,0.0,0.2077142857142857,0.9642857142857143,0.9642857142857143,0.36463244003589507,0.0,0.0,0.0,0.0,0.0,0.0,0.0,0.0,0.0,0.0,0.0,0.0,0.0,0.0,0.0,0.0,0.0,0.0,0.0,0.0,runaway,runaway
36,500,240,modular,6,0.08,0.004,0.12,14,10.0,0.72,0.22,True,static,1.0,False,False,1.0,default,reactive,default,0.4311666666666667,1.0,1.0,0.42102375229908345,0.4055666666666667,1.0,1.0,0.33583434408450047,0.16326666666666664,0.5708333333333333,0.5666666666666667,0.23094635259682664,0.5283390557116686,1.105293657139026,1.0957272143968642,0.4286975939013084,0.5239826553409473,1.105293657139026,1.0957272143968642,0.4312957428298618,0.2825505432566075,0.7104956807697617,0.7084755529980141,0.29837675082218074,0.28313333333333335,0.7791666666666667,0.7791666666666667,0.30064807592192494,1.9726654491867652,2.814864482111045,1.748086929274004,0.7022733326647558,1.0,1.0,0.0,0.0,0.31042857142857144,1.0,1.0,0.4379525880592043,0.0,0.0,0.0,0.0,0.0,0.0,0.0,0.0,0.0,0.0,0.0,0.0,0.0,0.0,0.0,0.0,0.0,0.0,0.0,0.0,runaway,runaway
37,500,240,modular,6,0.08,0.004,0.12,14,10.0,0.72,0.22,True,static,1.0,False,False,1.0,default,reactive,default,0.3174166666666666,1.0,1.0,0.32541670934698824,0.6271333333333334,1.0,1.0,0.310352450180973,0.055450000000000006,0.4875,0.4375,0.12153568406027919,0.5440176597181591,1.0815889018075806,1.0299433116538084,0.2850784872884001,0.5355690619107848,1.0815889018075806,1.0299433116538084,0.29315303331974274,0.22767857528752192,0.7210184930028174,0.7079221707540234,0.2161592758735872,0.22681666666666667,0.7666666666666667,0.7375,0.2144135211584278,2.048417995263967,2.7578919441815932,1.6323900266435556,0.48666628224390274,1.0,1.0,0.0,0.0,0.12957142857142856,0.9642857142857143,0.9285714285714286,0.2825756535867873,0.0,0.0,0.0,0.0,0.0,0.0,0.0,0.0,0.0,0.0,0.0,0.0,0.0,0.0,0.0,0.0,0.0,0.0,0.0,0.0,runaway,runaway
38,500,240,modular,6,0.08,0.004,0.12,14,10.0,0.72,0.22,True,static,1.0,False,False,1.0,default,reactive,default,0.44854999999999995,1.0,1.0,0.4292388874507993,0.4037166666666667,1.0,1.0,0.33237571653844455,0.14773333333333336,0.5125,0.48333333333333334,0.20072334747662568,0.5159824193516619,1.1164687335050358,1.0852305483130416,0.4327003784608926,0.5149665397534642,1.1164687335050358,1.0852305483130416,0.4339531714672012,0.29458147694314185,0.7261076744558074,0.7206316320097635,0.3083639377073872,0.29510000000000003,0.7875,0.7875,0.30838696110208325,1.950164222779682,2.824262881051615,1.7207110403909025,0.7092712491100212,1.0,1.0,0.0,0.0,0.2941428571428571,0.9285714285714286,0.8928571428571429,0.39278620138696313,0.0,0.0,0.0,0.0,0.0,0.0,0.0,0.0,0.0,0.0,0.0,0.0,0.0,0.0,0.0,0.0,0.0,0.0,0.0,0.0,runaway,runaway
39,500,240,modular,6,0.08,0.004,0.12,14,10.0,0.72,0.22,True,static,1.0,False,False,1.0,default,reactive,default,0.45746666666666663,1.0,1.0,0.43798268484293096,0.35545,1.0,1.0,0.31994609832491056,0.18708333333333332,0.5916666666666667,0.5875,0.24805892277172106,0.5374814888340954,1.1574513069225556,1.1560570999539435,0.472135898487499,0.5362789536222563,1.1574513069225556,1.1560570999539435,0.47343320397817046,0.30242112602629256,0.723964145345786,0.7232908479715753,0.3180551022494855,0.3020666666666666,0.7875,0.7875,0.31842325257081616,1.9520658922066518,2.847783062721812,1.7860567577389037,0.7463686615244888,1.0,1.0,0.0,0.0,0.35814285714285715,1.0,1.0,0.4603060428250149,0.0,0.0,0.0,0.0,0.0,0.0,0.0,0.0,0.0,0.0,0.0,0.0,0.0,0.0,0.0,0.0,0.0,0.0,0.0,0.0,runaway,runaway
40,500,240,modular,6,0.08,0.004,0.12,14,10.0,0.72,0.22,True,static,1.0,False,False,1.0,default,reactive,default,0.43926666666666664,1.0,1.0,0.425838148700758,0.38695,1.0,1.0,0.33203713020283343,0.17378333333333337,0.6375,0.6375,0.24826420794074294,0.5502824832955712,1.203738209733417,1.203738209733417,0.46457996729596074,0.5467866231345526,1.203738209733417,1.203738209733417,0.4671143783385255,0.30097013423740504,0.74017669792157,0.7396201270963163,0.31709679398828905,0.29986666666666667,0.8041666666666667,0.7791666666666667,0.3151934749747632,1.9891429595972008,2.8978302992849567,1.8211836448275796,0.728896210477522,1.0,1.0,0.0,0.0,0.3012857142857143,0.9642857142857143,0.9642857142857143,0.4156840686121603,0.0,0.0,0.0,0.0,0.0,0.0,0.0,0.0,0.0,0.0,0.0,0.0,0.0,0.0,0.0,0.0,0.0,0.0,0.0,0.0,runaway,runaway
41,500,240,modular,6,0.08,0.004,0.12,14,10.0,0.72,0.22,True,static,1.0,False,False,1.0,default,reactive,default,0.4034,1.0,1.0,0.40274436474435416,0.47706666666666664,1.0,1.0,0.3420023245535036,0.11953333333333332,0.4583333333333333,0.4583333333333333,0.18205151590811994,0.5223675122042921,1.048606424393427,1.0410011820371334,0.3861285460772173,0.5186443300043824,1.048606424393427,1.0410011820371334,0.3889702139523998,0.26722348095008225,0.7022383275982148,0.6996999708227853,0.27797038643597605,0.26624999999999993,0.7666666666666667,0.7666666666666667,0.27651533260683153,1.9979700329671037,2.7775515557878845,1.6901378501117958,0.6493093294077283,1.0,1.0,0.0,0.0,0.25957142857142856,0.9642857142857143,0.9285714285714286,0.39382377183875805,0.0,0.0,0.0,0.0,0.0,0.0,0.0,0.0,0.0,0.0,0.0,0.0,0.0,0.0,0.0,0.0,0.0,0.0,0.0,0.0,runaway,runaway
42,500,240,modular,6,0.08,0.004,0.12,14,10.0,0.72,0.22,True,static,1.0,False,False,1.0,default,reactive,default,0.33021666666666666,1.0,1.0,0.3494466979701228,0.5959333333333334,1.0,1.0,0.326361236464545,0.07385,0.475,0.4583333333333333,0.14639177743302387,0.5384224898276306,1.0570251955453738,1.0421402802000501,0.31268640233391143,0.5289682282980037,1.0570251955453738,1.0421402802000501,0.31981548531900805,0.23016714005095007,0.7042390193888688,0.6999586305368692,0.23062654955468845,0.23016666666666669,0.775,0.725,0.22984469394209064,2.088909294216387,2.8287897108968356,1.7201493753917976,0.5453976665351693,1.0,1.0,0.0,0.0,0.15714285714285714,0.9285714285714286,0.9285714285714286,0.305977857008627,0.0,0.0,0.0,0.0,0.0,0.0,0.0,0.0,0.0,0.0,0.0,0.0,0.0,0.0,0.0,0.0,0.0,0.0,0.0,0.0,runaway,runaway
43,500,240,modular,6,0.08,0.004,0.12,14,10.0,0.72,0.22,True,static,1.0,False,False,1.0,default,reactive,default,0.3644,1.0,1.0,0.36825583800154776,0.5454833333333333,1.0,1.0,0.3367070144964478,0.09011666666666668,0.5333333333333333,0.49583333333333335,0.16767619340065343,0.5376792484160149,1.1142338286331175,1.082074710238804,0.3475065857172593,0.5284394312139274,1.1142338286331175,1.082074710238804,0.35340612719492426,0.25379417626563144,0.7304757588550742,0.7246841452929537,0.26068513817475053,0.25543333333333335,0.8083333333333333,0.7875,0.261028800028741,2.0370350331945963,2.821423210173199,1.721004651392857,0.5806608665470958,1.0,1.0,0.0,0.0,0.18371428571428572,0.9285714285714286,0.9285714285714286,0.3342888888738149,0.0,0.0,0.0,0.0,0.0,0.0,0.0,0.0,0.0,0.0,0.0,0.0,0.0,0.0,0.0,0.0,0.0,0.0,0.0,0.0,runaway,runaway
44,500,240,modular,6,0.08,0.004,0.12,14,10.0,0.72,0.22,True,static,1.0,False,False,1.0,default,reactive,default,0.40268333333333334,1.0,1.0,0.40725139962927076,0.4561666666666666,1.0,1.0,0.343548516709552,0.14115,0.5833333333333334,0.5708333333333333,0.2205566121581184,0.5441459463053855,1.1499661428701207,1.1413885896824703,0.41438134003198457,0.5322472758880155,1.1499661428701207,1.1413885896824703,0.4211009620173076,0.2817840904225795,0.732243421213415,0.7308125632826932,0.2961819645331161,0.28091666666666665,0.7958333333333333,0.7708333333333334,0.29572379427431944,2.0335949240551954,2.892677397679551,1.8045200048532173,0.6809466431242155,1.0,1.0,0.0,0.0,0.24085714285714285,0.9642857142857143,0.9642857142857143,0.3718789577048875,0.0,0.0,0.0,0.0,0.0,0.0,0.0,0.0,0.0,0.0,0.0,0.0,0.0,0.0,0.0,0.0,0.0,0.0,0.0,0.0,runaway,runaway
45,500,240,modular,6,0.08,0.004,0.12,14,10.0,0.72,0.22,True,static,1.0,False,False,1.0,default,reactive,default,0.32426666666666665,1.0,1.0,0.33147798820836755,0.6157333333333334,1.0,1.0,0.3172189762433655,0.06,0.5041666666666667,0.4791666666666667,0.13408589701298856,0.5434527344089921,1.0868039887005272,1.0594302642636315,0.2944769445380021,0.5342607050690039,1.0868039887005272,1.0594302642636315,0.3022442530480186,0.2338902064667074,0.7253881527478107,0.7191922069858785,0.22863640832119353,0.23476666666666668,0.7875,0.7708333333333334,0.22975204267016022,2.0637417245288927,2.7812750659048686,1.6719197609323855,0.5033118052846628,1.0,1.0,0.0,0.0,0.11271428571428573,0.8928571428571429,0.8214285714285714,0.25246656679041435,0.0,0.0,0.0,0.0,0.0,0.0,0.0,0.0,0.0,0.0,0.0,0.0,0.0,0.0,0.0,0.0,0.0,0.0,0.0,0.0,runaway,runaway
46,500,240,modular,6,0.08,0.004,0.12,14,10.0,0.72,0.22,True,static,1.0,False,False,1.0,default,reactive,default,0.3923666666666667,1.0,1.0,0.3928992081663919,0.49604999999999994,1.0,1.0,0.3425091568119019,0.11158333333333334,0.5083333333333333,0.49583333333333335,0.18228467129434908,0.524542433532566,1.080498177114984,1.071675272991994,0.3735813480107134,0.5207383061952411,1.080498177114984,1.071675272991994,0.37657373986822257,0.26112001931188944,0.7145146269364847,0.7122269241078427,0.27079704230830515,0.26005,0.7583333333333333,0.7583333333333333,0.2690771992694042,1.9899199766763154,2.7939033608446726,1.7116634001575035,0.624917455241821,1.0,1.0,0.0,0.0,0.22571428571428573,0.9285714285714286,0.9285714285714286,0.3615189045780966,0.0,0.0,0.0,0.0,0.0,0.0,0.0,0.0,0.0,0.0,0.0,0.0,0.0,0.0,0.0,0.0,0.0,0.0,0.0,0.0,runaway,runaway
47,500,240,modular,6,0.08,0.004,0.12,14,10.0,0.72,0.22,True,static,1.0,False,False,1.0,default,reactive,default,0.38376666666666664,1.0,1.0,0.39305298059619853,0.5069,1.0,1.0,0.3425937033215228,0.10933333333333334,0.525,0.525,0.18523551075440273,0.5345521334939688,1.1135025289483724,1.1135025289483724,0.3805995986373379,0.5323802525071498,1.1135025289483724,1.1135025289483724,0.3823754115331984,0.264854773276849,0.7232460452343725,0.7226959369728608,0.2759286800070313,0.26558333333333334,0.7833333333333333,0.7833333333333333,0.27638767308498646,2.0136694629620515,2.821965078106794,1.7468020112454608,0.6294926778880837,1.0,1.0,0.0,0.0,0.2325714285714286,1.0,1.0,0.3878148095813416,0.0,0.0,0.0,0.0,0.0,0.0,0.0,0.0,0.0,0.0,0.0,0.0,0.0,0.0,0.0,0.0,0.0,0.0,0.0,0.0,runaway,runaway
48,500,240,modular,6,0.08,0.004,0.12,14,10.0,0.72,0.22,True,static,1.0,False,False,1.0,default,reactive,default,0.25126666666666664,1.0,1.0,0.25605051801896006,0.7229666666666666,1.0,1.0,0.25510978900160697,0.025766666666666667,0.39166666666666666,0.3541666666666667,0.07237035151066891,0.5599203563746215,0.9823210720442818,0.9324178961404611,0.20320214270835862,0.5435804981683654,0.9823210720442818,0.9324178961404611,0.22059711240422106,0.19146091146140123,0.6787583115452566,0.649742946368526,0.15439129597362045,0.19071666666666667,0.7125,0.65,0.15676769880587293,2.158182657211509,2.72270368142401,1.5670166763894415,0.37371412630699025,1.0,1.0,0.0,0.0,0.05999999999999999,0.8928571428571429,0.8214285714285714,0.17534805038981816,0.0,0.0,0.0,0.0,0.0,0.0,0.0,0.0,0.0,0.0,0.0,0.0,0.0,0.0,0.0,0.0,0.0,0.0,0.0,0.0,oscillatory,oscillatory
49,500,240,modular,6,0.08,0.004,0.12,14,10.0,0.72,0.22,True,static,1.0,False,False,1.0,default,reactive,default,0.4199833333333334,1.0,1.0,0.4152882696928056,0.4273166666666667,1.0,1.0,0.34049634073739404,0.1527,0.575,0.575,0.2299548603047515,0.5361250749429038,1.1498667260154984,1.1370581300640972,0.42777967319235966,0.5348909310787003,1.1498667260154984,1.1370581300640972,0.42920997739797406,0.2788634051483758,0.7204797791410683,0.7186176599321167,0.29470683113000845,0.2784,0.7833333333333333,0.7708333333333334,0.29380709090603424,1.9804757736147796,2.852314922013799,1.7716500940639277,0.6888909560379708,1.0,1.0,0.0,0.0,0.2771428571428572,1.0,1.0,0.4066262386506602,0.0,0.0,0.0,0.0,0.0,0.0,0.0,0.0,0.0,0.0,0.0,0.0,0.0,0.0,0.0,0.0,0.0,0.0,0.0,0.0,runaway,runaway
50,500,240,modular,6,0.08,0.004,0.12,14,10.0,0.72,0.22,True,static,1.0,False,False,1.0,default,reactive,default,0.40406666666666663,1.0,1.0,0.40307307856847335,0.48823333333333335,1.0,1.0,0.35295914305577447,0.1077,0.5291666666666667,0.5083333333333333,0.1823355849952377,0.5290156243751828,1.1310543580071948,1.1129971852942975,0.39144939323824257,0.519864850101504,1.1310543580071948,1.1129971852942975,0.3967689258787203,0.27694387935087716,0.7422454668924564,0.7393201989545406,0.2877108269345027,0.27695,0.8083333333333333,0.7916666666666666,0.2880543259911613,1.9929602840199945,2.8458080485862363,1.744365140398293,0.6442599576546783,1.0,1.0,0.0,0.0,0.2255714285714286,1.0,1.0,0.38522479522629755,0.0,0.0,0.0,0.0,0.0,0.0,0.0,0.0,0.0,0.0,0.0,0.0,0.0,0.0,0.0,0.0,0.0,0.0,0.0,0.0,runaway,runaway
1,500,240,modular,6,0.08,0.004,0.12,14,10.0,0.72,0.22,True,static,1.0,False,False,1.0,default,fixed,default,0.6477166666666667,0.8333333333333334,0.14166666666666672,0.028079653567030422,0.2728666666666667,0.36666666666666664,0.17916666666666664,0.02791910934587038,0.07941666666666668,0.15,0.11249999999999999,0.017740607843776568,0.3232985483203622,0.4190837091675709,0.1672326139607248,0.028287139789772816,0.32339957023384885,0.4190837091675709,0.1672326139607248,0.02860983220959963,0.014495887242189106,0.0352432708802539,0.02836146837423493,0.004214139245405669,0.014666666666666668,0.04583333333333333,0.04583333333333333,0.008899126049474996,1.625031139296782,1.76551236484135,0.25379196393726167,0.045521871835055044,1.0,1.0,0.0,0.0,0.07914285714285713,0.25,0.25,0.04919432520782312,0.0,0.0,0.0,0.0,0.0,0.0,0.0,0.0,0.0,0.0,0.0,0.0,0.0,0.0,0.0,0.0,0.0,0.0,0.0,0.0,stable,stable
2,500,240,modular,6,0.08,0.004,0.12,14,10.0,0.72,0.22,True,static,1.0,False,False,1.0,default,fixed,default,0.6500833333333333,0.7875,0.17916666666666659,0.03001492684204533,0.2713,0.3416666666666667,0.15,0.027839899425105688,0.07861666666666667,0.13333333333333333,0.09166666666666667,0.016224646888812918,0.3143835928677126,0.40692564952300064,0.17032152803011016,0.02967127121384626,0.31435065219708774,0.40692564952300064,0.17032152803011016,0.030411666040912562,0.013047506443686682,0.030718688383957003,0.023801275982909046,0.0040151176086364185,0.013600000000000001,0.04583333333333333,0.04583333333333333,0.008845023710790403,1.6149077434675834,1.7704306872827908,0.29570701874914884,0.047865015364281664,1.0,1.0,0.0,0.0,0.08099999999999999,0.2857142857142857,0.2857142857142857,0.0516584149653732,0.0,0.0,0.0,0.0,0.0,0.0,0.0,0.0,0.0,0.0,0.0,0.0,0.0,0.0,0.0,0.0,0.0,0.0,0.0,0.0,stable,stable
3,500,240,modular,6,0.08,0.004,0.12,14,10.0,0.72,0.22,True,static,1.0,False,False,1.0,default,fixed,default,0.6490666666666666,0.8,0.1875,0.029839217296854303,0.2683666666666667,0.37083333333333335,0.17916666666666667,0.02917664591187045,0.08256666666666665,0.12916666666666668,0.10416666666666669,0.01710168932526193,0.3182011844222907,0.40255011089379206,0.16797039630510358,0.02951335914732626,0.31757406591415416,0.40255011089379206,0.16797039630510358,0.029436572009786142,0.013419992661215966,0.02942129983007168,0.023751158455600493,0.004045507823000864,0.013316666666666666,0.05416666666666667,0.041666666666666664,0.00826386041078193,1.6286939427414084,1.7773999554364117,0.27812749975456663,0.047929486823418646,1.0,1.0,0.0,0.0,0.07785714285714283,0.25,0.25,0.04859768198049729,0.0,0.0,0.0,0.0,0.0,0.0,0.0,0.0,0.0,0.0,0.0,0.0,0.0,0.0,0.0,0.0,0.0,0.0,0.0,0.0,stable,stable
4,500,240,modular,6,0.08,0.004,0.12,14,10.0,0.72,0.22,True,static,1.0,False,False,1.0,default,fixed,default,0.6497499999999999,0.7791666666666667,0.1791666666666667,0.030718366746224576,0.2687333333333333,0.36666666666666664,0.18333333333333332,0.028575552876929998,0.08151666666666667,0.14166666666666666,0.10833333333333334,0.018520776621585463,0.3199970139479095,0.421084382237286,0.17668002063661356,0.03239163713714991,0.31928953275791294,0.421084382237286,0.17668002063661356,0.03200436748357376,0.013879797642154034,0.0354420518803987,0.029135181563938524,0.004611718352612569,0.013916666666666666,0.05,0.0375,0.008199339404285364,1.6360282662946974,1.8005383008850382,0.2739762540887878,0.05143726391346018,1.0,1.0,0.0,0.0,0.08299999999999999,0.25,0.25,0.05114784492836747,0.0,0.0,0.0,0.0,0.0,0.0,0.0,0.0,0.0,0.0,0.0,0.0,0.0,0.0,0.0,0.0,0.0,0.0,0.0,0.0,stable,stable
5,500,240,modular,6,0.08,0.004,0.12,14,10.0,0.72,0.22,True,static,1.0,False,False,1.0,default,fixed,default,0.6518333333333333,0.7666666666666667,0.19166666666666665,0.028681197867437665,0.27031666666666665,0.3541666666666667,0.15000000000000002,0.02725032619580503,0.07784999999999999,0.15,0.0875,0.01680367849939742,0.31129989663506874,0.4020205490847459,0.17090046521076813,0.028518011332504513,0.3122281718144292,0.4020205490847459,0.17090046521076813,0.028589790821731808,0.012650736404931777,0.029163048910952546,0.023462424086789092,0.003632645048526095,0.011916666666666667,0.05416666666666667,0.041666666666666664,0.007619875327064085,1.5997427971040616,1.7602162930470198,0.3037556880887402,0.04637828290943344,1.0,1.0,0.0,0.0,0.08128571428571428,0.2857142857142857,0.2857142857142857,0.05219449497909189,0.0,0.0,0.0,0.0,0.0,0.0,0.0,0.0,0.0,0.0,0.0,0.0,0.0,0.0,0.0,0.0,0.0,0.0,0.0,0.0,stable,stable
6,500,240,modular,6,0.08,0.004,0.12,14,10.0,0.72,0.22,True,static,1.0,False,False,1.0,default,fixed,default,0.6483666666666666,0.7958333333333333,0.16666666666666663,0.03289670702871845,0.2732166666666667,0.3625,0.16666666666666666,0.03079186851535104,0.07841666666666668,0.13333333333333333,0.1,0.018140845564024236,0.31556657337599237,0.41082035573031855,0.17911486073294144,0.03183413794971455,0.31560882724060263,0.41082035573031855,0.17911486073294144,0.03162038558230543,0.013232783762152863,0.031809216147233504,0.026146274387779864,0.004298154398959954,0.012399999999999998,0.041666666666666664,0.041666666666666664,0.008070247139269585,1.6139892897854702,1.7704003635204197,0.29125418233579636,0.05275325845966035,1.0,1.0,0.0,0.0,0.07899999999999999,0.25,0.21428571428571427,0.049164654634260604,0.0,0.0,0.0,0.0,0.0,0.0,0.0,0.0,0.0,0.0,0.0,0.0,0.0,0.0,0.0,0.0,0.0,0.0,0.0,0.0,stable,stable
7,500,240,modular,6,0.08,0.004,0.12,14,10.0,0.72,0.22,True,static,1.0,False,False,1.0,default,fixed,default,0.6485166666666666,0.8416666666666667,0.20416666666666672,0.033434550492965606,0.26975,0.3541666666666667,0.17500000000000002,0.03191362039422458,0.08173333333333334,0.14166666666666666,0.10416666666666666,0.018248165813460695,0.32765488692379646,0.44158527954074583,0.18675527182315366,0.033957060119222574,0.3269519720196355,0.44158527954074583,0.18675527182315366,0.03313426864090879,0.015341743114011814,0.043940078021528946,0.03325816328157903,0.005468822992385939,0.015333333333333334,0.05,0.04583333333333333,0.00969822435065077,1.6329538860994435,1.8120492852524344,0.29373448989682793,0.053321613626390534,1.0,1.0,0.0,0.0,0.08157142857142857,0.25,0.25,0.054624693526436764,0.0,0.0,0.0,0.0,0.0,0.0,0.0,0.0,0.0,0.0,0.0,0.0,0.0,0.0,0.0,0.0,0.0,0.0,0.0,0.0,stable,stable
8,500,240,modular,6,0.08,0.004,0.12,14,10.0,0.72,0.22,True,static,1.0,False,False,1.0,default,fixed,default,0.6527166666666667,0.8,0.16666666666666663,0.029996208093690774,0.2673000000000001,0.3625,0.14583333333333334,0.026737177612206314,0.07998333333333332,0.13333333333333333,0.09583333333333333,0.01781735265283694,0.31872876226195707,0.420738715021438,0.1906443540798202,0.0314547902255515,0.31885867941899404,0.420738715021438,0.1906443540798202,0.03129764061815273,0.013903847523753779,0.035625667350213025,0.02778478811388057,0.004479711920706305,0.013033333333333334,0.05,0.04583333333333333,0.008739692341394073,1.5888192954297407,1.743749585214928,0.28866317428667476,0.04869488643247454,1.0,1.0,0.0,0.0,0.07999999999999999,0.32142857142857145,0.32142857142857145,0.05089003751587679,0.0,0.0,0.0,0.0,0.0,0.0,0.0,0.0,0.0,0.0,0.0,0.0,0.0,0.0,0.0,0.0,0.0,0.0,0.0,0.0,stable,stable
9,500,240,modular,6,0.08,0.004,0.12,14,10.0,0.72,0.22,True,static,1.0,False,False,1.0,default,fixed,default,0.6503333333333332,0.7625,0.1958333333333333,0.031748140802957965,0.2693,0.35,0.17916666666666667,0.028570264261990996,0.08036666666666667,0.12916666666666668,0.09166666666666667,0.018060976963854666,0.3184287890377617,0.4039945247541838,0.17360217756485194,0.03321131005295869,0.3194701629298632,0.4039945247541838,0.17360217756485194,0.03342041876490436,0.0139669934082973,0.03012377810508596,0.0229573805508796,0.0047255647802783044,0.014033333333333333,0.041666666666666664,0.041666666666666664,0.0087881865149883,1.6305513181208242,1.769630096694282,0.3062433796583366,0.053281457854160136,1.0,1.0,0.0,0.0,0.07971428571428571,0.25,0.25,0.04992565901990107,0.0,0.0,0.0,0.0,0.0,0.0,0.0,0.0,0.0,0.0,0.0,0.0,0.0,0.0,0.0,0.0,0.0,0.0,0.0,0.0,stable,stable
10,500,240,modular,6,0.08,0.004,0.12,14,10.0,0.72,0.22,True,static,1.0,False,False,1.0,default,fixed,default,0.6505833333333333,0.7875,0.1791666666666667,0.03086496125598303,0.26863333333333334,0.3416666666666667,0.15000000000000002,0.027126637175375137,0.08078333333333333,0.12916666666666668,0.07916666666666666,0.015884487541134102,0.32267168165372756,0.4109524255622076,0.16711542973046342,0.03133821652504638,0.32293665779738634,0.4109524255622076,0.16711542973046342,0.03165202721688032,0.01456890846562176,0.03266316017469015,0.024371451341792468,0.004598573297348488,0.014516666666666666,0.058333333333333334,0.058333333333333334,0.008749746028060218,1.6244004560935257,1.7630045352305606,0.2852599297977054,0.05053491571547412,1.0,1.0,0.0,0.0,0.0797142857142857,0.25,0.25,0.049925659019901064,0.0,0.0,0.0,0.0,0.0,0.0,0.0,0.0,0.0,0.0,0.0,0.0,0.0,0.0,0.0,0.0,0.0,0.0,0.0,0.0,stable,stable
11,500,240,modular,6,0.08,0.004,0.12,14,10.0,0.72,0.22,True,static,1.0,False,False,1.0,default,fixed,default,0.6468166666666666,0.8166666666666667,0.17500000000000004,0.03241342743027614,0.27365000000000006,0.3625,0.16666666666666666,0.02953429738832841,0.07953333333333333,0.12916666666666668,0.1,0.017993177719470357,0.3188093201267574,0.4200911192195974,0.18126531649814487,0.033412740072109315,0.3199772489794651,0.4200911192195974,0.18126531649814487,0.03412531289606955,0.014036430769270563,0.0350308440537015,0.02907659213276858,0.004964216109432822,0.013833333333333336,0.05,0.05,0.008393118874676114,1.6193651540425467,1.7766654153933772,0.27051000699925565,0.05308922329319348,1.0,1.0,0.0,0.0,0.07614285714285714,0.25,0.25,0.04931386359693532,0.0,0.0,0.0,0.0,0.0,0.0,0.0,0.0,0.0,0.0,0.0,0.0,0.0,0.0,0.0,0.0,0.0,0.0,0.0,0.0,stable,stable
12,500,240,modular,6,0.08,0.004,0.12,14,10.0,0.72,0.22,True,static,1.0,False,False,1.0,default,fixed,default,0.6476000000000001,0.7708333333333334,0.17083333333333328,0.0319407611403082,0.2732833333333333,0.35,0.1708333333333333,0.02945873290629528,0.07911666666666667,0.13333333333333333,0.09166666666666667,0.01816009820090923,0.3202427150731555,0.41653546634264166,0.17802587012511661,0.03233549306242741,0.320530539877144,0.41653546634264166,0.17802587012511661,0.03263655270071818,0.01413570452521779,0.03410908184610619,0.028130396105085154,0.004651512195566022,0.01415,0.05416666666666667,0.05416666666666667,0.009645796436214528,1.6052023755360438,1.7408881999345074,0.26459566821117986,0.05105281448035623,1.0,1.0,0.0,0.0,0.07642857142857142,0.2857142857142857,0.21428571428571427,0.050005101780534675,0.0,0.0,0.0,0.0,0.0,0.0,0.0,0.0,0.0,0.0,0.0,0.0,0.0,0.0,0.0,0.0,0.0,0.0,0.0,0.0,stable,stable
13,500,240,modular,6,0.08,0.004,0.12,14,10.0,0.72,0.22,True,static,1.0,False,False,1.0,default,fixed,default,0.6495666666666667,0.8291666666666667,0.15416666666666667,0.03335342727683485,0.26935000000000003,0.35,0.16249999999999998,0.030828058107293537,0.08108333333333333,0.15833333333333333,0.125,0.018749259244626768,0.3221833291357401,0.4368955535926851,0.19329471268650517,0.033891385906801644,0.32201304537305886,0.4368955535926851,0.19329471268650517,0.033730205498330154,0.014447804380063965,0.04151171321989982,0.03520375378844291,0.005045982429010782,0.015483333333333333,0.05,0.05,0.008947516725637093,1.646494319750352,1.8015547014815434,0.26404680421428584,0.054988398677346326,1.0,1.0,0.0,0.0,0.08542857142857142,0.35714285714285715,0.35714285714285715,0.05676589950788039,0.0,0.0,0.0,0.0,0.0,0.0,0.0,0.0,0.0,0.0,0.0,0.0,0.0,0.0,0.0,0.0,0.0,0.0,0.0,0.0,stable,oscillatory
14,500,240,modular,6,0.08,0.004,0.12,14,10.0,0.72,0.22,True,static,1.0,False,False,1.0,default,fixed,default,0.6511166666666667,0.7708333333333334,0.15416666666666667,0.028933645351620203,0.27004999999999996,0.36666666666666664,0.16249999999999998,0.028018054694944276,0.07883333333333332,0.12916666666666668,0.08750000000000002,0.016262601951170737,0.31463752277677814,0.40055585738834937,0.16381461478004705,0.028787296016982676,0.3149945894797572,0.40055585738834937,0.16381461478004705,0.02836481027405701,0.013100958698117499,0.02899981371411632,0.0231793463741374,0.003720467360168965,0.012716666666666666,0.0625,0.041666666666666664,0.007575197100479374,1.5980917778477648,1.7355510225973834,0.24700133838804073,0.04614144108605605,1.0,1.0,0.0,0.0,0.07457142857142855,0.2857142857142857,0.21428571428571427,0.05030843642482048,0.0,0.0,0.0,0.0,0.0,0.0,0.0,0.0,0.0,0.0,0.0,0.0,0.0,0.0,0.0,0.0,0.0,0.0,0.0,0.0,stable,stable
15,500,240,modular,6,0.08,0.004,0.12,14,10.0,0.72,0.22,True,static,1.0,False,False,1.0,default,fixed,default,0.6480166666666667,0.7791666666666667,0.1625000000000001,0.029375864053485967,0.2714666666666667,0.37083333333333335,0.15833333333333333,0.028720666194687525,0.08051666666666667,0.15,0.11250000000000002,0.018167347082059065,0.31790349531306406,0.41543207933208026,0.16675019646479447,0.02957722100894421,0.31674845497249554,0.41543207933208026,0.16675019646479447,0.030401622964961638,0.013405929690659835,0.03347366450919749,0.02188492329963704,0.00395446673214878,0.01395,0.05416666666666667,0.041666666666666664,0.00858262132969228,1.633441883721259,1.789758690713053,0.25669321002972545,0.04847067333876176,1.0,1.0,0.0,0.0,0.08399999999999999,0.2857142857142857,0.25,0.05331002892208435,0.0,0.0,0.0,0.0,0.0,0.0,0.0,0.0,0.0,0.0,0.0,0.0,0.0,0.0,0.0,0.0,0.0,0.0,0.0,0.0,stable,stable
16,500,240,modular,6,0.08,0.004,0.12,14,10.0,0.72,0.22,True,static,1.0,False,False,1.0,default,fixed,default,0.6491166666666667,0.7875,0.16249999999999998,0.030360980989860432,0.2687833333333333,0.37916666666666665,0.16666666666666666,0.028585257466820977,0.08209999999999999,0.15,0.11249999999999999,0.01856687612090114,0.32475555344188956,0.4500602449170619,0.1731891331210305,0.031634365631453124,0.3240988922157062,0.4500602449170619,0.1731891331210305,0.03176629006876748,0.014702538679135072,0.04716106369217769,0.02931141959774389,0.004740101762552892,0.014066666666666667,0.07083333333333333,0.041666666666666664,0.008133674856217616,1.6533816546009126,1.8640177945574044,0.2964207842922706,0.05074177018486494,1.0,1.0,0.0,0.0,0.08257142857142856,0.25,0.25,0.05069234938049612,0.0,0.0,0.0,0.0,0.0,0.0,0.0,0.0,0.0,0.0,0.0,0.0,0.0,0.0,0.0,0.0,0.0,0.0,0.0,0.0,stable,stable
17,500,240,modular,6,0.08,0.004,0.12,14,10.0,0.72,0.22,True,static,1.0,False,False,1.0,default,fixed,default,0.6482666666666667,0.8166666666666667,0.15416666666666667,0.03057179164596744,0.27183333333333337,0.37083333333333335,0.15833333333333333,0.029294481846700526,0.0799,0.13333333333333333,0.09583333333333333,0.01813578414810528,0.3110742805113271,0.39514920155295774,0.15053781109342596,0.030525975259210848,0.31208035321179434,0.39514920155295774,0.15053781109342596,0.0301638107283454,0.012543615819129083,0.026956443086000773,0.020794697434236415,0.003962096184123492,0.012183333333333334,0.041666666666666664,0.041666666666666664,0.008060345319318936,1.650552606436113,1.7894869232793602,0.2588509754468551,0.04970185386961244,1.0,1.0,0.0,0.0,0.08271428571428571,0.21428571428571427,0.21428571428571427,0.05141051270242819,0.0,0.0,0.0,0.0,0.0,0.0,0.0,0.0,0.0,0.0,0.0,0.0,0.0,0.0,0.0,0.0,0.0,0.0,0.0,0.0,stable,stable
18,500,240,modular,6,0.08,0.004,0.12,14,10.0,0.72,0.22,True,static,1.0,False,False,1.0,default,fixed,default,0.6504833333333333,0.875,0.1875,0.03116002157323458,0.2707833333333334,0.35833333333333334,0.17916666666666667,0.02863681100339988,0.07873333333333332,0.13333333333333333,0.10416666666666666,0.018512938418546336,0.3200528798455464,0.44523310856740284,0.16862490929536855,0.03180826795960727,0.3187999207857488,0.44523310856740284,0.16862490929536855,0.03269833564250499,0.013988364139706139,0.045075491857099866,0.023275915408638968,0.0045017375073655285,0.013533333333333333,0.058333333333333334,0.041666666666666664,0.008774267934008954,1.6222376274501071,1.8134856712388632,0.2882555514352376,0.05153648727169382,1.0,1.0,0.0,0.0,0.081,0.25,0.25,0.05056032969409426,0.0,0.0,0.0,0.0,0.0,0.0,0.0,0.0,0.0,0.0,0.0,0.0,0.0,0.0,0.0,0.0,0.0,0.0,0.0,0.0,stable,stable
19,500,240,modular,6,0.08,0.004,0.12,14,10.0,0.72,0.22,True,static,1.0,False,False,1.0,default,fixed,default,0.6514000000000001,0.8166666666666667,0.16249999999999998,0.030907316645451807,0.26776666666666665,0.375,0.1416666666666667,0.028725927119744785,0.08083333333333334,0.1375,0.10416666666666669,0.018951692976266442,0.3157813875433223,0.4117524210099486,0.17926952271030697,0.03149943790059932,0.3151591944208224,0.4117524210099486,0.17926952271030697,0.03197103145544803,0.013234555727558057,0.03223545434864851,0.024278001320336754,0.0042258002479598775,0.013983333333333332,0.041666666666666664,0.0375,0.008737355943813259,1.638663804142599,1.7714066578719048,0.28001014250492484,0.05153430776580568,1.0,1.0,0.0,0.0,0.07985714285714286,0.2857142857142857,0.2857142857142857,0.05565362998594292,0.0,0.0,0.0,0.0,0.0,0.0,0.0,0.0,0.0,0.0,0.0,0.0,0.0,0.0,0.0,0.0,0.0,0.0,0.0,0.0,stable,stable
20,500,240,modular,6,0.08,0.004,0.12,14,10.0,0.72,0.22,True,static,1.0,False,False,1.0,default,fixed,default,0.6471666666666667,0.7833333333333333,0.16666666666666663,0.03178093418667516,0.27226666666666666,0.375,0.1875,0.02797371782385904,0.08056666666666666,0.13333333333333333,0.09583333333333333,0.018599910394049395,0.3229590027600265,0.42572607640122573,0.1866834202794843,0.033629811439828,0.3227282539314789,0.42572607640122573,0.1866834202794843,0.03270708221055205,0.01449603747188753,0.03734435851217841,0.03131519843458468,0.0048268531542537355,0.013366666666666667,0.0625,0.04583333333333333,0.008279761134504088,1.6105004189510828,1.7639163829062883,0.2704900104595529,0.052549968285446017,1.0,1.0,0.0,0.0,0.083,0.2857142857142857,0.21428571428571427,0.05094795263355555,0.0,0.0,0.0,0.0,0.0,0.0,0.0,0.0,0.0,0.0,0.0,0.0,0.0,0.0,0.0,0.0,0.0,0.0,0.0,0.0,stable,stable
21,500,240,modular,6,0.08,0.004,0.12,14,10.0,0.72,0.22,True,static,1.0,False,False,1.0,default,fixed,default,0.6482,0.7958333333333333,0.16666666666666663,0.03323249748196618,0.2712,0.3541666666666667,0.14583333333333334,0.02960159530235566,0.08059999999999999,0.14583333333333334,0.09166666666666667,0.017417296639324436,0.32151516062024943,0.43895426421455164,0.16317926003209607,0.03273443683023265,0.3213761040990729,0.43895426421455164,0.16317926003209607,0.032830048284226025,0.014251475631472343,0.042127471561287405,0.025871595870903288,0.0048149873618696095,0.014066666666666667,0.058333333333333334,0.05,0.009304479208066044,1.6310797530989463,1.8066326732750881,0.2813443932282973,0.05417570759785837,1.0,1.0,0.0,0.0,0.08214285714285714,0.2857142857142857,0.21428571428571427,0.04951293378749534,0.0,0.0,0.0,0.0,0.0,0.0,0.0,0.0,0.0,0.0,0.0,0.0,0.0,0.0,0.0,0.0,0.0,0.0,0.0,0.0,stable,stable
22,500,240,modular,6,0.08,0.004,0.12,14,10.0,0.72,0.22,True,static,1.0,False,False,1.0,default,fixed,default,0.6492833333333333,0.7583333333333333,0.1791666666666667,0.030424775174920267,0.2705833333333333,0.3458333333333333,0.14583333333333334,0.027878830080666345,0.08013333333333332,0.1375,0.09583333333333335,0.016808860097513388,0.31372247494821115,0.40502998894489844,0.18425134526634018,0.03070409996299797,0.3129203895139723,0.40502998894489844,0.18425134526634018,0.03030519440425309,0.012775120487870882,0.02996995866762883,0.025052036589799685,0.0038766430384013545,0.012533333333333334,0.04583333333333333,0.03333333333333333,0.008036306503750477,1.6260402736836406,1.7730965357541288,0.29411679552554726,0.050135770379916594,1.0,1.0,0.0,0.0,0.08028571428571428,0.2857142857142857,0.2857142857142857,0.05153877082313065,0.0,0.0,0.0,0.0,0.0,0.0,0.0,0.0,0.0,0.0,0.0,0.0,0.0,0.0,0.0,0.0,0.0,0.0,0.0,0.0,stable,stable
23,500,240,modular,6,0.08,0.004,0.12,14,10.0,0.72,0.22,True,static,1.0,False,False,1.0,default,fixed,default,0.6479666666666667,0.8333333333333334,0.16666666666666663,0.031872645882567635,0.2714333333333333,0.3625,0.1708333333333333,0.028767284659256022,0.08059999999999999,0.13333333333333333,0.1,0.017504792994428062,0.3151500984858965,0.41146454954248457,0.1906908079569403,0.03193932600856329,0.3150857378742962,0.41146454954248457,0.1906908079569403,0.0317397154122087,0.013092561595901308,0.03182803439903394,0.026917553833088817,0.004230738553388115,0.013616666666666666,0.05,0.05,0.00920840497709686,1.640970463563423,1.7905462708547368,0.2850273114919948,0.0522533828305586,1.0,1.0,0.0,0.0,0.07942857142857142,0.25,0.21428571428571427,0.04637117331150587,0.0,0.0,0.0,0.0,0.0,0.0,0.0,0.0,0.0,0.0,0.0,0.0,0.0,0.0,0.0,0.0,0.0,0.0,0.0,0.0,stable,stable
24,500,240,modular,6,0.08,0.004,0.12,14,10.0,0.72,0.22,True,static,1.0,False,False,1.0,default,fixed,default,0.6486166666666666,0.8166666666666667,0.1708333333333334,0.029370057503821434,0.2694,0.35833333333333334,0.175,0.028742651234706932,0.08198333333333332,0.15,0.10833333333333334,0.018564369995594607,0.3284513385227313,0.41569508339302136,0.16697475221973296,0.0311472437168839,0.32857314866407505,0.41569508339302136,0.16697475221973296,0.031094211726153873,0.015536585804019279,0.03452130510844573,0.027771749761588943,0.004896437591958122,0.016300000000000002,0.05,0.05,0.009661147849907783,1.6343779561117753,1.7601830721059657,0.2470911517329415,0.047641262547515884,1.0,1.0,0.0,0.0,0.07871428571428571,0.25,0.25,0.053001540216357126,0.0,0.0,0.0,0.0,0.0,0.0,0.0,0.0,0.0,0.0,0.0,0.0,0.0,0.0,0.0,0.0,0.0,0.0,0.0,0.0,stable,stable
25,500,240,modular,6,0.08,0.004,0.12,14,10.0,0.72,0.22,True,static,1.0,False,False,1.0,default,fixed,default,0.6512166666666667,0.775,0.16666666666666674,0.03223145892516261,0.2710333333333333,0.3541666666666667,0.16666666666666669,0.031560594276900285,0.07774999999999999,0.15,0.12083333333333332,0.017308676372784194,0.31853278135845303,0.4003187230549429,0.16794755204334605,0.031693688762812845,0.3182145179644027,0.4003187230549429,0.16287884018813842,0.03137428789080039,0.01382290391854054,0.029345193539579713,0.02277751633787627,0.004259827533640611,0.014100000000000001,0.058333333333333334,0.058333333333333334,0.008956437783950591,1.6198708233292214,1.7459987180988767,0.2673195626189606,0.051046720107991016,1.0,1.0,0.0,0.0,0.07328571428571427,0.25,0.21428571428571427,0.047612594800887184,0.0,0.0,0.0,0.0,0.0,0.0,0.0,0.0,0.0,0.0,0.0,0.0,0.0,0.0,0.0,0.0,0.0,0.0,0.0,0.0,stable,oscillatory
26,500,240,modular,6,0.08,0.004,0.12,14,10.0,0.72,0.22,True,static,1.0,False,False,1.0,default,fixed,default,0.6522833333333334,0.8375,0.18333333333333335,0.030661598313054574,0.2673666666666667,0.3458333333333333,0.15833333333333333,0.026086054171189293,0.08034999999999999,0.14583333333333334,0.09583333333333335,0.017956034268921037,0.3191319310565589,0.43058722576783914,0.20201610182039384,0.032382245697954976,0.3185968785585395,0.43058722576783914,0.20201610182039384,0.031808357986282024,0.013875266574064595,0.03904532609675561,0.03361978342424228,0.00470794204971733,0.01415,0.05416666666666667,0.05416666666666667,0.008974485438669388,1.6070069809575875,1.7927800013373383,0.3186317307776012,0.0514295013016421,1.0,1.0,0.0,0.0,0.08199999999999998,0.2857142857142857,0.2857142857142857,0.0533613021901506,0.0,0.0,0.0,0.0,0.0,0.0,0.0,0.0,0.0,0.0,0.0,0.0,0.0,0.0,0.0,0.0,0.0,0.0,0.0,0.0,stable,stable
27,500,240,modular,6,0.08,0.004,0.12,14,10.0,0.72,0.22,True,static,1.0,False,False,1.0,default,fixed,default,0.65035,0.7833333333333333,0.19166666666666665,0.03123748193721411,0.2725166666666667,0.3458333333333333,0.15833333333333333,0.03145123650634069,0.07713333333333333,0.15416666666666667,0.125,0.01735748317649256,0.3167289432268956,0.4171866194311576,0.20654656618545134,0.030132408010807837,0.3173559413097524,0.4171866194311576,0.20654656618545134,0.030142736771603472,0.013588856649024043,0.03429454041690801,0.029764756802041895,0.004135338741069776,0.013633333333333332,0.058333333333333334,0.058333333333333334,0.008658265158538144,1.621826863975631,1.7619393594842683,0.29254732979492903,0.049018976990429,1.0,1.0,0.0,0.0,0.08028571428571428,0.2857142857142857,0.21428571428571427,0.04992974656291312,0.0,0.0,0.0,0.0,0.0,0.0,0.0,0.0,0.0,0.0,0.0,0.0,0.0,0.0,0.0,0.0,0.0,0.0,0.0,0.0,stable,oscillatory
28,500,240,modular,6,0.08,0.004,0.12,14,10.0,0.72,0.22,True,static,1.0,False,False,1.0,default,fixed,default,0.6504666666666667,0.825,0.15833333333333333,0.03102515108746451,0.2686666666666666,0.3541666666666667,0.15000000000000002,0.028062925324665956,0.08086666666666667,0.13333333333333333,0.09166666666666667,0.01697707604716169,0.3156026267497207,0.4137006858222519,0.17222047018712797,0.030863794101227502,0.31499873840302495,0.4137006858222519,0.17222047018712797,0.030387054256117256,0.013139268832286647,0.032785070023065736,0.026264694249875323,0.004077721717828131,0.012883333333333333,0.04583333333333333,0.0375,0.007996891757287813,1.6275569486931394,1.7749691760819821,0.2549724598953482,0.0510808159751096,1.0,1.0,0.0,0.0,0.07657142857142857,0.2857142857142857,0.21428571428571427,0.0512504853137798,0.0,0.0,0.0,0.0,0.0,0.0,0.0,0.0,0.0,0.0,0.0,0.0,0.0,0.0,0.0,0.0,0.0,0.0,0.0,0.0,stable,stable
29,500,240,modular,6,0.08,0.004,0.12,14,10.0,0.72,0.22,True,static,1.0,False,False,1.0,default,fixed,default,0.652,0.7958333333333333,0.17083333333333328,0.031234329404252196,0.2690166666666666,0.35,0.1375,0.029535143849695772,0.07898333333333334,0.14166666666666666,0.09166666666666667,0.01620295754895795,0.3210410206954537,0.41119457340064414,0.16535558094973288,0.030804326764495675,0.3203349293431287,0.41119457340064414,0.16535558094973288,0.030183547977439662,0.014188182757317215,0.03281768383381081,0.025762517733511806,0.0043830536992236395,0.013800000000000002,0.04583333333333333,0.04583333333333333,0.00861871348997182,1.6093487240506128,1.7564054136201401,0.2706937002163188,0.04962190616391465,1.0,1.0,0.0,0.0,0.07942857142857142,0.25,0.25,0.049870035173070267,0.0,0.0,0.0,0.0,0.0,0.0,0.0,0.0,0.0,0.0,0.0,0.0,0.0,0.0,0.0,0.0,0.0,0.0,0.0,0.0,stable,stable
30,500,240,modular,6,0.08,0.004,0.12,14,10.0,0.72,0.22,True,static,1.0,False,False,1.0,default,fixed,default,0.6526833333333334,0.8208333333333333,0.16666666666666663,0.029077621215559492,0.26893333333333336,0.36666666666666664,0.1708333333333333,0.02806245019792661,0.07838333333333333,0.14166666666666666,0.1,0.018443163442798467,0.31640434285848584,0.4357086661739657,0.17382772855302717,0.03111946651525372,0.31589606745435617,0.4357086661739657,0.17382772855302717,0.03074131779415987,0.01341355931819174,0.04084018625784021,0.025994351278488124,0.004257253575794048,0.014316666666666669,0.05,0.05,0.009149514255473407,1.6223075783242635,1.8221049238300568,0.2691935428385166,0.0480639028624058,1.0,1.0,0.0,0.0,0.07942857142857142,0.25,0.25,0.05058111287419284,0.0,0.0,0.0,0.0,0.0,0.0,0.0,0.0,0.0,0.0,0.0,0.0,0.0,0.0,0.0,0.0,0.0,0.0,0.0,0.0,stable,stable
31,500,240,modular,6,0.08,0.004,0.12,14,10.0,0.72,0.22,True,static,1.0,False,False,1.0,default,fixed,default,0.6468666666666666,0.7791666666666667,0.16666666666666663,0.028166942799435414,0.2731,0.3625,0.14583333333333331,0.026191092633438058,0.08003333333333333,0.1375,0.07916666666666666,0.016255734031070047,0.3258390082909897,0.4096537504079697,0.14986147118556006,0.0287362566682464,0.32528978035949774,0.4096537504079697,0.14986147118556006,0.028975418653688374,0.014852084269787546,0.03238825244847009,0.022204547688851252,0.004231434700947994,0.015233333333333335,0.0625,0.0625,0.00930358353897393,1.6130421403868958,1.749199525200915,0.2362314490881905,0.045933651671331115,1.0,1.0,0.0,0.0,0.078,0.25,0.25,0.0485260292029348,0.0,0.0,0.0,0.0,0.0,0.0,0.0,0.0,0.0,0.0,0.0,0.0,0.0,0.0,0.0,0.0,0.0,0.0,0.0,0.0,stable,stable
32,500,240,modular,6,0.08,0.004,0.12,14,10.0,0.72,0.22,True,static,1.0,False,False,1.0,default,fixed,default,0.6506333333333333,0.8125,0.17499999999999993,0.031900696613780144,0.2699,0.35833333333333334,0.15,0.028330215514731107,0.07946666666666667,0.14166666666666666,0.10833333333333334,0.01689983563365172,0.315351771056803,0.41784590840341085,0.16943237357405175,0.032013828263089274,0.3148053789175731,0.41784590840341085,0.16943237357405175,0.03219744064562576,0.01319687738849209,0.0341296451940307,0.027090343880710452,0.004384599189016285,0.012833333333333334,0.04583333333333333,0.0375,0.007501851623284598,1.6284253542735165,1.797609536402336,0.293456866681588,0.05225935051937802,1.0,1.0,0.0,0.0,0.07728571428571428,0.2857142857142857,0.2857142857142857,0.04908738563593939,0.0,0.0,0.0,0.0,0.0,0.0,0.0,0.0,0.0,0.0,0.0,0.0,0.0,0.0,0.0,0.0,0.0,0.0,0.0,0.0,stable,stable
33,500,240,modular,6,0.08,0.004,0.12,14,10.0,0.72,0.22,True,static,1.0,False,False,1.0,default,fixed,default,0.6513499999999999,0.8333333333333334,0.16249999999999998,0.03029571385159587,0.26831666666666665,0.35833333333333334,0.15833333333333333,0.028896121423702063,0.08033333333333334,0.15416666666666667,0.12083333333333335,0.017087194685559776,0.31761221430593045,0.41241870927356233,0.17154255504379756,0.030471561334521467,0.3164785438852399,0.41241870927356233,0.17154255504379756,0.030720562100846966,0.013476648876143598,0.03270869669748533,0.026603951850557615,0.004212885293640926,0.013666666666666666,0.041666666666666664,0.041666666666666664,0.008359957469322969,1.621154226740983,1.7750658140354276,0.27911902205113326,0.0495267747789255,1.0,1.0,0.0,0.0,0.07742857142857142,0.2857142857142857,0.2857142857142857,0.05175215661482827,0.0,0.0,0.0,0.0,0.0,0.0,0.0,0.0,0.0,0.0,0.0,0.0,0.0,0.0,0.0,0.0,0.0,0.0,0.0,0.0,stable,oscillatory
34,500,240,modular,6,0.08,0.004,0.12,14,10.0,0.72,0.22,True,static,1.0,False,False,1.0,default,fixed,default,0.6494500000000001,0.8416666666666667,0.15416666666666667,0.029581154849366888,0.27101666666666663,0.3625,0.16249999999999998,0.028201305131342964,0.07953333333333333,0.12916666666666668,0.09166666666666667,0.017942934232975636,0.31953525474676386,0.42706161510078033,0.1571170273011497,0.02981143974914692,0.31937250354352614,0.42706161510078033,0.1571170273011497,0.02917831462141707,0.013790702802035692,0.03758810272606903,0.02383874347718136,0.004017051220655468,0.014416666666666668,0.04583333333333333,0.04583333333333333,0.008474225628339146,1.6246138282819214,1.816450888361105,0.26293233450036224,0.048185181536868245,1.0,1.0,0.0,0.0,0.08242857142857142,0.42857142857142855,0.42857142857142855,0.05557142857142857,0.0,0.0,0.0,0.0,0.0,0.0,0.0,0.0,0.0,0.0,0.0,0.0,0.0,0.0,0.0,0.0,0.0,0.0,0.0,0.0,stable,stable
35,500,240,modular,6,0.08,0.004,0.12,14,10.0,0.72,0.22,True,static,1.0,False,False,1.0,default,fixed,default,0.6497999999999999,0.8125,0.2041666666666666,0.030006277121073628,0.2692166666666667,0.36666666666666664,0.18749999999999997,0.02890281128194972,0.08098333333333332,0.14166666666666666,0.09583333333333333,0.017089381043339295,0.3095547793706935,0.3946053980315386,0.15125353434577157,0.028133810407543907,0.3087485977471323,0.3946053980315386,0.15125353434577157,0.027438992411339503,0.011960193393464557,0.02665892946739169,0.01745515720650979,0.0032334256076237823,0.011733333333333333,0.04583333333333333,0.0375,0.00799103664530871,1.623398995117423,1.7572884771425514,0.30083020137173877,0.04859341244157612,1.0,1.0,0.0,0.0,0.0852857142857143,0.25,0.25,0.05274911741209612,0.0,0.0,0.0,0.0,0.0,0.0,0.0,0.0,0.0,0.0,0.0,0.0,0.0,0.0,0.0,0.0,0.0,0.0,0.0,0.0,stable,stable
36,500,240,modular,6,0.08,0.004,0.12,14,10.0,0.72,0.22,True,static,1.0,False,False,1.0,default,fixed,default,0.6490666666666667,0.75,0.20833333333333326,0.031685801236516015,0.27048333333333335,0.39166666666666666,0.19999999999999998,0.028615307674972383,0.08045,0.15,0.1,0.016656838769039516,0.31292401758964994,0.41739790604631444,0.18011715303385703,0.031108936436694382,0.31319898379776434,0.41739790604631444,0.16738401325455057,0.03196943500492284,0.012810283194586412,0.03356785300238098,0.022356776900485945,0.004082157349269634,0.01295,0.05416666666666667,0.05416666666666667,0.008998780781614561,1.6067667891349915,1.7951697537054336,0.3222507141415676,0.051511210554078084,1.0,1.0,0.0,0.0,0.0747142857142857,0.2857142857142857,0.25,0.050753707012495194,0.0,0.0,0.0,0.0,0.0,0.0,0.0,0.0,0.0,0.0,0.0,0.0,0.0,0.0,0.0,0.0,0.0,0.0,0.0,0.0,stable,stable
37,500,240,modular,6,0.08,0.004,0.12,14,10.0,0.72,0.22,True,static,1.0,False,False,1.0,default,fixed,default,0.6494166666666668,0.7833333333333333,0.15416666666666667,0.030226115455935707,0.26963333333333334,0.3458333333333333,0.15416666666666665,0.027672770411041648,0.08095000000000001,0.14583333333333334,0.0875,0.016127107958685934,0.3200032050759488,0.4086025510785597,0.17398081384352548,0.029946749629905144,0.32000958582031164,0.4086025510785597,0.17398081384352548,0.029951384019269528,0.013887418257489974,0.03149291074554315,0.025763278575250938,0.004088190545893124,0.013583333333333333,0.05416666666666667,0.04583333333333333,0.008967921225741844,1.6062797435953484,1.7467229975506358,0.2657976913609099,0.048480897208318184,1.0,1.0,0.0,0.0,0.08028571428571428,0.2857142857142857,0.2857142857142857,0.052906540624164104,0.0,0.0,0.0,0.0,0.0,0.0,0.0,0.0,0.0,0.0,0.0,0.0,0.0,0.0,0.0,0.0,0.0,0.0,0.0,0.0,stable,stable
38,500,240,modular,6,0.08,0.004,0.12,14,10.0,0.72,0.22,True,static,1.0,False,False,1.0,default,fixed,default,0.6525833333333333,0.8208333333333333,0.19166666666666676,0.03139234248454018,0.2704166666666667,0.37916666666666665,0.175,0.02802838343140356,0.077,0.15833333333333333,0.09583333333333335,0.017087194685559776,0.31324042416388315,0.4434294541318871,0.16886263593091977,0.031347374976172696,0.31329520654089094,0.4434294541318871,0.16886263593091977,0.031439240198822785,0.013051317188818856,0.043805449641254234,0.022639390019309938,0.004056026250516092,0.01295,0.05416666666666667,0.041666666666666664,0.008258345946845397,1.6093825387977208,1.808136352042499,0.26473203441931537,0.05033722444438708,1.0,1.0,0.0,0.0,0.0747142857142857,0.25,0.21428571428571427,0.04633969515371001,0.0,0.0,0.0,0.0,0.0,0.0,0.0,0.0,0.0,0.0,0.0,0.0,0.0,0.0,0.0,0.0,0.0,0.0,0.0,0.0,stable,stable
39,500,240,modular,6,0.08,0.004,0.12,14,10.0,0.72,0.22,True,static,1.0,False,False,1.0,default,fixed,default,0.6477833333333333,0.7916666666666666,0.19166666666666665,0.02884614840455789,0.27153333333333335,0.35833333333333334,0.17083333333333334,0.026479740683523822,0.08068333333333333,0.12916666666666668,0.1,0.016861107450118585,0.31775256756388215,0.41743537939314096,0.1638587979871135,0.029801699048323065,0.31776928202117505,0.41743537939314096,0.1638587979871135,0.029347818163532335,0.01343188241680586,0.03392748614867505,0.021893752843542343,0.003909371422022676,0.013633333333333332,0.05,0.0375,0.007938583696800778,1.6069073021280464,1.7557011033125938,0.2731129844331961,0.046765377565938404,1.0,1.0,0.0,0.0,0.08314285714285714,0.25,0.25,0.051065384257711746,0.0,0.0,0.0,0.0,0.0,0.0,0.0,0.0,0.0,0.0,0.0,0.0,0.0,0.0,0.0,0.0,0.0,0.0,0.0,0.0,stable,stable
40,500,240,modular,6,0.08,0.004,0.12,14,10.0,0.72,0.22,True,static,1.0,False,False,1.0,default,fixed,default,0.6513500000000001,0.7708333333333334,0.14583333333333326,0.030102551571438443,0.26915,0.3625,0.13749999999999998,0.027746616410334112,0.0795,0.12916666666666668,0.1,0.017951323071016243,0.3190298111018813,0.40446330714042605,0.15078707571494546,0.031059953860253838,0.31880283928596054,0.40446330714042605,0.15078707571494546,0.030403792729143175,0.013853102777159482,0.030498549026077897,0.0222540794452466,0.004191084746688754,0.013516666666666668,0.041666666666666664,0.041666666666666664,0.008114270693592177,1.6195731971065717,1.7666987648358998,0.25230401784942513,0.04959777267706815,1.0,1.0,0.0,0.0,0.07928571428571428,0.2857142857142857,0.2857142857142857,0.049223563297200144,0.0,0.0,0.0,0.0,0.0,0.0,0.0,0.0,0.0,0.0,0.0,0.0,0.0,0.0,0.0,0.0,0.0,0.0,0.0,0.0,stable,stable
41,500,240,modular,6,0.08,0.004,0.12,14,10.0,0.72,0.22,True,static,1.0,False,False,1.0,default,fixed,default,0.6562666666666667,0.7875,0.15416666666666656,0.03143831703157435,0.26541666666666663,0.3625,0.15416666666666665,0.02860713294889153,0.07831666666666666,0.12916666666666668,0.09583333333333335,0.018496613804213524,0.3069266278746438,0.3994063606911565,0.15989850800541183,0.03251826894637922,0.3079111272104169,0.3994063606911565,0.15989850800541183,0.031913328946204945,0.012216458539244496,0.02837002912136936,0.021969405729760666,0.003957136139371322,0.01225,0.041666666666666664,0.041666666666666664,0.008036807685752956,1.6105177765015604,1.7752645054308664,0.26845144793766984,0.051675131922914,1.0,1.0,0.0,0.0,0.07485714285714284,0.25,0.21428571428571427,0.04649423927449814,0.0,0.0,0.0,0.0,0.0,0.0,0.0,0.0,0.0,0.0,0.0,0.0,0.0,0.0,0.0,0.0,0.0,0.0,0.0,0.0,stable,stable
42,500,240,modular,6,0.08,0.004,0.12,14,10.0,0.72,0.22,True,static,1.0,False,False,1.0,default,fixed,default,0.6477833333333333,0.7958333333333333,0.15000000000000002,0.03150864519813923,0.27259999999999995,0.3625,0.175,0.030123652574753353,0.07961666666666666,0.14583333333333334,0.11250000000000002,0.01884528381909443,0.3142037631336868,0.4135063125790412,0.15579435331952424,0.0316746344810644,0.31352463428287763,0.4135063125790412,0.15579435331952424,0.031276880327260295,0.012871182230774934,0.032472157286123515,0.020890901142197497,0.003954769734315437,0.0128,0.04583333333333333,0.04583333333333333,0.008073894833212641,1.6439301846750896,1.813702780180698,0.23683664793881154,0.05141915502007265,1.0,1.0,0.0,0.0,0.0747142857142857,0.32142857142857145,0.25,0.04442857142857142,0.0,0.0,0.0,0.0,0.0,0.0,0.0,0.0,0.0,0.0,0.0,0.0,0.0,0.0,0.0,0.0,0.0,0.0,0.0,0.0,stable,stable
43,500,240,modular,6,0.08,0.004,0.12,14,10.0,0.72,0.22,True,static,1.0,False,False,1.0,default,fixed,default,0.6484500000000001,0.8208333333333333,0.17500000000000004,0.031717507433242254,0.27145,0.375,0.19583333333333333,0.029452791793723808,0.08009999999999999,0.1375,0.10833333333333334,0.01760179915046565,0.32114399787273623,0.4139396811580887,0.17283080917196394,0.03183807901471979,0.3215462830716478,0.4139396811580887,0.18282167556875603,0.03226692034224987,0.014269442618255386,0.033331908818608806,0.02776638577625883,0.0044937957714809105,0.013966666666666669,0.05,0.05,0.009446574923101907,1.6306511792370482,1.7741876722991268,0.26292538070262217,0.05180457798800571,1.0,1.0,0.0,0.0,0.07757142857142856,0.2857142857142857,0.2857142857142857,0.04936349969401295,0.0,0.0,0.0,0.0,0.0,0.0,0.0,0.0,0.0,0.0,0.0,0.0,0.0,0.0,0.0,0.0,0.0,0.0,0.0,0.0,stable,stable
44,500,240,modular,6,0.08,0.004,0.12,14,10.0,0.72,0.22,True,static,1.0,False,False,1.0,default,fixed,default,0.64795,0.8375,0.16666666666666663,0.030106851379710895,0.27126666666666666,0.3625,0.1583333333333333,0.028246553378735918,0.08078333333333333,0.14583333333333334,0.10416666666666669,0.017198522223338456,0.32116822457988575,0.44785995707125703,0.1993702950159524,0.03139536699040029,0.3207736860096009,0.44785995707125703,0.22658877993727589,0.03171805580714918,0.014129306069710166,0.04580920724650482,0.04077877622599506,0.004856265780632485,0.013683333333333334,0.05,0.04583333333333333,0.008065857397422518,1.6407548285620064,1.8160120514275142,0.2757484322635453,0.04880276251311768,1.0,1.0,0.0,0.0,0.08028571428571428,0.25,0.25,0.05271331783857871,0.0,0.0,0.0,0.0,0.0,0.0,0.0,0.0,0.0,0.0,0.0,0.0,0.0,0.0,0.0,0.0,0.0,0.0,0.0,0.0,stable,stable
45,500,240,modular,6,0.08,0.004,0.12,14,10.0,0.72,0.22,True,static,1.0,False,False,1.0,default,fixed,default,0.6473,0.8125,0.1625000000000001,0.030895235159415044,0.27181666666666665,0.3458333333333333,0.16666666666666666,0.028789316112443907,0.08088333333333332,0.14583333333333334,0.09166666666666667,0.016969261425687724,0.3228551786398453,0.41541584477843935,0.1552323489191281,0.030750368124806263,0.32164822592194514,0.41541584477843935,0.1552323489191281,0.030434250630027703,0.014205129746756959,0.03377130052422952,0.023625382044997992,0.0043021228342845835,0.014533333333333336,0.05,0.05,0.009273858120784706,1.6270402372166795,1.7879958545361865,0.2618399660690882,0.050250529253797666,1.0,1.0,0.0,0.0,0.07228571428571427,0.32142857142857145,0.17857142857142858,0.04780146014335477,0.0,0.0,0.0,0.0,0.0,0.0,0.0,0.0,0.0,0.0,0.0,0.0,0.0,0.0,0.0,0.0,0.0,0.0,0.0,0.0,stable,stable
46,500,240,modular,6,0.08,0.004,0.12,14,10.0,0.72,0.22,True,static,1.0,False,False,1.0,default,fixed,default,0.6485833333333333,0.8125,0.16249999999999998,0.03097725420010266,0.2712333333333333,0.3458333333333333,0.14583333333333331,0.02770090251237313,0.08018333333333334,0.14166666666666666,0.10416666666666669,0.018234803414228395,0.3169742485894032,0.41040685568623825,0.1476202972169509,0.03071906292159745,0.31811373603174475,0.41040685568623825,0.1476202972169509,0.030826182811733268,0.013550431632534771,0.03176157561348128,0.020261903791671095,0.004117763381730751,0.013833333333333333,0.05,0.05,0.008938058451861283,1.6084368853211022,1.7544872270062237,0.26489614989159516,0.0505498068915865,1.0,1.0,0.0,0.0,0.07942857142857143,0.2857142857142857,0.2857142857142857,0.04956216463458094,0.0,0.0,0.0,0.0,0.0,0.0,0.0,0.0,0.0,0.0,0.0,0.0,0.0,0.0,0.0,0.0,0.0,0.0,0.0,0.0,stable,stable
47,500,240,modular,6,0.08,0.004,0.12,14,10.0,0.72,0.22,True,static,1.0,False,False,1.0,default,fixed,default,0.6504333333333333,0.8,0.17083333333333328,0.02985299166098954,0.27243333333333336,0.3625,0.14583333333333334,0.02762488813451458,0.07713333333333333,0.13333333333333333,0.10416666666666666,0.01758800096025065,0.3148829891005709,0.4064797033046442,0.18147972174036645,0.03003808019476292,0.3150949513402626,0.4064797033046442,0.18147972174036645,0.029839227040883765,0.013178954211609945,0.0307328282629225,0.025546388385226704,0.003908346775073838,0.013283333333333333,0.05,0.04583333333333333,0.008300619120148676,1.6163481172595693,1.752564781033424,0.29397043555209135,0.0489891837881722,1.0,1.0,0.0,0.0,0.07699999999999999,0.2857142857142857,0.21428571428571427,0.05105599167300823,0.0,0.0,0.0,0.0,0.0,0.0,0.0,0.0,0.0,0.0,0.0,0.0,0.0,0.0,0.0,0.0,0.0,0.0,0.0,0.0,stable,stable
48,500,240,modular,6,0.08,0.004,0.12,14,10.0,0.72,0.22,True,static,1.0,False,False,1.0,default,fixed,default,0.6514500000000001,0.7791666666666667,0.14583333333333337,0.028294978942090297,0.27015,0.3625,0.11666666666666664,0.025680023580812988,0.0784,0.1375,0.09583333333333333,0.016699001966185484,0.31121520653565893,0.4048726146578412,0.15754426287366005,0.028698527353481648,0.3108061840760318,0.4048726146578412,0.15754426287366005,0.028516512583153422,0.012442424784367623,0.029878565387026858,0.023488213889849736,0.003646650581838372,0.01325,0.041666666666666664,0.041666666666666664,0.00809191983812659,1.6336132928939315,1.787102516576781,0.26697928355744627,0.046740342976555854,1.0,1.0,0.0,0.0,0.07971428571428571,0.25,0.25,0.0495152007169598,0.0,0.0,0.0,0.0,0.0,0.0,0.0,0.0,0.0,0.0,0.0,0.0,0.0,0.0,0.0,0.0,0.0,0.0,0.0,0.0,stable,stable
49,500,240,modular,6,0.08,0.004,0.12,14,10.0,0.72,0.22,True,static,1.0,False,False,1.0,default,fixed,default,0.64825,0.8166666666666667,0.1875,0.030407989629920182,0.2727333333333333,0.375,0.17083333333333334,0.028734918749764294,0.07901666666666667,0.1375,0.07916666666666666,0.016173271846544292,0.3139699180393146,0.41289776833454567,0.18211600070508788,0.0294684918460972,0.3150340134865762,0.3994714159097698,0.15926797816972743,0.029091485481075888,0.01301239347744261,0.028456592563730752,0.020549131852401533,0.0036915133015727685,0.01305,0.0375,0.0375,0.00839412823876839,1.6074741596758102,1.7718928599998711,0.2870778423627651,0.04768458674626899,1.0,1.0,0.0,0.0,0.08014285714285714,0.2857142857142857,0.2857142857142857,0.051513620152581874,0.0,0.0,0.0,0.0,0.0,0.0,0.0,0.0,0.0,0.0,0.0,0.0,0.0,0.0,0.0,0.0,0.0,0.0,0.0,0.0,stable,stable
50,500,240,modular,6,0.08,0.004,0.12,14,10.0,0.72,0.22,True,static,1.0,False,False,1.0,default,fixed,default,0.6463833333333333,0.7833333333333333,0.1791666666666667,0.03336940131983858,0.27163333333333334,0.3458333333333333,0.15833333333333335,0.03080266943698946,0.08198333333333334,0.12916666666666668,0.09166666666666667,0.01771055084154954,0.32844509092365554,0.41172978652134823,0.17773501844825823,0.03416235953197404,0.3281415775461947,0.41172978652134823,0.17773501844825823,0.032387518519498885,0.015427463675667228,0.03306343156980192,0.027261601858954272,0.004855591716293282,0.0157,0.05,0.04583333333333333,0.009138380600522173,1.6316806796435963,1.7559843082334907,0.26372959248196537,0.05373188539327944,1.0,1.0,0.0,0.0,0.08842857142857141,0.25,0.25,0.05413305602958363,0.0,0.0,0.0,0.0,0.0,0.0,0.0,0.0,0.0,0.0,0.0,0.0,0.0,0.0,0.0,0.0,0.0,0.0,0.0,0.0,stable,stable
1,500,240,modular,6,0.08,0.004,0.12,20,10.0,0.72,0.22,True,static,1.0,False,False,1.0,default,q_learning,default,0.35063333333333335,0.8333333333333334,0.1333333333333333,0.02602112389749699,0.4160666666666667,0.48333333333333334,0.13333333333333336,0.02845661415012139,0.2333,0.42916666666666664,0.11666666666666664,0.02418100723938337,0.655799353541091,0.9167074636144347,0.15448734989049184,0.03123235642175793,0.6555434703100198,0.9167074636144347,0.15448734989049184,0.03138332523975216,0.26054827399734404,0.6576560059638836,0.24792714380206318,0.05246482390999684,0.2602333333333333,0.7375,0.2708333333333333,0.05675484316093405,2.156968053377359,2.491836372888673,0.2592983475246231,0.046323471356590144,1.0,1.0,0.0,0.0,0.24528571428571427,0.6785714285714286,0.3571428571428571,0.07029979533746736,0.0,0.0,0.0,0.0,0.0,0.0,0.0,0.0,0.0,0.0,0.0,0.0,0.0,0.0,0.0,0.0,0.0,0.0,0.0,0.0,stable,runaway
2,500,240,modular,6,0.08,0.004,0.12,20,10.0,0.72,0.22,True,static,1.0,False,False,1.0,default,q_learning,default,0.35916666666666663,0.7875,0.12083333333333335,0.024731895735399394,0.3867166666666667,0.4875,0.13333333333333336,0.02456873012591412,0.25411666666666666,0.4125,0.125,0.02312550900340718,0.6507318304233053,0.8860043610652721,0.15798923210742044,0.030777183924300965,0.6511010250314818,0.8860043610652721,0.15798923210742044,0.030889145331027892,0.24772053858140472,0.6166549351662487,0.2481400933115945,0.05047909003802151,0.24796666666666664,0.6541666666666667,0.275,0.05640408771632701,2.155989680467475,2.4838156498457726,0.228815358862533,0.04605962698813306,1.0,1.0,0.0,0.0,0.2562857142857143,0.5357142857142857,0.3928571428571429,0.07050314799745484,0.0,0.0,0.0,0.0,0.0,0.0,0.0,0.0,0.0,0.0,0.0,0.0,0.0,0.0,0.0,0.0,0.0,0.0,0.0,0.0,stable,runaway
3,500,240,modular,6,0.08,0.004,0.12,20,10.0,0.72,0.22,True,static,1.0,False,False,1.0,default,q_learning,default,0.38856666666666667,0.8,0.12916666666666665,0.024306514901702103,0.4439666666666667,0.5166666666666667,0.12499999999999994,0.02224207724112116,0.16746666666666668,0.3625,0.11249999999999999,0.01930886382525451,0.5591322671270204,0.806585530781233,0.15885711433430816,0.028413491235318188,0.559366291500334,0.806585530781233,0.16867630423758911,0.028801936698212207,0.12528586380981319,0.5159647464719002,0.19392783589833615,0.030845168996779002,0.1232,0.5375,0.22083333333333335,0.03731188371908696,2.061350875504237,2.3763011722226346,0.2500790683224532,0.044196878765276504,1.0,1.0,0.0,0.0,0.21885714285714283,0.4642857142857143,0.39285714285714285,0.05881066125755619,0.0,0.0,0.0,0.0,0.0,0.0,0.0,0.0,0.0,0.0,0.0,0.0,0.0,0.0,0.0,0.0,0.0,0.0,0.0,0.0,stable,stable
4,500,240,modular,6,0.08,0.004,0.12,20,10.0,0.72,0.22,True,static,1.0,False,False,1.0,default,q_learning,default,0.4032833333333333,0.7791666666666667,0.12916666666666665,0.024891101712146944,0.40636666666666665,0.4791666666666667,0.1291666666666667,0.023333785709900474,0.19035,0.4375,0.12499999999999997,0.019479397948716087,0.5761051280531126,0.8607287374821138,0.15267611256589264,0.029627164467204575,0.5765947816364133,0.8607287374821138,0.15267611256589264,0.029498266045309265,0.14538254813061965,0.5941782960449518,0.1852887920025864,0.03470156679198908,0.14383333333333334,0.6333333333333333,0.21250000000000002,0.03975131025094225,2.0663390288923806,2.408941183038805,0.22639092954263562,0.044653392421039814,1.0,1.0,0.0,0.0,0.19314285714285712,0.5714285714285714,0.35714285714285715,0.060961011293770254,0.0,0.0,0.0,0.0,0.0,0.0,0.0,0.0,0.0,0.0,0.0,0.0,0.0,0.0,0.0,0.0,0.0,0.0,0.0,0.0,stable,runaway
5,500,240,modular,6,0.08,0.004,0.12,20,10.0,0.72,0.22,True,static,1.0,False,False,1.0,default,q_learning,default,0.3532,0.7666666666666667,0.15833333333333333,0.023124878378058555,0.40723333333333334,0.49583333333333335,0.15833333333333333,0.026450393821894853,0.23956666666666665,0.4583333333333333,0.12083333333333332,0.023895745785948313,0.642632385642136,0.8628632129925915,0.1620737156923424,0.02969300128717541,0.6433382733426842,0.8628632129925915,0.1620737156923424,0.02937116057563279,0.23409252597044183,0.5891207735618147,0.2473186826696419,0.045695376049828956,0.23286666666666667,0.5916666666666667,0.30416666666666664,0.05449953108870652,2.1392404200285315,2.40510538289402,0.2547706970854666,0.042518148368500076,1.0,1.0,0.0,0.0,0.3871428571428572,0.6071428571428571,0.4285714285714285,0.07618452357699076,0.0,0.0,0.0,0.0,0.0,0.0,0.0,0.0,0.0,0.0,0.0,0.0,0.0,0.0,0.0,0.0,0.0,0.0,0.0,0.0,runaway,runaway
6,500,240,modular,6,0.08,0.004,0.12,20,10.0,0.72,0.22,True,static,1.0,False,False,1.0,default,q_learning,default,0.38915,0.7958333333333333,0.1375,0.02454558684027199,0.39801666666666663,0.49583333333333335,0.15833333333333333,0.024695866725695882,0.21283333333333335,0.37083333333333335,0.10833333333333331,0.019906726947888188,0.598017837429205,0.7916962604736499,0.16399161850133837,0.027837109447989356,0.5981831690045585,0.7916962604736499,0.16399161850133837,0.027592727368229254,0.16972704131475416,0.491952424511847,0.215343872938398,0.03584422674948074,0.16585,0.5041666666666667,0.2833333333333333,0.04322212974854432,2.0855432091173767,2.3317201904338467,0.2555275207879113,0.04169489370580475,1.0,1.0,0.0,0.0,0.27614285714285713,0.4642857142857143,0.3928571428571429,0.06704567434950291,0.0,0.0,0.0,0.0,0.0,0.0,0.0,0.0,0.0,0.0,0.0,0.0,0.0,0.0,0.0,0.0,0.0,0.0,0.0,0.0,stable,stable
7,500,240,modular,6,0.08,0.004,0.12,20,10.0,0.72,0.22,True,static,1.0,False,False,1.0,default,q_learning,default,0.3367833333333334,0.8416666666666667,0.1333333333333333,0.02290318391257716,0.43356666666666666,0.5041666666666667,0.14999999999999997,0.024951642119196173,0.22965,0.4,0.12083333333333335,0.021242050800763614,0.6733396915794717,0.8561355116432189,0.16320878381947934,0.0283542579328332,0.6749596288994364,0.8561355116432189,0.1455889391397286,0.02734561822602633,0.2953651736587868,0.6010878146906319,0.2514191636615196,0.04852132014451851,0.2965,0.6291666666666667,0.32083333333333336,0.05469587634263564,2.1827477085726654,2.4057120706841757,0.25268138900554726,0.041530703971182255,1.0,1.0,0.0,0.0,0.2608571428571429,0.5357142857142857,0.35714285714285715,0.06604327585541384,0.0,0.0,0.0,0.0,0.0,0.0,0.0,0.0,0.0,0.0,0.0,0.0,0.0,0.0,0.0,0.0,0.0,0.0,0.0,0.0,stable,oscillatory
8,500,240,modular,6,0.08,0.004,0.12,20,10.0,0.72,0.22,True,static,1.0,False,False,1.0,default,q_learning,default,0.3675166666666667,0.8,0.14166666666666666,0.024743961103895856,0.4412166666666667,0.5125,0.1333333333333333,0.023935799547957444,0.19126666666666664,0.4083333333333333,0.11249999999999999,0.01906803608135877,0.6100175058089187,0.8194720319997626,0.17305655590651714,0.02926631542325507,0.6086861820030742,0.8194720319997626,0.14924805398682228,0.02864235813141054,0.18725997122271168,0.5445358580368153,0.20377399299193893,0.039917482363829,0.18843333333333334,0.55,0.2583333333333333,0.0461710707887285,2.0644393934681475,2.295491617204041,0.2408404390748149,0.04293715491963503,1.0,1.0,0.0,0.0,0.20871428571428569,0.4642857142857143,0.3571428571428571,0.06440132461560785,0.0,0.0,0.0,0.0,0.0,0.0,0.0,0.0,0.0,0.0,0.0,0.0,0.0,0.0,0.0,0.0,0.0,0.0,0.0,0.0,stable,runaway
9,500,240,modular,6,0.08,0.004,0.12,20,10.0,0.72,0.22,True,static,1.0,False,False,1.0,default,q_learning,default,0.3416,0.7583333333333333,0.17083333333333334,0.024091745935531993,0.4374166666666666,0.525,0.16250000000000003,0.02722450387263487,0.22098333333333334,0.4041666666666667,0.1,0.019619073769053308,0.643770591327642,0.8630011198580121,0.1632430726803784,0.026247714576351673,0.6442427377700406,0.8630011198580121,0.17400491979211363,0.02662671213815361,0.23825639536704654,0.5972680776045425,0.262014379866532,0.042186693174488164,0.23781666666666668,0.6291666666666667,0.2875,0.048844677294460646,2.175331221343269,2.449769001781433,0.27168244356785154,0.04005475945453693,1.0,1.0,0.0,0.0,0.23971428571428569,0.5,0.35714285714285715,0.07133079021469664,0.0,0.0,0.0,0.0,0.0,0.0,0.0,0.0,0.0,0.0,0.0,0.0,0.0,0.0,0.0,0.0,0.0,0.0,0.0,0.0,stable,runaway
10,500,240,modular,6,0.08,0.004,0.12,20,10.0,0.72,0.22,True,static,1.0,False,False,1.0,default,q_learning,default,0.33015,0.7875,0.23333333333333334,0.033340703351909064,0.41831666666666667,0.4875,0.1375,0.025240229132610238,0.2515333333333333,0.4041666666666667,0.24583333333333332,0.035109099801744974,0.6883602298648187,0.8601559845858066,0.33569783805817766,0.04878231057467606,0.6890453302855949,0.8601559845858066,0.33569783805817766,0.04811785321073372,0.32285723217574547,0.6025019823298723,0.4353076364594846,0.07093975620397008,0.3230833333333334,0.5958333333333333,0.4625,0.07722716311131869,2.201966375874571,2.414420160471596,0.49078327647800557,0.06838832874573192,1.0,1.0,0.0,0.0,0.2622857142857143,0.5,0.5,0.07410747848461004,0.0,0.0,0.0,0.0,0.0,0.0,0.0,0.0,0.0,0.0,0.0,0.0,0.0,0.0,0.0,0.0,0.0,0.0,0.0,0.0,oscillatory,runaway
11,500,240,modular,6,0.08,0.004,0.12,20,10.0,0.72,0.22,True,static,1.0,False,False,1.0,default,q_learning,default,0.33590000000000003,0.8166666666666667,0.1375,0.02566225070236652,0.43854999999999994,0.5166666666666667,0.15416666666666662,0.024490820275723267,0.22555,0.44166666666666665,0.10833333333333334,0.021299197950470652,0.6570573291452326,0.8797145835821828,0.17014376087242966,0.0302727040890962,0.6550902885884975,0.8797145835821828,0.18045319108002178,0.029761886002023855,0.2555068395042717,0.6137376561195536,0.2876858189082834,0.048775861922739895,0.25406666666666666,0.6333333333333333,0.3208333333333333,0.05899261724054027,2.1637580817737674,2.453363293922046,0.24253309333203577,0.045070240889399885,1.0,1.0,0.0,0.0,0.3415714285714286,0.5714285714285714,0.42857142857142855,0.07435010945190466,0.0,0.0,0.0,0.0,0.0,0.0,0.0,0.0,0.0,0.0,0.0,0.0,0.0,0.0,0.0,0.0,0.0,0.0,0.0,0.0,stable,runaway
12,500,240,modular,6,0.08,0.004,0.12,20,10.0,0.72,0.22,True,static,1.0,False,False,1.0,default,q_learning,default,0.38915,0.7708333333333334,0.13333333333333336,0.023915063825500817,0.3643333333333333,0.45416666666666666,0.15000000000000002,0.025198655166937426,0.24651666666666666,0.42916666666666664,0.12083333333333332,0.022715443840895754,0.6369052448222531,0.8815751564200301,0.15129365062006928,0.029206361668045994,0.6376466272003672,0.8815751564200301,0.15129365062006928,0.029452378380221616,0.22927567449626507,0.6201169361363135,0.23795013985533084,0.04665629970753251,0.23145000000000002,0.6541666666666667,0.31666666666666665,0.054588055775355596,2.083774640787067,2.4096098581025642,0.22637518715122273,0.0430046116003831,1.0,1.0,0.0,0.0,0.2557142857142857,0.5714285714285714,0.3214285714285714,0.06834784979374678,0.0,0.0,0.0,0.0,0.0,0.0,0.0,0.0,0.0,0.0,0.0,0.0,0.0,0.0,0.0,0.0,0.0,0.0,0.0,0.0,stable,runaway
13,500,240,modular,6,0.08,0.004,0.12,20,10.0,0.72,0.22,True,static,1.0,False,False,1.0,default,q_learning,default,0.36393333333333333,0.8291666666666667,0.12083333333333335,0.025973298254596433,0.4065,0.48333333333333334,0.13333333333333336,0.0265905162709481,0.22956666666666667,0.4083333333333333,0.11666666666666664,0.02163731344999497,0.6376509744570362,0.8480940652726318,0.17478983580775964,0.030458454247448388,0.6378577933223701,0.8480940652726318,0.17478983580775964,0.030796572130688482,0.23058849507369472,0.5835780182814198,0.2684682193444192,0.04841282245143028,0.23378333333333337,0.6166666666666667,0.28750000000000003,0.05535747716232901,2.163657407499607,2.431543247348942,0.24811798736063517,0.04673899451755787,1.0,1.0,0.0,0.0,0.22685714285714284,0.5,0.2857142857142857,0.06581607024155131,0.0,0.0,0.0,0.0,0.0,0.0,0.0,0.0,0.0,0.0,0.0,0.0,0.0,0.0,0.0,0.0,0.0,0.0,0.0,0.0,stable,runaway
14,500,240,modular,6,0.08,0.004,0.12,20,10.0,0.72,0.22,True,static,1.0,False,False,1.0,default,q_learning,default,0.3723,0.7708333333333334,0.125,0.023794583884199833,0.39894999999999997,0.475,0.1333333333333333,0.022587982301313335,0.22875,0.43333333333333335,0.11666666666666664,0.020840831983819114,0.6216038312778458,0.8964056341197507,0.15955353188284316,0.028845564130255893,0.6222645078833586,0.8964056341197507,0.15955353188284316,0.02926069310939711,0.2041164404990803,0.6287582771019072,0.22691126330364997,0.04286970929859113,0.20395,0.65,0.24583333333333335,0.0488352701549926,2.100327496408082,2.4387761522764335,0.243346241336992,0.043071780858676446,1.0,1.0,0.0,0.0,0.25385714285714284,0.5357142857142857,0.3928571428571429,0.06655073252789935,0.0,0.0,0.0,0.0,0.0,0.0,0.0,0.0,0.0,0.0,0.0,0.0,0.0,0.0,0.0,0.0,0.0,0.0,0.0,0.0,stable,runaway
15,500,240,modular,6,0.08,0.004,0.12,20,10.0,0.72,0.22,True,static,1.0,False,False,1.0,default,q_learning,default,0.3702833333333333,0.7791666666666667,0.13333333333333336,0.02408988376891844,0.37015,0.4625,0.1291666666666667,0.02502537046012839,0.25956666666666667,0.45,0.12083333333333335,0.02235772300073909,0.6466856994535433,0.9018268995564157,0.1750034885493783,0.02946725372027111,0.6457183863886237,0.9018268995564157,0.1750034885493783,0.030038060151115376,0.24017877938627116,0.6342855878168947,0.2742373949599446,0.047761711459105245,0.2404,0.6666666666666666,0.2875,0.05774759254241205,2.156196159282925,2.48948024268974,0.24784721422512268,0.043871528131349986,1.0,1.0,0.0,0.0,0.28485714285714286,0.5357142857142857,0.3928571428571429,0.07497809203837003,0.0,0.0,0.0,0.0,0.0,0.0,0.0,0.0,0.0,0.0,0.0,0.0,0.0,0.0,0.0,0.0,0.0,0.0,0.0,0.0,stable,runaway
16,500,240,modular,6,0.08,0.004,0.12,20,10.0,0.72,0.22,True,static,1.0,False,False,1.0,default,q_learning,default,0.34984999999999994,0.7875,0.18333333333333335,0.026789659074600656,0.40701666666666664,0.48333333333333334,0.12916666666666665,0.025369541011045334,0.2431333333333333,0.4625,0.19166666666666665,0.026358932704746096,0.6685296941813723,0.9327400666458882,0.2922812889160181,0.03674244262579778,0.6686090939975459,0.9327400666458882,0.2922812889160181,0.036799737828145204,0.2831593432124753,0.668797462219884,0.41437258269040883,0.06057158674247387,0.2832166666666666,0.7166666666666667,0.4458333333333333,0.06660768432479176,2.205532959433976,2.5557331638814196,0.39765371399820215,0.05271415745587804,1.0,1.0,0.0,0.0,0.32042857142857145,0.5714285714285714,0.46428571428571425,0.07425837408972122,0.0,0.0,0.0,0.0,0.0,0.0,0.0,0.0,0.0,0.0,0.0,0.0,0.0,0.0,0.0,0.0,0.0,0.0,0.0,0.0,runaway,runaway
17,500,240,modular,6,0.08,0.004,0.12,20,10.0,0.72,0.22,True,static,1.0,False,False,1.0,default,q_learning,default,0.38805,0.8166666666666667,0.14583333333333337,0.023055856089072034,0.43460000000000004,0.5,0.125,0.02313741558601565,0.17735000000000004,0.425,0.10416666666666666,0.01867759352807529,0.5623123489421205,0.8414859145761517,0.1476284677807112,0.026177551099755815,0.5615167581998873,0.8414859145761517,0.1476284677807112,0.026034752462657764,0.12491575407682752,0.5561093250298544,0.14782173398230314,0.026472354774733003,0.12454999999999998,0.5791666666666667,0.1875,0.0343694025745769,2.0906326192238804,2.447562660032273,0.2441093881054981,0.04105380745765864,1.0,1.0,0.0,0.0,0.2567142857142857,0.5,0.3214285714285714,0.058473960714429576,0.0,0.0,0.0,0.0,0.0,0.0,0.0,0.0,0.0,0.0,0.0,0.0,0.0,0.0,0.0,0.0,0.0,0.0,0.0,0.0,stable,runaway
18,500,240,modular,6,0.08,0.004,0.12,20,10.0,0.72,0.22,True,static,1.0,False,False,1.0,default,q_learning,default,0.4155833333333333,0.875,0.12916666666666665,0.02179465403360293,0.3775666666666667,0.48333333333333334,0.12083333333333335,0.022646338924132235,0.20685,0.38333333333333336,0.11250000000000002,0.019302626476438094,0.5843410035842891,0.8121479333770839,0.15417691497926383,0.026563599961000404,0.5841499828223,0.8121479333770839,0.17893283274992172,0.027040129568382594,0.15563751782002808,0.5354582278750205,0.22216109512259688,0.03239605842217611,0.15653333333333333,0.5958333333333333,0.2333333333333333,0.03972941815162496,2.0506015195372687,2.353336383223899,0.23269168099357196,0.039305982124109975,1.0,1.0,0.0,0.0,0.2421428571428571,0.42857142857142855,0.3571428571428571,0.06463792404223542,0.0,0.0,0.0,0.0,0.0,0.0,0.0,0.0,0.0,0.0,0.0,0.0,0.0,0.0,0.0,0.0,0.0,0.0,0.0,0.0,stable,stable
19,500,240,modular,6,0.08,0.004,0.12,20,10.0,0.72,0.22,True,static,1.0,False,False,1.0,default,q_learning,default,0.3788,0.8166666666666667,0.10833333333333328,0.02230792086531897,0.40495000000000003,0.4625,0.1166666666666667,0.02290100070593714,0.21625,0.37916666666666665,0.11250000000000002,0.020235591581830924,0.6044647258693604,0.7869547979175358,0.13079494999003916,0.027028354186361157,0.6041330698343739,0.7869547979175358,0.12994635789254505,0.02638602575475334,0.1780720298094528,0.48637255754345554,0.1759673522918505,0.035394048790175305,0.17593333333333333,0.48333333333333334,0.20833333333333331,0.041701199023529284,2.1337543637947873,2.355050507165756,0.2041589172516045,0.04150287647935012,1.0,1.0,0.0,0.0,0.23685714285714285,0.42857142857142855,0.39285714285714285,0.066322649807973,0.0,0.0,0.0,0.0,0.0,0.0,0.0,0.0,0.0,0.0,0.0,0.0,0.0,0.0,0.0,0.0,0.0,0.0,0.0,0.0,stable,stable
20,500,240,modular,6,0.08,0.004,0.12,20,10.0,0.72,0.22,True,static,1.0,False,False,1.0,default,q_learning,default,0.3973666666666667,0.7833333333333333,0.14583333333333331,0.02372607566932776,0.38991666666666663,0.48333333333333334,0.14166666666666666,0.02388761301502424,0.21271666666666667,0.4083333333333333,0.09999999999999998,0.019618450782646193,0.5952255521863112,0.8590859829232187,0.14926680466246356,0.027758538856017253,0.5967453552557946,0.8590859829232187,0.14483405719507092,0.027520188318001883,0.17098414766622178,0.5970896793970496,0.18444870685618947,0.035800053466936425,0.16978333333333337,0.6416666666666667,0.2416666666666667,0.04266888340595651,2.057309934665524,2.4094731121168436,0.2309018071359803,0.04087780940938302,1.0,1.0,0.0,0.0,0.24971428571428572,0.4642857142857143,0.3214285714285714,0.06685286921627956,0.0,0.0,0.0,0.0,0.0,0.0,0.0,0.0,0.0,0.0,0.0,0.0,0.0,0.0,0.0,0.0,0.0,0.0,0.0,0.0,stable,runaway
21,500,240,modular,6,0.08,0.004,0.12,20,10.0,0.72,0.22,True,static,1.0,False,False,1.0,default,q_learning,default,0.42556666666666665,0.7958333333333333,0.12083333333333335,0.022539126474249667,0.39796666666666664,0.48333333333333334,0.14166666666666666,0.022840728729374836,0.17646666666666666,0.38333333333333336,0.11666666666666667,0.018217482445899782,0.5444667818004486,0.7935830551615317,0.14841864767631469,0.0257593684622858,0.54447498873252,0.7935830551615317,0.14841864767631469,0.02522792453064197,0.11146772627467502,0.5017765754140757,0.1477745632647955,0.024100370441402168,0.11141666666666669,0.4708333333333333,0.19166666666666665,0.032420950873710594,2.0210123991344577,2.3369701946508643,0.21236910418319366,0.03930457915095295,1.0,1.0,0.0,0.0,0.18,0.42857142857142855,0.32142857142857145,0.05783509279999189,0.0,0.0,0.0,0.0,0.0,0.0,0.0,0.0,0.0,0.0,0.0,0.0,0.0,0.0,0.0,0.0,0.0,0.0,0.0,0.0,stable,stable
22,500,240,modular,6,0.08,0.004,0.12,20,10.0,0.72,0.22,True,static,1.0,False,False,1.0,default,q_learning,default,0.3746833333333333,0.7583333333333333,0.1333333333333333,0.024406220746176807,0.3793666666666667,0.44583333333333336,0.16250000000000003,0.02542885500109407,0.24595,0.4166666666666667,0.11666666666666664,0.021273359709583564,0.630445100735931,0.8537640465650905,0.15232418342360954,0.029110295239237152,0.6302990943579581,0.8537640465650905,0.15232418342360954,0.02852807634384218,0.2137021698306948,0.5775539026718967,0.22498855944282597,0.042516783804064505,0.21323333333333336,0.6041666666666666,0.3,0.05181313647243439,2.138542137073922,2.4306741995570196,0.21500591427694093,0.0429017024139462,1.0,1.0,0.0,0.0,0.3021428571428571,0.5357142857142857,0.39285714285714285,0.07270642674341739,0.0,0.0,0.0,0.0,0.0,0.0,0.0,0.0,0.0,0.0,0.0,0.0,0.0,0.0,0.0,0.0,0.0,0.0,0.0,0.0,stable,runaway
23,500,240,modular,6,0.08,0.004,0.12,20,10.0,0.72,0.22,True,static,1.0,False,False,1.0,default,q_learning,default,0.39993333333333336,0.8333333333333334,0.14583333333333331,0.024474953183475822,0.41843333333333327,0.4708333333333333,0.12083333333333335,0.024202639892742645,0.1816333333333333,0.4041666666666667,0.09999999999999998,0.01926854085463315,0.5605118122407319,0.7974433510051165,0.15987387897222277,0.028268045777912868,0.5600001479430265,0.7974433510051165,0.15987387897222277,0.0282518735085654,0.12496858627537719,0.4983510076503218,0.1643258428742353,0.029470930486866533,0.12643333333333334,0.5083333333333333,0.20416666666666666,0.03680505701968443,2.073577820557027,2.3792233895454,0.2572280953112527,0.04348177955941478,1.0,1.0,0.0,0.0,0.19457142857142856,0.39285714285714285,0.32142857142857145,0.06000952305378587,0.0,0.0,0.0,0.0,0.0,0.0,0.0,0.0,0.0,0.0,0.0,0.0,0.0,0.0,0.0,0.0,0.0,0.0,0.0,0.0,stable,runaway
24,500,240,modular,6,0.08,0.004,0.12,20,10.0,0.72,0.22,True,static,1.0,False,False,1.0,default,q_learning,default,0.3557,0.8166666666666667,0.14583333333333331,0.026289182397159314,0.404,0.4875,0.14999999999999997,0.02799751973141748,0.2403,0.43333333333333335,0.1333333333333333,0.022835620323423567,0.6659880171812693,0.886551860292317,0.17218777282997189,0.031013206797189715,0.6667064088651824,0.886551860292317,0.17264504457344954,0.030830369755113503,0.2825659116857858,0.6377984980536598,0.28693280961420464,0.05366998968940525,0.2820666666666667,0.6625,0.37083333333333335,0.06426556015644945,2.170226049051288,2.4453261926130434,0.2683224787618066,0.04636903059277388,1.0,1.0,0.0,0.0,0.34957142857142853,0.5714285714285714,0.3928571428571428,0.0709183203641013,0.0,0.0,0.0,0.0,0.0,0.0,0.0,0.0,0.0,0.0,0.0,0.0,0.0,0.0,0.0,0.0,0.0,0.0,0.0,0.0,stable,runaway
25,500,240,modular,6,0.08,0.004,0.12,20,10.0,0.72,0.22,True,static,1.0,False,False,1.0,default,q_learning,default,0.3802833333333333,0.775,0.1375,0.024279970025608447,0.39598333333333335,0.475,0.125,0.025037022586561687,0.22373333333333334,0.3625,0.11666666666666667,0.020468295266365275,0.6163205690151242,0.8136890374959257,0.17007022598211385,0.029025571379508307,0.6166303042833823,0.8136890374959257,0.15768225372423017,0.02784978177194811,0.19857544636381524,0.5366736042214286,0.22521040221370142,0.04015030779307071,0.19803333333333337,0.5708333333333333,0.2625,0.04722604036851797,2.1129489409343467,2.3576571348218285,0.2396388996097123,0.04236231295457738,1.0,1.0,0.0,0.0,0.15885714285714286,0.35714285714285715,0.35714285714285715,0.06356035216506387,0.0,0.0,0.0,0.0,0.0,0.0,0.0,0.0,0.0,0.0,0.0,0.0,0.0,0.0,0.0,0.0,0.0,0.0,0.0,0.0,stable,stable
26,500,240,modular,6,0.08,0.004,0.12,20,10.0,0.72,0.22,True,static,1.0,False,False,1.0,default,q_learning,default,0.37583333333333335,0.8375,0.16249999999999998,0.025549516194593155,0.37810000000000005,0.49166666666666664,0.15416666666666667,0.02635707790244502,0.24606666666666666,0.4041666666666667,0.12916666666666668,0.022150395030337496,0.6409707085519936,0.8449897846408015,0.1817849545707102,0.030674663884954354,0.6414564243125516,0.8449897846408015,0.1817849545707102,0.030778306436165973,0.23582589054389472,0.5786911864468436,0.287495449145943,0.049266481467744115,0.2368,0.6041666666666666,0.3458333333333333,0.05495638674844303,2.1169057471535817,2.3771172189137393,0.2620439259528988,0.04377276422296507,1.0,1.0,0.0,0.0,0.37771428571428567,0.6071428571428571,0.46428571428571425,0.0766337699312617,0.0,0.0,0.0,0.0,0.0,0.0,0.0,0.0,0.0,0.0,0.0,0.0,0.0,0.0,0.0,0.0,0.0,0.0,0.0,0.0,stable,runaway
27,500,240,modular,6,0.08,0.004,0.12,20,10.0,0.72,0.22,True,static,1.0,False,False,1.0,default,q_learning,default,0.40748333333333336,0.7833333333333333,0.15833333333333333,0.026114858478141007,0.3917333333333333,0.4625,0.14583333333333337,0.024582536710256557,0.2007833333333333,0.4,0.1375,0.021988260756847303,0.5950162297677045,0.8725587423813099,0.1916578317038013,0.030806475822666667,0.5952932145476865,0.8725587423813099,0.1916578317038013,0.030513442215365994,0.16903823449132277,0.6100840570181557,0.22500639693824404,0.03886739643517525,0.16960000000000003,0.6291666666666667,0.22500000000000003,0.04589548513258745,2.0557233256899057,2.444089119719279,0.279997704116131,0.04673349629779453,1.0,1.0,0.0,0.0,0.17857142857142855,0.5,0.2857142857142857,0.05890150893739516,0.0,0.0,0.0,0.0,0.0,0.0,0.0,0.0,0.0,0.0,0.0,0.0,0.0,0.0,0.0,0.0,0.0,0.0,0.0,0.0,stable,oscillatory
28,500,240,modular,6,0.08,0.004,0.12,20,10.0,0.72,0.22,True,static,1.0,False,False,1.0,default,q_learning,default,0.3888833333333333,0.825,0.13749999999999996,0.024618539761732415,0.4134,0.4875,0.1375,0.02490305648353676,0.19771666666666668,0.37916666666666665,0.11250000000000002,0.01980446778998225,0.5891887691833505,0.7985587666054506,0.1500223980029015,0.027981249682380548,0.5888541487306983,0.7985587666054506,0.1500223980029015,0.027799494429122187,0.15848491934733464,0.5042454006923627,0.18103495990175064,0.034840658408171424,0.16079999999999997,0.5583333333333333,0.21250000000000002,0.04121453357467215,2.0873226615135496,2.3795430624016007,0.22530339934546206,0.04292801568030058,1.0,1.0,0.0,0.0,0.18028571428571427,0.5,0.35714285714285715,0.05948006011278408,0.0,0.0,0.0,0.0,0.0,0.0,0.0,0.0,0.0,0.0,0.0,0.0,0.0,0.0,0.0,0.0,0.0,0.0,0.0,0.0,stable,stable
29,500,240,modular,6,0.08,0.004,0.12,20,10.0,0.72,0.22,True,static,1.0,False,False,1.0,default,q_learning,default,0.3444666666666667,0.7958333333333333,0.15000000000000002,0.024285775443433737,0.4299666666666667,0.5083333333333333,0.15833333333333333,0.02604854442510496,0.22556666666666667,0.39166666666666666,0.12916666666666665,0.020120083940624544,0.6526418528102572,0.8660626179236963,0.16500800298861173,0.02694570342721466,0.6533533668272773,0.8660626179236963,0.1666861076120041,0.027953464056718887,0.2574109091335694,0.6108741738362095,0.2655112853814295,0.046689800807115725,0.25638333333333335,0.6083333333333333,0.3291666666666666,0.0562794638883097,2.148939714387194,2.3941109942529164,0.2725857601412258,0.04104989200892524,1.0,1.0,0.0,0.0,0.23285714285714285,0.4642857142857143,0.3571428571428571,0.06770283206327307,0.0,0.0,0.0,0.0,0.0,0.0,0.0,0.0,0.0,0.0,0.0,0.0,0.0,0.0,0.0,0.0,0.0,0.0,0.0,0.0,stable,oscillatory
30,500,240,modular,6,0.08,0.004,0.12,20,10.0,0.72,0.22,True,static,1.0,False,False,1.0,default,q_learning,default,0.38748333333333335,0.8208333333333333,0.16249999999999998,0.02593661611613118,0.39213333333333333,0.475,0.1375,0.02462054246175561,0.22038333333333332,0.4125,0.13333333333333336,0.021909035426812686,0.6151341802947882,0.8397181361912628,0.17419952945371564,0.03131487245049377,0.615856435534882,0.8397181361912628,0.14440884825706035,0.030733915195761987,0.1966964437652456,0.5697890813332304,0.20071103320630346,0.043763877523864,0.1955,0.5791666666666667,0.2375,0.04933755612557684,2.107014371719898,2.415161290325153,0.26870338014753536,0.0468801093725656,1.0,1.0,0.0,0.0,0.2814285714285715,0.5357142857142857,0.35714285714285715,0.06919360593321335,0.0,0.0,0.0,0.0,0.0,0.0,0.0,0.0,0.0,0.0,0.0,0.0,0.0,0.0,0.0,0.0,0.0,0.0,0.0,0.0,stable,runaway
31,500,240,modular,6,0.08,0.004,0.12,20,10.0,0.72,0.22,True,static,1.0,False,False,1.0,default,q_learning,default,0.3494,0.7791666666666667,0.15416666666666662,0.02582098629667994,0.42596666666666666,0.5125,0.16249999999999998,0.02670380746884858,0.22463333333333332,0.4083333333333333,0.14166666666666664,0.022490837640643305,0.6480198163166198,0.8805657048871498,0.2059365908955314,0.03177161773443662,0.6470968433312098,0.8805657048871498,0.2059365908955314,0.031459431540148526,0.24810341181347628,0.6277993042735858,0.31870640907942427,0.05051155762031596,0.24531666666666666,0.6625,0.35833333333333334,0.0554170776927113,2.1432681653542236,2.4124434568823196,0.3065860897130499,0.04631893658800132,1.0,1.0,0.0,0.0,0.313,0.5357142857142857,0.39285714285714285,0.07656783040586447,0.0,0.0,0.0,0.0,0.0,0.0,0.0,0.0,0.0,0.0,0.0,0.0,0.0,0.0,0.0,0.0,0.0,0.0,0.0,0.0,stable,runaway
32,500,240,modular,6,0.08,0.004,0.12,20,10.0,0.72,0.22,True,static,1.0,False,False,1.0,default,q_learning,default,0.3827833333333333,0.8125,0.1375,0.023697520967392346,0.40693333333333337,0.49583333333333335,0.15833333333333333,0.025105023844287068,0.21028333333333335,0.4125,0.13749999999999998,0.020966646793843257,0.5936023726717878,0.8467229196195828,0.19075631566708795,0.02738040141589738,0.5938196775064201,0.8467229196195828,0.19075631566708795,0.02664845789114415,0.16453271522601845,0.5731604549338267,0.2547012623436754,0.0346837414982047,0.16538333333333333,0.6416666666666667,0.25,0.042699925188589165,2.109762766682977,2.4559466619412387,0.28175796829177435,0.042090022734009164,1.0,1.0,0.0,0.0,0.3082857142857143,0.5357142857142857,0.39285714285714285,0.0692578736406518,0.0,0.0,0.0,0.0,0.0,0.0,0.0,0.0,0.0,0.0,0.0,0.0,0.0,0.0,0.0,0.0,0.0,0.0,0.0,0.0,stable,runaway
33,500,240,modular,6,0.08,0.004,0.12,20,10.0,0.72,0.22,True,static,1.0,False,False,1.0,default,q_learning,default,0.35001666666666664,0.8333333333333334,0.1791666666666667,0.029338773169836383,0.3837833333333333,0.4583333333333333,0.15833333333333333,0.02766124946965018,0.26620000000000005,0.425,0.20416666666666664,0.028870958110568865,0.6777853638256454,0.8928008057113075,0.280844975689481,0.03917915135129363,0.6786474153658392,0.8928008057113075,0.280844975689481,0.03868625276946153,0.29824662714128714,0.6295857172416653,0.3934611794514856,0.06217992164266284,0.2962333333333333,0.6541666666666667,0.4166666666666667,0.06925681675233612,2.188167223400615,2.477897926413756,0.37916976947314907,0.05630018402011992,1.0,1.0,0.0,0.0,0.3597142857142857,0.5714285714285714,0.5,0.07741697330109232,0.0,0.0,0.0,0.0,0.0,0.0,0.0,0.0,0.0,0.0,0.0,0.0,0.0,0.0,0.0,0.0,0.0,0.0,0.0,0.0,oscillatory,runaway
34,500,240,modular,6,0.08,0.004,0.12,20,10.0,0.72,0.22,True,static,1.0,False,False,1.0,default,q_learning,default,0.42673333333333335,0.8416666666666667,0.14166666666666666,0.024749769920367162,0.3767166666666667,0.44166666666666665,0.12083333333333329,0.023738394825448688,0.19655,0.4125,0.10416666666666669,0.019719568679078377,0.5702601103764997,0.869005868464635,0.16576939022877157,0.028670498389653985,0.5689812200067613,0.869005868464635,0.16576939022877157,0.028240197636937754,0.13683253376463286,0.6047944677756415,0.19026706703984497,0.032047906427370834,0.1359,0.6375,0.22083333333333335,0.03961896291199736,2.0289205064236753,2.4441548874942045,0.25736433795255453,0.043077271279184697,1.0,1.0,0.0,0.0,0.20157142857142857,0.6071428571428571,0.35714285714285715,0.06543870788605104,0.0,0.0,0.0,0.0,0.0,0.0,0.0,0.0,0.0,0.0,0.0,0.0,0.0,0.0,0.0,0.0,0.0,0.0,0.0,0.0,stable,runaway
35,500,240,modular,6,0.08,0.004,0.12,20,10.0,0.72,0.22,True,static,1.0,False,False,1.0,default,q_learning,default,0.37951666666666667,0.8125,0.1375,0.024606960397416014,0.37151666666666666,0.44583333333333336,0.14166666666666672,0.024760345761362507,0.24896666666666664,0.43333333333333335,0.11666666666666667,0.020977209855777612,0.6066481929060846,0.8542527006372611,0.14470211772421349,0.028576737210858884,0.6063481187830634,0.8542527006372611,0.19547861807128708,0.029531584553712343,0.177047913512035,0.5684497541174726,0.2713991915707215,0.03921885840872465,0.17623333333333333,0.575,0.3166666666666667,0.043980816525187684,2.1314079698545783,2.4767429499477784,0.2501330276552902,0.043684777396623777,1.0,1.0,0.0,0.0,0.314,0.5,0.39285714285714285,0.06973653040888533,0.0,0.0,0.0,0.0,0.0,0.0,0.0,0.0,0.0,0.0,0.0,0.0,0.0,0.0,0.0,0.0,0.0,0.0,0.0,0.0,stable,runaway
36,500,240,modular,6,0.08,0.004,0.12,20,10.0,0.72,0.22,True,static,1.0,False,False,1.0,default,q_learning,default,0.36878333333333335,0.75,0.12083333333333329,0.02415011502158024,0.41479999999999995,0.475,0.12916666666666665,0.025265017536330963,0.21641666666666665,0.42083333333333334,0.12083333333333332,0.021098479408083733,0.6124446968512465,0.829877400155128,0.164822173155042,0.027808124251737416,0.6121898102310158,0.829877400155128,0.164822173155042,0.027933519837173952,0.18674878652869534,0.5441998804250378,0.2316155015104729,0.03896729493034525,0.18393333333333334,0.5416666666666666,0.30833333333333335,0.04625173870605658,2.1096507039705883,2.3763852733701336,0.2291696722603771,0.042126509743217584,1.0,1.0,0.0,0.0,0.3198571428571429,0.5357142857142857,0.35714285714285715,0.066643890667227,0.0,0.0,0.0,0.0,0.0,0.0,0.0,0.0,0.0,0.0,0.0,0.0,0.0,0.0,0.0,0.0,0.0,0.0,0.0,0.0,stable,runaway
37,500,240,modular,6,0.08,0.004,0.12,20,10.0,0.72,0.22,True,static,1.0,False,False,1.0,default,q_learning,default,0.38906666666666667,0.7833333333333333,0.1333333333333333,0.024032177503413115,0.43638333333333335,0.5083333333333333,0.12916666666666665,0.02579438461715607,0.17455,0.35,0.11249999999999999,0.01974153123634425,0.5755757579126872,0.7863203774322222,0.1493694635758599,0.02709837622268818,0.5756348556066826,0.7863203774322222,0.1493694635758599,0.02737277050756597,0.14401174722517315,0.48865481242752856,0.17297089443209235,0.03185077797830095,0.14508333333333331,0.4791666666666667,0.23333333333333334,0.0395362878322631,2.0366679294973307,2.294208538559413,0.22384751889623966,0.041103729178687626,1.0,1.0,0.0,0.0,0.15757142857142856,0.35714285714285715,0.32142857142857145,0.05644954402303143,0.0,0.0,0.0,0.0,0.0,0.0,0.0,0.0,0.0,0.0,0.0,0.0,0.0,0.0,0.0,0.0,0.0,0.0,0.0,0.0,stable,stable
38,500,240,modular,6,0.08,0.004,0.12,20,10.0,0.72,0.22,True,static,1.0,False,False,1.0,default,q_learning,default,0.39104999999999995,0.8208333333333333,0.11249999999999999,0.0226959431029718,0.43083333333333335,0.49583333333333335,0.1375,0.02333928495524707,0.17811666666666667,0.3958333333333333,0.12083333333333332,0.020102383772412,0.5709450849674673,0.806964465061173,0.14411518686557356,0.02671338005017335,0.5715822019494071,0.806964465061173,0.16254788528146513,0.027022013175468155,0.13925110897269455,0.5213759310902596,0.1852698242482489,0.030245773063554752,0.13931666666666667,0.5208333333333334,0.18333333333333332,0.038194927673710806,2.049159886441443,2.33170442612013,0.20863846565397615,0.04063488165708458,1.0,1.0,0.0,0.0,0.1591428571428571,0.42857142857142855,0.28571428571428575,0.054399129644898264,0.0,0.0,0.0,0.0,0.0,0.0,0.0,0.0,0.0,0.0,0.0,0.0,0.0,0.0,0.0,0.0,0.0,0.0,0.0,0.0,stable,oscillatory
39,500,240,modular,6,0.08,0.004,0.12,20,10.0,0.72,0.22,True,static,1.0,False,False,1.0,default,q_learning,default,0.3837,0.7916666666666666,0.11666666666666664,0.022897816489787844,0.4093166666666667,0.49583333333333335,0.14583333333333337,0.025705430684325573,0.20698333333333332,0.4166666666666667,0.12500000000000003,0.019419985410224522,0.6031503931116559,0.8464369012197823,0.1499317035487414,0.02566616884211591,0.6028055993030219,0.8464369012197823,0.1499317035487414,0.02604927387245142,0.17568097937107172,0.5716406559179764,0.2127601561236083,0.0351617847613449,0.17461666666666667,0.5666666666666667,0.25416666666666665,0.04210014845579526,2.073018270007247,2.3838592043139717,0.20235627047684024,0.038156929165723524,1.0,1.0,0.0,0.0,0.356,0.5714285714285714,0.3214285714285714,0.06490746946104689,0.0,0.0,0.0,0.0,0.0,0.0,0.0,0.0,0.0,0.0,0.0,0.0,0.0,0.0,0.0,0.0,0.0,0.0,0.0,0.0,stable,runaway
40,500,240,modular,6,0.08,0.004,0.12,20,10.0,0.72,0.22,True,static,1.0,False,False,1.0,default,q_learning,default,0.34948333333333337,0.7708333333333334,0.26666666666666666,0.08262076850822007,0.41064999999999996,0.5166666666666667,0.20833333333333337,0.041151579556561374,0.23986666666666667,0.42083333333333334,0.3208333333333333,0.11243928732135104,0.6572550236620678,0.8691282512758992,0.4326576877815425,0.14382989288548909,0.6477639954274445,0.8691282512758992,0.4326576877815425,0.14380660108651125,0.29080982096815133,0.608974388734907,0.560230872124547,0.203289138892857,0.2914333333333333,0.6375,0.5874999999999999,0.20743961905951225,2.168260456050541,2.4553307361877286,0.5851027260428356,0.1915932660461936,1.0,1.0,0.0,0.0,0.2921428571428571,0.5714285714285714,0.4642857142857143,0.08918279782879335,0.0,0.0,0.0,0.0,0.0,0.0,0.0,0.0,0.0,0.0,0.0,0.0,0.0,0.0,0.0,0.0,0.0,0.0,0.0,0.0,oscillatory,runaway
41,500,240,modular,6,0.08,0.004,0.12,20,10.0,0.72,0.22,True,static,1.0,False,False,1.0,default,q_learning,default,0.36660000000000004,0.7875,0.1291666666666667,0.024991576358623098,0.43245,0.5,0.12916666666666665,0.024599237793069932,0.20095,0.43333333333333335,0.10416666666666669,0.019554063232200332,0.607754480304089,0.8543224839447424,0.17180865746784624,0.028436356694557956,0.6081400323404844,0.8543224839447424,0.15178476246619665,0.028177114305975706,0.18205950240097157,0.5777169407674255,0.20966712232012893,0.038615555450468866,0.18366666666666667,0.6083333333333333,0.22499999999999998,0.04591689352636033,2.1147540367731352,2.4165654295810226,0.2318772398364486,0.04292756981542795,1.0,1.0,0.0,0.0,0.2771428571428572,0.4642857142857143,0.35714285714285715,0.06200724118345916,0.0,0.0,0.0,0.0,0.0,0.0,0.0,0.0,0.0,0.0,0.0,0.0,0.0,0.0,0.0,0.0,0.0,0.0,0.0,0.0,stable,runaway
42,500,240,modular,6,0.08,0.004,0.12,20,10.0,0.72,0.22,True,static,1.0,False,False,1.0,default,q_learning,default,0.37326666666666664,0.7958333333333333,0.14583333333333331,0.02442212112000102,0.4040166666666667,0.4875,0.14999999999999997,0.02408992989243062,0.22271666666666667,0.3875,0.125,0.02174971902755936,0.6081585088405672,0.8121626733324441,0.1640975738243149,0.028963352011252202,0.6076896525922076,0.8121626733324441,0.1640975738243149,0.02949883796961681,0.1816974562051278,0.5211148201160364,0.23393484778331863,0.04005510862345875,0.18261666666666662,0.5333333333333333,0.2666666666666667,0.0473957950549296,2.1474659495726174,2.427967273731668,0.26654120014749294,0.04494773933642258,1.0,1.0,0.0,0.0,0.29028571428571426,0.4642857142857143,0.35714285714285715,0.06569502823421174,0.0,0.0,0.0,0.0,0.0,0.0,0.0,0.0,0.0,0.0,0.0,0.0,0.0,0.0,0.0,0.0,0.0,0.0,0.0,0.0,stable,oscillatory
43,500,240,modular,6,0.08,0.004,0.12,20,10.0,0.72,0.22,True,static,1.0,False,False,1.0,default,q_learning,default,0.34564999999999996,0.8208333333333333,0.12083333333333329,0.0225193065316556,0.43161666666666665,0.5,0.14166666666666666,0.02621831950712665,0.22273333333333334,0.38333333333333336,0.14583333333333331,0.022779157139806556,0.651854224863965,0.8216708413908899,0.16820690545142192,0.028028899058445484,0.6520267725761567,0.8216708413908899,0.16820690545142192,0.02831354084352638,0.25252604241888993,0.5468188229612789,0.27678187841761026,0.04672691476004973,0.24965,0.5916666666666667,0.2916666666666667,0.0543990119395564,2.167151935840002,2.373527585013487,0.2294089164128632,0.04128945950543224,1.0,1.0,0.0,0.0,0.2531428571428571,0.42857142857142855,0.3214285714285714,0.06499858711180277,0.0,0.0,0.0,0.0,0.0,0.0,0.0,0.0,0.0,0.0,0.0,0.0,0.0,0.0,0.0,0.0,0.0,0.0,0.0,0.0,stable,oscillatory
44,500,240,modular,6,0.08,0.004,0.12,20,10.0,0.72,0.22,True,static,1.0,False,False,1.0,default,q_learning,default,0.3599166666666666,0.8375,0.1333333333333333,0.023131418028300814,0.41101666666666664,0.5,0.17916666666666664,0.025513226417335423,0.22906666666666667,0.45416666666666666,0.11249999999999999,0.02122605840837049,0.638053278920844,0.8447373442027735,0.14709997003939324,0.027211391774771918,0.6382212884828457,0.8447373442027735,0.14709997003939324,0.027675878899115332,0.22955004602356519,0.5765604847355482,0.22165885449086925,0.043414824318680004,0.23086666666666666,0.5875,0.2791666666666667,0.050344910368377856,2.159434614482274,2.39970264406823,0.23764912522334392,0.041139659777776325,1.0,1.0,0.0,0.0,0.20585714285714282,0.42857142857142855,0.32142857142857145,0.06124040949489186,0.0,0.0,0.0,0.0,0.0,0.0,0.0,0.0,0.0,0.0,0.0,0.0,0.0,0.0,0.0,0.0,0.0,0.0,0.0,0.0,runaway,runaway
45,500,240,modular,6,0.08,0.004,0.12,20,10.0,0.72,0.22,True,static,1.0,False,False,1.0,default,q_learning,default,0.34393333333333337,0.8125,0.14999999999999997,0.024537409081735673,0.42556666666666665,0.4875,0.1375,0.025662575431506827,0.2305,0.36666666666666664,0.14166666666666664,0.022512959230925934,0.6525336425590232,0.8373458097172187,0.19843218291871068,0.029761482874084408,0.6526800656349603,0.8373458097172187,0.19360981082130024,0.028874866275189072,0.25351438831136724,0.5681717628148809,0.30058236580355613,0.0467824636537701,0.2529666666666667,0.575,0.2875,0.055497287220988456,2.1645344194378486,2.3948602458492467,0.2852045677485475,0.04394907985745259,1.0,1.0,0.0,0.0,0.22514285714285714,0.5,0.3571428571428571,0.06987218651924092,0.0,0.0,0.0,0.0,0.0,0.0,0.0,0.0,0.0,0.0,0.0,0.0,0.0,0.0,0.0,0.0,0.0,0.0,0.0,0.0,stable,oscillatory
46,500,240,modular,6,0.08,0.004,0.12,20,10.0,0.72,0.22,True,static,1.0,False,False,1.0,default,q_learning,default,0.38563333333333333,0.8125,0.12916666666666665,0.0224781128112561,0.4184,0.49166666666666664,0.125,0.022917024239634605,0.19596666666666665,0.3875,0.12083333333333332,0.020175865670537054,0.5880950037384611,0.8352406683595707,0.151045380447567,0.02673338712303428,0.587941514824109,0.8352406683595707,0.151045380447567,0.027288819892505426,0.15723561583781867,0.557758488036575,0.19371737214401225,0.03401061450373865,0.15703333333333333,0.5708333333333333,0.21250000000000002,0.04014181803998862,2.0605297802180367,2.401144188620148,0.22568925948217533,0.040456571566566533,1.0,1.0,0.0,0.0,0.17942857142857144,0.5714285714285714,0.32142857142857145,0.05401511504256216,0.0,0.0,0.0,0.0,0.0,0.0,0.0,0.0,0.0,0.0,0.0,0.0,0.0,0.0,0.0,0.0,0.0,0.0,0.0,0.0,stable,oscillatory
47,500,240,modular,6,0.08,0.004,0.12,20,10.0,0.72,0.22,True,static,1.0,False,False,1.0,default,q_learning,default,0.38356666666666667,0.8,0.15416666666666667,0.025048863358554926,0.33798333333333336,0.425,0.12083333333333335,0.02410284100359218,0.27845000000000003,0.4375,0.1166666666666667,0.02286676992202149,0.6489274753453526,0.8881375741138928,0.16821166385712438,0.03212972154818139,0.6480721942424207,0.8881375741138928,0.16821166385712438,0.032104935170354884,0.24422849222267284,0.6216769266691385,0.2748773852751208,0.05216677060086998,0.24481666666666665,0.6625,0.3458333333333333,0.06067680547146679,2.142196912479285,2.446607837733085,0.2571136899283295,0.04633944262744254,1.0,1.0,0.0,0.0,0.3082857142857143,0.5357142857142857,0.4642857142857143,0.07389126042602696,0.0,0.0,0.0,0.0,0.0,0.0,0.0,0.0,0.0,0.0,0.0,0.0,0.0,0.0,0.0,0.0,0.0,0.0,0.0,0.0,stable,runaway
48,500,240,modular,6,0.08,0.004,0.12,20,10.0,0.72,0.22,True,static,1.0,False,False,1.0,default,q_learning,default,0.36096666666666666,0.7791666666666667,0.1375,0.02488046980621101,0.4143333333333334,0.5,0.14583333333333331,0.024708860309163954,0.22469999999999998,0.42916666666666664,0.13333333333333333,0.020603235991788604,0.6234738874667171,0.8556915988160874,0.15827638171947855,0.028345655197187528,0.6233779878229527,0.8556915988160874,0.15827638171947855,0.028557939064868986,0.203228338544564,0.5789601201506559,0.23622271185818372,0.04178949632979823,0.20335000000000003,0.6083333333333333,0.25,0.04816450110472096,2.1577402960956995,2.4680091109228735,0.25607019434891276,0.044455636312844285,1.0,1.0,0.0,0.0,0.2887142857142857,0.5714285714285714,0.5,0.07957912248004421,0.0,0.0,0.0,0.0,0.0,0.0,0.0,0.0,0.0,0.0,0.0,0.0,0.0,0.0,0.0,0.0,0.0,0.0,0.0,0.0,stable,runaway
49,500,240,modular,6,0.08,0.004,0.12,20,10.0,0.72,0.22,True,static,1.0,False,False,1.0,default,q_learning,default,0.4022166666666667,0.8166666666666667,0.11666666666666664,0.02155780987639205,0.37501666666666666,0.4625,0.11666666666666664,0.022578560381230885,0.22276666666666667,0.44166666666666665,0.11666666666666664,0.020351385429225422,0.5921701888046623,0.8864915759645637,0.13625591352052135,0.027603967052401944,0.5912291120625989,0.8864915759645637,0.14818965670023843,0.02789989840644325,0.16060076050306543,0.6140805906151316,0.18120976621643867,0.03451137145742933,0.15931666666666666,0.6583333333333333,0.24583333333333332,0.040018290956900085,2.0520959129154437,2.4591324107129116,0.19303093576156538,0.0398199140052004,1.0,1.0,0.0,0.0,0.19814285714285715,0.6071428571428571,0.3214285714285714,0.06127572346136997,0.0,0.0,0.0,0.0,0.0,0.0,0.0,0.0,0.0,0.0,0.0,0.0,0.0,0.0,0.0,0.0,0.0,0.0,0.0,0.0,stable,runaway
50,500,240,modular,6,0.08,0.004,0.12,20,10.0,0.72,0.22,True,static,1.0,False,False,1.0,default,q_learning,default,0.34168333333333334,0.7833333333333333,0.14583333333333331,0.02526387957363459,0.4131,0.49166666666666664,0.17083333333333328,0.024783529476919412,0.2452166666666667,0.3875,0.14583333333333337,0.024114201670845797,0.6730160341438893,0.8405458059351959,0.21026205691500022,0.032795158340397944,0.6720987310937017,0.8405458059351959,0.18365841557469564,0.03224450809108184,0.2906578229193983,0.5805199376632101,0.29544748232773255,0.056144811782716054,0.2897833333333333,0.6125,0.30833333333333335,0.06024943752618959,2.1896361896712233,2.3711059878477556,0.30766010315666037,0.04764440221686129,1.0,1.0,0.0,0.0,0.32957142857142857,0.5714285714285714,0.3571428571428571,0.0743682234093381,0.0,0.0,0.0,0.0,0.0,0.0,0.0,0.0,0.0,0.0,0.0,0.0,0.0,0.0,0.0,0.0,0.0,0.0,0.0,0.0,stable,oscillatory
1,500,240,modular,6,0.08,0.004,0.12,20,10.0,0.72,0.22,True,static,1.0,False,False,1.0,default,reactive,default,0.4175333333333333,1.0,1.0,0.42044017806738376,0.4090666666666666,1.0,1.0,0.3334545879459784,0.17339999999999997,0.5916666666666667,0.5833333333333334,0.2468702898284846,0.5689308884679308,1.1763893632679343,1.1763893632679343,0.45511185052954994,0.5408148672330755,1.1763893632679343,1.1763893632679343,0.4596874335801138,0.29543307437221905,0.7419076184546504,0.7413483658946168,0.3152463226651255,0.2952166666666667,0.8208333333333333,0.7958333333333333,0.3165007815507289,2.0252808025755185,2.8838770029569685,1.808268021304162,0.7169235559523042,1.0,1.0,0.0,0.0,0.31928571428571434,1.0,1.0,0.45168674805372244,0.0,0.0,0.0,0.0,0.0,0.0,0.0,0.0,0.0,0.0,0.0,0.0,0.0,0.0,0.0,0.0,0.0,0.0,0.0,0.0,runaway,runaway
2,500,240,modular,6,0.08,0.004,0.12,20,10.0,0.72,0.22,True,static,1.0,False,False,1.0,default,reactive,default,0.43411666666666665,1.0,1.0,0.4383899016096668,0.36545,1.0,1.0,0.32182980362297087,0.20043333333333332,0.6083333333333333,0.6083333333333333,0.2575120407109367,0.5630498921697804,1.1762059604052415,1.1733309693168106,0.4752253270289945,0.5259052538767873,1.1762059604052415,1.1733309693168106,0.47683440320962284,0.2939762757111979,0.7263168272618102,0.7255504893830559,0.3181851522427515,0.29336666666666666,0.7875,0.7833333333333333,0.3187565232447975,2.0083268667314726,2.896597532093242,1.8219362547130205,0.757747265156006,1.0,1.0,0.0,0.0,0.3358571428571429,0.9642857142857143,0.9642857142857143,0.4282272189158557,0.0,0.0,0.0,0.0,0.0,0.0,0.0,0.0,0.0,0.0,0.0,0.0,0.0,0.0,0.0,0.0,0.0,0.0,0.0,0.0,runaway,runaway
3,500,240,modular,6,0.08,0.004,0.12,20,10.0,0.72,0.22,True,static,1.0,False,False,1.0,default,reactive,default,0.41046666666666665,1.0,1.0,0.4124119825287977,0.44256666666666666,1.0,1.0,0.33761009891424887,0.14696666666666663,0.525,0.5208333333333334,0.21026265056405574,0.5429041562230661,1.1025496097386527,1.1025496097386527,0.41474149172193825,0.5134977355045364,1.1025496097386527,1.1025496097386527,0.4213118677239081,0.27503177144087876,0.717382371850939,0.7168355127446852,0.2958506903539003,0.27713333333333334,0.7791666666666667,0.775,0.29780778476505054,2.018475836922634,2.825459571746481,1.7495905989564777,0.6811248810644362,1.0,1.0,0.0,0.0,0.2952857142857143,0.9642857142857143,0.9642857142857143,0.41820220185055584,0.0,0.0,0.0,0.0,0.0,0.0,0.0,0.0,0.0,0.0,0.0,0.0,0.0,0.0,0.0,0.0,0.0,0.0,0.0,0.0,runaway,runaway
4,500,240,modular,6,0.08,0.004,0.12,20,10.0,0.72,0.22,True,static,1.0,False,False,1.0,default,reactive,default,0.4370333333333334,1.0,1.0,0.4252622445817012,0.4122166666666667,1.0,1.0,0.3314234707205337,0.15075,0.4666666666666667,0.4666666666666667,0.19665270077530647,0.5318801374648415,1.0678449951025388,1.0678449951025388,0.4276371024077182,0.49893957095989605,1.0678449951025388,1.0678449951025388,0.43404922896974574,0.2883685590942106,0.7174984182610095,0.7169466277501814,0.30890672961595594,0.28918333333333335,0.7875,0.7875,0.3107059832953906,1.9968306105431661,2.8047915314117926,1.7234247560126887,0.7076568707349458,1.0,1.0,0.0,0.0,0.29671428571428565,0.9285714285714286,0.9285714285714286,0.3871618603664997,0.0,0.0,0.0,0.0,0.0,0.0,0.0,0.0,0.0,0.0,0.0,0.0,0.0,0.0,0.0,0.0,0.0,0.0,0.0,0.0,runaway,runaway
5,500,240,modular,6,0.08,0.004,0.12,20,10.0,0.72,0.22,True,static,1.0,False,False,1.0,default,reactive,default,0.40346666666666664,1.0,1.0,0.4134202650518665,0.44925,1.0,1.0,0.33759267246194785,0.14728333333333335,0.5083333333333333,0.5,0.21146327564010836,0.5441420261352795,1.0830765740119699,1.080208786369839,0.41134870303777926,0.516127676073445,1.0830765740119699,1.080208786369839,0.4159455060394094,0.27250328869513135,0.7114452347450456,0.7103665549652904,0.29174422666494065,0.2743833333333333,0.7916666666666666,0.7916666666666666,0.29345399080984097,2.001291883253383,2.796849153348371,1.7357105161586686,0.6750132731006331,1.0,1.0,0.0,0.0,0.3087142857142857,1.0,1.0,0.43831376796043436,0.0,0.0,0.0,0.0,0.0,0.0,0.0,0.0,0.0,0.0,0.0,0.0,0.0,0.0,0.0,0.0,0.0,0.0,0.0,0.0,runaway,runaway
6,500,240,modular,6,0.08,0.004,0.12,20,10.0,0.72,0.22,True,static,1.0,False,False,1.0,default,reactive,default,0.4514166666666667,1.0,1.0,0.4487795254910812,0.3444333333333333,1.0,1.0,0.30900532357873706,0.20414999999999997,0.5625,0.55,0.24494939896957404,0.5530151329742723,1.1367367803063742,1.1350261016280148,0.4833083370315627,0.5158555179427494,1.1367367803063742,1.134165314430613,0.4839319373278333,0.3015857195409437,0.7209698377807098,0.7201372361786375,0.32513051091164213,0.29935,0.7875,0.7875,0.3233087314523586,1.9844449449563522,2.854620571641553,1.7839841671445906,0.7733375638238936,1.0,1.0,0.0,0.0,0.3708571428571429,0.9642857142857143,0.9642857142857143,0.4401828006171796,0.0,0.0,0.0,0.0,0.0,0.0,0.0,0.0,0.0,0.0,0.0,0.0,0.0,0.0,0.0,0.0,0.0,0.0,0.0,0.0,runaway,runaway
7,500,240,modular,6,0.08,0.004,0.12,20,10.0,0.72,0.22,True,static,1.0,False,False,1.0,default,reactive,default,0.45456666666666673,1.0,1.0,0.4413257879516119,0.37583333333333335,1.0,1.0,0.3284496409903148,0.16960000000000003,0.5125,0.5125,0.21648102559911447,0.5414008871404242,1.1193748425997905,1.1138236044673762,0.46235404751526127,0.509498760214706,1.1193748425997905,1.1138236044673762,0.46911512729537336,0.30937772146245174,0.741488556146397,0.7401600123778366,0.3291862987449544,0.3097833333333333,0.8,0.8,0.33004363389978875,1.9793291842920167,2.8315022292530285,1.7475558105279938,0.7442232082694115,1.0,1.0,0.0,0.0,0.3341428571428572,0.9642857142857143,0.9642857142857143,0.4299935690074389,0.0,0.0,0.0,0.0,0.0,0.0,0.0,0.0,0.0,0.0,0.0,0.0,0.0,0.0,0.0,0.0,0.0,0.0,0.0,0.0,runaway,runaway
8,500,240,modular,6,0.08,0.004,0.12,20,10.0,0.72,0.22,True,static,1.0,False,False,1.0,default,reactive,default,0.42344999999999994,1.0,1.0,0.42195382218384464,0.42295,1.0,1.0,0.3327161457024758,0.15360000000000001,0.49166666666666664,0.49166666666666664,0.2068022700283749,0.5478227782471956,1.0920627256693978,1.0906122806235028,0.4310249477916374,0.5127109531849605,1.0920627256693978,1.0906122806235028,0.43703070065517746,0.29041482100102883,0.7282817567514228,0.7274737642708593,0.31032510500906063,0.2893833333333333,0.8041666666666667,0.8,0.3110446024643768,1.9646776312934862,2.7433082275407727,1.687855823751087,0.6850031193413205,1.0,1.0,0.0,0.0,0.2978571428571428,0.9285714285714286,0.9285714285714286,0.4004977770072577,0.0,0.0,0.0,0.0,0.0,0.0,0.0,0.0,0.0,0.0,0.0,0.0,0.0,0.0,0.0,0.0,0.0,0.0,0.0,0.0,runaway,runaway
9,500,240,modular,6,0.08,0.004,0.12,20,10.0,0.72,0.22,True,static,1.0,False,False,1.0,default,reactive,default,0.43679999999999997,1.0,1.0,0.43899419004001505,0.3732,1.0,1.0,0.3217576883308307,0.19,0.5583333333333333,0.5583333333333333,0.24297662210362728,0.5594389165615725,1.1432565380528743,1.1432565380528743,0.4691017680750233,0.5207811918712657,1.1432565380528743,1.1432565380528743,0.4725602268242929,0.2974677593741407,0.7296077234988155,0.7290555144055997,0.3220355591196565,0.29901666666666665,0.8,0.8,0.32409736577146075,2.0187412800527844,2.887307315737994,1.80773330571645,0.753827943533108,1.0,1.0,0.0,0.0,0.335,0.8928571428571429,0.8928571428571429,0.42178495826713425,0.0,0.0,0.0,0.0,0.0,0.0,0.0,0.0,0.0,0.0,0.0,0.0,0.0,0.0,0.0,0.0,0.0,0.0,0.0,0.0,runaway,runaway
10,500,240,modular,6,0.08,0.004,0.12,20,10.0,0.72,0.22,True,static,1.0,False,False,1.0,default,reactive,default,0.4301500000000001,1.0,1.0,0.41707239213088393,0.43539999999999995,1.0,1.0,0.3410315739699837,0.13445,0.5125,0.48333333333333334,0.19192682416309953,0.53306477694198,1.1000687618035239,1.0814971618992038,0.4177820982176439,0.51015485957747,1.1000687618035239,1.1000687618035239,0.4254866128881903,0.28889875400246956,0.7344271593012299,0.7338670068575566,0.3055081396208171,0.28985,0.7916666666666666,0.7875,0.30610495159158874,1.9795118889158492,2.7805214179964737,1.6989649499246582,0.6784435710886472,1.0,1.0,0.0,0.0,0.22642857142857142,0.8571428571428571,0.8214285714285714,0.3225543776336205,0.0,0.0,0.0,0.0,0.0,0.0,0.0,0.0,0.0,0.0,0.0,0.0,0.0,0.0,0.0,0.0,0.0,0.0,0.0,0.0,runaway,runaway
11,500,240,modular,6,0.08,0.004,0.12,20,10.0,0.72,0.22,True,static,1.0,False,False,1.0,default,reactive,default,0.44875,1.0,1.0,0.4435973915988836,0.34759999999999996,1.0,1.0,0.310104715288956,0.20365,0.5625,0.5625,0.2483362913694072,0.5583560356884729,1.142955184966017,1.142955184966017,0.48256669826186316,0.5210651342336916,1.142955184966017,1.142955184966017,0.4836013288816703,0.3031887324260154,0.7274129780435372,0.7268624062867588,0.3266898642000242,0.3022833333333333,0.8,0.775,0.32704569040290243,1.9912990854096666,2.855266229909718,1.7809534804824427,0.7680630720087379,1.0,1.0,0.0,0.0,0.3532857142857143,0.9642857142857143,0.9642857142857143,0.4297370102273991,0.0,0.0,0.0,0.0,0.0,0.0,0.0,0.0,0.0,0.0,0.0,0.0,0.0,0.0,0.0,0.0,0.0,0.0,0.0,0.0,runaway,runaway
12,500,240,modular,6,0.08,0.004,0.12,20,10.0,0.72,0.22,True,static,1.0,False,False,1.0,default,reactive,default,0.4322166666666667,1.0,1.0,0.42539777496414394,0.4023166666666667,1.0,1.0,0.32883123373210427,0.16546666666666668,0.5208333333333334,0.5208333333333334,0.21797828383172077,0.5494119787317183,1.104460055664398,1.104460055664398,0.44306352849853275,0.5121137737000738,1.104460055664398,1.104460055664398,0.4475363799007376,0.29112295503578095,0.7277887486920858,0.72723418088496,0.31360572385461016,0.29006666666666664,0.8,0.7708333333333334,0.3135689645924092,1.9743076470513785,2.765020383678162,1.703861744560202,0.7030518073933545,1.0,1.0,0.0,0.0,0.318,0.9285714285714286,0.9285714285714286,0.4141729895902465,0.0,0.0,0.0,0.0,0.0,0.0,0.0,0.0,0.0,0.0,0.0,0.0,0.0,0.0,0.0,0.0,0.0,0.0,0.0,0.0,runaway,runaway
13,500,240,modular,6,0.08,0.004,0.12,20,10.0,0.72,0.22,True,static,1.0,False,False,1.0,default,reactive,default,0.4283,1.0,1.0,0.4265153690079644,0.3909666666666666,1.0,1.0,0.33077423317624566,0.18073333333333336,0.6041666666666666,0.6,0.249417467979557,0.562847097179048,1.173929629632949,1.173929629632949,0.4602877417269575,0.5326361423376629,1.173929629632949,1.173929629632949,0.4667682103813065,0.29647315599837565,0.7378015207697103,0.7372452205566152,0.3177450487402447,0.29864999999999997,0.8083333333333333,0.8041666666666667,0.32054150753928196,2.041954854495484,2.926795364338913,1.828009237173421,0.7393271319664892,1.0,1.0,0.0,0.0,0.31614285714285717,1.0,1.0,0.43331614042292543,0.0,0.0,0.0,0.0,0.0,0.0,0.0,0.0,0.0,0.0,0.0,0.0,0.0,0.0,0.0,0.0,0.0,0.0,0.0,0.0,runaway,runaway
14,500,240,modular,6,0.08,0.004,0.12,20,10.0,0.72,0.22,True,static,1.0,False,False,1.0,default,reactive,default,0.41590000000000005,1.0,1.0,0.4134421509984465,0.44381666666666664,1.0,1.0,0.33770409836949794,0.14028333333333337,0.49583333333333335,0.49583333333333335,0.1980020770093082,0.5355610121147791,1.0787768058677807,1.0787768058677807,0.40931171479057027,0.5064008977032778,1.0787768058677807,1.0787768058677807,0.4159870808231685,0.2773988429554861,0.7166718631569583,0.7161224166474068,0.29617780155815776,0.2788833333333333,0.7625,0.7541666666666667,0.2981053416532857,1.9764208800496375,2.767020239568248,1.694863193214374,0.6684181518827141,1.0,1.0,0.0,0.0,0.31342857142857145,1.0,1.0,0.43737071559163954,0.0,0.0,0.0,0.0,0.0,0.0,0.0,0.0,0.0,0.0,0.0,0.0,0.0,0.0,0.0,0.0,0.0,0.0,0.0,0.0,runaway,runaway
15,500,240,modular,6,0.08,0.004,0.12,20,10.0,0.72,0.22,True,static,1.0,False,False,1.0,default,reactive,default,0.43204999999999993,1.0,0.9958333333333333,0.4286979061323046,0.40875,1.0,0.9958333333333333,0.3307561307905804,0.15919999999999998,0.5,0.49166666666666664,0.20655729363921177,0.5399238068279583,1.0817978709502556,1.0817978709502556,0.43550883822430553,0.5024590670781613,1.0817978709502556,1.0817978709502556,0.4422919885104759,0.2890528763266201,0.7179662717018596,0.717416273703833,0.3106587239160941,0.28883333333333333,0.7916666666666666,0.7916666666666666,0.31132829225040815,2.00063170224081,2.8137055861388727,1.7263200077369731,0.7124260056224455,1.0,1.0,0.0,0.0,0.2831428571428571,0.8571428571428571,0.8571428571428571,0.36666383425003723,0.0,0.0,0.0,0.0,0.0,0.0,0.0,0.0,0.0,0.0,0.0,0.0,0.0,0.0,0.0,0.0,0.0,0.0,0.0,0.0,runaway,runaway
16,500,240,modular,6,0.08,0.004,0.12,20,10.0,0.72,0.22,True,static,1.0,False,False,1.0,default,reactive,default,0.43111666666666665,1.0,1.0,0.42007557554167163,0.43098333333333333,1.0,1.0,0.33491183292522425,0.1379,0.4583333333333333,0.4583333333333333,0.18542250852220357,0.5311711868327698,1.0587813730700308,1.0587813730700308,0.4183879309580785,0.49719905688062604,1.0549473860633944,1.0534514286568983,0.4237552128686879,0.2873600156599622,0.7230995688195094,0.7221717712943156,0.3080480266317671,0.28923333333333334,0.7791666666666667,0.7791666666666667,0.3094262988894843,2.013040562720133,2.812803954415959,1.7179162793472993,0.6961432100361498,1.0,1.0,0.0,0.0,0.285,0.8571428571428571,0.8571428571428571,0.3788873345005055,0.0,0.0,0.0,0.0,0.0,0.0,0.0,0.0,0.0,0.0,0.0,0.0,0.0,0.0,0.0,0.0,0.0,0.0,0.0,0.0,runaway,runaway
17,500,240,modular,6,0.08,0.004,0.12,20,10.0,0.72,0.22,True,static,1.0,False,False,1.0,default,reactive,default,0.37288333333333334,1.0,0.9958333333333333,0.3796910736228716,0.5504666666666667,1.0,0.9958333333333333,0.34314546478133734,0.07665000000000001,0.35,0.35,0.12314619699094785,0.5086215237812259,0.9345846208109114,0.9248811601853949,0.32382418870972485,0.493066897707297,0.9345846208109114,0.9248811601853949,0.33428438494546314,0.23026919038104537,0.6456184228445832,0.6382638990879473,0.22940217142368327,0.2279666666666667,0.6875,0.6875,0.2284046822831986,2.045777018685946,2.701061307364087,1.610079667943919,0.5857632052387803,1.0,1.0,0.0,0.0,0.16071428571428573,0.7142857142857143,0.7142857142857143,0.2597339690796673,0.0,0.0,0.0,0.0,0.0,0.0,0.0,0.0,0.0,0.0,0.0,0.0,0.0,0.0,0.0,0.0,0.0,0.0,0.0,0.0,oscillatory,oscillatory
18,500,240,modular,6,0.08,0.004,0.12,20,10.0,0.72,0.22,True,static,1.0,False,False,1.0,default,reactive,default,0.39511666666666667,1.0,1.0,0.3992012514592942,0.4979666666666667,1.0,1.0,0.34294258346778045,0.10691666666666666,0.4625,0.44583333333333336,0.16739882931357541,0.5353883076426736,1.0785871091205033,1.071941904399896,0.3827267688616637,0.5164101856738328,1.0785871091205033,1.071941904399896,0.39340193999346285,0.2778642696981937,0.7283487093151688,0.7264433120455394,0.2882328834988522,0.27735,0.7916666666666666,0.7916666666666666,0.29044236806407336,2.0079409634109213,2.786423922233355,1.686385639469157,0.6329854135874156,1.0,1.0,0.0,0.0,0.22885714285714287,0.9285714285714286,0.8928571428571429,0.3599772101629972,0.0,0.0,0.0,0.0,0.0,0.0,0.0,0.0,0.0,0.0,0.0,0.0,0.0,0.0,0.0,0.0,0.0,0.0,0.0,0.0,runaway,runaway
19,500,240,modular,6,0.08,0.004,0.12,20,10.0,0.72,0.22,True,static,1.0,False,False,1.0,default,reactive,default,0.4384,1.0,1.0,0.4235970582732814,0.3961166666666667,1.0,1.0,0.32609791516932113,0.16548333333333334,0.5041666666666667,0.5041666666666667,0.21577554503078733,0.5384034140994625,1.0779460888140495,1.0714401158177298,0.4348247803372606,0.5040822318704122,1.0779460888140495,1.0744964351141821,0.43777933835518323,0.28506534244122356,0.7154127090556258,0.7141834230969474,0.30725807469734034,0.2844333333333333,0.7791666666666667,0.7708333333333334,0.3072610381346056,2.011512808990268,2.8280611715001274,1.7394969760966519,0.7170473103958663,1.0,1.0,0.0,0.0,0.3211428571428571,0.9285714285714286,0.9285714285714286,0.4159816518716632,0.0,0.0,0.0,0.0,0.0,0.0,0.0,0.0,0.0,0.0,0.0,0.0,0.0,0.0,0.0,0.0,0.0,0.0,0.0,0.0,runaway,runaway
20,500,240,modular,6,0.08,0.004,0.12,20,10.0,0.72,0.22,True,static,1.0,False,False,1.0,default,reactive,default,0.44508333333333333,1.0,1.0,0.4328250945820956,0.37416666666666665,1.0,1.0,0.32070949991126446,0.18075,0.5541666666666667,0.5416666666666666,0.23294027906549591,0.5514117180546382,1.1284078137622453,1.121740062140311,0.4622853589562477,0.5214119252879961,1.1284078137622453,1.121740062140311,0.46783165833747725,0.3034350275844451,0.7333337991812947,0.7319411254996092,0.32440613523400796,0.30368333333333336,0.8291666666666667,0.7875,0.3228210757438932,1.973328480090992,2.805638652227132,1.736739528976161,0.7305237035150554,1.0,1.0,0.0,0.0,0.32028571428571434,0.9642857142857143,0.9642857142857143,0.4122471024390441,0.0,0.0,0.0,0.0,0.0,0.0,0.0,0.0,0.0,0.0,0.0,0.0,0.0,0.0,0.0,0.0,0.0,0.0,0.0,0.0,runaway,runaway
21,500,240,modular,6,0.08,0.004,0.12,20,10.0,0.72,0.22,True,static,1.0,False,False,1.0,default,reactive,default,0.42966666666666664,1.0,1.0,0.4328789605010209,0.40523333333333333,1.0,1.0,0.3305552584499132,0.16510000000000002,0.5125,0.5125,0.21569858341882753,0.5504537063791639,1.107727895705231,1.107727895705231,0.44855840455417273,0.5134581346842901,1.107727895705231,1.107727895705231,0.45590141824531205,0.295351682752739,0.7271247899300409,0.7265711011826296,0.31727677351360245,0.29551666666666665,0.7958333333333333,0.7958333333333333,0.31933041447865734,2.0086580380011183,2.8298760888538013,1.7456422774410572,0.7257019992693562,1.0,1.0,0.0,0.0,0.3431428571428572,1.0,1.0,0.4438904075079242,0.0,0.0,0.0,0.0,0.0,0.0,0.0,0.0,0.0,0.0,0.0,0.0,0.0,0.0,0.0,0.0,0.0,0.0,0.0,0.0,runaway,runaway
22,500,240,modular,6,0.08,0.004,0.12,20,10.0,0.72,0.22,True,static,1.0,False,False,1.0,default,reactive,default,0.43128333333333335,1.0,1.0,0.4247869142287695,0.4034,1.0,1.0,0.3323008526421,0.16531666666666667,0.5541666666666667,0.5458333333333333,0.22324636926250083,0.5372848154425957,1.1079928260446714,1.1014858736317152,0.4327930033192462,0.510795116309915,1.1079928260446714,1.1014858736317152,0.44085996973446256,0.2847091565646655,0.7143873964930886,0.7128728859423026,0.30432007051269805,0.28435000000000005,0.7708333333333334,0.7708333333333334,0.3041609720928121,2.0024639619857574,2.8382150871204854,1.7539017574993379,0.71259957059759,1.0,1.0,0.0,0.0,0.3108571428571429,1.0,1.0,0.418525692284286,0.0,0.0,0.0,0.0,0.0,0.0,0.0,0.0,0.0,0.0,0.0,0.0,0.0,0.0,0.0,0.0,0.0,0.0,0.0,0.0,runaway,runaway
23,500,240,modular,6,0.08,0.004,0.12,20,10.0,0.72,0.22,True,static,1.0,False,False,1.0,default,reactive,default,0.41910000000000003,1.0,1.0,0.42933433100298163,0.4128,1.0,1.0,0.3326886165103272,0.1681,0.5291666666666667,0.5291666666666667,0.22543944986526993,0.5473377443196064,1.1018052732553967,1.1018052732553967,0.4379713345139647,0.5151214438305864,1.0979368973435095,1.0979368973435095,0.4394518299695906,0.27952399199306294,0.7118174548974994,0.7112742912228096,0.3023217764094691,0.2776166666666667,0.775,0.7708333333333334,0.3028508530063382,2.038603332421551,2.8799248522849634,1.7959060348792262,0.7283295579529901,1.0,1.0,0.0,0.0,0.313,0.8928571428571429,0.8928571428571429,0.4128860345797862,0.0,0.0,0.0,0.0,0.0,0.0,0.0,0.0,0.0,0.0,0.0,0.0,0.0,0.0,0.0,0.0,0.0,0.0,0.0,0.0,runaway,runaway
24,500,240,modular,6,0.08,0.004,0.12,20,10.0,0.72,0.22,True,static,1.0,False,False,1.0,default,reactive,default,0.5254666666666667,1.0,1.0,0.4548651253088351,0.29033333333333333,1.0,1.0,0.2869860623793427,0.18419999999999997,0.4708333333333333,0.4708333333333333,0.19927911469984896,0.5061418283795653,1.080486329895826,1.080486329895826,0.48964148632613186,0.49316084582451725,1.080486329895826,1.080486329895826,0.4937488767663383,0.33660900174383446,0.7383255255997707,0.7377597362472438,0.3487489172510434,0.3383833333333333,0.8166666666666667,0.8166666666666667,0.35123865778445035,1.8945016897321598,2.783016444797069,1.7031401069138137,0.7805317909752965,1.0,1.0,0.0,0.0,0.376,0.9285714285714286,0.9285714285714286,0.4065051647637356,0.0,0.0,0.0,0.0,0.0,0.0,0.0,0.0,0.0,0.0,0.0,0.0,0.0,0.0,0.0,0.0,0.0,0.0,0.0,0.0,runaway,runaway
25,500,240,modular,6,0.08,0.004,0.12,20,10.0,0.72,0.22,True,static,1.0,False,False,1.0,default,reactive,default,0.4306,1.0,1.0,0.4200038372840578,0.41141666666666665,1.0,1.0,0.3332383302116103,0.15798333333333334,0.5416666666666666,0.5416666666666666,0.22101709901171798,0.5455880848517252,1.1153937493682617,1.1153937493682617,0.43763527174062716,0.5215867487258444,1.1153937493682617,1.1153937493682617,0.4444667405029803,0.2932891460062349,0.7329096672857264,0.7323524089865969,0.31239845526397336,0.29303333333333337,0.7875,0.7833333333333333,0.3127808853210538,1.9959858522629232,2.8245053114956127,1.7422234583803613,0.7023231803774387,1.0,1.0,0.0,0.0,0.314,0.9642857142857143,0.9642857142857143,0.43326703836157704,0.0,0.0,0.0,0.0,0.0,0.0,0.0,0.0,0.0,0.0,0.0,0.0,0.0,0.0,0.0,0.0,0.0,0.0,0.0,0.0,runaway,runaway
26,500,240,modular,6,0.08,0.004,0.12,20,10.0,0.72,0.22,True,static,1.0,False,False,1.0,default,reactive,default,0.4552333333333333,1.0,1.0,0.44412926796898516,0.32115,1.0,1.0,0.303191765957528,0.22361666666666669,0.6416666666666667,0.6208333333333333,0.274462788916822,0.5735708206716038,1.2039798836941673,1.1915834784912147,0.5053949235234534,0.5377033565821036,1.2039798836941673,1.1975188939064978,0.5049690284929653,0.3096847587747847,0.7386640930185258,0.7377220317540031,0.33322819883831356,0.3095833333333333,0.7875,0.7791666666666667,0.33408628501232035,1.9891963691333447,2.886208159802791,1.8119915225911507,0.7820552712628641,1.0,1.0,0.0,0.0,0.38671428571428573,1.0,1.0,0.46853878370603935,0.0,0.0,0.0,0.0,0.0,0.0,0.0,0.0,0.0,0.0,0.0,0.0,0.0,0.0,0.0,0.0,0.0,0.0,0.0,0.0,runaway,runaway
27,500,240,modular,6,0.08,0.004,0.12,20,10.0,0.72,0.22,True,static,1.0,False,False,1.0,default,reactive,default,0.4590666666666666,1.0,1.0,0.42947628443126973,0.36793333333333333,1.0,1.0,0.3182546691636188,0.173,0.5083333333333333,0.5083333333333333,0.21696684334503996,0.5326748837704279,1.0849843299756365,1.0788693400966733,0.44749938929727445,0.4995634139932206,1.0849843299756365,1.0788693400966733,0.4536623169931718,0.2982164480144196,0.7239538988307287,0.7222449669145417,0.32001141967820845,0.2970833333333333,0.7666666666666667,0.7666666666666667,0.3188994203158384,1.9709523432429454,2.7994469088169303,1.7011700890623318,0.7263399043629291,1.0,1.0,0.0,0.0,0.342,0.9642857142857143,0.9642857142857143,0.42811318358488293,0.0,0.0,0.0,0.0,0.0,0.0,0.0,0.0,0.0,0.0,0.0,0.0,0.0,0.0,0.0,0.0,0.0,0.0,0.0,0.0,runaway,runaway
28,500,240,modular,6,0.08,0.004,0.12,20,10.0,0.72,0.22,True,static,1.0,False,False,1.0,default,reactive,default,0.4262666666666666,1.0,1.0,0.4251020217417095,0.42760000000000004,1.0,1.0,0.3363658573636748,0.14613333333333334,0.4666666666666667,0.4583333333333333,0.19481663458521994,0.5308984913291835,1.0543346408480871,1.0543346408480871,0.4193965841223101,0.4998523446329887,1.0543346408480871,1.0543346408480871,0.4241791707638325,0.2816243231484031,0.7090634350651414,0.7085157704183024,0.3002886394509674,0.28125,0.7791666666666667,0.7583333333333333,0.30388005903279963,1.999923275645671,2.7925133876422494,1.7151205671243728,0.700611505660207,1.0,1.0,0.0,0.0,0.3467142857142857,1.0,1.0,0.4574757939397628,0.0,0.0,0.0,0.0,0.0,0.0,0.0,0.0,0.0,0.0,0.0,0.0,0.0,0.0,0.0,0.0,0.0,0.0,0.0,0.0,runaway,runaway
29,500,240,modular,6,0.08,0.004,0.12,20,10.0,0.72,0.22,True,static,1.0,False,False,1.0,default,reactive,default,0.48105000000000003,1.0,1.0,0.4496192775251326,0.31195,1.0,1.0,0.2962052408756844,0.207,0.5416666666666666,0.5416666666666666,0.24179456385764989,0.5464876507982905,1.1318981087634725,1.1318981087634725,0.4976039832449946,0.5121107492637057,1.1318981087634725,1.1318981087634725,0.49699830191470423,0.31733901323553926,0.7406094050495966,0.7400479045753928,0.3411219710912058,0.31698333333333334,0.7916666666666666,0.7916666666666666,0.34146554609018265,1.9453806717028799,2.8200395377444827,1.7529993952689669,0.7789906705260075,1.0,1.0,0.0,0.0,0.3758571428571429,0.9642857142857143,0.9642857142857143,0.43763252220304183,0.0,0.0,0.0,0.0,0.0,0.0,0.0,0.0,0.0,0.0,0.0,0.0,0.0,0.0,0.0,0.0,0.0,0.0,0.0,0.0,runaway,runaway
30,500,240,modular,6,0.08,0.004,0.12,20,10.0,0.72,0.22,True,static,1.0,False,False,1.0,default,reactive,default,0.4252833333333333,1.0,1.0,0.4160350082091116,0.4250166666666667,1.0,1.0,0.33246021023408034,0.1497,0.5041666666666667,0.49583333333333335,0.20578655068892243,0.5391249623578573,1.097618419580065,1.081876889601044,0.42113249227853855,0.5090106284422077,1.097618419580065,1.0906161161204577,0.42393893962972456,0.28241309457089936,0.72527466131732,0.7235448866032284,0.3023622234857464,0.28125,0.7958333333333333,0.7666666666666667,0.30001718700767793,1.9997453417991158,2.808819079196891,1.7162097951008162,0.6875223019360698,1.0,1.0,0.0,0.0,0.23371428571428574,0.8214285714285714,0.7857142857142857,0.3225853470361743,0.0,0.0,0.0,0.0,0.0,0.0,0.0,0.0,0.0,0.0,0.0,0.0,0.0,0.0,0.0,0.0,0.0,0.0,0.0,0.0,runaway,runaway
31,500,240,modular,6,0.08,0.004,0.12,20,10.0,0.72,0.22,True,static,1.0,False,False,1.0,default,reactive,default,0.47301666666666664,1.0,1.0,0.4450825731754103,0.3431,1.0,1.0,0.3147828193109232,0.18388333333333334,0.5125,0.5125,0.22126006631212158,0.536741253696226,1.12149047360749,1.1165583594988857,0.47622062235407314,0.4993769867689299,1.12149047360749,1.1165583594988857,0.47550973949215836,0.3100773329432405,0.7404731914411303,0.7392478454715347,0.3331841306846747,0.31161666666666665,0.7916666666666666,0.7875,0.33708181540655346,1.9336770558574263,2.7926387725265225,1.7177634422726789,0.750930311404805,1.0,1.0,0.0,0.0,0.38128571428571434,1.0,1.0,0.45689030970468264,0.0,0.0,0.0,0.0,0.0,0.0,0.0,0.0,0.0,0.0,0.0,0.0,0.0,0.0,0.0,0.0,0.0,0.0,0.0,0.0,runaway,runaway
32,500,240,modular,6,0.08,0.004,0.12,20,10.0,0.72,0.22,True,static,1.0,False,False,1.0,default,reactive,default,0.4221166666666667,1.0,1.0,0.42984051338193385,0.40698333333333336,1.0,1.0,0.3321897838585648,0.1709,0.55,0.5416666666666666,0.23033217799999683,0.551887637000697,1.1204851064843937,1.1177771021769805,0.44466818422511184,0.5195259309023824,1.1204851064843937,1.1177771021769805,0.45212662960027494,0.28969797822424553,0.7214193335800534,0.7205170103824872,0.31077429535877094,0.29086666666666666,0.7875,0.7875,0.31259807172221077,2.027404529980852,2.8742684831790126,1.7941508779391235,0.7289466563527772,1.0,1.0,0.0,0.0,0.32942857142857146,0.9642857142857143,0.9642857142857143,0.4395002728052832,0.0,0.0,0.0,0.0,0.0,0.0,0.0,0.0,0.0,0.0,0.0,0.0,0.0,0.0,0.0,0.0,0.0,0.0,0.0,0.0,runaway,runaway
33,500,240,modular,6,0.08,0.004,0.12,20,10.0,0.72,0.22,True,static,1.0,False,False,1.0,default,reactive,default,0.4106833333333333,1.0,1.0,0.40701858714041284,0.4578333333333333,1.0,1.0,0.3390921703608032,0.13148333333333334,0.49166666666666664,0.49166666666666664,0.19556252836369242,0.5370412140700016,1.0713689471784766,1.0713689471784766,0.4037110784096925,0.5171407571392717,1.0707564614444247,1.0701960817596439,0.41328923078668145,0.2807272623473347,0.7198502262359252,0.719179415011657,0.2955330139149952,0.28418333333333334,0.7833333333333333,0.7666666666666667,0.29841672437865957,2.0008253865566124,2.7770420251079906,1.6958899227962962,0.6604816495261674,1.0,1.0,0.0,0.0,0.27571428571428575,1.0,1.0,0.4079965986252777,0.0,0.0,0.0,0.0,0.0,0.0,0.0,0.0,0.0,0.0,0.0,0.0,0.0,0.0,0.0,0.0,0.0,0.0,0.0,0.0,runaway,runaway
34,500,240,modular,6,0.08,0.004,0.12,20,10.0,0.72,0.22,True,static,1.0,False,False,1.0,default,reactive,default,0.44089999999999996,1.0,1.0,0.43334996250144064,0.3733666666666667,1.0,1.0,0.32059510462748975,0.18573333333333333,0.5708333333333333,0.5625,0.23762818996631413,0.5545920318738343,1.1554457825984201,1.1432702262013075,0.46608386639202154,0.5215562613247469,1.1554457825984201,1.1432702262013075,0.4676834481478222,0.29622183703000426,0.7316888385929945,0.7299360563701583,0.31979895242352335,0.2967666666666667,0.8,0.8,0.3213605469112708,2.000332303510205,2.874924279858335,1.7955081693985322,0.7442750163652879,1.0,1.0,0.0,0.0,0.34342857142857147,1.0,1.0,0.4330665217318212,0.0,0.0,0.0,0.0,0.0,0.0,0.0,0.0,0.0,0.0,0.0,0.0,0.0,0.0,0.0,0.0,0.0,0.0,0.0,0.0,runaway,runaway
35,500,240,modular,6,0.08,0.004,0.12,20,10.0,0.72,0.22,True,static,1.0,False,False,1.0,default,reactive,default,0.39915,1.0,1.0,0.41593123396649223,0.4445,1.0,1.0,0.3410384875640871,0.15635000000000002,0.5708333333333333,0.5666666666666667,0.22689791451468017,0.5444478328748484,1.1049691345335269,1.1049691345335269,0.41478625578371653,0.5173903136577033,1.1049691345335269,1.1049691345335269,0.4200905444176576,0.2640974332901084,0.7019776882720138,0.7014428451313819,0.2859561065242775,0.26613333333333333,0.7666666666666667,0.7583333333333333,0.2872455279605469,2.038828813270146,2.8768415105474623,1.8028730753470825,0.6942048466400059,1.0,1.0,0.0,0.0,0.2991428571428571,0.9642857142857143,0.9642857142857143,0.4237867195576914,0.0,0.0,0.0,0.0,0.0,0.0,0.0,0.0,0.0,0.0,0.0,0.0,0.0,0.0,0.0,0.0,0.0,0.0,0.0,0.0,runaway,runaway
36,500,240,modular,6,0.08,0.004,0.12,20,10.0,0.72,0.22,True,static,1.0,False,False,1.0,default,reactive,default,0.4696166666666667,1.0,1.0,0.4492844375596971,0.30748333333333333,1.0,1.0,0.29141639214551934,0.22290000000000001,0.575,0.575,0.25662371069113804,0.5450087609092634,1.1241193313317168,1.1132078331847697,0.48745254607103033,0.5102715366512638,1.1241193313317168,1.1132078331847697,0.4864897868941801,0.30365385258768957,0.7130378094087725,0.7110793904573627,0.3258213651034487,0.3025,0.7958333333333333,0.7666666666666667,0.32643188842050613,1.964702407959849,2.8390695117257048,1.7654539863433636,0.7843906741014264,1.0,1.0,0.0,0.0,0.41614285714285715,1.0,1.0,0.4777216549329083,0.0,0.0,0.0,0.0,0.0,0.0,0.0,0.0,0.0,0.0,0.0,0.0,0.0,0.0,0.0,0.0,0.0,0.0,0.0,0.0,runaway,runaway
37,500,240,modular,6,0.08,0.004,0.12,20,10.0,0.72,0.22,True,static,1.0,False,False,1.0,default,reactive,default,0.39325,1.0,1.0,0.3956939140435586,0.49115,1.0,1.0,0.3405236119240159,0.1156,0.49583333333333335,0.49166666666666664,0.18127971327328504,0.5373065387168438,1.0870239772993886,1.063917063208689,0.3823743935683321,0.5182064770704464,1.0870239772993886,1.063917063208689,0.39357115826309874,0.27031578636396786,0.7220187683389626,0.7168346081849731,0.2833007421402455,0.2717166666666667,0.7708333333333334,0.7666666666666667,0.28335070583995375,1.9942037059645603,2.764465985701491,1.6805055011888965,0.6268488621890415,1.0,1.0,0.0,0.0,0.24085714285714283,0.9642857142857143,0.9285714285714286,0.3783801133834621,0.0,0.0,0.0,0.0,0.0,0.0,0.0,0.0,0.0,0.0,0.0,0.0,0.0,0.0,0.0,0.0,0.0,0.0,0.0,0.0,runaway,runaway
38,500,240,modular,6,0.08,0.004,0.12,20,10.0,0.72,0.22,True,static,1.0,False,False,1.0,default,reactive,default,0.44528333333333336,1.0,1.0,0.4398311421569772,0.38298333333333334,1.0,1.0,0.32227740336893346,0.17173333333333335,0.4875,0.4875,0.21177365012883187,0.5365476290751153,1.081143670476544,1.0775017724296003,0.4537603327907583,0.5011185151610016,1.081143670476544,1.0745353520962504,0.4551067463096169,0.2965397377775533,0.7204239982344093,0.7185798360773491,0.31926558952528233,0.2953333333333334,0.7833333333333333,0.775,0.31919912802721334,1.9728708219815252,2.7875019705049797,1.7181824417642957,0.7383883009741885,1.0,1.0,0.0,0.0,0.33585714285714285,0.9285714285714286,0.9285714285714286,0.41133304942712834,0.0,0.0,0.0,0.0,0.0,0.0,0.0,0.0,0.0,0.0,0.0,0.0,0.0,0.0,0.0,0.0,0.0,0.0,0.0,0.0,runaway,runaway
39,500,240,modular,6,0.08,0.004,0.12,20,10.0,0.72,0.22,True,static,1.0,False,False,1.0,default,reactive,default,0.43618333333333326,1.0,1.0,0.4389846267239891,0.35728333333333334,1.0,1.0,0.3178042203936254,0.20653333333333335,0.5916666666666667,0.5875,0.25935541679753327,0.5700890461629821,1.1607070384650968,1.1544838082664244,0.4793419561645371,0.5277321613548138,1.1607070384650968,1.1607070384650968,0.4835861357103025,0.29772090174569565,0.7242526984859238,0.7237057982154165,0.32138842544921303,0.2964833333333333,0.8083333333333333,0.7541666666666667,0.3221868544287098,2.000180932898295,2.8486525398839038,1.781142249713344,0.7528647204720985,1.0,1.0,0.0,0.0,0.385,1.0,1.0,0.47198506116103256,0.0,0.0,0.0,0.0,0.0,0.0,0.0,0.0,0.0,0.0,0.0,0.0,0.0,0.0,0.0,0.0,0.0,0.0,0.0,0.0,runaway,runaway
40,500,240,modular,6,0.08,0.004,0.12,20,10.0,0.72,0.22,True,static,1.0,False,False,1.0,default,reactive,default,0.4556,1.0,1.0,0.4484002750519525,0.3212,1.0,1.0,0.3019163405095303,0.22319999999999998,0.6083333333333333,0.6083333333333333,0.2695569080299495,0.5773137860627845,1.1988240621100397,1.1955314045847054,0.5116828047325002,0.5389907444497379,1.1988240621100397,1.1988240621100397,0.512881174863535,0.3132223601158216,0.7398835758966518,0.739327005071398,0.3370427224565429,0.3128666666666667,0.7916666666666666,0.7833333333333333,0.3371261369609634,2.003956698362988,2.8962186952743454,1.8212331049850226,0.793460421373217,1.0,1.0,0.0,0.0,0.37514285714285717,0.9642857142857143,0.9285714285714286,0.4408739928267718,0.0,0.0,0.0,0.0,0.0,0.0,0.0,0.0,0.0,0.0,0.0,0.0,0.0,0.0,0.0,0.0,0.0,0.0,0.0,0.0,runaway,runaway
41,500,240,modular,6,0.08,0.004,0.12,20,10.0,0.72,0.22,True,static,1.0,False,False,1.0,default,reactive,default,0.4344333333333333,1.0,1.0,0.42854798253326704,0.4082,1.0,1.0,0.329749667677366,0.15736666666666668,0.4625,0.4625,0.20117718558524475,0.5324316443313342,1.0575170359802675,1.045544803836569,0.429073086802359,0.4966195139142676,1.0575170359802675,1.045544803836569,0.43366307545048727,0.2815752366408592,0.7044033246063505,0.7009086157901709,0.3039209235168815,0.28395,0.7708333333333334,0.7541666666666667,0.30674767091391436,1.9892740490582346,2.7953803950745777,1.7048283849650796,0.7104497949889459,1.0,1.0,0.0,0.0,0.3365714285714286,0.9642857142857143,0.9285714285714286,0.4288871218226378,0.0,0.0,0.0,0.0,0.0,0.0,0.0,0.0,0.0,0.0,0.0,0.0,0.0,0.0,0.0,0.0,0.0,0.0,0.0,0.0,runaway,runaway
42,500,240,modular,6,0.08,0.004,0.12,20,10.0,0.72,0.22,True,static,1.0,False,False,1.0,default,reactive,default,0.41916666666666663,1.0,1.0,0.42417730831444633,0.43151666666666666,1.0,1.0,0.3360767806618006,0.14931666666666665,0.4875,0.4875,0.20164984020711635,0.5348260750209106,1.0703016941415175,1.0703016941415175,0.4201517678551304,0.5037672062384203,1.0703016941415175,1.0703016941415175,0.42493001587132123,0.2762713551884162,0.7071613482297903,0.7066179024495248,0.2969419931703755,0.27564999999999995,0.7791666666666667,0.7666666666666667,0.29765132892549145,2.027372684630874,2.8342913072169846,1.7481482588654822,0.7063519139910933,1.0,1.0,0.0,0.0,0.3002857142857143,0.9285714285714286,0.8928571428571429,0.40100882986868636,0.0,0.0,0.0,0.0,0.0,0.0,0.0,0.0,0.0,0.0,0.0,0.0,0.0,0.0,0.0,0.0,0.0,0.0,0.0,0.0,runaway,runaway
43,500,240,modular,6,0.08,0.004,0.12,20,10.0,0.72,0.22,True,static,1.0,False,False,1.0,default,reactive,default,0.42575,1.0,1.0,0.4154422760411153,0.4211166666666667,1.0,1.0,0.3330934390927967,0.15313333333333332,0.5375,0.5375,0.21367170820885223,0.5441251550813972,1.126911619810824,1.126911619810824,0.4267893749367667,0.5180358439106003,1.099756674494805,1.099756674494805,0.434410371815071,0.2917736289916026,0.7283163364450408,0.7277608067988105,0.30805404337288367,0.2929833333333334,0.7958333333333333,0.7958333333333333,0.30923898929468774,2.0048193092861584,2.8421373934818175,1.7642889019477817,0.6914710953872469,1.0,1.0,0.0,0.0,0.29371428571428565,0.9642857142857143,0.9642857142857143,0.40340044418337834,0.0,0.0,0.0,0.0,0.0,0.0,0.0,0.0,0.0,0.0,0.0,0.0,0.0,0.0,0.0,0.0,0.0,0.0,0.0,0.0,runaway,runaway
44,500,240,modular,6,0.08,0.004,0.12,20,10.0,0.72,0.22,True,static,1.0,False,False,1.0,default,reactive,default,0.4513,1.0,1.0,0.44348350088312816,0.343,1.0,1.0,0.31086331401437517,0.2057,0.5833333333333334,0.5791666666666667,0.25186583509656263,0.5596177827064605,1.1499750251955259,1.1499750251955259,0.4816453966103747,0.5172478187747117,1.1499750251955259,1.1499750251955259,0.48514384912126873,0.3049325345051799,0.7322442921550566,0.7316906027788945,0.32951770263358965,0.30273333333333335,0.7833333333333333,0.7833333333333333,0.3271973172940824,2.019892696539706,2.898077626109338,1.8145864295930332,0.7765203185162275,1.0,1.0,0.0,0.0,0.348,0.9642857142857143,0.9642857142857143,0.42134149221412376,0.0,0.0,0.0,0.0,0.0,0.0,0.0,0.0,0.0,0.0,0.0,0.0,0.0,0.0,0.0,0.0,0.0,0.0,0.0,0.0,runaway,runaway
45,500,240,modular,6,0.08,0.004,0.12,20,10.0,0.72,0.22,True,static,1.0,False,False,1.0,default,reactive,default,0.4079833333333333,1.0,1.0,0.40600212403658953,0.45798333333333335,1.0,1.0,0.33905682455567504,0.13403333333333334,0.5083333333333333,0.5041666666666667,0.2000227320414691,0.540553118480004,1.091887846274662,1.0833107851613566,0.4036859825426853,0.519054356453345,1.091887846274662,1.0833107851613566,0.4128847804677943,0.2804782695982759,0.7262842413580388,0.7241918781916606,0.2955379146725135,0.28053333333333336,0.7916666666666666,0.7791666666666667,0.2957571620246734,2.007404128665534,2.7936864094993243,1.7069501585344073,0.6603153127561239,1.0,1.0,0.0,0.0,0.2354285714285714,0.8928571428571429,0.8928571428571429,0.3531518722843745,0.0,0.0,0.0,0.0,0.0,0.0,0.0,0.0,0.0,0.0,0.0,0.0,0.0,0.0,0.0,0.0,0.0,0.0,0.0,0.0,runaway,runaway
46,500,240,modular,6,0.08,0.004,0.12,20,10.0,0.72,0.22,True,static,1.0,False,False,1.0,default,reactive,default,0.4313666666666667,1.0,1.0,0.4239256276492114,0.4090333333333333,1.0,1.0,0.32970851436449805,0.1596,0.525,0.525,0.21144261370142228,0.5352862710952127,1.0893570393238725,1.0893570393238725,0.42784441026296316,0.502585900733813,1.0893570393238725,1.0893570393238725,0.43235594709489816,0.2803117004877147,0.7161215545696403,0.7155740135645144,0.30321720960667153,0.2816833333333333,0.7625,0.7625,0.30452898466320083,1.9774680214707545,2.803567435886612,1.730978268048143,0.7009060868541708,1.0,1.0,0.0,0.0,0.3122857142857143,0.9285714285714286,0.9285714285714286,0.4093151073963153,0.0,0.0,0.0,0.0,0.0,0.0,0.0,0.0,0.0,0.0,0.0,0.0,0.0,0.0,0.0,0.0,0.0,0.0,0.0,0.0,runaway,runaway
47,500,240,modular,6,0.08,0.004,0.12,20,10.0,0.72,0.22,True,static,1.0,False,False,1.0,default,reactive,default,0.43835,1.0,1.0,0.4377555282346529,0.3862333333333334,1.0,1.0,0.3246368586590253,0.1754166666666667,0.5333333333333333,0.5208333333333334,0.22166705827033076,0.5485745039674375,1.1144995101273028,1.1098735622896903,0.45649870872818743,0.5152618051763049,1.1144995101273028,1.1098735622896903,0.4636706711139227,0.2989706916673928,0.7233836160314612,0.722183902446649,0.31987758919157655,0.29960000000000003,0.8041666666666667,0.8041666666666667,0.32176571186708713,1.9930867834935253,2.8314063341582907,1.7598959126167908,0.7362443303771811,1.0,1.0,0.0,0.0,0.363,1.0,1.0,0.4518458514464726,0.0,0.0,0.0,0.0,0.0,0.0,0.0,0.0,0.0,0.0,0.0,0.0,0.0,0.0,0.0,0.0,0.0,0.0,0.0,0.0,runaway,runaway
48,500,240,modular,6,0.08,0.004,0.12,20,10.0,0.72,0.22,True,static,1.0,False,False,1.0,default,reactive,default,0.39025,1.0,1.0,0.3912290196717689,0.5179333333333334,1.0,1.0,0.344407592831517,0.09181666666666666,0.3875,0.37083333333333335,0.1411797209627187,0.513191120234747,0.9759310861607576,0.9759310861607576,0.34912227569857424,0.4937773134742377,0.9759310861607576,0.9759310861607576,0.35993586292548657,0.24796318962765265,0.6757414274323559,0.675198306911659,0.2549772304784462,0.24733333333333335,0.7166666666666667,0.7166666666666667,0.255903573419538,2.019196312857875,2.71075400044059,1.6276580311952902,0.6113196476819499,1.0,1.0,0.0,0.0,0.21485714285714286,0.8928571428571429,0.8214285714285714,0.3333804592537554,0.0,0.0,0.0,0.0,0.0,0.0,0.0,0.0,0.0,0.0,0.0,0.0,0.0,0.0,0.0,0.0,0.0,0.0,0.0,0.0,oscillatory,oscillatory
49,500,240,modular,6,0.08,0.004,0.12,20,10.0,0.72,0.22,True,static,1.0,False,False,1.0,default,reactive,default,0.4539666666666667,1.0,1.0,0.4424933634153926,0.3340333333333333,1.0,1.0,0.3072249158009306,0.212,0.5958333333333333,0.5958333333333333,0.2590801570513994,0.5562709472336762,1.1566314095917811,1.1560189632001792,0.48532488393281775,0.5217576200158505,1.1566314095917811,1.1566314095917811,0.48521210332719444,0.2981926234279325,0.7211120386342418,0.7205672371358579,0.3225048022399417,0.2989333333333334,0.7916666666666666,0.7916666666666666,0.32250469591757713,1.9777621881003447,2.864801989583535,1.8019340136197022,0.7672059419795308,1.0,1.0,0.0,0.0,0.37042857142857144,1.0,1.0,0.4440674934911473,0.0,0.0,0.0,0.0,0.0,0.0,0.0,0.0,0.0,0.0,0.0,0.0,0.0,0.0,0.0,0.0,0.0,0.0,0.0,0.0,runaway,runaway
50,500,240,modular,6,0.08,0.004,0.12,20,10.0,0.72,0.22,True,static,1.0,False,False,1.0,default,reactive,default,0.43976666666666664,1.0,1.0,0.4300058152061564,0.4003833333333333,1.0,1.0,0.33610337406154606,0.15985000000000002,0.525,0.5208333333333334,0.21689569241662887,0.5451622867322583,1.119931544703475,1.1174244893566232,0.44760950861983484,0.5111292741394556,1.119931544703475,1.1174244893566232,0.45380022280050525,0.2987777567153735,0.7408392096343335,0.7399380344541721,0.3203693650340456,0.2990833333333333,0.7875,0.7875,0.32186532078219027,1.9877422319136195,2.825228266788793,1.7473441021691414,0.7185396646992068,1.0,1.0,0.0,0.0,0.3188571428571429,1.0,1.0,0.4373429980680881,0.0,0.0,0.0,0.0,0.0,0.0,0.0,0.0,0.0,0.0,0.0,0.0,0.0,0.0,0.0,0.0,0.0,0.0,0.0,0.0,runaway,runaway
1,500,240,modular,6,0.08,0.004,0.12,20,10.0,0.72,0.22,True,static,1.0,False,False,1.0,default,fixed,default,0.6477166666666667,0.8333333333333334,0.14166666666666672,0.028079653567030422,0.2728666666666667,0.36666666666666664,0.17916666666666664,0.02791910934587038,0.07941666666666668,0.15,0.11249999999999999,0.017740607843776568,0.3232985483203622,0.4190837091675709,0.1672326139607248,0.028287139789772816,0.32374233116285095,0.4190837091675709,0.1672326139607248,0.028770030044499677,0.01455005692599766,0.0352432708802539,0.02836146837423493,0.004240953493340156,0.015033333333333334,0.04583333333333333,0.041666666666666664,0.009096641626935123,1.625031139296782,1.76551236484135,0.25379196393726167,0.045521871835055044,1.0,1.0,0.0,0.0,0.07914285714285713,0.25,0.25,0.04919432520782312,0.0,0.0,0.0,0.0,0.0,0.0,0.0,0.0,0.0,0.0,0.0,0.0,0.0,0.0,0.0,0.0,0.0,0.0,0.0,0.0,stable,stable
2,500,240,modular,6,0.08,0.004,0.12,20,10.0,0.72,0.22,True,static,1.0,False,False,1.0,default,fixed,default,0.6500833333333333,0.7875,0.17916666666666659,0.03001492684204533,0.2713,0.3416666666666667,0.15,0.027839899425105688,0.07861666666666667,0.13333333333333333,0.09166666666666667,0.016224646888812918,0.3143835928677126,0.40692564952300064,0.17032152803011016,0.02967127121384626,0.31390062970526184,0.40692564952300064,0.17032152803011016,0.030552465117466947,0.012997482330173955,0.030718688383957003,0.023801275982909046,0.004044038024536168,0.013550000000000001,0.05,0.05,0.009110143918853435,1.6149077434675834,1.7704306872827908,0.29570701874914884,0.047865015364281664,1.0,1.0,0.0,0.0,0.08099999999999999,0.2857142857142857,0.2857142857142857,0.0516584149653732,0.0,0.0,0.0,0.0,0.0,0.0,0.0,0.0,0.0,0.0,0.0,0.0,0.0,0.0,0.0,0.0,0.0,0.0,0.0,0.0,stable,stable
3,500,240,modular,6,0.08,0.004,0.12,20,10.0,0.72,0.22,True,static,1.0,False,False,1.0,default,fixed,default,0.6490666666666666,0.8,0.1875,0.029839217296854303,0.2683666666666667,0.37083333333333335,0.17916666666666667,0.02917664591187045,0.08256666666666665,0.12916666666666668,0.10416666666666669,0.01710168932526193,0.3182011844222907,0.40255011089379206,0.16797039630510358,0.02951335914732626,0.3173746521556747,0.40255011089379206,0.16756040781619413,0.029116346795289988,0.01338496258096824,0.02942129983007168,0.023728044732921838,0.0040198435540237535,0.013516666666666666,0.058333333333333334,0.058333333333333334,0.008843217740166755,1.6286939427414084,1.7773999554364117,0.27812749975456663,0.047929486823418646,1.0,1.0,0.0,0.0,0.07785714285714283,0.25,0.25,0.04859768198049729,0.0,0.0,0.0,0.0,0.0,0.0,0.0,0.0,0.0,0.0,0.0,0.0,0.0,0.0,0.0,0.0,0.0,0.0,0.0,0.0,stable,stable
4,500,240,modular,6,0.08,0.004,0.12,20,10.0,0.72,0.22,True,static,1.0,False,False,1.0,default,fixed,default,0.6497499999999999,0.7791666666666667,0.1791666666666667,0.030718366746224576,0.2687333333333333,0.36666666666666664,0.18333333333333332,0.028575552876929998,0.08151666666666667,0.14166666666666666,0.10833333333333334,0.018520776621585463,0.3199970139479095,0.421084382237286,0.17668002063661356,0.03239163713714991,0.3188908589323685,0.40953438798173125,0.1651300263810588,0.03159358640780174,0.013801392737682827,0.03174196654407677,0.025435096227616596,0.00443185640328345,0.013666666666666666,0.04583333333333333,0.04583333333333333,0.00817516564562048,1.6360282662946974,1.8005383008850382,0.2739762540887878,0.05143726391346018,1.0,1.0,0.0,0.0,0.08299999999999999,0.25,0.25,0.05114784492836747,0.0,0.0,0.0,0.0,0.0,0.0,0.0,0.0,0.0,0.0,0.0,0.0,0.0,0.0,0.0,0.0,0.0,0.0,0.0,0.0,stable,stable
5,500,240,modular,6,0.08,0.004,0.12,20,10.0,0.72,0.22,True,static,1.0,False,False,1.0,default,fixed,default,0.6518333333333333,0.7666666666666667,0.19166666666666665,0.028681197867437665,0.27031666666666665,0.3541666666666667,0.15000000000000002,0.02725032619580503,0.07784999999999999,0.15,0.0875,0.01680367849939742,0.31129989663506874,0.4020205490847459,0.17090046521076813,0.028518011332504513,0.31292979125373466,0.4020205490847459,0.17090046521076813,0.02821513451232295,0.012725365391687076,0.029163048910952546,0.023462424086789092,0.003605724884214117,0.012533333333333334,0.05416666666666667,0.05416666666666667,0.008660189887576882,1.5997427971040616,1.7602162930470198,0.3037556880887402,0.04637828290943344,1.0,1.0,0.0,0.0,0.08128571428571428,0.2857142857142857,0.2857142857142857,0.05219449497909189,0.0,0.0,0.0,0.0,0.0,0.0,0.0,0.0,0.0,0.0,0.0,0.0,0.0,0.0,0.0,0.0,0.0,0.0,0.0,0.0,stable,stable
6,500,240,modular,6,0.08,0.004,0.12,20,10.0,0.72,0.22,True,static,1.0,False,False,1.0,default,fixed,default,0.6483666666666666,0.7958333333333333,0.16666666666666663,0.03289670702871845,0.2732166666666667,0.3625,0.16666666666666666,0.03079186851535104,0.07841666666666668,0.13333333333333333,0.1,0.018140845564024236,0.31556657337599237,0.41082035573031855,0.17911486073294144,0.03183413794971455,0.3150264795106644,0.41082035573031855,0.17911486073294144,0.032142137933619884,0.013178218365783947,0.031809216147233504,0.026146274387779864,0.004346493938787639,0.012133333333333333,0.041666666666666664,0.041666666666666664,0.007350661345907742,1.6139892897854702,1.7704003635204197,0.29125418233579636,0.05275325845966035,1.0,1.0,0.0,0.0,0.07899999999999999,0.25,0.21428571428571427,0.049164654634260604,0.0,0.0,0.0,0.0,0.0,0.0,0.0,0.0,0.0,0.0,0.0,0.0,0.0,0.0,0.0,0.0,0.0,0.0,0.0,0.0,stable,stable
7,500,240,modular,6,0.08,0.004,0.12,20,10.0,0.72,0.22,True,static,1.0,False,False,1.0,default,fixed,default,0.6485166666666666,0.8416666666666667,0.20416666666666672,0.033434550492965606,0.26975,0.3541666666666667,0.17500000000000002,0.03191362039422458,0.08173333333333334,0.14166666666666666,0.10416666666666666,0.018248165813460695,0.32765488692379646,0.44158527954074583,0.18675527182315366,0.033957060119222574,0.32721293338218516,0.44158527954074583,0.18469458581852388,0.03242288321624347,0.01534877606140748,0.043940078021528946,0.033125769579404454,0.005382085640331402,0.015149999999999999,0.058333333333333334,0.058333333333333334,0.009760592536658143,1.6329538860994435,1.8120492852524344,0.29373448989682793,0.053321613626390534,1.0,1.0,0.0,0.0,0.08157142857142857,0.25,0.25,0.054624693526436764,0.0,0.0,0.0,0.0,0.0,0.0,0.0,0.0,0.0,0.0,0.0,0.0,0.0,0.0,0.0,0.0,0.0,0.0,0.0,0.0,stable,stable
8,500,240,modular,6,0.08,0.004,0.12,20,10.0,0.72,0.22,True,static,1.0,False,False,1.0,default,fixed,default,0.6527166666666667,0.8,0.16666666666666663,0.029996208093690774,0.2673000000000001,0.3625,0.14583333333333334,0.026737177612206314,0.07998333333333332,0.13333333333333333,0.09583333333333333,0.01781735265283694,0.31872876226195707,0.420738715021438,0.1906443540798202,0.0314547902255515,0.318646006269924,0.420738715021438,0.1906443540798202,0.030708796194813814,0.013851132123133646,0.035625667350213025,0.02778478811388057,0.004387197200723147,0.012883333333333333,0.05,0.0375,0.008074668895860546,1.5888192954297407,1.743749585214928,0.28866317428667476,0.04869488643247454,1.0,1.0,0.0,0.0,0.07999999999999999,0.32142857142857145,0.32142857142857145,0.05089003751587679,0.0,0.0,0.0,0.0,0.0,0.0,0.0,0.0,0.0,0.0,0.0,0.0,0.0,0.0,0.0,0.0,0.0,0.0,0.0,0.0,stable,stable
9,500,240,modular,6,0.08,0.004,0.12,20,10.0,0.72,0.22,True,static,1.0,False,False,1.0,default,fixed,default,0.6503333333333332,0.7625,0.1958333333333333,0.031748140802957965,0.2693,0.35,0.17916666666666667,0.028570264261990996,0.08036666666666667,0.12916666666666668,0.09166666666666667,0.018060976963854666,0.3184287890377617,0.4039945247541838,0.17360217756485194,0.03321131005295869,0.3199690123716198,0.4039945247541838,0.17360217756485194,0.033234229253368004,0.014025346143312337,0.03012377810508596,0.0229573805508796,0.00470248470436004,0.014183333333333334,0.04583333333333333,0.04583333333333333,0.008548050459997687,1.6305513181208242,1.769630096694282,0.3062433796583366,0.053281457854160136,1.0,1.0,0.0,0.0,0.07971428571428571,0.25,0.25,0.04992565901990107,0.0,0.0,0.0,0.0,0.0,0.0,0.0,0.0,0.0,0.0,0.0,0.0,0.0,0.0,0.0,0.0,0.0,0.0,0.0,0.0,stable,stable
10,500,240,modular,6,0.08,0.004,0.12,20,10.0,0.72,0.22,True,static,1.0,False,False,1.0,default,fixed,default,0.6505833333333333,0.7875,0.1791666666666667,0.03086496125598303,0.26863333333333334,0.3416666666666667,0.15000000000000002,0.027126637175375137,0.08078333333333333,0.12916666666666668,0.07916666666666666,0.015884487541134102,0.32267168165372756,0.4109524255622076,0.16711542973046342,0.03133821652504638,0.3236070042532184,0.4109524255622076,0.16711542973046342,0.03159016215486425,0.014661287097093745,0.03266316017469015,0.024371451341792468,0.004606728737485352,0.01485,0.05,0.05,0.008626010407804731,1.6244004560935257,1.7630045352305606,0.2852599297977054,0.05053491571547412,1.0,1.0,0.0,0.0,0.0797142857142857,0.25,0.25,0.049925659019901064,0.0,0.0,0.0,0.0,0.0,0.0,0.0,0.0,0.0,0.0,0.0,0.0,0.0,0.0,0.0,0.0,0.0,0.0,0.0,0.0,stable,stable
11,500,240,modular,6,0.08,0.004,0.12,20,10.0,0.72,0.22,True,static,1.0,False,False,1.0,default,fixed,default,0.6468166666666666,0.8166666666666667,0.17500000000000004,0.03241342743027614,0.27365000000000006,0.3625,0.16666666666666666,0.02953429738832841,0.07953333333333333,0.12916666666666668,0.1,0.017993177719470357,0.3188093201267574,0.4200911192195974,0.18126531649814487,0.033412740072109315,0.3201987847502576,0.4200911192195974,0.18126531649814487,0.033841152344027105,0.014054372428179203,0.0350308440537015,0.02907659213276858,0.0049336379098123846,0.013833333333333335,0.05,0.05,0.008573214099741122,1.6193651540425467,1.7766654153933772,0.27051000699925565,0.05308922329319348,1.0,1.0,0.0,0.0,0.07614285714285714,0.25,0.25,0.04931386359693532,0.0,0.0,0.0,0.0,0.0,0.0,0.0,0.0,0.0,0.0,0.0,0.0,0.0,0.0,0.0,0.0,0.0,0.0,0.0,0.0,stable,stable
12,500,240,modular,6,0.08,0.004,0.12,20,10.0,0.72,0.22,True,static,1.0,False,False,1.0,default,fixed,default,0.6476000000000001,0.7708333333333334,0.17083333333333328,0.0319407611403082,0.2732833333333333,0.35,0.1708333333333333,0.02945873290629528,0.07911666666666667,0.13333333333333333,0.09166666666666667,0.01816009820090923,0.3202427150731555,0.41653546634264166,0.17802587012511661,0.03233549306242741,0.31988669233365485,0.41653546634264166,0.17802587012511661,0.03265426389296791,0.014050739974856681,0.03410908184610619,0.028130396105085154,0.00465716491529584,0.013550000000000001,0.058333333333333334,0.058333333333333334,0.008901950472914474,1.6052023755360438,1.7408881999345074,0.26459566821117986,0.05105281448035623,1.0,1.0,0.0,0.0,0.07642857142857142,0.2857142857142857,0.21428571428571427,0.050005101780534675,0.0,0.0,0.0,0.0,0.0,0.0,0.0,0.0,0.0,0.0,0.0,0.0,0.0,0.0,0.0,0.0,0.0,0.0,0.0,0.0,stable,stable
13,500,240,modular,6,0.08,0.004,0.12,20,10.0,0.72,0.22,True,static,1.0,False,False,1.0,default,fixed,default,0.6495666666666667,0.8291666666666667,0.15416666666666667,0.03335342727683485,0.26935000000000003,0.35,0.16249999999999998,0.030828058107293537,0.08108333333333333,0.15833333333333333,0.125,0.018749259244626768,0.3221833291357401,0.4368955535926851,0.19329471268650517,0.033891385906801644,0.32144509609555566,0.4368955535926851,0.19329471268650517,0.033573538691545876,0.01436183752220222,0.04151171321989982,0.03520375378844291,0.005009096065493056,0.015283333333333333,0.04583333333333333,0.04583333333333333,0.00917970285164201,1.646494319750352,1.8015547014815434,0.26404680421428584,0.054988398677346326,1.0,1.0,0.0,0.0,0.08542857142857142,0.35714285714285715,0.35714285714285715,0.05676589950788039,0.0,0.0,0.0,0.0,0.0,0.0,0.0,0.0,0.0,0.0,0.0,0.0,0.0,0.0,0.0,0.0,0.0,0.0,0.0,0.0,stable,oscillatory
14,500,240,modular,6,0.08,0.004,0.12,20,10.0,0.72,0.22,True,static,1.0,False,False,1.0,default,fixed,default,0.6511166666666667,0.7708333333333334,0.15416666666666667,0.028933645351620203,0.27004999999999996,0.36666666666666664,0.16249999999999998,0.028018054694944276,0.07883333333333332,0.12916666666666668,0.08750000000000002,0.016262601951170737,0.31463752277677814,0.40055585738834937,0.16381461478004705,0.028787296016982676,0.31431269448759114,0.40055585738834937,0.16381461478004705,0.02885123537409302,0.013030167710682914,0.02899981371411632,0.0231793463741374,0.003758304453976436,0.0126,0.05,0.03333333333333333,0.007545491663532897,1.5980917778477648,1.7355510225973834,0.24700133838804073,0.04614144108605605,1.0,1.0,0.0,0.0,0.07457142857142855,0.2857142857142857,0.21428571428571427,0.05030843642482048,0.0,0.0,0.0,0.0,0.0,0.0,0.0,0.0,0.0,0.0,0.0,0.0,0.0,0.0,0.0,0.0,0.0,0.0,0.0,0.0,stable,stable
15,500,240,modular,6,0.08,0.004,0.12,20,10.0,0.72,0.22,True,static,1.0,False,False,1.0,default,fixed,default,0.6480166666666667,0.7791666666666667,0.1625000000000001,0.029375864053485967,0.2714666666666667,0.37083333333333335,0.15833333333333333,0.028720666194687525,0.08051666666666667,0.15,0.11250000000000002,0.018167347082059065,0.31790349531306406,0.41543207933208026,0.16675019646479447,0.02957722100894421,0.31612351850177733,0.41543207933208026,0.16675019646479447,0.030927913474515793,0.013342545534498314,0.03347366450919749,0.02188492329963704,0.003995410976148248,0.013533333333333333,0.05,0.05,0.00891559183553048,1.633441883721259,1.789758690713053,0.25669321002972545,0.04847067333876176,1.0,1.0,0.0,0.0,0.08399999999999999,0.2857142857142857,0.25,0.05331002892208435,0.0,0.0,0.0,0.0,0.0,0.0,0.0,0.0,0.0,0.0,0.0,0.0,0.0,0.0,0.0,0.0,0.0,0.0,0.0,0.0,stable,stable
16,500,240,modular,6,0.08,0.004,0.12,20,10.0,0.72,0.22,True,static,1.0,False,False,1.0,default,fixed,default,0.6491166666666667,0.7875,0.16249999999999998,0.030360980989860432,0.2687833333333333,0.37916666666666665,0.16666666666666666,0.028585257466820977,0.08209999999999999,0.15,0.11249999999999999,0.01856687612090114,0.32475555344188956,0.4500602449170619,0.1731891331210305,0.031634365631453124,0.3240963101122044,0.4500602449170619,0.1656846277631535,0.031578332769030035,0.014696094775347324,0.04716106369217769,0.028800458936332998,0.0047293329759718825,0.014466666666666666,0.0625,0.041666666666666664,0.008906551895468115,1.6533816546009126,1.8640177945574044,0.2964207842922706,0.05074177018486494,1.0,1.0,0.0,0.0,0.08257142857142856,0.25,0.25,0.05069234938049612,0.0,0.0,0.0,0.0,0.0,0.0,0.0,0.0,0.0,0.0,0.0,0.0,0.0,0.0,0.0,0.0,0.0,0.0,0.0,0.0,stable,stable
17,500,240,modular,6,0.08,0.004,0.12,20,10.0,0.72,0.22,True,static,1.0,False,False,1.0,default,fixed,default,0.6482666666666667,0.8166666666666667,0.15416666666666667,0.03057179164596744,0.27183333333333337,0.37083333333333335,0.15833333333333333,0.029294481846700526,0.0799,0.13333333333333333,0.09583333333333333,0.01813578414810528,0.3110742805113271,0.39514920155295774,0.15053781109342596,0.030525975259210848,0.3121878694490627,0.39514920155295774,0.15053781109342596,0.030073009955978027,0.012552272644609263,0.026956443086000773,0.020794697434236415,0.003940100156727711,0.012433333333333334,0.05,0.05,0.008374631003479762,1.650552606436113,1.7894869232793602,0.2588509754468551,0.04970185386961244,1.0,1.0,0.0,0.0,0.08271428571428571,0.21428571428571427,0.21428571428571427,0.05141051270242819,0.0,0.0,0.0,0.0,0.0,0.0,0.0,0.0,0.0,0.0,0.0,0.0,0.0,0.0,0.0,0.0,0.0,0.0,0.0,0.0,stable,stable
18,500,240,modular,6,0.08,0.004,0.12,20,10.0,0.72,0.22,True,static,1.0,False,False,1.0,default,fixed,default,0.6504833333333333,0.875,0.1875,0.03116002157323458,0.2707833333333334,0.35833333333333334,0.17916666666666667,0.02863681100339988,0.07873333333333332,0.13333333333333333,0.10416666666666666,0.018512938418546336,0.3200528798455464,0.44523310856740284,0.16862490929536855,0.03180826795960727,0.31839515682899816,0.44523310856740284,0.16862490929536855,0.033067298357604795,0.013949772386931207,0.045075491857099866,0.023275915408638968,0.004547583713756695,0.01375,0.05416666666666667,0.05416666666666667,0.009525185912446364,1.6222376274501071,1.8134856712388632,0.2882555514352376,0.05153648727169382,1.0,1.0,0.0,0.0,0.081,0.25,0.25,0.05056032969409426,0.0,0.0,0.0,0.0,0.0,0.0,0.0,0.0,0.0,0.0,0.0,0.0,0.0,0.0,0.0,0.0,0.0,0.0,0.0,0.0,stable,stable
19,500,240,modular,6,0.08,0.004,0.12,20,10.0,0.72,0.22,True,static,1.0,False,False,1.0,default,fixed,default,0.6514000000000001,0.8166666666666667,0.16249999999999998,0.030907316645451807,0.26776666666666665,0.375,0.1416666666666667,0.028725927119744785,0.08083333333333334,0.1375,0.10416666666666669,0.018951692976266442,0.3157813875433223,0.4117524210099486,0.17926952271030697,0.03149943790059932,0.3154480000449662,0.4117524210099486,0.17926952271030697,0.031913015269454566,0.013270166764762432,0.03223545434864851,0.024278001320336754,0.004231735140599547,0.013516666666666666,0.05,0.041666666666666664,0.008036876811852282,1.638663804142599,1.7714066578719048,0.28001014250492484,0.05153430776580568,1.0,1.0,0.0,0.0,0.07985714285714286,0.2857142857142857,0.2857142857142857,0.05565362998594292,0.0,0.0,0.0,0.0,0.0,0.0,0.0,0.0,0.0,0.0,0.0,0.0,0.0,0.0,0.0,0.0,0.0,0.0,0.0,0.0,stable,stable
20,500,240,modular,6,0.08,0.004,0.12,20,10.0,0.72,0.22,True,static,1.0,False,False,1.0,default,fixed,default,0.6471666666666667,0.7833333333333333,0.16666666666666663,0.03178093418667516,0.27226666666666666,0.375,0.1875,0.02797371782385904,0.08056666666666666,0.13333333333333333,0.09583333333333333,0.018599910394049395,0.3229590027600265,0.42572607640122573,0.1866834202794843,0.033629811439828,0.3230782812663112,0.42572607640122573,0.1866834202794843,0.03228668749258399,0.014528379187149299,0.03734435851217841,0.03131519843458468,0.0047906671090572825,0.013466666666666665,0.04583333333333333,0.04583333333333333,0.008360555537097334,1.6105004189510828,1.7639163829062883,0.2704900104595529,0.052549968285446017,1.0,1.0,0.0,0.0,0.083,0.2857142857142857,0.21428571428571427,0.05094795263355555,0.0,0.0,0.0,0.0,0.0,0.0,0.0,0.0,0.0,0.0,0.0,0.0,0.0,0.0,0.0,0.0,0.0,0.0,0.0,0.0,stable,stable
21,500,240,modular,6,0.08,0.004,0.12,20,10.0,0.72,0.22,True,static,1.0,False,False,1.0,default,fixed,default,0.6482,0.7958333333333333,0.16666666666666663,0.03323249748196618,0.2712,0.3541666666666667,0.14583333333333334,0.02960159530235566,0.08059999999999999,0.14583333333333334,0.09166666666666667,0.017417296639324436,0.32151516062024943,0.43895426421455164,0.16317926003209607,0.03273443683023265,0.32115824936985765,0.43895426421455164,0.16975601233477386,0.03310753312207704,0.014230470724512808,0.042127471561287405,0.02628680237989581,0.004822806009267284,0.013516666666666668,0.05416666666666667,0.05,0.008563958715972939,1.6310797530989463,1.8066326732750881,0.2813443932282973,0.05417570759785837,1.0,1.0,0.0,0.0,0.08214285714285714,0.2857142857142857,0.21428571428571427,0.04951293378749534,0.0,0.0,0.0,0.0,0.0,0.0,0.0,0.0,0.0,0.0,0.0,0.0,0.0,0.0,0.0,0.0,0.0,0.0,0.0,0.0,stable,stable
22,500,240,modular,6,0.08,0.004,0.12,20,10.0,0.72,0.22,True,static,1.0,False,False,1.0,default,fixed,default,0.6492833333333333,0.7583333333333333,0.1791666666666667,0.030424775174920267,0.2705833333333333,0.3458333333333333,0.14583333333333334,0.027878830080666345,0.08013333333333332,0.1375,0.09583333333333335,0.016808860097513388,0.31372247494821115,0.40502998894489844,0.18425134526634018,0.03070409996299797,0.3127880717464448,0.40502998894489844,0.18425134526634018,0.030285841881500936,0.01275780187132599,0.02996995866762883,0.025052036589799685,0.003868366691917353,0.012983333333333333,0.04583333333333333,0.04583333333333333,0.00800015624847415,1.6260402736836406,1.7730965357541288,0.29411679552554726,0.050135770379916594,1.0,1.0,0.0,0.0,0.08028571428571428,0.2857142857142857,0.2857142857142857,0.05153877082313065,0.0,0.0,0.0,0.0,0.0,0.0,0.0,0.0,0.0,0.0,0.0,0.0,0.0,0.0,0.0,0.0,0.0,0.0,0.0,0.0,stable,stable
23,500,240,modular,6,0.08,0.004,0.12,20,10.0,0.72,0.22,True,static,1.0,False,False,1.0,default,fixed,default,0.6479666666666667,0.8333333333333334,0.16666666666666663,0.031872645882567635,0.2714333333333333,0.3625,0.1708333333333333,0.028767284659256022,0.08059999999999999,0.13333333333333333,0.1,0.017504792994428062,0.3151500984858965,0.41146454954248457,0.1906908079569403,0.03193932600856329,0.31541966166029317,0.41146454954248457,0.1906908079569403,0.03164101381872544,0.013130273929293019,0.03182803439903394,0.026917553833088817,0.0042175361964401125,0.013949999999999999,0.05,0.05,0.00942338993026277,1.640970463563423,1.7905462708547368,0.2850273114919948,0.0522533828305586,1.0,1.0,0.0,0.0,0.07942857142857142,0.25,0.21428571428571427,0.04637117331150587,0.0,0.0,0.0,0.0,0.0,0.0,0.0,0.0,0.0,0.0,0.0,0.0,0.0,0.0,0.0,0.0,0.0,0.0,0.0,0.0,stable,stable
24,500,240,modular,6,0.08,0.004,0.12,20,10.0,0.72,0.22,True,static,1.0,False,False,1.0,default,fixed,default,0.6486166666666666,0.8166666666666667,0.1708333333333334,0.029370057503821434,0.2694,0.35833333333333334,0.175,0.028742651234706932,0.08198333333333332,0.15,0.10833333333333334,0.018564369995594607,0.3284513385227313,0.41569508339302136,0.16697475221973296,0.0311472437168839,0.32789913519785086,0.41569508339302136,0.16823733833554216,0.03162757200824634,0.015456713323537158,0.03452130510844573,0.027855688702235253,0.004936856845979537,0.01616666666666667,0.0625,0.05,0.009137833441248532,1.6343779561117753,1.7601830721059657,0.2470911517329415,0.047641262547515884,1.0,1.0,0.0,0.0,0.07871428571428571,0.25,0.25,0.053001540216357126,0.0,0.0,0.0,0.0,0.0,0.0,0.0,0.0,0.0,0.0,0.0,0.0,0.0,0.0,0.0,0.0,0.0,0.0,0.0,0.0,stable,stable
25,500,240,modular,6,0.08,0.004,0.12,20,10.0,0.72,0.22,True,static,1.0,False,False,1.0,default,fixed,default,0.6512166666666667,0.775,0.16666666666666674,0.03223145892516261,0.2710333333333333,0.3541666666666667,0.16666666666666669,0.031560594276900285,0.07774999999999999,0.15,0.12083333333333332,0.017308676372784194,0.31853278135845303,0.4003187230549429,0.16794755204334605,0.031693688762812845,0.3185818722365563,0.4003187230549429,0.16287884018813842,0.031126107383351757,0.013862444281303765,0.029345193539579713,0.02277751633787627,0.004235783735606318,0.014833333333333336,0.058333333333333334,0.058333333333333334,0.008714610974934247,1.6198708233292214,1.7459987180988767,0.2673195626189606,0.051046720107991016,1.0,1.0,0.0,0.0,0.07328571428571427,0.25,0.21428571428571427,0.047612594800887184,0.0,0.0,0.0,0.0,0.0,0.0,0.0,0.0,0.0,0.0,0.0,0.0,0.0,0.0,0.0,0.0,0.0,0.0,0.0,0.0,stable,oscillatory
26,500,240,modular,6,0.08,0.004,0.12,20,10.0,0.72,0.22,True,static,1.0,False,False,1.0,default,fixed,default,0.6522833333333334,0.8375,0.18333333333333335,0.030661598313054574,0.2673666666666667,0.3458333333333333,0.15833333333333333,0.026086054171189293,0.08034999999999999,0.14583333333333334,0.09583333333333335,0.017956034268921037,0.3191319310565589,0.43058722576783914,0.20201610182039384,0.032382245697954976,0.319323427352677,0.43058722576783914,0.20201610182039384,0.032528993827797385,0.014010925192163409,0.03904532609675561,0.03361978342424228,0.004920654648973995,0.0143,0.05416666666666667,0.05416666666666667,0.008840186021169967,1.6070069809575875,1.7927800013373383,0.3186317307776012,0.0514295013016421,1.0,1.0,0.0,0.0,0.08199999999999998,0.2857142857142857,0.2857142857142857,0.0533613021901506,0.0,0.0,0.0,0.0,0.0,0.0,0.0,0.0,0.0,0.0,0.0,0.0,0.0,0.0,0.0,0.0,0.0,0.0,0.0,0.0,stable,stable
27,500,240,modular,6,0.08,0.004,0.12,20,10.0,0.72,0.22,True,static,1.0,False,False,1.0,default,fixed,default,0.65035,0.7833333333333333,0.19166666666666665,0.03123748193721411,0.2725166666666667,0.3458333333333333,0.15833333333333333,0.03145123650634069,0.07713333333333333,0.15416666666666667,0.125,0.01735748317649256,0.3167289432268956,0.4171866194311576,0.20654656618545134,0.030132408010807837,0.3181093797673287,0.4171866194311576,0.20654656618545134,0.030383546963978228,0.013696552419592332,0.03429454041690801,0.029764756802041895,0.004171985494481608,0.013683333333333334,0.06666666666666667,0.04583333333333333,0.008353459030711637,1.621826863975631,1.7619393594842683,0.29254732979492903,0.049018976990429,1.0,1.0,0.0,0.0,0.08028571428571428,0.2857142857142857,0.21428571428571427,0.04992974656291312,0.0,0.0,0.0,0.0,0.0,0.0,0.0,0.0,0.0,0.0,0.0,0.0,0.0,0.0,0.0,0.0,0.0,0.0,0.0,0.0,stable,oscillatory
28,500,240,modular,6,0.08,0.004,0.12,20,10.0,0.72,0.22,True,static,1.0,False,False,1.0,default,fixed,default,0.6504666666666667,0.825,0.15833333333333333,0.03102515108746451,0.2686666666666666,0.3541666666666667,0.15000000000000002,0.028062925324665956,0.08086666666666667,0.13333333333333333,0.09166666666666667,0.01697707604716169,0.3156026267497207,0.4137006858222519,0.17222047018712797,0.030863794101227502,0.3152358960903009,0.4137006858222519,0.17222047018712797,0.030813000908459225,0.013187470075040203,0.032785070023065736,0.026264694249875323,0.004156630888259228,0.013349999999999997,0.04583333333333333,0.041666666666666664,0.008750380944088473,1.6275569486931394,1.7749691760819821,0.2549724598953482,0.0510808159751096,1.0,1.0,0.0,0.0,0.07657142857142857,0.2857142857142857,0.21428571428571427,0.0512504853137798,0.0,0.0,0.0,0.0,0.0,0.0,0.0,0.0,0.0,0.0,0.0,0.0,0.0,0.0,0.0,0.0,0.0,0.0,0.0,0.0,stable,stable
29,500,240,modular,6,0.08,0.004,0.12,20,10.0,0.72,0.22,True,static,1.0,False,False,1.0,default,fixed,default,0.652,0.7958333333333333,0.17083333333333328,0.031234329404252196,0.2690166666666666,0.35,0.1375,0.029535143849695772,0.07898333333333334,0.14166666666666666,0.09166666666666667,0.01620295754895795,0.3210410206954537,0.41119457340064414,0.16535558094973288,0.030804326764495675,0.32095677340213863,0.41119457340064414,0.16535558094973288,0.030645499967777923,0.01429450068799537,0.03281768383381081,0.025762517733511806,0.004483902245068747,0.014316666666666667,0.04583333333333333,0.04583333333333333,0.009019562073626412,1.6093487240506128,1.7564054136201401,0.2706937002163188,0.04962190616391465,1.0,1.0,0.0,0.0,0.07942857142857142,0.25,0.25,0.049870035173070267,0.0,0.0,0.0,0.0,0.0,0.0,0.0,0.0,0.0,0.0,0.0,0.0,0.0,0.0,0.0,0.0,0.0,0.0,0.0,0.0,stable,stable
30,500,240,modular,6,0.08,0.004,0.12,20,10.0,0.72,0.22,True,static,1.0,False,False,1.0,default,fixed,default,0.6526833333333334,0.8208333333333333,0.16666666666666663,0.029077621215559492,0.26893333333333336,0.36666666666666664,0.1708333333333333,0.02806245019792661,0.07838333333333333,0.14166666666666666,0.1,0.018443163442798467,0.31640434285848584,0.4357086661739657,0.17382772855302717,0.03111946651525372,0.31594735534854435,0.4357086661739657,0.17382772855302717,0.03064980278417065,0.01341819935156716,0.04084018625784021,0.025994351278488124,0.004261492198984609,0.014,0.05416666666666667,0.05416666666666667,0.009278110439811187,1.6223075783242635,1.8221049238300568,0.2691935428385166,0.0480639028624058,1.0,1.0,0.0,0.0,0.07942857142857142,0.25,0.25,0.05058111287419284,0.0,0.0,0.0,0.0,0.0,0.0,0.0,0.0,0.0,0.0,0.0,0.0,0.0,0.0,0.0,0.0,0.0,0.0,0.0,0.0,stable,stable
31,500,240,modular,6,0.08,0.004,0.12,20,10.0,0.72,0.22,True,static,1.0,False,False,1.0,default,fixed,default,0.6468666666666666,0.7791666666666667,0.16666666666666663,0.028166942799435414,0.2731,0.3625,0.14583333333333331,0.026191092633438058,0.08003333333333333,0.1375,0.07916666666666666,0.016255734031070047,0.3258390082909897,0.4096537504079697,0.14986147118556006,0.0287362566682464,0.32546962190401657,0.4096537504079697,0.14986147118556006,0.028804671537176054,0.014870360240056186,0.03238825244847009,0.022204547688851252,0.004200589680888133,0.014966666666666666,0.041666666666666664,0.041666666666666664,0.008426083840604061,1.6130421403868958,1.749199525200915,0.2362314490881905,0.045933651671331115,1.0,1.0,0.0,0.0,0.078,0.25,0.25,0.0485260292029348,0.0,0.0,0.0,0.0,0.0,0.0,0.0,0.0,0.0,0.0,0.0,0.0,0.0,0.0,0.0,0.0,0.0,0.0,0.0,0.0,stable,stable
32,500,240,modular,6,0.08,0.004,0.12,20,10.0,0.72,0.22,True,static,1.0,False,False,1.0,default,fixed,default,0.6506333333333333,0.8125,0.17499999999999993,0.031900696613780144,0.2699,0.35833333333333334,0.15,0.028330215514731107,0.07946666666666667,0.14166666666666666,0.10833333333333334,0.01689983563365172,0.315351771056803,0.41784590840341085,0.16943237357405175,0.032013828263089274,0.31442521287518344,0.41784590840341085,0.17495654619021495,0.03218709560343546,0.013140889749005584,0.0341296451940307,0.02654059583366622,0.0042858036595404625,0.0125,0.05,0.0375,0.007462871059079371,1.6284253542735165,1.797609536402336,0.293456866681588,0.05225935051937802,1.0,1.0,0.0,0.0,0.07728571428571428,0.2857142857142857,0.2857142857142857,0.04908738563593939,0.0,0.0,0.0,0.0,0.0,0.0,0.0,0.0,0.0,0.0,0.0,0.0,0.0,0.0,0.0,0.0,0.0,0.0,0.0,0.0,stable,stable
33,500,240,modular,6,0.08,0.004,0.12,20,10.0,0.72,0.22,True,static,1.0,False,False,1.0,default,fixed,default,0.6513499999999999,0.8333333333333334,0.16249999999999998,0.03029571385159587,0.26831666666666665,0.35833333333333334,0.15833333333333333,0.028896121423702063,0.08033333333333334,0.15416666666666667,0.12083333333333335,0.017087194685559776,0.31761221430593045,0.41241870927356233,0.17154255504379756,0.030471561334521467,0.3162450562450983,0.41241870927356233,0.17154255504379756,0.03036966746260522,0.013429754129261973,0.03270869669748533,0.026603951850557615,0.004121296727215212,0.0136,0.04583333333333333,0.04583333333333333,0.0078021364595432015,1.621154226740983,1.7750658140354276,0.27911902205113326,0.0495267747789255,1.0,1.0,0.0,0.0,0.07742857142857142,0.2857142857142857,0.2857142857142857,0.05175215661482827,0.0,0.0,0.0,0.0,0.0,0.0,0.0,0.0,0.0,0.0,0.0,0.0,0.0,0.0,0.0,0.0,0.0,0.0,0.0,0.0,stable,oscillatory
34,500,240,modular,6,0.08,0.004,0.12,20,10.0,0.72,0.22,True,static,1.0,False,False,1.0,default,fixed,default,0.6494500000000001,0.8416666666666667,0.15416666666666667,0.029581154849366888,0.27101666666666663,0.3625,0.16249999999999998,0.028201305131342964,0.07953333333333333,0.12916666666666668,0.09166666666666667,0.017942934232975636,0.31953525474676386,0.42706161510078033,0.1571170273011497,0.02981143974914692,0.31896528181428324,0.42706161510078033,0.1571170273011497,0.029399709949533462,0.01374446139562404,0.03758810272606903,0.02383874347718136,0.0040372474478477215,0.014150000000000001,0.058333333333333334,0.041666666666666664,0.008147068320704215,1.6246138282819214,1.816450888361105,0.26293233450036224,0.048185181536868245,1.0,1.0,0.0,0.0,0.08242857142857142,0.42857142857142855,0.42857142857142855,0.05557142857142857,0.0,0.0,0.0,0.0,0.0,0.0,0.0,0.0,0.0,0.0,0.0,0.0,0.0,0.0,0.0,0.0,0.0,0.0,0.0,0.0,stable,stable
35,500,240,modular,6,0.08,0.004,0.12,20,10.0,0.72,0.22,True,static,1.0,False,False,1.0,default,fixed,default,0.6497999999999999,0.8125,0.2041666666666666,0.030006277121073628,0.2692166666666667,0.36666666666666664,0.18749999999999997,0.02890281128194972,0.08098333333333332,0.14166666666666666,0.09583333333333333,0.017089381043339295,0.3095547793706935,0.3946053980315386,0.15125353434577157,0.028133810407543907,0.3089839607326663,0.3946053980315386,0.15125353434577157,0.02734324043348689,0.01198460269859797,0.02665892946739169,0.01745515720650979,0.003225410168268771,0.011466666666666667,0.0375,0.0375,0.007987072888945821,1.623398995117423,1.7572884771425514,0.30083020137173877,0.04859341244157612,1.0,1.0,0.0,0.0,0.0852857142857143,0.25,0.25,0.05274911741209612,0.0,0.0,0.0,0.0,0.0,0.0,0.0,0.0,0.0,0.0,0.0,0.0,0.0,0.0,0.0,0.0,0.0,0.0,0.0,0.0,stable,stable
36,500,240,modular,6,0.08,0.004,0.12,20,10.0,0.72,0.22,True,static,1.0,False,False,1.0,default,fixed,default,0.6490666666666667,0.75,0.20833333333333326,0.031685801236516015,0.27048333333333335,0.39166666666666666,0.19999999999999998,0.028615307674972383,0.08045,0.15,0.1,0.016656838769039516,0.31292401758964994,0.41739790604631444,0.18011715303385703,0.031108936436694382,0.3130963494477168,0.41739790604631444,0.16738401325455057,0.032081199147830176,0.01280157280361248,0.03356785300238098,0.022356776900485945,0.00409151261766433,0.012416666666666668,0.05416666666666667,0.05416666666666667,0.00945346791159496,1.6067667891349915,1.7951697537054336,0.3222507141415676,0.051511210554078084,1.0,1.0,0.0,0.0,0.0747142857142857,0.2857142857142857,0.25,0.050753707012495194,0.0,0.0,0.0,0.0,0.0,0.0,0.0,0.0,0.0,0.0,0.0,0.0,0.0,0.0,0.0,0.0,0.0,0.0,0.0,0.0,stable,stable
37,500,240,modular,6,0.08,0.004,0.12,20,10.0,0.72,0.22,True,static,1.0,False,False,1.0,default,fixed,default,0.6494166666666668,0.7833333333333333,0.15416666666666667,0.030226115455935707,0.26963333333333334,0.3458333333333333,0.15416666666666665,0.027672770411041648,0.08095000000000001,0.14583333333333334,0.0875,0.016127107958685934,0.3200032050759488,0.4086025510785597,0.17398081384352548,0.029946749629905144,0.31972891128275827,0.4086025510785597,0.17398081384352548,0.029922208906288765,0.013848375560897118,0.03149291074554315,0.025763278575250938,0.004073800305865461,0.013900000000000001,0.0625,0.058333333333333334,0.009203622475235861,1.6062797435953484,1.7467229975506358,0.2657976913609099,0.048480897208318184,1.0,1.0,0.0,0.0,0.08028571428571428,0.2857142857142857,0.2857142857142857,0.052906540624164104,0.0,0.0,0.0,0.0,0.0,0.0,0.0,0.0,0.0,0.0,0.0,0.0,0.0,0.0,0.0,0.0,0.0,0.0,0.0,0.0,stable,stable
38,500,240,modular,6,0.08,0.004,0.12,20,10.0,0.72,0.22,True,static,1.0,False,False,1.0,default,fixed,default,0.6525833333333333,0.8208333333333333,0.19166666666666676,0.03139234248454018,0.2704166666666667,0.37916666666666665,0.175,0.02802838343140356,0.077,0.15833333333333333,0.09583333333333335,0.017087194685559776,0.31324042416388315,0.4434294541318871,0.16886263593091977,0.031347374976172696,0.31429786046431274,0.4434294541318871,0.16886263593091977,0.03114926389510554,0.013168653987380367,0.043805449641254234,0.022639390019309938,0.00404831223923558,0.01365,0.05,0.05,0.008951862003702543,1.6093825387977208,1.808136352042499,0.26473203441931537,0.05033722444438708,1.0,1.0,0.0,0.0,0.0747142857142857,0.25,0.21428571428571427,0.04633969515371001,0.0,0.0,0.0,0.0,0.0,0.0,0.0,0.0,0.0,0.0,0.0,0.0,0.0,0.0,0.0,0.0,0.0,0.0,0.0,0.0,stable,stable
39,500,240,modular,6,0.08,0.004,0.12,20,10.0,0.72,0.22,True,static,1.0,False,False,1.0,default,fixed,default,0.6477833333333333,0.7916666666666666,0.19166666666666665,0.02884614840455789,0.27153333333333335,0.35833333333333334,0.17083333333333334,0.026479740683523822,0.08068333333333333,0.12916666666666668,0.1,0.016861107450118585,0.31775256756388215,0.41743537939314096,0.1638587979871135,0.029801699048323065,0.31713014039472526,0.41743537939314096,0.1638587979871135,0.028897819745428186,0.013330798449233825,0.03392748614867505,0.021893752843542343,0.003810702396656314,0.013283333333333331,0.041666666666666664,0.041666666666666664,0.0080801712028067,1.6069073021280464,1.7557011033125938,0.2731129844331961,0.046765377565938404,1.0,1.0,0.0,0.0,0.08314285714285714,0.25,0.25,0.051065384257711746,0.0,0.0,0.0,0.0,0.0,0.0,0.0,0.0,0.0,0.0,0.0,0.0,0.0,0.0,0.0,0.0,0.0,0.0,0.0,0.0,stable,stable
40,500,240,modular,6,0.08,0.004,0.12,20,10.0,0.72,0.22,True,static,1.0,False,False,1.0,default,fixed,default,0.6513500000000001,0.7708333333333334,0.14583333333333326,0.030102551571438443,0.26915,0.3625,0.13749999999999998,0.027746616410334112,0.0795,0.12916666666666668,0.1,0.017951323071016243,0.3190298111018813,0.40446330714042605,0.15078707571494546,0.031059953860253838,0.3189172908746295,0.40446330714042605,0.15078707571494546,0.03061128204754027,0.013876360340131648,0.030498549026077897,0.0222540794452466,0.004219189676375675,0.014016666666666667,0.04583333333333333,0.04583333333333333,0.008374382232605447,1.6195731971065717,1.7666987648358998,0.25230401784942513,0.04959777267706815,1.0,1.0,0.0,0.0,0.07928571428571428,0.2857142857142857,0.2857142857142857,0.049223563297200144,0.0,0.0,0.0,0.0,0.0,0.0,0.0,0.0,0.0,0.0,0.0,0.0,0.0,0.0,0.0,0.0,0.0,0.0,0.0,0.0,stable,stable
41,500,240,modular,6,0.08,0.004,0.12,20,10.0,0.72,0.22,True,static,1.0,False,False,1.0,default,fixed,default,0.6562666666666667,0.7875,0.15416666666666656,0.03143831703157435,0.26541666666666663,0.3625,0.15416666666666665,0.02860713294889153,0.07831666666666666,0.12916666666666668,0.09583333333333335,0.018496613804213524,0.3069266278746438,0.3994063606911565,0.15989850800541183,0.03251826894637922,0.3078127829288735,0.3994063606911565,0.15989850800541183,0.03175930651689146,0.012200519429517533,0.02837002912136936,0.021969405729760666,0.003948392555856741,0.012016666666666665,0.07083333333333333,0.05,0.008431241506049588,1.6105177765015604,1.7752645054308664,0.26845144793766984,0.051675131922914,1.0,1.0,0.0,0.0,0.07485714285714284,0.25,0.21428571428571427,0.04649423927449814,0.0,0.0,0.0,0.0,0.0,0.0,0.0,0.0,0.0,0.0,0.0,0.0,0.0,0.0,0.0,0.0,0.0,0.0,0.0,0.0,stable,stable
42,500,240,modular,6,0.08,0.004,0.12,20,10.0,0.72,0.22,True,static,1.0,False,False,1.0,default,fixed,default,0.6477833333333333,0.7958333333333333,0.15000000000000002,0.03150864519813923,0.27259999999999995,0.3625,0.175,0.030123652574753353,0.07961666666666666,0.14583333333333334,0.11250000000000002,0.01884528381909443,0.3142037631336868,0.4135063125790412,0.15579435331952424,0.0316746344810644,0.31323844808096896,0.4135063125790412,0.15579435331952424,0.031179245318115743,0.01283225176064565,0.032472157286123515,0.020890901142197497,0.0039387548274336754,0.012733333333333334,0.04583333333333333,0.04583333333333333,0.008093275672501902,1.6439301846750896,1.813702780180698,0.23683664793881154,0.05141915502007265,1.0,1.0,0.0,0.0,0.0747142857142857,0.32142857142857145,0.25,0.04442857142857142,0.0,0.0,0.0,0.0,0.0,0.0,0.0,0.0,0.0,0.0,0.0,0.0,0.0,0.0,0.0,0.0,0.0,0.0,0.0,0.0,stable,stable
43,500,240,modular,6,0.08,0.004,0.12,20,10.0,0.72,0.22,True,static,1.0,False,False,1.0,default,fixed,default,0.6484500000000001,0.8208333333333333,0.17500000000000004,0.031717507433242254,0.27145,0.375,0.19583333333333333,0.029452791793723808,0.08009999999999999,0.1375,0.10833333333333334,0.01760179915046565,0.32114399787273623,0.4139396811580887,0.17283080917196394,0.03183807901471979,0.3210859724383637,0.4139396811580887,0.18282167556875603,0.032321135504826605,0.014209476830097252,0.033331908818608806,0.02776638577625883,0.004499965497302345,0.0142,0.05416666666666667,0.041666666666666664,0.00922099054693511,1.6306511792370482,1.7741876722991268,0.26292538070262217,0.05180457798800571,1.0,1.0,0.0,0.0,0.07757142857142856,0.2857142857142857,0.2857142857142857,0.04936349969401295,0.0,0.0,0.0,0.0,0.0,0.0,0.0,0.0,0.0,0.0,0.0,0.0,0.0,0.0,0.0,0.0,0.0,0.0,0.0,0.0,stable,stable
44,500,240,modular,6,0.08,0.004,0.12,20,10.0,0.72,0.22,True,static,1.0,False,False,1.0,default,fixed,default,0.64795,0.8375,0.16666666666666663,0.030106851379710895,0.27126666666666666,0.3625,0.1583333333333333,0.028246553378735918,0.08078333333333333,0.14583333333333334,0.10416666666666669,0.017198522223338456,0.32116822457988575,0.44785995707125703,0.1993702950159524,0.03139536699040029,0.3214474766513479,0.44785995707125703,0.22658877993727589,0.031737256673998335,0.014222660879247381,0.04580920724650482,0.04077877622599506,0.004874204947000595,0.0139,0.05,0.05,0.008762990357178308,1.6407548285620064,1.8160120514275142,0.2757484322635453,0.04880276251311768,1.0,1.0,0.0,0.0,0.08028571428571428,0.25,0.25,0.05271331783857871,0.0,0.0,0.0,0.0,0.0,0.0,0.0,0.0,0.0,0.0,0.0,0.0,0.0,0.0,0.0,0.0,0.0,0.0,0.0,0.0,stable,stable
45,500,240,modular,6,0.08,0.004,0.12,20,10.0,0.72,0.22,True,static,1.0,False,False,1.0,default,fixed,default,0.6473,0.8125,0.1625000000000001,0.030895235159415044,0.27181666666666665,0.3458333333333333,0.16666666666666666,0.028789316112443907,0.08088333333333332,0.14583333333333334,0.09166666666666667,0.016969261425687724,0.3228551786398453,0.41541584477843935,0.1552323489191281,0.030750368124806263,0.32172504034234356,0.41541584477843935,0.1552323489191281,0.030519460019103953,0.014218359316195339,0.03377130052422952,0.023625382044997992,0.004308731716413988,0.014399999999999998,0.0625,0.041666666666666664,0.008498431227781591,1.6270402372166795,1.7879958545361865,0.2618399660690882,0.050250529253797666,1.0,1.0,0.0,0.0,0.07228571428571427,0.32142857142857145,0.17857142857142858,0.04780146014335477,0.0,0.0,0.0,0.0,0.0,0.0,0.0,0.0,0.0,0.0,0.0,0.0,0.0,0.0,0.0,0.0,0.0,0.0,0.0,0.0,stable,stable
46,500,240,modular,6,0.08,0.004,0.12,20,10.0,0.72,0.22,True,static,1.0,False,False,1.0,default,fixed,default,0.6485833333333333,0.8125,0.16249999999999998,0.03097725420010266,0.2712333333333333,0.3458333333333333,0.14583333333333331,0.02770090251237313,0.08018333333333334,0.14166666666666666,0.10416666666666669,0.018234803414228395,0.3169742485894032,0.41040685568623825,0.1476202972169509,0.03071906292159745,0.31729672208609533,0.41040685568623825,0.1476202972169509,0.03046556037981979,0.013427945658817457,0.03176157561348128,0.020261903791671095,0.004028836382813057,0.013616666666666668,0.041666666666666664,0.041666666666666664,0.008049516893716182,1.6084368853211022,1.7544872270062237,0.26489614989159516,0.0505498068915865,1.0,1.0,0.0,0.0,0.07942857142857143,0.2857142857142857,0.2857142857142857,0.04956216463458094,0.0,0.0,0.0,0.0,0.0,0.0,0.0,0.0,0.0,0.0,0.0,0.0,0.0,0.0,0.0,0.0,0.0,0.0,0.0,0.0,stable,stable
47,500,240,modular,6,0.08,0.004,0.12,20,10.0,0.72,0.22,True,static,1.0,False,False,1.0,default,fixed,default,0.6504333333333333,0.8,0.17083333333333328,0.02985299166098954,0.27243333333333336,0.3625,0.14583333333333334,0.02762488813451458,0.07713333333333333,0.13333333333333333,0.10416666666666666,0.01758800096025065,0.3148829891005709,0.4064797033046442,0.18147972174036645,0.03003808019476292,0.3148905875781082,0.4064797033046442,0.18147972174036645,0.029993928863925996,0.013157064276530534,0.0307328282629225,0.025546388385226704,0.003911229726259726,0.013166666666666667,0.05,0.041666666666666664,0.00873053390247253,1.6163481172595693,1.752564781033424,0.29397043555209135,0.0489891837881722,1.0,1.0,0.0,0.0,0.07699999999999999,0.2857142857142857,0.21428571428571427,0.05105599167300823,0.0,0.0,0.0,0.0,0.0,0.0,0.0,0.0,0.0,0.0,0.0,0.0,0.0,0.0,0.0,0.0,0.0,0.0,0.0,0.0,stable,stable
48,500,240,modular,6,0.08,0.004,0.12,20,10.0,0.72,0.22,True,static,1.0,False,False,1.0,default,fixed,default,0.6514500000000001,0.7791666666666667,0.14583333333333337,0.028294978942090297,0.27015,0.3625,0.11666666666666664,0.025680023580812988,0.0784,0.1375,0.09583333333333333,0.016699001966185484,0.31121520653565893,0.4048726146578412,0.15754426287366005,0.028698527353481648,0.31057733095423656,0.4048726146578412,0.15754426287366005,0.02858547636599175,0.012418935211251252,0.029878565387026858,0.023488213889849736,0.003674073142495161,0.013333333333333332,0.041666666666666664,0.03333333333333333,0.00792324288266981,1.6336132928939315,1.787102516576781,0.26697928355744627,0.046740342976555854,1.0,1.0,0.0,0.0,0.07971428571428571,0.25,0.25,0.0495152007169598,0.0,0.0,0.0,0.0,0.0,0.0,0.0,0.0,0.0,0.0,0.0,0.0,0.0,0.0,0.0,0.0,0.0,0.0,0.0,0.0,stable,stable
49,500,240,modular,6,0.08,0.004,0.12,20,10.0,0.72,0.22,True,static,1.0,False,False,1.0,default,fixed,default,0.64825,0.8166666666666667,0.1875,0.030407989629920182,0.2727333333333333,0.375,0.17083333333333334,0.028734918749764294,0.07901666666666667,0.1375,0.07916666666666666,0.016173271846544292,0.3139699180393146,0.41289776833454567,0.18211600070508788,0.0294684918460972,0.31466219100457055,0.3994714159097698,0.15926797816972743,0.02896027958276747,0.012960049002166307,0.028456592563730752,0.020549131852401533,0.003655997955544379,0.013,0.041666666666666664,0.041666666666666664,0.00826807783654164,1.6074741596758102,1.7718928599998711,0.2870778423627651,0.04768458674626899,1.0,1.0,0.0,0.0,0.08014285714285714,0.2857142857142857,0.2857142857142857,0.051513620152581874,0.0,0.0,0.0,0.0,0.0,0.0,0.0,0.0,0.0,0.0,0.0,0.0,0.0,0.0,0.0,0.0,0.0,0.0,0.0,0.0,stable,stable
50,500,240,modular,6,0.08,0.004,0.12,20,10.0,0.72,0.22,True,static,1.0,False,False,1.0,default,fixed,default,0.6463833333333333,0.7833333333333333,0.1791666666666667,0.03336940131983858,0.27163333333333334,0.3458333333333333,0.15833333333333335,0.03080266943698946,0.08198333333333334,0.12916666666666668,0.09166666666666667,0.01771055084154954,0.32844509092365554,0.41172978652134823,0.17773501844825823,0.03416235953197404,0.3279105239111894,0.41172978652134823,0.17773501844825823,0.03271355315825662,0.015412655325237853,0.03306343156980192,0.027261601858954272,0.0049554040768808255,0.015300000000000001,0.05,0.04583333333333333,0.008752396497214031,1.6316806796435963,1.7559843082334907,0.26372959248196537,0.05373188539327944,1.0,1.0,0.0,0.0,0.08842857142857141,0.25,0.25,0.05413305602958363,0.0,0.0,0.0,0.0,0.0,0.0,0.0,0.0,0.0,0.0,0.0,0.0,0.0,0.0,0.0,0.0,0.0,0.0,0.0,0.0,stable,stable
