seed,steps,n,topology,num_communities,p_in,p_out,bridge_fraction,delay_steps,k,alarm_threshold,influence_weight,learning,regulator,regulator_force,enable_content,enable_noise,bridge_multiplier,name,condition,L_mean_tail,L_max,L_amp_tail,L_std_tail,M_mean_tail,M_max,M_amp_tail,M_std_tail,R_mean_tail,R_max,R_amp_tail,R_std_tail,alarm_true_mean_tail,alarm_true_max,alarm_true_amp_tail,alarm_true_std_tail,alarm_delayed_mean_tail,alarm_delayed_max,alarm_delayed_amp_tail,alarm_delayed_std_tail,avg_repression_mean_tail,avg_repression_max,avg_repression_amp_tail,avg_repression_std_tail,punished_fraction_mean_tail,punished_fraction_max,punished_fraction_amp_tail,punished_fraction_std_tail,usefulness_mean_tail,usefulness_max,usefulness_amp_tail,usefulness_std_tail,regulator_force_mean_tail,regulator_force_max,regulator_force_amp_tail,regulator_force_std_tail,bridge_radical_fraction_mean_tail,bridge_radical_fraction_max,bridge_radical_fraction_amp_tail,bridge_radical_fraction_std_tail,dangerous_radical_bridge_fraction_mean_tail,dangerous_radical_bridge_fraction_max,dangerous_radical_bridge_fraction_amp_tail,dangerous_radical_bridge_fraction_std_tail,false_positive_rate_mean_tail,false_positive_rate_max,false_positive_rate_amp_tail,false_positive_rate_std_tail,false_negative_rate_mean_tail,false_negative_rate_max,false_negative_rate_amp_tail,false_negative_rate_std_tail,false_positive_bridge_rate_mean_tail,false_positive_bridge_rate_max,false_positive_bridge_rate_amp_tail,false_positive_bridge_rate_std_tail,false_negative_bridge_rate_mean_tail,false_negative_bridge_rate_max,false_negative_bridge_rate_amp_tail,false_negative_bridge_rate_std_tail,regime_fixed,regime
1,500,240,modular,6,0.08,0.004,0.12,15,3,0.72,0.22,True,static,1.0,False,False,1.0,default,default,0.4002166666666667,0.8333333333333334,0.15000000000000002,0.02653394576345135,0.4472833333333333,0.5333333333333333,0.14583333333333331,0.0256671049746125,0.1525,0.3875,0.11249999999999999,0.019818621994926327,0.5502077504265985,0.8350143278851493,0.15543485540451946,0.029754850929324967,0.5501814804909927,0.8350143278851493,0.1591808374523198,0.029764849598375588,0.2815307732711204,0.4388501133108814,0.08311230910180595,0.01564651698636113,0.28423333333333334,0.5166666666666667,0.17083333333333334,0.03282141915815883,2.0309809850349785,2.370716128961089,0.25488609182281374,0.046431223361753225,1.0,1.0,0.0,0.0,0.2074285714285714,0.42857142857142855,0.2857142857142857,0.061643477897884214,0.0,0.0,0.0,0.0,0.0,0.0,0.0,0.0,0.0,0.0,0.0,0.0,0.0,0.0,0.0,0.0,0.0,0.0,0.0,0.0,stable,stable
2,500,240,modular,6,0.08,0.004,0.12,15,3,0.72,0.22,True,static,1.0,False,False,1.0,default,default,0.4043833333333333,0.7875,0.14999999999999997,0.027528172438027514,0.41868333333333335,0.4875,0.14166666666666666,0.02730541765535428,0.17693333333333333,0.3541666666666667,0.14583333333333331,0.02126253878433983,0.5577595999950428,0.7940337057588337,0.18913468012111762,0.030622203507361372,0.5578277236812863,0.7940337057588337,0.1460025986332973,0.029611943665272183,0.2795698077244322,0.40753329105963754,0.07563900140967822,0.01532871531828258,0.2775,0.44166666666666665,0.17916666666666664,0.033862466931200784,2.033176777152823,2.343260891703998,0.2929915496027897,0.0475733695445043,1.0,1.0,0.0,0.0,0.15685714285714283,0.42857142857142855,0.42857142857142855,0.06117822741959824,0.0,0.0,0.0,0.0,0.0,0.0,0.0,0.0,0.0,0.0,0.0,0.0,0.0,0.0,0.0,0.0,0.0,0.0,0.0,0.0,stable,oscillatory
3,500,240,modular,6,0.08,0.004,0.12,15,3,0.72,0.22,True,static,1.0,False,False,1.0,default,default,0.41096666666666665,0.8,0.14583333333333331,0.023848689691469423,0.42341666666666666,0.5125,0.12083333333333335,0.024735966840929335,0.16561666666666666,0.3625,0.1125,0.020164469577287007,0.5480987164927709,0.7715743451004692,0.14647281277899682,0.027174053680750286,0.5478791630208077,0.7715743451004692,0.14647281277899682,0.026997815014579,0.2740758689111432,0.39481098724050817,0.07504859734564462,0.013886307033565158,0.27233333333333337,0.42916666666666664,0.15833333333333335,0.031119840045290153,2.0354748889391705,2.3240117813033434,0.2323463161603554,0.04109377328999057,1.0,1.0,0.0,0.0,0.22528571428571428,0.5,0.35714285714285715,0.061249073295780054,0.0,0.0,0.0,0.0,0.0,0.0,0.0,0.0,0.0,0.0,0.0,0.0,0.0,0.0,0.0,0.0,0.0,0.0,0.0,0.0,stable,stable
4,500,240,modular,6,0.08,0.004,0.12,15,3,0.72,0.22,True,static,1.0,False,False,1.0,default,default,0.4096166666666667,0.7791666666666667,0.14583333333333337,0.025837746934798064,0.42171666666666663,0.48333333333333334,0.13333333333333336,0.02360520775874115,0.1686666666666667,0.4125,0.12083333333333332,0.02096690513907837,0.5467959791719078,0.8276911810596349,0.17098998465926651,0.030128317049629184,0.5462674811831904,0.8276911810596349,0.17098998465926651,0.030237480623593795,0.27574699947413206,0.4290435247672653,0.08937950646999201,0.015697712654128324,0.2757166666666667,0.4666666666666667,0.175,0.02909706457130455,2.04624939480824,2.403362052431162,0.25789939545971197,0.04726149971297808,1.0,1.0,0.0,0.0,0.08099999999999999,0.5357142857142857,0.25,0.04923102555859486,0.0,0.0,0.0,0.0,0.0,0.0,0.0,0.0,0.0,0.0,0.0,0.0,0.0,0.0,0.0,0.0,0.0,0.0,0.0,0.0,stable,runaway
5,500,240,modular,6,0.08,0.004,0.12,15,3,0.72,0.22,True,static,1.0,False,False,1.0,default,default,0.37743333333333334,0.7666666666666667,0.14583333333333331,0.02691387498422824,0.43845000000000006,0.5083333333333333,0.14583333333333331,0.02632067733846444,0.18411666666666668,0.4041666666666667,0.09583333333333333,0.019137956758465333,0.5713846733391719,0.7959434054442368,0.15756304611633531,0.027744671404600386,0.5710664551050761,0.7959434054442368,0.15756304611633531,0.027883822868531118,0.28503784686635847,0.40656465955010124,0.08159669454904175,0.01450497634322095,0.2844333333333333,0.42916666666666664,0.18333333333333332,0.03271571148206589,2.0556796380802433,2.3058376054452188,0.26156236900832286,0.04495834194643563,1.0,1.0,0.0,0.0,0.2457142857142857,0.4642857142857143,0.3928571428571429,0.06926730241371805,0.0,0.0,0.0,0.0,0.0,0.0,0.0,0.0,0.0,0.0,0.0,0.0,0.0,0.0,0.0,0.0,0.0,0.0,0.0,0.0,stable,runaway
6,500,240,modular,6,0.08,0.004,0.12,15,3,0.72,0.22,True,static,1.0,False,False,1.0,default,default,0.44120000000000004,0.7958333333333333,0.12499999999999994,0.025313127907163988,0.38005,0.44583333333333336,0.1333333333333333,0.02549477615338309,0.17875,0.3625,0.10416666666666667,0.019927821144208303,0.5300923071095704,0.7487882637806184,0.14372157779445677,0.028241818862997124,0.529887984692588,0.7487882637806184,0.14372157779445677,0.028039921859533044,0.26458543019156433,0.3818678642921825,0.07270124826304272,0.014171802285423628,0.2668666666666667,0.4041666666666667,0.15833333333333335,0.028615535795942892,1.9840743155291154,2.2796126173410713,0.22489915399923888,0.04375133859737111,1.0,1.0,0.0,0.0,0.22457142857142856,0.5,0.4642857142857143,0.07253654954854251,0.0,0.0,0.0,0.0,0.0,0.0,0.0,0.0,0.0,0.0,0.0,0.0,0.0,0.0,0.0,0.0,0.0,0.0,0.0,0.0,stable,stable
7,500,240,modular,6,0.08,0.004,0.12,15,3,0.72,0.22,True,static,1.0,False,False,1.0,default,default,0.41183333333333333,0.8416666666666667,0.14166666666666666,0.02545093318524882,0.4325,0.525,0.14166666666666666,0.023924069702103593,0.15566666666666668,0.37083333333333335,0.09166666666666666,0.018400634047046675,0.5540699331167646,0.809781938045892,0.14623903044969933,0.028365736154187773,0.5547219381431651,0.809781938045892,0.14623903044969933,0.02816950582162464,0.2859926173800745,0.4281215089056304,0.07823682279055727,0.015039689702197004,0.28780000000000006,0.42916666666666664,0.20833333333333334,0.03110768036639469,2.0233698248860215,2.3388529477330007,0.24165657198407975,0.044099337576223016,1.0,1.0,0.0,0.0,0.13814285714285712,0.5357142857142857,0.35714285714285715,0.06105551171027954,0.0,0.0,0.0,0.0,0.0,0.0,0.0,0.0,0.0,0.0,0.0,0.0,0.0,0.0,0.0,0.0,0.0,0.0,0.0,0.0,stable,stable
8,500,240,modular,6,0.08,0.004,0.12,15,3,0.72,0.22,True,static,1.0,False,False,1.0,default,default,0.3815333333333333,0.8,0.1791666666666667,0.028315366852647343,0.4168333333333334,0.4875,0.14166666666666666,0.025910637026347133,0.20163333333333336,0.35,0.1166666666666667,0.02152450799540943,0.6015363331962547,0.7846294225323135,0.19481719040279188,0.0315777861760667,0.6007338769109115,0.7846294225323135,0.19481719040279188,0.031209699077222024,0.30707716218114356,0.40900335650390285,0.1056117283464324,0.016915307025604554,0.30933333333333335,0.4041666666666667,0.18333333333333335,0.03418657956307156,2.056147682394787,2.2696101047267168,0.3136600295471632,0.04906218230261117,1.0,1.0,0.0,0.0,0.20371428571428568,0.4642857142857143,0.35714285714285715,0.06444804900389277,0.0,0.0,0.0,0.0,0.0,0.0,0.0,0.0,0.0,0.0,0.0,0.0,0.0,0.0,0.0,0.0,0.0,0.0,0.0,0.0,stable,stable
9,500,240,modular,6,0.08,0.004,0.12,15,3,0.72,0.22,True,static,1.0,False,False,1.0,default,default,0.42926666666666663,0.7583333333333333,0.15416666666666667,0.026830041205915266,0.39385000000000003,0.4583333333333333,0.12916666666666665,0.02580422553682934,0.17688333333333336,0.37083333333333335,0.10416666666666666,0.020200254398838095,0.545146842795014,0.784671882748194,0.1530349297396968,0.02950242922135166,0.5450413374935478,0.784671882748194,0.1530349297396968,0.03035017674019336,0.27532438968215545,0.4058893318631493,0.07886654193235518,0.015716961195415487,0.27325,0.4125,0.1625,0.033832614934901695,2.0244997431917766,2.3436923403789107,0.24643744318735528,0.046731372539197034,1.0,1.0,0.0,0.0,0.2888571428571428,0.5357142857142857,0.39285714285714285,0.07135939507385221,0.0,0.0,0.0,0.0,0.0,0.0,0.0,0.0,0.0,0.0,0.0,0.0,0.0,0.0,0.0,0.0,0.0,0.0,0.0,0.0,stable,stable
10,500,240,modular,6,0.08,0.004,0.12,15,3,0.72,0.22,True,static,1.0,False,False,1.0,default,default,0.45226666666666665,0.7875,0.15833333333333338,0.02620699652128543,0.3992833333333334,0.475,0.15416666666666662,0.02564122656972556,0.14845,0.3625,0.11666666666666665,0.019948551882836563,0.514567306108923,0.815522468549318,0.19073696895690762,0.029463693002014558,0.5140379027544557,0.815522468549318,0.19073696895690762,0.029713232955062677,0.2631913439242785,0.42884962858762943,0.09876389282752993,0.015318130435522756,0.26326666666666665,0.48333333333333334,0.19583333333333336,0.03315947995839367,1.957409683503567,2.379960368207132,0.28052652841529535,0.044951255434103235,1.0,1.0,0.0,0.0,0.25057142857142856,0.5714285714285714,0.35714285714285715,0.0693974062915899,0.0,0.0,0.0,0.0,0.0,0.0,0.0,0.0,0.0,0.0,0.0,0.0,0.0,0.0,0.0,0.0,0.0,0.0,0.0,0.0,stable,stable
11,500,240,modular,6,0.08,0.004,0.12,15,3,0.72,0.22,True,static,1.0,False,False,1.0,default,default,0.43325,0.8166666666666667,0.14583333333333337,0.02502623623320135,0.39976666666666666,0.4666666666666667,0.14166666666666666,0.0246998875391052,0.16698333333333334,0.38333333333333336,0.10416666666666667,0.019104166212286434,0.5370847266921775,0.7747241594501542,0.14985244359678185,0.028055935406752993,0.5370374426864931,0.7747241594501542,0.14985244359678185,0.028213381758231005,0.2703638994093201,0.39922376904672713,0.07691910598042159,0.014466284560551733,0.2697833333333333,0.44166666666666665,0.18333333333333332,0.03197343081024896,1.980431572458898,2.2854665149720157,0.2320637898250888,0.04316373754265903,1.0,1.0,0.0,0.0,0.20871428571428569,0.4642857142857143,0.3214285714285714,0.06392422171954054,0.0,0.0,0.0,0.0,0.0,0.0,0.0,0.0,0.0,0.0,0.0,0.0,0.0,0.0,0.0,0.0,0.0,0.0,0.0,0.0,stable,stable
12,500,240,modular,6,0.08,0.004,0.12,15,3,0.72,0.22,True,static,1.0,False,False,1.0,default,default,0.4054166666666667,0.7708333333333334,0.125,0.024540923871045367,0.4307166666666667,0.5,0.14166666666666666,0.024810957480740463,0.16386666666666666,0.37916666666666665,0.1333333333333333,0.019463470057178054,0.5552427395653733,0.7920144454243307,0.1435035067039881,0.027592819337675285,0.5551566975786227,0.7920144454243307,0.1435035067039881,0.02735972800625962,0.28174755853655137,0.41167391653811697,0.07499581054887333,0.014330101012730604,0.27913333333333334,0.44166666666666665,0.1583333333333333,0.03065260547200225,2.0145346767121426,2.305189930972269,0.22391008333358875,0.0418979950453955,1.0,1.0,0.0,0.0,0.205,0.5714285714285714,0.42857142857142855,0.06903489209472707,0.0,0.0,0.0,0.0,0.0,0.0,0.0,0.0,0.0,0.0,0.0,0.0,0.0,0.0,0.0,0.0,0.0,0.0,0.0,0.0,stable,oscillatory
13,500,240,modular,6,0.08,0.004,0.12,15,3,0.72,0.22,True,static,1.0,False,False,1.0,default,default,0.4078833333333333,0.8291666666666667,0.1375,0.025336737709850843,0.43316666666666664,0.55,0.14583333333333331,0.027174334296251757,0.15894999999999998,0.3541666666666667,0.10416666666666666,0.019905198930039468,0.5508647793442374,0.7737413324775947,0.15379126274786564,0.02792073154705025,0.5495154919785673,0.7737413324775947,0.15379126274786564,0.0274166511180885,0.2796693200671113,0.4028314806349497,0.08023264803350749,0.014336806889001802,0.2787333333333333,0.4375,0.19166666666666665,0.029445448620193316,2.0553315326783927,2.31104369432413,0.2313180245222266,0.04329582796627719,1.0,1.0,0.0,0.0,0.12471428571428572,0.4642857142857143,0.25,0.05260965225321378,0.0,0.0,0.0,0.0,0.0,0.0,0.0,0.0,0.0,0.0,0.0,0.0,0.0,0.0,0.0,0.0,0.0,0.0,0.0,0.0,stable,stable
14,500,240,modular,6,0.08,0.004,0.12,15,3,0.72,0.22,True,static,1.0,False,False,1.0,default,default,0.4100333333333333,0.7708333333333334,0.15833333333333333,0.026077320925790414,0.42384999999999995,0.4875,0.14999999999999997,0.025166054076429578,0.16611666666666666,0.35833333333333334,0.11249999999999999,0.01956939929811053,0.5450444574261651,0.7711280246765141,0.16210534594088288,0.02826750557535898,0.5454217956301117,0.7711280246765141,0.1775669261494855,0.028191220406484953,0.27411793093856407,0.3964339140930214,0.09139874728936154,0.014532021965518886,0.27453333333333335,0.42083333333333334,0.19583333333333333,0.031652259880702915,2.000306935802272,2.2682467874820618,0.25989557676317543,0.044726845720867936,1.0,1.0,0.0,0.0,0.2312857142857143,0.4642857142857143,0.3928571428571429,0.06800195075233098,0.0,0.0,0.0,0.0,0.0,0.0,0.0,0.0,0.0,0.0,0.0,0.0,0.0,0.0,0.0,0.0,0.0,0.0,0.0,0.0,stable,stable
15,500,240,modular,6,0.08,0.004,0.12,15,3,0.72,0.22,True,static,1.0,False,False,1.0,default,default,0.42946666666666666,0.7791666666666667,0.1375,0.026045771676458777,0.41823333333333335,0.48333333333333334,0.13333333333333336,0.0268,0.15230000000000002,0.35833333333333334,0.10833333333333332,0.020729447653036966,0.5195825499538699,0.7769579629171968,0.15417180475827047,0.02832116918328552,0.5202852741092933,0.7769579629171968,0.15417180475827047,0.02793140964110804,0.2615516859855373,0.4000342330968673,0.07758666285388693,0.014086627192350152,0.2626,0.43333333333333335,0.15833333333333335,0.03059122967998072,2.001434667044304,2.3343425234957764,0.24637941396484475,0.04453305536880476,1.0,1.0,0.0,0.0,0.20271428571428568,0.42857142857142855,0.35714285714285715,0.0640772811469375,0.0,0.0,0.0,0.0,0.0,0.0,0.0,0.0,0.0,0.0,0.0,0.0,0.0,0.0,0.0,0.0,0.0,0.0,0.0,0.0,stable,stable
16,500,240,modular,6,0.08,0.004,0.12,15,3,0.72,0.22,True,static,1.0,False,False,1.0,default,default,0.38775,0.7875,0.1166666666666667,0.023217121316438483,0.4265,0.5041666666666667,0.14166666666666666,0.024798633474895793,0.18575,0.4083333333333333,0.12916666666666668,0.020074341002052014,0.5785933482551335,0.8465921628026379,0.16662152102873473,0.026756680184459494,0.5798750732263187,0.8465921628026379,0.16662152102873473,0.026867948693236436,0.2968372194309749,0.4444632160483739,0.08968554530036332,0.014443342761079518,0.30069999999999997,0.4625,0.22916666666666666,0.035246103015479285,2.1075547881650154,2.422682421350523,0.241802368965935,0.04215429146210164,1.0,1.0,0.0,0.0,0.2012857142857143,0.4642857142857143,0.2857142857142857,0.06307899161902852,0.0,0.0,0.0,0.0,0.0,0.0,0.0,0.0,0.0,0.0,0.0,0.0,0.0,0.0,0.0,0.0,0.0,0.0,0.0,0.0,stable,runaway
17,500,240,modular,6,0.08,0.004,0.12,15,3,0.72,0.22,True,static,1.0,False,False,1.0,default,default,0.42535,0.8166666666666667,0.15833333333333333,0.025740742672528575,0.4086833333333333,0.48333333333333334,0.14166666666666666,0.025499504352481484,0.16596666666666668,0.375,0.10833333333333332,0.020043258772520556,0.5214095013507634,0.7637021960969391,0.16258332237127904,0.02839645980035064,0.5211620856391792,0.7637021960969391,0.16258332237127904,0.027903855764872528,0.2562715488321256,0.3841705007012282,0.08072364641787994,0.01383451047642896,0.2566666666666667,0.42916666666666664,0.1875,0.03064582625198196,2.0381387596764324,2.348455792584169,0.2748762538845537,0.045285755622378,1.0,1.0,0.0,0.0,0.16642857142857143,0.35714285714285715,0.32142857142857145,0.06284496635306894,0.0,0.0,0.0,0.0,0.0,0.0,0.0,0.0,0.0,0.0,0.0,0.0,0.0,0.0,0.0,0.0,0.0,0.0,0.0,0.0,stable,stable
18,500,240,modular,6,0.08,0.004,0.12,15,3,0.72,0.22,True,static,1.0,False,False,1.0,default,default,0.42823333333333335,0.875,0.1333333333333333,0.025063053817654918,0.40965,0.49166666666666664,0.1375,0.025088781246693597,0.1621166666666667,0.375,0.1,0.020212214403946716,0.5423800179795316,0.776700636349259,0.15669534548884984,0.028821654115543247,0.5418336004010875,0.776700636349259,0.15669534548884984,0.02828500694619404,0.27672189689297333,0.40602173743144426,0.08152063386477496,0.014793092533636564,0.27748333333333336,0.4,0.1625,0.03153062444319455,1.998420244068144,2.2685518019257183,0.24714494187893488,0.04363437447597803,1.0,1.0,0.0,0.0,0.20642857142857138,0.5,0.3571428571428571,0.0598850940534948,0.0,0.0,0.0,0.0,0.0,0.0,0.0,0.0,0.0,0.0,0.0,0.0,0.0,0.0,0.0,0.0,0.0,0.0,0.0,0.0,stable,stable
19,500,240,modular,6,0.08,0.004,0.12,15,3,0.72,0.22,True,static,1.0,False,False,1.0,default,default,0.39165,0.8166666666666667,0.14166666666666666,0.025786242025114436,0.42695000000000005,0.49583333333333335,0.125,0.024318837006183775,0.1814,0.35833333333333334,0.09999999999999998,0.018827019590648614,0.5680863745023682,0.8042405378538787,0.14928728597365576,0.027759059022282373,0.5670819490982075,0.8042405378538787,0.1575318578132759,0.02791105178437162,0.2849312326086622,0.41389806126306866,0.08197347288604764,0.014588652882196608,0.28540000000000004,0.475,0.1708333333333333,0.03070298573971811,2.086762041704229,2.385874555541808,0.23473144658352996,0.04480109043262352,1.0,1.0,0.0,0.0,0.26285714285714284,0.5357142857142857,0.3571428571428571,0.06630172220498454,0.0,0.0,0.0,0.0,0.0,0.0,0.0,0.0,0.0,0.0,0.0,0.0,0.0,0.0,0.0,0.0,0.0,0.0,0.0,0.0,stable,stable
20,500,240,modular,6,0.08,0.004,0.12,15,3,0.72,0.22,True,static,1.0,False,False,1.0,default,default,0.40235000000000004,0.7833333333333333,0.14166666666666666,0.02437478774836363,0.42504999999999993,0.5083333333333333,0.15416666666666662,0.02629290673250952,0.1726,0.36666666666666664,0.09166666666666667,0.018278432950094795,0.558885334072514,0.775368143956815,0.13021436785069285,0.025593397542759265,0.5598868564200172,0.775368143956815,0.13021436785069285,0.026213103602902795,0.28510643315197354,0.40373535447762987,0.06871955737933039,0.01383904255151504,0.2861166666666667,0.4375,0.1625,0.031155349995359276,2.0291249164505065,2.2889915733303705,0.21982656301828607,0.04021082981775634,1.0,1.0,0.0,0.0,0.25957142857142856,0.5,0.3214285714285714,0.0670456743495029,0.0,0.0,0.0,0.0,0.0,0.0,0.0,0.0,0.0,0.0,0.0,0.0,0.0,0.0,0.0,0.0,0.0,0.0,0.0,0.0,stable,stable
21,500,240,modular,6,0.08,0.004,0.12,15,3,0.72,0.22,True,static,1.0,False,False,1.0,default,default,0.40998333333333337,0.7958333333333333,0.1333333333333333,0.024363845025866596,0.4352833333333333,0.5083333333333333,0.14166666666666666,0.025105671116746154,0.15473333333333336,0.3541666666666667,0.10833333333333332,0.01789897576213045,0.5375711235822216,0.7700056347814467,0.15819112897040727,0.026983479172961723,0.5379186906998307,0.7700056347814467,0.15819112897040727,0.026598756522901834,0.27233026844462377,0.398873570584969,0.08191557834042532,0.013751762251430665,0.2727833333333333,0.4875,0.20416666666666666,0.03547714835715458,2.024933241173089,2.328996711313559,0.24556115371494114,0.040630510878050474,1.0,1.0,0.0,0.0,0.20671428571428568,0.5357142857142857,0.35714285714285715,0.06615396389314483,0.0,0.0,0.0,0.0,0.0,0.0,0.0,0.0,0.0,0.0,0.0,0.0,0.0,0.0,0.0,0.0,0.0,0.0,0.0,0.0,stable,stable
22,500,240,modular,6,0.08,0.004,0.12,15,3,0.72,0.22,True,static,1.0,False,False,1.0,default,default,0.3976666666666666,0.7583333333333333,0.15833333333333333,0.02714365078204805,0.4196166666666667,0.49583333333333335,0.15000000000000002,0.025297787562463946,0.18271666666666667,0.3875,0.11249999999999999,0.02104149999933993,0.5642696370389675,0.8396356903414814,0.17263927949760965,0.029924923957329458,0.5644307249274483,0.8396356903414814,0.17263927949760965,0.03052065656780005,0.2811706684801224,0.42930069037347235,0.0892685996095533,0.01583442333990498,0.27926666666666666,0.4666666666666667,0.15833333333333335,0.03404231027543356,2.062811695946288,2.419106482708151,0.2831425149644362,0.048967930921211274,1.0,1.0,0.0,0.0,0.1724285714285714,0.42857142857142855,0.39285714285714285,0.06591599477628278,0.0,0.0,0.0,0.0,0.0,0.0,0.0,0.0,0.0,0.0,0.0,0.0,0.0,0.0,0.0,0.0,0.0,0.0,0.0,0.0,stable,stable
23,500,240,modular,6,0.08,0.004,0.12,15,3,0.72,0.22,True,static,1.0,False,False,1.0,default,default,0.3864666666666667,0.8333333333333334,0.14999999999999997,0.025389499141705546,0.3988333333333334,0.48333333333333334,0.175,0.027044716058163127,0.2147,0.4125,0.11250000000000002,0.022101885289118058,0.5918148196991937,0.8286833524826133,0.1498316569745861,0.0287414576235086,0.5907416645707987,0.8286833524826133,0.1498316569745861,0.02904349816932134,0.2944520568671949,0.4228635059158137,0.07852498966584287,0.01526770638692494,0.294,0.4375,0.20416666666666664,0.03338911998441009,2.1186942710911056,2.4085731501214513,0.2373072839780095,0.04516783827585444,1.0,1.0,0.0,0.0,0.291,0.5,0.35714285714285715,0.06945575599485133,0.0,0.0,0.0,0.0,0.0,0.0,0.0,0.0,0.0,0.0,0.0,0.0,0.0,0.0,0.0,0.0,0.0,0.0,0.0,0.0,stable,runaway
24,500,240,modular,6,0.08,0.004,0.12,15,3,0.72,0.22,True,static,1.0,False,False,1.0,default,default,0.4297666666666667,0.8166666666666667,0.14166666666666666,0.025406167230287477,0.41695000000000004,0.48333333333333334,0.13333333333333336,0.025276037180609535,0.15328333333333333,0.38333333333333336,0.11666666666666665,0.019180726727050193,0.5367775811905051,0.822300843151103,0.1604197255886033,0.028998759630638627,0.5360283026005066,0.822300843151103,0.1604197255886033,0.028970979450660874,0.27731175942801006,0.43693708982505197,0.08549859524375797,0.015304463340705106,0.27886666666666665,0.4708333333333333,0.1625,0.030959992104506603,2.000528362807122,2.359462144431324,0.2514676303873664,0.04356587483213188,1.0,1.0,0.0,0.0,0.11057142857142856,0.5,0.25,0.05475809510558084,0.0,0.0,0.0,0.0,0.0,0.0,0.0,0.0,0.0,0.0,0.0,0.0,0.0,0.0,0.0,0.0,0.0,0.0,0.0,0.0,stable,stable
25,500,240,modular,6,0.08,0.004,0.12,15,3,0.72,0.22,True,static,1.0,False,False,1.0,default,default,0.41376666666666667,0.775,0.1375,0.023275070115659994,0.44748333333333334,0.5291666666666667,0.15000000000000002,0.02644936987277139,0.13875,0.375,0.11666666666666668,0.01934069543734144,0.5326585435129494,0.7855530141148854,0.17572122295344772,0.025530790452707786,0.5338785748897849,0.7855530141148854,0.18163728175729554,0.025794052599397356,0.27198007606293073,0.41008959366375974,0.09334165381788415,0.013382753771196753,0.27061666666666667,0.44166666666666665,0.15833333333333333,0.03022407520871767,2.004375408666269,2.320486608104389,0.25551254891595754,0.038444683777858854,1.0,1.0,0.0,0.0,0.20285714285714282,0.42857142857142855,0.2857142857142857,0.05671266640365488,0.0,0.0,0.0,0.0,0.0,0.0,0.0,0.0,0.0,0.0,0.0,0.0,0.0,0.0,0.0,0.0,0.0,0.0,0.0,0.0,stable,stable
26,500,240,modular,6,0.08,0.004,0.12,15,3,0.72,0.22,True,static,1.0,False,False,1.0,default,default,0.42251666666666665,0.8375,0.15833333333333338,0.025331408918135165,0.40173333333333333,0.475,0.15000000000000002,0.02535680929805203,0.17575,0.39166666666666666,0.11249999999999999,0.02138096895216242,0.5564029440977843,0.8245288032068966,0.1711930364248911,0.029764584330908336,0.5559718838961907,0.8245288032068966,0.1711930364248911,0.029309988794146355,0.282630716758282,0.4301460564857678,0.08902067542374964,0.015386505797005212,0.28613333333333335,0.4375,0.19999999999999998,0.0324819437021042,2.004011776725186,2.349405625674685,0.26051738854553164,0.04407077594234158,1.0,1.0,0.0,0.0,0.23571428571428568,0.5714285714285714,0.42857142857142855,0.06761234037828133,0.0,0.0,0.0,0.0,0.0,0.0,0.0,0.0,0.0,0.0,0.0,0.0,0.0,0.0,0.0,0.0,0.0,0.0,0.0,0.0,stable,stable
27,500,240,modular,6,0.08,0.004,0.12,15,3,0.72,0.22,True,static,1.0,False,False,1.0,default,default,0.4174666666666667,0.7833333333333333,0.12916666666666665,0.026654663965450985,0.4152666666666667,0.49583333333333335,0.16666666666666669,0.02688940311721329,0.16726666666666665,0.35,0.12083333333333333,0.02084802148886076,0.5489268390827209,0.7738147969104663,0.1548550854334128,0.02982117416799819,0.5486526461653284,0.7738147969104663,0.1548550854334128,0.02983257286584652,0.2781549431150743,0.4013008099054573,0.08087998655624415,0.015543610745446652,0.27595,0.4166666666666667,0.19583333333333333,0.032489318757606064,2.022532012719893,2.3262051045962315,0.22498888672590844,0.045937076938940086,1.0,1.0,0.0,0.0,0.22342857142857142,0.4642857142857143,0.3571428571428571,0.0677486350491315,0.0,0.0,0.0,0.0,0.0,0.0,0.0,0.0,0.0,0.0,0.0,0.0,0.0,0.0,0.0,0.0,0.0,0.0,0.0,0.0,stable,oscillatory
28,500,240,modular,6,0.08,0.004,0.12,15,3,0.72,0.22,True,static,1.0,False,False,1.0,default,default,0.4121666666666666,0.825,0.13333333333333336,0.02535087112244206,0.4510166666666667,0.5166666666666667,0.1291666666666667,0.02556326031197464,0.13681666666666667,0.3541666666666667,0.10416666666666667,0.018999773390461498,0.5275966511632074,0.7692716685665804,0.15064729071135274,0.0275487284184448,0.5269713485430187,0.7692716685665804,0.15064729071135274,0.027243815747552188,0.26380763852061734,0.3941319750111533,0.07534399451650922,0.013796427774060392,0.26475,0.425,0.1875,0.03090992738767128,2.010153077735782,2.3299655212189543,0.24713577814486132,0.04339099337716362,1.0,1.0,0.0,0.0,0.17442857142857143,0.5714285714285714,0.32142857142857145,0.05931737536681949,0.0,0.0,0.0,0.0,0.0,0.0,0.0,0.0,0.0,0.0,0.0,0.0,0.0,0.0,0.0,0.0,0.0,0.0,0.0,0.0,stable,stable
29,500,240,modular,6,0.08,0.004,0.12,15,3,0.72,0.22,True,static,1.0,False,False,1.0,default,default,0.4207166666666666,0.7958333333333333,0.15833333333333333,0.028675391114256064,0.4194166666666666,0.5166666666666667,0.1708333333333334,0.028227867436276515,0.15986666666666666,0.4,0.10416666666666666,0.018518279257713623,0.5467088157993313,0.8231894333719987,0.16980224796726495,0.030062878787365882,0.5459645224158528,0.8231894333719987,0.16980224796726495,0.030156285039563503,0.28043892825898087,0.43411482776567595,0.09010387551799845,0.01592137760737989,0.27908333333333335,0.4666666666666667,0.18333333333333335,0.03329675075906223,1.9960109990950754,2.3308029954377787,0.25539623481465834,0.04725787885140866,1.0,1.0,0.0,0.0,0.21328571428571427,0.5,0.3214285714285714,0.06415876353839364,0.0,0.0,0.0,0.0,0.0,0.0,0.0,0.0,0.0,0.0,0.0,0.0,0.0,0.0,0.0,0.0,0.0,0.0,0.0,0.0,stable,stable
30,500,240,modular,6,0.08,0.004,0.12,15,3,0.72,0.22,True,static,1.0,False,False,1.0,default,default,0.43445,0.8208333333333333,0.12916666666666665,0.02502366102533982,0.40755,0.475,0.14583333333333331,0.026055714877503893,0.158,0.3875,0.10833333333333334,0.020087309426600666,0.520642571064877,0.8152380555567706,0.15289277232711052,0.027871822209824284,0.5196410693930333,0.8152380555567706,0.15289277232711052,0.02816070761642684,0.2628778927622816,0.4235799280693603,0.0772661624826114,0.01431347674201063,0.2616833333333333,0.475,0.17083333333333334,0.02985310797145844,1.994155596688301,2.35689596880251,0.22918387625466097,0.04311429013498616,1.0,1.0,0.0,0.0,0.19185714285714286,0.42857142857142855,0.32142857142857145,0.0622045670611516,0.0,0.0,0.0,0.0,0.0,0.0,0.0,0.0,0.0,0.0,0.0,0.0,0.0,0.0,0.0,0.0,0.0,0.0,0.0,0.0,stable,stable
31,500,240,modular,6,0.08,0.004,0.12,15,3,0.72,0.22,True,static,1.0,False,False,1.0,default,default,0.40323333333333333,0.7791666666666667,0.14166666666666666,0.025280998573808135,0.4505,0.5291666666666667,0.15000000000000002,0.025911709064951053,0.14626666666666666,0.4041666666666667,0.09166666666666667,0.018950403103305685,0.5517729042219326,0.8544581433634131,0.15745243791472963,0.027481114007448713,0.5510215582614418,0.8544581433634131,0.15745243791472963,0.02698633267137914,0.28351881652280897,0.4519225478838315,0.08282406918771074,0.01430802047515948,0.2793666666666666,0.4708333333333333,0.17083333333333334,0.030429134431038656,2.0054160687124796,2.3913591937402696,0.22505459506971515,0.042470373898637864,1.0,1.0,0.0,0.0,0.21285714285714283,0.4642857142857143,0.2857142857142857,0.056856424977521136,0.0,0.0,0.0,0.0,0.0,0.0,0.0,0.0,0.0,0.0,0.0,0.0,0.0,0.0,0.0,0.0,0.0,0.0,0.0,0.0,stable,runaway
32,500,240,modular,6,0.08,0.004,0.12,15,3,0.72,0.22,True,static,1.0,False,False,1.0,default,default,0.3809166666666667,0.8125,0.15416666666666667,0.026038033079836632,0.4510833333333334,0.5291666666666667,0.1375,0.02571491676915258,0.168,0.4041666666666667,0.1,0.018360585805227213,0.5649984411358405,0.8231191572429121,0.15967024216302766,0.027301389496166492,0.5652290990097265,0.8231191572429121,0.15675331447481972,0.02741137184179462,0.2836522827046982,0.42364661449590496,0.08097527246731548,0.014256567777823326,0.28791666666666665,0.4666666666666667,0.19166666666666668,0.03475959100258037,2.0819414747148297,2.4044250737795667,0.25838742854924157,0.0439117692841071,1.0,1.0,0.0,0.0,0.1831428571428571,0.5357142857142857,0.32142857142857145,0.059414833576974635,0.0,0.0,0.0,0.0,0.0,0.0,0.0,0.0,0.0,0.0,0.0,0.0,0.0,0.0,0.0,0.0,0.0,0.0,0.0,0.0,stable,runaway
33,500,240,modular,6,0.08,0.004,0.12,15,3,0.72,0.22,True,static,1.0,False,False,1.0,default,default,0.3937333333333333,0.8333333333333334,0.14583333333333331,0.025804413920447366,0.44334999999999997,0.5166666666666667,0.15000000000000008,0.026817536758206893,0.16291666666666668,0.36666666666666664,0.10833333333333334,0.020004339806929672,0.5516110513433281,0.8363424436362134,0.14274241188376624,0.028221338423762864,0.5521039491922655,0.8363424436362134,0.14274241188376624,0.027966216998178816,0.2794259425510793,0.4347574596296197,0.07396869259890895,0.014589686341717738,0.2796,0.4708333333333333,0.17500000000000002,0.029593655476207133,2.046401796491765,2.4107690760429112,0.22732278550505436,0.04398736374893985,1.0,1.0,0.0,0.0,0.19914285714285712,0.4642857142857143,0.39285714285714285,0.06148900681572011,0.0,0.0,0.0,0.0,0.0,0.0,0.0,0.0,0.0,0.0,0.0,0.0,0.0,0.0,0.0,0.0,0.0,0.0,0.0,0.0,stable,stable
34,500,240,modular,6,0.08,0.004,0.12,15,3,0.72,0.22,True,static,1.0,False,False,1.0,default,default,0.42608333333333337,0.8416666666666667,0.14166666666666666,0.027113572861822054,0.40323333333333333,0.48333333333333334,0.14583333333333331,0.025835290248460964,0.17068333333333333,0.375,0.09999999999999999,0.020198109097415803,0.5475553905385946,0.8257549974116493,0.17466093518206305,0.03066308249002832,0.548704604063096,0.8257549974116493,0.17466093518206305,0.031174231651994847,0.277567595699939,0.42883768495914854,0.09068948292585835,0.016209003681957837,0.27821666666666667,0.4583333333333333,0.175,0.02966948020366308,2.016946224621525,2.397137525612616,0.2351532035131032,0.04723135589529712,1.0,1.0,0.0,0.0,0.24614285714285714,0.5,0.3928571428571429,0.0699155467222376,0.0,0.0,0.0,0.0,0.0,0.0,0.0,0.0,0.0,0.0,0.0,0.0,0.0,0.0,0.0,0.0,0.0,0.0,0.0,0.0,stable,stable
35,500,240,modular,6,0.08,0.004,0.12,15,3,0.72,0.22,True,static,1.0,False,False,1.0,default,default,0.3864666666666667,0.8125,0.15000000000000002,0.024396356740755826,0.4214666666666667,0.4875,0.1375,0.024057546748485297,0.19206666666666666,0.375,0.10416666666666666,0.020732583051805198,0.566103191921322,0.7656348141573006,0.15603496962479402,0.02835409120597365,0.5650885738143936,0.7656348141573006,0.15603496962479402,0.027604631730205526,0.27676598911125666,0.38295923667016674,0.07856296773550064,0.014048748546693426,0.27895,0.3958333333333333,0.17500000000000002,0.031064811282220918,2.077232779660916,2.3338862054058693,0.2520522288990741,0.04466143651985203,1.0,1.0,0.0,0.0,0.24342857142857144,0.4642857142857143,0.3928571428571429,0.06804620279108684,0.0,0.0,0.0,0.0,0.0,0.0,0.0,0.0,0.0,0.0,0.0,0.0,0.0,0.0,0.0,0.0,0.0,0.0,0.0,0.0,stable,stable
36,500,240,modular,6,0.08,0.004,0.12,15,3,0.72,0.22,True,static,1.0,False,False,1.0,default,default,0.4076333333333334,0.75,0.1375,0.02582115842138424,0.42788333333333334,0.5041666666666667,0.14166666666666666,0.02665270988932353,0.1644833333333333,0.36666666666666664,0.10833333333333332,0.019387058971271416,0.5349054742065757,0.7292112008527033,0.13047145273714533,0.027119373864204446,0.5350858445576965,0.7292112008527033,0.13047145273714533,0.026938268420144556,0.26481122173467214,0.36779746693059934,0.06585735827791192,0.013559091070433031,0.2618166666666667,0.425,0.17500000000000002,0.03346046174218162,2.0084409248828248,2.245205379428,0.23286142863472015,0.043094476287102584,1.0,1.0,0.0,0.0,0.2084285714285714,0.5357142857142857,0.35714285714285715,0.06429666573384499,0.0,0.0,0.0,0.0,0.0,0.0,0.0,0.0,0.0,0.0,0.0,0.0,0.0,0.0,0.0,0.0,0.0,0.0,0.0,0.0,stable,stable
37,500,240,modular,6,0.08,0.004,0.12,15,3,0.72,0.22,True,static,1.0,False,False,1.0,default,default,0.4023333333333334,0.7833333333333333,0.11666666666666664,0.024394899284709316,0.4244666666666667,0.5041666666666667,0.16249999999999998,0.024033980573808872,0.1732,0.3416666666666667,0.12499999999999999,0.02139143130632762,0.5675523100977914,0.7723914510278397,0.15615283499552945,0.02899940329593357,0.566615040971631,0.7723914510278397,0.15830955365238608,0.029749797891582216,0.28665731656945387,0.39923799900769585,0.08363595806971141,0.015666317673185104,0.2854666666666667,0.44166666666666665,0.18333333333333332,0.031807214415740484,2.0205929284584334,2.2747135392684896,0.21580149760005618,0.04438194384679776,1.0,1.0,0.0,0.0,0.22885714285714284,0.4642857142857143,0.3571428571428571,0.06941387263570384,0.0,0.0,0.0,0.0,0.0,0.0,0.0,0.0,0.0,0.0,0.0,0.0,0.0,0.0,0.0,0.0,0.0,0.0,0.0,0.0,stable,oscillatory
38,500,240,modular,6,0.08,0.004,0.12,15,3,0.72,0.22,True,static,1.0,False,False,1.0,default,default,0.38835,0.8208333333333333,0.13749999999999996,0.02527707019766685,0.44306666666666666,0.525,0.15416666666666667,0.025700972744236744,0.1685833333333333,0.37916666666666665,0.10833333333333332,0.020682957289087606,0.5608481654257756,0.815845636824458,0.1576126797227645,0.028635281919518224,0.560266596342399,0.815845636824458,0.16705349333608444,0.028966215905886113,0.28311577453547637,0.42276502169716695,0.08754614213930323,0.015183852641235564,0.28391666666666665,0.4125,0.17083333333333334,0.03381947581563683,2.0522588741576766,2.34121467188082,0.21517237247647625,0.04327498917428729,1.0,1.0,0.0,0.0,0.2597142857142857,0.5714285714285714,0.3928571428571429,0.06960178275924624,0.0,0.0,0.0,0.0,0.0,0.0,0.0,0.0,0.0,0.0,0.0,0.0,0.0,0.0,0.0,0.0,0.0,0.0,0.0,0.0,stable,stable
39,500,240,modular,6,0.08,0.004,0.12,15,3,0.72,0.22,True,static,1.0,False,False,1.0,default,default,0.41814999999999997,0.7916666666666666,0.14166666666666666,0.027265816001400402,0.4074666666666667,0.48333333333333334,0.14583333333333331,0.027311454658358193,0.17438333333333333,0.4125,0.11249999999999999,0.020692061011143594,0.5472709715858993,0.844185215000726,0.1591773657069684,0.029904155497718108,0.5466838236684703,0.844185215000726,0.14740730402475666,0.029105391672345524,0.27350718046140166,0.4340404968039035,0.07569992873262388,0.01491671413945929,0.27093333333333336,0.4708333333333333,0.18750000000000003,0.03093435702329118,2.0029760973277497,2.3664557350772175,0.230109361396571,0.04567989101733612,1.0,1.0,0.0,0.0,0.2642857142857143,0.5714285714285714,0.35714285714285715,0.06001700439314287,0.0,0.0,0.0,0.0,0.0,0.0,0.0,0.0,0.0,0.0,0.0,0.0,0.0,0.0,0.0,0.0,0.0,0.0,0.0,0.0,stable,runaway
40,500,240,modular,6,0.08,0.004,0.12,15,3,0.72,0.22,True,static,1.0,False,False,1.0,default,default,0.4101666666666666,0.7708333333333334,0.14999999999999997,0.02860846805483377,0.39829999999999993,0.475,0.12083333333333329,0.024944917095249864,0.19153333333333333,0.375,0.1333333333333333,0.02130099110891844,0.5733774191916086,0.8114686099067547,0.1784206979441672,0.032612517705046,0.5722977304432464,0.8114686099067547,0.1784206979441672,0.033335069094024894,0.2918999349529092,0.4238833322385348,0.09394304669651332,0.017684934228625774,0.2901666666666667,0.4666666666666667,0.2,0.036975592550281655,2.0503963822270164,2.343755623019535,0.27538318036986364,0.05099733737958138,1.0,1.0,0.0,0.0,0.3032857142857143,0.5357142857142857,0.42857142857142855,0.07187304566996972,0.0,0.0,0.0,0.0,0.0,0.0,0.0,0.0,0.0,0.0,0.0,0.0,0.0,0.0,0.0,0.0,0.0,0.0,0.0,0.0,stable,oscillatory
41,500,240,modular,6,0.08,0.004,0.12,15,3,0.72,0.22,True,static,1.0,False,False,1.0,default,default,0.46286666666666665,0.7875,0.13749999999999996,0.02565809380639524,0.3796833333333334,0.4583333333333333,0.15416666666666667,0.026782503617100474,0.15744999999999998,0.37916666666666665,0.10416666666666667,0.019169862052479957,0.4994785421640424,0.7835019426040731,0.14596277672217045,0.026900517031111418,0.5002311493385634,0.7835019426040731,0.14596277672217045,0.025991279364851804,0.24850099411141324,0.3988427298534308,0.071255065552426,0.012755316764570096,0.2490166666666667,0.45416666666666666,0.1541666666666667,0.02885196411569468,1.9513547446865966,2.311216325823348,0.2287715592277546,0.04349984601161156,1.0,1.0,0.0,0.0,0.21871428571428572,0.42857142857142855,0.35714285714285715,0.06472689880236368,0.0,0.0,0.0,0.0,0.0,0.0,0.0,0.0,0.0,0.0,0.0,0.0,0.0,0.0,0.0,0.0,0.0,0.0,0.0,0.0,stable,stable
42,500,240,modular,6,0.08,0.004,0.12,15,3,0.72,0.22,True,static,1.0,False,False,1.0,default,default,0.42623333333333335,0.7958333333333333,0.1291666666666667,0.02463073960183359,0.39845,0.4666666666666667,0.15833333333333333,0.02577736410108683,0.17531666666666668,0.3625,0.125,0.020829259601713057,0.5300034836713966,0.7815469031408584,0.15029135133171945,0.027711742216483426,0.5311913028268422,0.7815469031408584,0.15029135133171945,0.02771735598332827,0.2639043908378826,0.3977559632421833,0.0755049075083758,0.013976328533394223,0.2664333333333333,0.4625,0.16666666666666666,0.03060185179582003,2.032328736962028,2.3617077298701536,0.23846927839776222,0.043357095909141274,1.0,1.0,0.0,0.0,0.188,0.4642857142857143,0.35714285714285715,0.05961509191197703,0.0,0.0,0.0,0.0,0.0,0.0,0.0,0.0,0.0,0.0,0.0,0.0,0.0,0.0,0.0,0.0,0.0,0.0,0.0,0.0,stable,oscillatory
43,500,240,modular,6,0.08,0.004,0.12,15,3,0.72,0.22,True,static,1.0,False,False,1.0,default,default,0.39081666666666665,0.8208333333333333,0.15000000000000002,0.02423352246602031,0.4396833333333333,0.5125,0.12499999999999994,0.02390135398303247,0.1695,0.3541666666666667,0.11666666666666667,0.020152887854818446,0.5654650520464986,0.7976439001813297,0.19039999785150657,0.028034502121024384,0.5650347817772396,0.7976439001813297,0.19039999785150657,0.028145372167094177,0.28744541103807675,0.4154926000223774,0.10093517657404141,0.014914918904470125,0.28535000000000005,0.4708333333333333,0.2041666666666667,0.03430908933666284,2.070353748494312,2.358122175498898,0.2790382911523017,0.04269873141033689,1.0,1.0,0.0,0.0,0.2371428571428571,0.4642857142857143,0.3571428571428571,0.07040698017343776,0.0,0.0,0.0,0.0,0.0,0.0,0.0,0.0,0.0,0.0,0.0,0.0,0.0,0.0,0.0,0.0,0.0,0.0,0.0,0.0,stable,stable
44,500,240,modular,6,0.08,0.004,0.12,15,3,0.72,0.22,True,static,1.0,False,False,1.0,default,default,0.38915,0.8375,0.13333333333333336,0.026590772208919894,0.4245499999999999,0.5,0.16250000000000003,0.026567633817610983,0.18630000000000002,0.4083333333333333,0.13333333333333333,0.02127737452475438,0.5815388798404577,0.8282370378737051,0.16190346014359924,0.02965918601852354,0.5800875811332532,0.8282370378737051,0.16190346014359924,0.029046821238563808,0.2944740984188689,0.4308159958515716,0.08609281885698589,0.015444462909284673,0.2947166666666666,0.4375,0.17500000000000002,0.0317247756318132,2.0901180699924957,2.410366224300816,0.2493595505167432,0.04630587258413788,1.0,1.0,0.0,0.0,0.2207142857142857,0.5,0.2857142857142857,0.05762740986151415,0.0,0.0,0.0,0.0,0.0,0.0,0.0,0.0,0.0,0.0,0.0,0.0,0.0,0.0,0.0,0.0,0.0,0.0,0.0,0.0,stable,runaway
45,500,240,modular,6,0.08,0.004,0.12,15,3,0.72,0.22,True,static,1.0,False,False,1.0,default,default,0.4169833333333334,0.8125,0.14583333333333337,0.02555978286292745,0.39751666666666663,0.4708333333333333,0.11666666666666664,0.024698453617809986,0.1855,0.37916666666666665,0.10416666666666666,0.01863091814997616,0.5618075014855176,0.7902286971325657,0.17194877657616275,0.0287734452635379,0.5623802348247755,0.7902286971325657,0.17194877657616275,0.02944365630874279,0.2857716061543114,0.41099066822764735,0.09067288519321295,0.015551901702647064,0.28684999999999994,0.425,0.1708333333333333,0.029878127451364818,2.0264032803067513,2.3232312021321726,0.2421386717410401,0.04312481995774259,1.0,1.0,0.0,0.0,0.21228571428571424,0.4642857142857143,0.3214285714285714,0.06597835142789532,0.0,0.0,0.0,0.0,0.0,0.0,0.0,0.0,0.0,0.0,0.0,0.0,0.0,0.0,0.0,0.0,0.0,0.0,0.0,0.0,stable,stable
46,500,240,modular,6,0.08,0.004,0.12,15,3,0.72,0.22,True,static,1.0,False,False,1.0,default,default,0.4354666666666667,0.8125,0.1333333333333333,0.024333424657362875,0.41363333333333335,0.4875,0.15416666666666667,0.026870967397711765,0.1509,0.32916666666666666,0.11666666666666668,0.018867844486203385,0.5190917257783506,0.7259423789914654,0.13951869665044153,0.02612720558028394,0.5201770938813727,0.7259423789914654,0.13951869665044153,0.02627367520706037,0.2603068965008497,0.37024133322157066,0.07064687516844059,0.01325407996895227,0.2613666666666667,0.4,0.1875,0.03236457253781603,1.961930598196475,2.2361605311185646,0.2129705751558757,0.04025575614890607,1.0,1.0,0.0,0.0,0.244,0.4642857142857143,0.4285714285714286,0.06832336081204628,0.0,0.0,0.0,0.0,0.0,0.0,0.0,0.0,0.0,0.0,0.0,0.0,0.0,0.0,0.0,0.0,0.0,0.0,0.0,0.0,stable,stable
47,500,240,modular,6,0.08,0.004,0.12,15,3,0.72,0.22,True,static,1.0,False,False,1.0,default,default,0.3952833333333334,0.8,0.15833333333333333,0.025965580850211858,0.4348333333333333,0.5166666666666667,0.15416666666666673,0.028259216785561012,0.16988333333333333,0.3625,0.10416666666666666,0.01917391891780777,0.5612919020952921,0.7898667269204522,0.14855214346249435,0.028305956723857387,0.5612588425440163,0.7898667269204522,0.14855214346249435,0.027774175501025303,0.2826660057211269,0.4071890319330406,0.07725610961349161,0.014475258495735107,0.28298333333333336,0.43333333333333335,0.18750000000000003,0.03277579137107142,2.045109572034866,2.326780810240512,0.23421942619747127,0.04277436860277178,1.0,1.0,0.0,0.0,0.14828571428571427,0.42857142857142855,0.32142857142857145,0.06028097476291626,0.0,0.0,0.0,0.0,0.0,0.0,0.0,0.0,0.0,0.0,0.0,0.0,0.0,0.0,0.0,0.0,0.0,0.0,0.0,0.0,stable,stable
48,500,240,modular,6,0.08,0.004,0.12,15,3,0.72,0.22,True,static,1.0,False,False,1.0,default,default,0.40528333333333333,0.7791666666666667,0.12916666666666665,0.021146059522599788,0.46355,0.5291666666666667,0.15416666666666667,0.023340957087869763,0.13116666666666665,0.38333333333333336,0.09583333333333333,0.018484978886773022,0.5166742187562847,0.7935788370239825,0.1344221222705353,0.023677094495527146,0.5164967033152017,0.7935788370239825,0.1344221222705353,0.023310885091065735,0.2563393823963083,0.404020290640927,0.06699702313127096,0.011618282971474186,0.2579666666666666,0.4,0.14583333333333331,0.02737860072716971,2.032963239401478,2.390501650235229,0.21262416757397218,0.03710898332383249,1.0,1.0,0.0,0.0,0.17114285714285715,0.42857142857142855,0.2857142857142857,0.05086917995591982,0.0,0.0,0.0,0.0,0.0,0.0,0.0,0.0,0.0,0.0,0.0,0.0,0.0,0.0,0.0,0.0,0.0,0.0,0.0,0.0,stable,stable
49,500,240,modular,6,0.08,0.004,0.12,15,3,0.72,0.22,True,static,1.0,False,False,1.0,default,default,0.3776833333333333,0.8166666666666667,0.13333333333333336,0.02432322278536845,0.44445000000000007,0.5333333333333333,0.14999999999999997,0.025716731475399005,0.17786666666666667,0.3458333333333333,0.12499999999999999,0.01986353442869622,0.5717540510236908,0.7635767216105093,0.160651948114789,0.02778429162882929,0.5718625784168773,0.7635767216105093,0.160651948114789,0.02750668963163999,0.2854388457320772,0.3889674475860607,0.08297455337075144,0.014304845978327185,0.2848333333333333,0.4375,0.1958333333333333,0.03320349713843742,2.058358605996616,2.290374471943773,0.2324118159907631,0.041222766937702715,1.0,1.0,0.0,0.0,0.23628571428571427,0.5714285714285714,0.3571428571428571,0.06803120532490355,0.0,0.0,0.0,0.0,0.0,0.0,0.0,0.0,0.0,0.0,0.0,0.0,0.0,0.0,0.0,0.0,0.0,0.0,0.0,0.0,stable,oscillatory
50,500,240,modular,6,0.08,0.004,0.12,15,3,0.72,0.22,True,static,1.0,False,False,1.0,default,default,0.43376666666666663,0.7833333333333333,0.16666666666666663,0.025995854370349982,0.42045,0.4875,0.1375,0.02522246022893088,0.1457833333333333,0.35833333333333334,0.11250000000000002,0.019757143574470025,0.5292803272398531,0.8059024132780622,0.16901525200344347,0.029361308581028187,0.5287406426628833,0.8059024132780622,0.16901525200344347,0.029298792203191832,0.272052909359638,0.42554620758552075,0.08785694325318458,0.015266756201203085,0.27029999999999993,0.45416666666666666,0.1625,0.033132629100497156,1.981304015338414,2.3378546464579757,0.2681038073602302,0.04481712896441194,1.0,1.0,0.0,0.0,0.162,0.35714285714285715,0.35714285714285715,0.06389468375573118,0.0,0.0,0.0,0.0,0.0,0.0,0.0,0.0,0.0,0.0,0.0,0.0,0.0,0.0,0.0,0.0,0.0,0.0,0.0,0.0,stable,stable
1,500,240,modular,6,0.08,0.004,0.12,15,5,0.72,0.22,True,static,1.0,False,False,1.0,default,default,0.37933333333333336,0.8333333333333334,0.14583333333333337,0.02570883981132646,0.4337166666666667,0.5041666666666667,0.14583333333333331,0.024671288981324018,0.18694999999999998,0.4041666666666667,0.10833333333333331,0.019931556498287945,0.5995695785896487,0.8851580109380996,0.1651938451061412,0.03002126651709832,0.600620982464572,0.8851580109380996,0.1651938451061412,0.030393291781937698,0.2667379060301229,0.5213471894457337,0.13902832481590202,0.02589992860405251,0.26511666666666667,0.5625,0.19166666666666668,0.03661208437418201,2.0802564833655532,2.440974566868218,0.2440687776209003,0.04459788202422895,1.0,1.0,0.0,0.0,0.20271428571428574,0.5,0.35714285714285715,0.06649980819367766,0.0,0.0,0.0,0.0,0.0,0.0,0.0,0.0,0.0,0.0,0.0,0.0,0.0,0.0,0.0,0.0,0.0,0.0,0.0,0.0,stable,runaway
2,500,240,modular,6,0.08,0.004,0.12,15,5,0.72,0.22,True,static,1.0,False,False,1.0,default,default,0.37675,0.7875,0.14166666666666672,0.023963079240086546,0.4350333333333334,0.5208333333333334,0.13333333333333336,0.02495048429723693,0.18821666666666667,0.3875,0.10416666666666666,0.021068018152851704,0.5836815238900728,0.8464943354231175,0.1467359609632536,0.028008532855715796,0.5852724611981602,0.8464943354231175,0.1467359609632536,0.028436185729980096,0.2483636071840988,0.47927314734524645,0.11944635007083815,0.023199482717981428,0.24739999999999998,0.5333333333333333,0.2,0.034655703394647436,2.084265038873613,2.453439754527446,0.23060010225036587,0.043100404869301355,1.0,1.0,0.0,0.0,0.2692857142857143,0.5357142857142857,0.4285714285714286,0.07546116719944133,0.0,0.0,0.0,0.0,0.0,0.0,0.0,0.0,0.0,0.0,0.0,0.0,0.0,0.0,0.0,0.0,0.0,0.0,0.0,0.0,stable,stable
3,500,240,modular,6,0.08,0.004,0.12,15,5,0.72,0.22,True,static,1.0,False,False,1.0,default,default,0.39409999999999995,0.8,0.15416666666666667,0.026400673392085204,0.4298666666666667,0.49583333333333335,0.13333333333333336,0.024567005877350577,0.17603333333333335,0.3625,0.11249999999999999,0.02087765951122555,0.5595973617562506,0.7823050656245397,0.18738600720259235,0.030934809352542163,0.5594447184496578,0.7823050656245397,0.18738600720259235,0.031135251963056502,0.22753210516204087,0.4231452245402563,0.1455704868906753,0.024492257313286324,0.2257,0.4791666666666667,0.19999999999999998,0.036828189686102616,2.0646040431840085,2.356106087380669,0.28315293960002963,0.046605041764176,1.0,1.0,0.0,0.0,0.17371428571428568,0.4642857142857143,0.35714285714285715,0.063702753600818,0.0,0.0,0.0,0.0,0.0,0.0,0.0,0.0,0.0,0.0,0.0,0.0,0.0,0.0,0.0,0.0,0.0,0.0,0.0,0.0,stable,stable
4,500,240,modular,6,0.08,0.004,0.12,15,5,0.72,0.22,True,static,1.0,False,False,1.0,default,default,0.3904333333333333,0.7791666666666667,0.14583333333333331,0.02526539134864133,0.45183333333333336,0.5125,0.11666666666666664,0.025082641186463774,0.15773333333333334,0.35833333333333334,0.10833333333333332,0.018391604364794038,0.5570208826056483,0.7748410037568643,0.156588676203736,0.02743509488365553,0.5572229192815269,0.7748410037568643,0.156588676203736,0.02785824123348163,0.22769714160839807,0.42020621144795345,0.12376825620340132,0.021954387467396294,0.2249,0.48333333333333334,0.19583333333333333,0.033769907708885834,2.0667780526992505,2.338658393425905,0.2409917654790854,0.04343286866928518,1.0,1.0,0.0,0.0,0.17957142857142855,0.42857142857142855,0.35714285714285715,0.059367585466158494,0.0,0.0,0.0,0.0,0.0,0.0,0.0,0.0,0.0,0.0,0.0,0.0,0.0,0.0,0.0,0.0,0.0,0.0,0.0,0.0,stable,stable
5,500,240,modular,6,0.08,0.004,0.12,15,5,0.72,0.22,True,static,1.0,False,False,1.0,default,default,0.3991166666666666,0.7666666666666667,0.15416666666666667,0.0246105273319276,0.4154333333333333,0.5041666666666667,0.14583333333333331,0.025372360289627503,0.18544999999999998,0.4166666666666667,0.12083333333333333,0.0207941030636626,0.5655377075420869,0.8154498252683732,0.15985025493817984,0.02808651909088367,0.5657171763292302,0.8154498252683732,0.15985025493817984,0.027920880384626815,0.23146589235463505,0.45066402173358605,0.12310953273242556,0.021855441466424947,0.2295,0.4875,0.20833333333333331,0.034695500829038016,2.030686168837884,2.3563666842528526,0.2533531586900526,0.04297188789977783,1.0,1.0,0.0,0.0,0.2267142857142857,0.4642857142857143,0.3214285714285714,0.06533758489567854,0.0,0.0,0.0,0.0,0.0,0.0,0.0,0.0,0.0,0.0,0.0,0.0,0.0,0.0,0.0,0.0,0.0,0.0,0.0,0.0,stable,runaway
6,500,240,modular,6,0.08,0.004,0.12,15,5,0.72,0.22,True,static,1.0,False,False,1.0,default,default,0.4200666666666666,0.7958333333333333,0.12083333333333335,0.024615848553320274,0.3701,0.44583333333333336,0.14166666666666666,0.02448675378875508,0.20983333333333332,0.3625,0.09166666666666665,0.019335488385637197,0.5682179635540667,0.7787094057862969,0.14843940464826177,0.028674169737182682,0.5686758910429435,0.7787094057862969,0.14843940464826177,0.028314930133520988,0.23440593909248394,0.4194167487715434,0.115051848749182,0.02242057680919009,0.2359,0.4125,0.225,0.03863570599559141,2.031077985353399,2.28681616187426,0.1993734677788166,0.04246662743844965,1.0,1.0,0.0,0.0,0.2,0.4642857142857143,0.32142857142857145,0.05678459118386226,0.0,0.0,0.0,0.0,0.0,0.0,0.0,0.0,0.0,0.0,0.0,0.0,0.0,0.0,0.0,0.0,0.0,0.0,0.0,0.0,stable,stable
7,500,240,modular,6,0.08,0.004,0.12,15,5,0.72,0.22,True,static,1.0,False,False,1.0,default,default,0.3885,0.8416666666666667,0.14583333333333331,0.026330696070471733,0.4466333333333333,0.5291666666666667,0.14583333333333331,0.02674050194825154,0.16486666666666666,0.35833333333333334,0.1,0.019887433217989695,0.5707278351313892,0.8108048040867458,0.1499697348853174,0.0291946131436309,0.5717293159680326,0.8108048040867458,0.1499697348853174,0.028451961246638464,0.24428481162084104,0.4618491715293807,0.1218022997413824,0.023368481126197434,0.24189999999999998,0.48333333333333334,0.22083333333333333,0.034431106736657634,2.065141474707859,2.367307417628674,0.2491800322488822,0.04488942977296447,1.0,1.0,0.0,0.0,0.21857142857142856,0.4642857142857143,0.3214285714285714,0.06062598621120841,0.0,0.0,0.0,0.0,0.0,0.0,0.0,0.0,0.0,0.0,0.0,0.0,0.0,0.0,0.0,0.0,0.0,0.0,0.0,0.0,stable,stable
8,500,240,modular,6,0.08,0.004,0.12,15,5,0.72,0.22,True,static,1.0,False,False,1.0,default,default,0.40908333333333335,0.8,0.175,0.02636403800634493,0.41623333333333334,0.5,0.15000000000000002,0.026256343148952706,0.17468333333333333,0.35,0.10416666666666666,0.018592030849563238,0.5647927789572814,0.7920209299193748,0.1863526236225827,0.028582132239412226,0.5640624987434253,0.7920209299193748,0.1863526236225827,0.028765101555701222,0.23512472105162466,0.4393958460649168,0.14133627441280025,0.022931254127471986,0.23703333333333337,0.42916666666666664,0.2125,0.036349828060116045,1.9965983122499298,2.275095835403221,0.287297779864895,0.04322468318831702,1.0,1.0,0.0,0.0,0.18557142857142855,0.4642857142857143,0.35714285714285715,0.05982099146961845,0.0,0.0,0.0,0.0,0.0,0.0,0.0,0.0,0.0,0.0,0.0,0.0,0.0,0.0,0.0,0.0,0.0,0.0,0.0,0.0,stable,stable
9,500,240,modular,6,0.08,0.004,0.12,15,5,0.72,0.22,True,static,1.0,False,False,1.0,default,default,0.407,0.7583333333333333,0.15000000000000002,0.025105886870524126,0.4132166666666666,0.49583333333333335,0.13749999999999996,0.024579242597498132,0.17978333333333332,0.37916666666666665,0.10833333333333334,0.018080691051198482,0.562162284049974,0.8279580224732876,0.16747663947570773,0.02723873613575586,0.5614801448549929,0.8279580224732876,0.16747663947570773,0.028121937869973503,0.23124103185527195,0.4676301826218396,0.1312762885789798,0.02226703963161015,0.22908333333333333,0.5041666666666667,0.18333333333333332,0.034897568364827054,2.0506545927383066,2.4018777726742124,0.24067331619733667,0.042479198102656116,1.0,1.0,0.0,0.0,0.16357142857142856,0.5714285714285714,0.28571428571428575,0.05771587692290218,0.0,0.0,0.0,0.0,0.0,0.0,0.0,0.0,0.0,0.0,0.0,0.0,0.0,0.0,0.0,0.0,0.0,0.0,0.0,0.0,stable,stable
10,500,240,modular,6,0.08,0.004,0.12,15,5,0.72,0.22,True,static,1.0,False,False,1.0,default,default,0.44498333333333334,0.7875,0.13750000000000007,0.02729035747496011,0.38188333333333335,0.45416666666666666,0.14583333333333331,0.024950957452125517,0.17313333333333336,0.3625,0.12083333333333333,0.019964941494752468,0.5445072966560587,0.8200240984258335,0.17076799165488965,0.030724713082707925,0.5442919138547576,0.8200240984258335,0.17076799165488965,0.03082922760577901,0.2211220012492551,0.4673920909517568,0.13108494788028224,0.023752170086003596,0.22191666666666668,0.5208333333333334,0.18333333333333335,0.034158637267900485,1.9826780621370976,2.371045485383457,0.246493293083639,0.04847063659925999,1.0,1.0,0.0,0.0,0.1777142857142857,0.5,0.28571428571428575,0.058721758300984,0.0,0.0,0.0,0.0,0.0,0.0,0.0,0.0,0.0,0.0,0.0,0.0,0.0,0.0,0.0,0.0,0.0,0.0,0.0,0.0,stable,oscillatory
11,500,240,modular,6,0.08,0.004,0.12,15,5,0.72,0.22,True,static,1.0,False,False,1.0,default,default,0.42873333333333336,0.8166666666666667,0.12083333333333335,0.024522234808434573,0.35845,0.43333333333333335,0.1291666666666667,0.02439376628020637,0.21281666666666665,0.4083333333333333,0.11250000000000002,0.020948939246547914,0.5714996332309689,0.8447202838843493,0.1595137580381305,0.0292081761622443,0.5720788487200891,0.8447202838843493,0.1595137580381305,0.02892370400531125,0.23902770763386838,0.4804676092303587,0.12987134761592556,0.023426169708325253,0.23998333333333333,0.49166666666666664,0.17916666666666667,0.03627843329338,2.0249989681120213,2.3875055088881347,0.22727257238722864,0.04366619818330075,1.0,1.0,0.0,0.0,0.26142857142857145,0.4642857142857143,0.3571428571428571,0.06501177287418718,0.0,0.0,0.0,0.0,0.0,0.0,0.0,0.0,0.0,0.0,0.0,0.0,0.0,0.0,0.0,0.0,0.0,0.0,0.0,0.0,stable,runaway
12,500,240,modular,6,0.08,0.004,0.12,15,5,0.72,0.22,True,static,1.0,False,False,1.0,default,default,0.4258333333333334,0.7708333333333334,0.13749999999999996,0.02522124325070259,0.36691666666666667,0.45,0.15000000000000002,0.025795806076009935,0.20725,0.3875,0.12916666666666665,0.020850159871489395,0.5745850620908652,0.8508464202947025,0.16533926212026107,0.029278869796674375,0.5737776211291948,0.8508464202947025,0.16533926212026107,0.029430441265024723,0.24215911922382383,0.4891035992315166,0.13789848518491593,0.024116751348849465,0.24248333333333336,0.5041666666666667,0.2,0.039274139781229525,2.0144557908626584,2.3760540733915714,0.261501741720336,0.04384213764708451,1.0,1.0,0.0,0.0,0.21457142857142855,0.4642857142857143,0.39285714285714285,0.06412615118113765,0.0,0.0,0.0,0.0,0.0,0.0,0.0,0.0,0.0,0.0,0.0,0.0,0.0,0.0,0.0,0.0,0.0,0.0,0.0,0.0,stable,oscillatory
13,500,240,modular,6,0.08,0.004,0.12,15,5,0.72,0.22,True,static,1.0,False,False,1.0,default,default,0.4214833333333333,0.8291666666666667,0.14166666666666666,0.025694406005977253,0.41955000000000003,0.49166666666666664,0.14583333333333331,0.027815468318505402,0.1589666666666667,0.3875,0.1125,0.019497549703602356,0.5468407948467936,0.8013909850956044,0.136302902760425,0.028058587123864002,0.5468478204668322,0.8013909850956044,0.136302902760425,0.02808515903834039,0.22144220692908104,0.4476757353280653,0.10617451506916403,0.021892053960608344,0.22235,0.44583333333333336,0.1625,0.03305075642099587,2.026276092577682,2.383885486969437,0.2234987652065208,0.04377081245603249,1.0,1.0,0.0,0.0,0.208,0.42857142857142855,0.3571428571428571,0.06739527022706855,0.0,0.0,0.0,0.0,0.0,0.0,0.0,0.0,0.0,0.0,0.0,0.0,0.0,0.0,0.0,0.0,0.0,0.0,0.0,0.0,stable,stable
14,500,240,modular,6,0.08,0.004,0.12,15,5,0.72,0.22,True,static,1.0,False,False,1.0,default,default,0.3931,0.7708333333333334,0.1333333333333333,0.025342673716699883,0.4157,0.4875,0.13333333333333336,0.027180650797539375,0.19119999999999998,0.35833333333333334,0.11249999999999999,0.02036279286672959,0.5749362703786512,0.8014769318784806,0.1438054828045342,0.028388396159638146,0.5750097916571583,0.8014769318784806,0.14695164196869082,0.028678133989169696,0.24089126262192223,0.4422362352373745,0.11912102700638275,0.023233304552513694,0.24168333333333333,0.49166666666666664,0.21250000000000002,0.03810894106228732,2.0392837325680944,2.2923840557537556,0.22267862495211266,0.042066771479025454,1.0,1.0,0.0,0.0,0.19028571428571428,0.42857142857142855,0.2857142857142857,0.053600182759359453,0.0,0.0,0.0,0.0,0.0,0.0,0.0,0.0,0.0,0.0,0.0,0.0,0.0,0.0,0.0,0.0,0.0,0.0,0.0,0.0,stable,stable
15,500,240,modular,6,0.08,0.004,0.12,15,5,0.72,0.22,True,static,1.0,False,False,1.0,default,default,0.4177666666666667,0.7791666666666667,0.1333333333333333,0.025906584319649536,0.4308666666666667,0.5166666666666667,0.15416666666666673,0.027193218108769533,0.15136666666666668,0.37916666666666665,0.10833333333333335,0.0189243816866555,0.5328670892268017,0.8091246149434335,0.13374591469253583,0.028221780925573127,0.5334287723728535,0.8091246149434335,0.13374591469253583,0.02865797436944297,0.20882006112315143,0.4494165740175758,0.09874808559821391,0.02130851868930265,0.20835000000000004,0.5,0.18333333333333332,0.031860150135657975,2.0204359606675464,2.3776084400763127,0.19888873515254635,0.04324683653496075,1.0,1.0,0.0,0.0,0.26785714285714285,0.5,0.39285714285714285,0.06845600404490404,0.0,0.0,0.0,0.0,0.0,0.0,0.0,0.0,0.0,0.0,0.0,0.0,0.0,0.0,0.0,0.0,0.0,0.0,0.0,0.0,stable,stable
16,500,240,modular,6,0.08,0.004,0.12,15,5,0.72,0.22,True,static,1.0,False,False,1.0,default,default,0.40436666666666665,0.7875,0.13333333333333336,0.024220377095880787,0.38955000000000006,0.4875,0.15416666666666662,0.023301293478641436,0.20608333333333334,0.4083333333333333,0.11250000000000002,0.019892244440708265,0.5838061379857717,0.8617157957139436,0.15123713003529715,0.029315030355421857,0.5842536853221894,0.8617157957139436,0.15123713003529715,0.02979085937772533,0.2524961775353963,0.5015483943781729,0.1267492809984661,0.024867237495307996,0.2530333333333333,0.5166666666666667,0.18333333333333332,0.03619152755365082,2.09551954817961,2.4425917691357477,0.21103319253673591,0.0448840808410432,1.0,1.0,0.0,0.0,0.182,0.4642857142857143,0.35714285714285715,0.0645113500534153,0.0,0.0,0.0,0.0,0.0,0.0,0.0,0.0,0.0,0.0,0.0,0.0,0.0,0.0,0.0,0.0,0.0,0.0,0.0,0.0,stable,runaway
17,500,240,modular,6,0.08,0.004,0.12,15,5,0.72,0.22,True,static,1.0,False,False,1.0,default,default,0.40848333333333336,0.8166666666666667,0.12916666666666665,0.02457793160992646,0.42329999999999995,0.49166666666666664,0.12916666666666665,0.02410103732207392,0.16821666666666668,0.4,0.1,0.018492498479113093,0.5385904595442983,0.7774267250785154,0.14081733694290605,0.026624558831782615,0.5392325654825726,0.7774267250785154,0.14667800028557448,0.027022084898978924,0.20844327633726242,0.41198072294590243,0.10843471341583721,0.02002720426302833,0.2088,0.44166666666666665,0.20833333333333331,0.032879054460586636,2.0645673616722977,2.369963235580796,0.21917293139851002,0.042852126011017705,1.0,1.0,0.0,0.0,0.1464285714285714,0.6071428571428571,0.28571428571428575,0.04930641387263519,0.0,0.0,0.0,0.0,0.0,0.0,0.0,0.0,0.0,0.0,0.0,0.0,0.0,0.0,0.0,0.0,0.0,0.0,0.0,0.0,stable,stable
18,500,240,modular,6,0.08,0.004,0.12,15,5,0.72,0.22,True,static,1.0,False,False,1.0,default,default,0.39843333333333336,0.875,0.1333333333333333,0.02386980891791507,0.4275166666666667,0.49166666666666664,0.14583333333333331,0.02368162086231993,0.17405,0.3875,0.1,0.018329552640476525,0.5675649218551234,0.8058237184239871,0.1548766885491557,0.027007562374537702,0.5680054121204847,0.8058237184239871,0.1548766885491557,0.027337481827030403,0.2390738588798074,0.45335892633250535,0.12165886019671718,0.022004049340447245,0.24038333333333334,0.4041666666666667,0.175,0.035983487725467764,2.0525513311686954,2.325154919352836,0.25384873942137065,0.04182313781874477,1.0,1.0,0.0,0.0,0.17614285714285713,0.42857142857142855,0.28571428571428575,0.060854627714625895,0.0,0.0,0.0,0.0,0.0,0.0,0.0,0.0,0.0,0.0,0.0,0.0,0.0,0.0,0.0,0.0,0.0,0.0,0.0,0.0,stable,stable
19,500,240,modular,6,0.08,0.004,0.12,15,5,0.72,0.22,True,static,1.0,False,False,1.0,default,default,0.4079666666666667,0.8166666666666667,0.15000000000000002,0.02604491846364234,0.4033666666666666,0.48333333333333334,0.14166666666666666,0.024620429637915657,0.18866666666666668,0.3875,0.11666666666666667,0.01926856968687032,0.5662715044576331,0.810901278347896,0.15547171126996528,0.029427628887747144,0.5669782232120344,0.810901278347896,0.15547171126996528,0.029258044762773695,0.23412395584604154,0.449830890141835,0.12247945669182783,0.023266092156399132,0.2351,0.4625,0.18333333333333335,0.03370321448566393,2.069656884155528,2.405215477375682,0.24129827314251906,0.045505598409995136,1.0,1.0,0.0,0.0,0.2745714285714286,0.5714285714285714,0.35714285714285715,0.07026422435699263,0.0,0.0,0.0,0.0,0.0,0.0,0.0,0.0,0.0,0.0,0.0,0.0,0.0,0.0,0.0,0.0,0.0,0.0,0.0,0.0,stable,stable
20,500,240,modular,6,0.08,0.004,0.12,15,5,0.72,0.22,True,static,1.0,False,False,1.0,default,default,0.36698333333333333,0.7833333333333333,0.12916666666666665,0.025942720023587006,0.43271666666666664,0.525,0.15416666666666667,0.025619442486778148,0.20029999999999998,0.4166666666666667,0.12499999999999997,0.02123725761747762,0.6073250113591523,0.8670701427029156,0.15667685117187602,0.03069201653900448,0.6078585590406248,0.8670701427029156,0.15667685117187602,0.030807938994930593,0.27152604023949956,0.5040649920078387,0.1329557943563767,0.026422717511958595,0.2705333333333333,0.5291666666666667,0.22083333333333333,0.037902198704912446,2.092642321750037,2.422243263214413,0.22373560846911622,0.04594885538202551,1.0,1.0,0.0,0.0,0.177,0.5357142857142857,0.35714285714285715,0.06130036454930388,0.0,0.0,0.0,0.0,0.0,0.0,0.0,0.0,0.0,0.0,0.0,0.0,0.0,0.0,0.0,0.0,0.0,0.0,0.0,0.0,stable,runaway
21,500,240,modular,6,0.08,0.004,0.12,15,5,0.72,0.22,True,static,1.0,False,False,1.0,default,default,0.4022166666666667,0.7958333333333333,0.15000000000000002,0.025698902916488693,0.39625,0.4583333333333333,0.12083333333333335,0.024190361946674364,0.20153333333333337,0.3458333333333333,0.13749999999999998,0.02030008210164021,0.5790329100691703,0.7556530159246102,0.2006772776889199,0.02973563152549424,0.580401697408756,0.7556530159246102,0.2006772776889199,0.029858001902394717,0.24720643243847748,0.404079658245225,0.16159267330109087,0.024413773170251493,0.24746666666666664,0.4666666666666667,0.26666666666666666,0.03777453580860466,2.0746533740962714,2.285412538966079,0.30344192751538457,0.045177609929975264,1.0,1.0,0.0,0.0,0.23342857142857137,0.5714285714285714,0.4285714285714286,0.06903770043702681,0.0,0.0,0.0,0.0,0.0,0.0,0.0,0.0,0.0,0.0,0.0,0.0,0.0,0.0,0.0,0.0,0.0,0.0,0.0,0.0,stable,oscillatory
22,500,240,modular,6,0.08,0.004,0.12,15,5,0.72,0.22,True,static,1.0,False,False,1.0,default,default,0.41209999999999997,0.7583333333333333,0.16249999999999998,0.02640982561261791,0.40186666666666665,0.4875,0.15833333333333333,0.02535282145157725,0.18603333333333336,0.35833333333333334,0.1333333333333333,0.019834425740223597,0.5566722958794293,0.7868466481501114,0.18958707430617205,0.02912957204965704,0.5571686277574697,0.7868466481501114,0.18958707430617205,0.02881349072398189,0.22446299930976918,0.42493546129421367,0.14762329665835683,0.02237773530979809,0.2243,0.4791666666666667,0.22916666666666666,0.03450940290542403,2.0402565904306567,2.352909028547249,0.283323432518116,0.04631137665315257,1.0,1.0,0.0,0.0,0.19814285714285715,0.4642857142857143,0.35714285714285715,0.06522817095177731,0.0,0.0,0.0,0.0,0.0,0.0,0.0,0.0,0.0,0.0,0.0,0.0,0.0,0.0,0.0,0.0,0.0,0.0,0.0,0.0,stable,oscillatory
23,500,240,modular,6,0.08,0.004,0.12,15,5,0.72,0.22,True,static,1.0,False,False,1.0,default,default,0.39148333333333335,0.8333333333333334,0.14583333333333331,0.026450315057984973,0.42455000000000004,0.49166666666666664,0.14583333333333331,0.026858792270357618,0.18396666666666667,0.37916666666666665,0.12083333333333332,0.021082219996954782,0.5728585243077194,0.7920143724490671,0.16898403956412678,0.029212108222537232,0.5725642422157569,0.7920143724490671,0.16898403956412678,0.028910720430841537,0.23619724892581104,0.4288772778090301,0.13655376666468005,0.023097015359222896,0.24039999999999997,0.5041666666666667,0.18333333333333335,0.034883631946484264,2.0860571447913827,2.3875500346388026,0.2547546034933639,0.04606569451064681,1.0,1.0,0.0,0.0,0.27,0.4642857142857143,0.35714285714285715,0.06752172741769413,0.0,0.0,0.0,0.0,0.0,0.0,0.0,0.0,0.0,0.0,0.0,0.0,0.0,0.0,0.0,0.0,0.0,0.0,0.0,0.0,stable,oscillatory
24,500,240,modular,6,0.08,0.004,0.12,15,5,0.72,0.22,True,static,1.0,False,False,1.0,default,default,0.42183333333333334,0.8166666666666667,0.13749999999999996,0.02499666644441481,0.3974166666666667,0.4875,0.1333333333333333,0.025048425321986034,0.18075,0.3958333333333333,0.12083333333333333,0.019771085790449987,0.5687095505676725,0.8412550713254706,0.15423641462328969,0.02926725661644878,0.5687989690029563,0.8412550713254706,0.15423641462328969,0.028503170813563575,0.24292344243436678,0.4907545227249983,0.12579727286734885,0.023340287095133565,0.24503333333333333,0.49166666666666664,0.18333333333333332,0.036027366141741624,2.0374625353980615,2.382219556560922,0.23343317478019388,0.04370253617148822,1.0,1.0,0.0,0.0,0.2622857142857143,0.5,0.39285714285714285,0.0743823547212479,0.0,0.0,0.0,0.0,0.0,0.0,0.0,0.0,0.0,0.0,0.0,0.0,0.0,0.0,0.0,0.0,0.0,0.0,0.0,0.0,stable,oscillatory
25,500,240,modular,6,0.08,0.004,0.12,15,5,0.72,0.22,True,static,1.0,False,False,1.0,default,default,0.41141666666666665,0.775,0.14999999999999997,0.02498346675525859,0.40373333333333333,0.4875,0.14166666666666666,0.02636719342078123,0.18485,0.38333333333333336,0.14166666666666666,0.021599054763268385,0.5718853222949485,0.8191935909376691,0.16309694281123555,0.029500115865041775,0.5727305678351743,0.8191935909376691,0.16309694281123555,0.029456259344993553,0.2424858176211188,0.4642479280737831,0.1346298514436919,0.024122414465027216,0.23948333333333335,0.5041666666666667,0.20416666666666666,0.035545702193717374,2.0466470485332793,2.3601450615370188,0.2653274549767921,0.044308261481499474,1.0,1.0,0.0,0.0,0.19657142857142856,0.4642857142857143,0.35714285714285715,0.06509396661593084,0.0,0.0,0.0,0.0,0.0,0.0,0.0,0.0,0.0,0.0,0.0,0.0,0.0,0.0,0.0,0.0,0.0,0.0,0.0,0.0,stable,oscillatory
26,500,240,modular,6,0.08,0.004,0.12,15,5,0.72,0.22,True,static,1.0,False,False,1.0,default,default,0.3835666666666666,0.8375,0.16249999999999998,0.025738017708354224,0.40276666666666666,0.4791666666666667,0.13333333333333336,0.025118850822970915,0.2136666666666667,0.4125,0.1166666666666667,0.022192966853888142,0.6087647907754559,0.8495988503058058,0.16352045664102632,0.031095267700353174,0.6088762651438138,0.8495988503058058,0.16352045664102632,0.030627851699372467,0.2719664998954642,0.48881156647876906,0.13819667776207747,0.026228877364175233,0.27435000000000004,0.55,0.23333333333333334,0.03721644275197605,2.082082410563876,2.3673873378994523,0.26367439278856986,0.045845460587670465,1.0,1.0,0.0,0.0,0.27114285714285713,0.5357142857142857,0.39285714285714285,0.07271639065154263,0.0,0.0,0.0,0.0,0.0,0.0,0.0,0.0,0.0,0.0,0.0,0.0,0.0,0.0,0.0,0.0,0.0,0.0,0.0,0.0,stable,runaway
27,500,240,modular,6,0.08,0.004,0.12,15,5,0.72,0.22,True,static,1.0,False,False,1.0,default,default,0.4672833333333334,0.7833333333333333,0.125,0.024717183631365987,0.36351666666666665,0.44166666666666665,0.14166666666666666,0.02346409195155677,0.16920000000000002,0.3958333333333333,0.09999999999999999,0.019342641437450517,0.5202021525559462,0.8341134963111929,0.15468429563976038,0.028164464423660992,0.5203555643781916,0.8341134963111929,0.1562866881245017,0.02846946888046286,0.2006980431604564,0.47455343823962465,0.11568350313841727,0.02093657563374291,0.2000666666666667,0.4875,0.17083333333333334,0.03230920061599241,1.9596789268094212,2.397741354375051,0.2259933947289996,0.04318455626034886,1.0,1.0,0.0,0.0,0.22714285714285715,0.5,0.3214285714285714,0.07055176128494713,0.0,0.0,0.0,0.0,0.0,0.0,0.0,0.0,0.0,0.0,0.0,0.0,0.0,0.0,0.0,0.0,0.0,0.0,0.0,0.0,stable,stable
28,500,240,modular,6,0.08,0.004,0.12,15,5,0.72,0.22,True,static,1.0,False,False,1.0,default,default,0.40131666666666665,0.825,0.15833333333333333,0.026368167888152143,0.44075,0.5291666666666667,0.1333333333333333,0.026303384868787427,0.15793333333333334,0.36666666666666664,0.1125,0.018803988938520463,0.5482694461883653,0.7895415306511709,0.1877381156921083,0.02832995157425925,0.547732781057472,0.7895415306511709,0.1877381156921083,0.028829222009176553,0.21871370202909918,0.43023163989721197,0.14447464769725518,0.022087548088718125,0.22043333333333331,0.4708333333333333,0.22083333333333333,0.03713497901799147,2.0458164141878195,2.360845604284187,0.28626178027514104,0.04531622221739727,1.0,1.0,0.0,0.0,0.201,0.42857142857142855,0.39285714285714285,0.06709740102634225,0.0,0.0,0.0,0.0,0.0,0.0,0.0,0.0,0.0,0.0,0.0,0.0,0.0,0.0,0.0,0.0,0.0,0.0,0.0,0.0,stable,stable
29,500,240,modular,6,0.08,0.004,0.12,15,5,0.72,0.22,True,static,1.0,False,False,1.0,default,default,0.40658333333333335,0.7958333333333333,0.15833333333333333,0.025602327368164535,0.43315,0.5,0.14166666666666666,0.02587968422441734,0.16026666666666664,0.36666666666666664,0.1125,0.019293378253806264,0.5598662317234117,0.8062894785515987,0.1766251305109569,0.029265446700874397,0.5605098268351338,0.8062894785515987,0.18507978153166665,0.03034202508574465,0.23444690695835557,0.4562724320820289,0.14831964185684587,0.02440901833189035,0.2333,0.4875,0.2041666666666667,0.03764599727874281,2.01687140583199,2.3210315717615493,0.27850573154081304,0.04330236070936248,1.0,1.0,0.0,0.0,0.26557142857142857,0.5357142857142857,0.3928571428571429,0.07352203612467739,0.0,0.0,0.0,0.0,0.0,0.0,0.0,0.0,0.0,0.0,0.0,0.0,0.0,0.0,0.0,0.0,0.0,0.0,0.0,0.0,stable,stable
30,500,240,modular,6,0.08,0.004,0.12,15,5,0.72,0.22,True,static,1.0,False,False,1.0,default,default,0.42018333333333335,0.8208333333333333,0.12916666666666665,0.025067846825055484,0.4074666666666667,0.475,0.1375,0.024764423406707186,0.17235,0.3875,0.12083333333333333,0.02081645316143512,0.5534035350897373,0.828156613577473,0.15880424200560556,0.029405529163696303,0.5530991379691729,0.828156613577473,0.15880424200560556,0.029219577256531282,0.2252253384120104,0.4688708639309704,0.12408195354913396,0.022665980649601784,0.2241166666666667,0.4791666666666667,0.1625,0.032011026746003216,2.0202889312500956,2.3962775076071243,0.2639967305970421,0.04413612671956368,1.0,1.0,0.0,0.0,0.23185714285714284,0.5,0.3928571428571429,0.06978406928899039,0.0,0.0,0.0,0.0,0.0,0.0,0.0,0.0,0.0,0.0,0.0,0.0,0.0,0.0,0.0,0.0,0.0,0.0,0.0,0.0,stable,oscillatory
31,500,240,modular,6,0.08,0.004,0.12,15,5,0.72,0.22,True,static,1.0,False,False,1.0,default,default,0.3909666666666667,0.7791666666666667,0.1333333333333333,0.0251425712465708,0.4108166666666667,0.4791666666666667,0.1375,0.025989041494017776,0.19821666666666668,0.3958333333333333,0.10833333333333334,0.020441658173663137,0.5926730258123698,0.8396035587391172,0.159287887796559,0.029570434435220828,0.5920453240862126,0.8396035587391172,0.159287887796559,0.028821377249485837,0.26083999951245035,0.48637622412219367,0.13402130191693884,0.024486038251825392,0.2607166666666667,0.5333333333333333,0.19999999999999998,0.036407420641646364,2.0607962781169795,2.358380205675119,0.23117063646270908,0.04390662045024353,1.0,1.0,0.0,0.0,0.2302857142857143,0.5357142857142857,0.3571428571428571,0.07170745556546732,0.0,0.0,0.0,0.0,0.0,0.0,0.0,0.0,0.0,0.0,0.0,0.0,0.0,0.0,0.0,0.0,0.0,0.0,0.0,0.0,stable,stable
32,500,240,modular,6,0.08,0.004,0.12,15,5,0.72,0.22,True,static,1.0,False,False,1.0,default,default,0.4051666666666667,0.8125,0.1375,0.024189070075368982,0.41658333333333336,0.48333333333333334,0.13333333333333336,0.024385361045785918,0.17825,0.42083333333333334,0.10833333333333332,0.01962654806350034,0.5538439320342671,0.8327434875444532,0.16228527625763128,0.027480179163792404,0.5533143728331147,0.8327434875444532,0.16228527625763128,0.027725606377738236,0.22310172569674122,0.4681495943162501,0.1234489306110606,0.02138855038307674,0.22538333333333332,0.4583333333333333,0.16249999999999998,0.03395348533901441,2.054634806184117,2.42005542477387,0.24898146482443773,0.042351753646807,1.0,1.0,0.0,0.0,0.215,0.5357142857142857,0.3214285714285714,0.06247040115453208,0.0,0.0,0.0,0.0,0.0,0.0,0.0,0.0,0.0,0.0,0.0,0.0,0.0,0.0,0.0,0.0,0.0,0.0,0.0,0.0,stable,runaway
33,500,240,modular,6,0.08,0.004,0.12,15,5,0.72,0.22,True,static,1.0,False,False,1.0,default,default,0.38461666666666666,0.8333333333333334,0.1375,0.02297535515382612,0.40646666666666664,0.4875,0.1333333333333333,0.02443503859442647,0.2089166666666667,0.3875,0.11250000000000002,0.01924639215830102,0.6074390958005692,0.8663067255081544,0.1702282269730242,0.026252305023285422,0.6077661163450538,0.8663067255081544,0.16938761876767872,0.026531906986237176,0.26974927065972654,0.5005662815917669,0.14481805608457993,0.02271126175751176,0.26905,0.5833333333333334,0.22916666666666669,0.037348958783642444,2.0957492970929565,2.4563744970424084,0.2707446589063218,0.04024708461071586,1.0,1.0,0.0,0.0,0.18528571428571428,0.42857142857142855,0.32142857142857145,0.06341328644660504,0.0,0.0,0.0,0.0,0.0,0.0,0.0,0.0,0.0,0.0,0.0,0.0,0.0,0.0,0.0,0.0,0.0,0.0,0.0,0.0,stable,stable
34,500,240,modular,6,0.08,0.004,0.12,15,5,0.72,0.22,True,static,1.0,False,False,1.0,default,default,0.39180000000000004,0.8416666666666667,0.12916666666666665,0.02556818769921369,0.41868333333333335,0.5,0.15000000000000002,0.024732507847859755,0.18951666666666664,0.35833333333333334,0.11249999999999999,0.0200181098563831,0.5829777938492341,0.8228859677540709,0.15549998780731555,0.029304665228608986,0.5817580875881447,0.8228859677540709,0.15549998780731555,0.02891830160093494,0.2479074895882241,0.46380737241523196,0.12863869937736547,0.023960325552578706,0.25098333333333334,0.5,0.25416666666666665,0.039151660245767356,2.0754565506445446,2.392789329807079,0.22244407663764365,0.04501699460620075,1.0,1.0,0.0,0.0,0.23385714285714287,0.5714285714285714,0.4642857142857143,0.06932340653688011,0.0,0.0,0.0,0.0,0.0,0.0,0.0,0.0,0.0,0.0,0.0,0.0,0.0,0.0,0.0,0.0,0.0,0.0,0.0,0.0,stable,stable
35,500,240,modular,6,0.08,0.004,0.12,15,5,0.72,0.22,True,static,1.0,False,False,1.0,default,default,0.38053333333333333,0.8125,0.1291666666666667,0.02383843768184298,0.4208333333333334,0.5,0.14583333333333331,0.02503331114069145,0.19863333333333333,0.38333333333333336,0.11249999999999999,0.021004470423645005,0.5700077487871839,0.810622033914391,0.1265509948636745,0.02786005430885437,0.5696115873963086,0.810622033914391,0.1265509948636745,0.028253108076520286,0.23025250983899315,0.4383095603058002,0.09851267929807392,0.022089902406681513,0.22993333333333335,0.49166666666666664,0.17916666666666664,0.03327446468389837,2.085807798878708,2.4070634478686186,0.21351310315949612,0.04289379582855925,1.0,1.0,0.0,0.0,0.233,0.4642857142857143,0.35714285714285715,0.07151266478386746,0.0,0.0,0.0,0.0,0.0,0.0,0.0,0.0,0.0,0.0,0.0,0.0,0.0,0.0,0.0,0.0,0.0,0.0,0.0,0.0,stable,stable
36,500,240,modular,6,0.08,0.004,0.12,15,5,0.72,0.22,True,static,1.0,False,False,1.0,default,default,0.39835000000000004,0.75,0.1291666666666667,0.026747009178597896,0.41184999999999994,0.49166666666666664,0.14583333333333331,0.024311228544303003,0.18980000000000002,0.3541666666666667,0.11666666666666664,0.02201297597125639,0.5590973656550466,0.7439572634973478,0.17663346825680631,0.031528028595056844,0.5602844548909904,0.7439572634973478,0.17663346825680631,0.03187983771228113,0.22590513250447639,0.38448766490512576,0.13663839285093163,0.024748375219424586,0.22649999999999998,0.4166666666666667,0.21666666666666665,0.035840696917827305,2.0385973247613416,2.2486307553548603,0.2486323363173666,0.047981430434355196,1.0,1.0,0.0,0.0,0.2547142857142857,0.5,0.4285714285714286,0.07554712004397504,0.0,0.0,0.0,0.0,0.0,0.0,0.0,0.0,0.0,0.0,0.0,0.0,0.0,0.0,0.0,0.0,0.0,0.0,0.0,0.0,stable,stable
37,500,240,modular,6,0.08,0.004,0.12,15,5,0.72,0.22,True,static,1.0,False,False,1.0,default,default,0.38288333333333335,0.7833333333333333,0.12083333333333329,0.024398434603701755,0.45263333333333333,0.5125,0.1291666666666666,0.02325603864232542,0.16448333333333334,0.3875,0.1125,0.019214353720302144,0.5747893820807402,0.8023476640488678,0.14979667197647573,0.028899374519864563,0.5751709406469437,0.8023476640488678,0.14979667197647573,0.028847423859781948,0.242317115131487,0.4453593442042957,0.12084172054265901,0.02333359514606327,0.24106666666666665,0.4708333333333333,0.18749999999999997,0.036208132910837715,2.0451838651290677,2.311261353633186,0.21805140405379486,0.042272161320413,1.0,1.0,0.0,0.0,0.25942857142857145,0.5,0.4285714285714286,0.0689785533069992,0.0,0.0,0.0,0.0,0.0,0.0,0.0,0.0,0.0,0.0,0.0,0.0,0.0,0.0,0.0,0.0,0.0,0.0,0.0,0.0,stable,stable
38,500,240,modular,6,0.08,0.004,0.12,15,5,0.72,0.22,True,static,1.0,False,False,1.0,default,default,0.41005,0.8208333333333333,0.15000000000000002,0.02479158123234579,0.40464999999999995,0.49166666666666664,0.14583333333333331,0.025795181505251882,0.18530000000000002,0.4,0.1333333333333333,0.02074029893709346,0.5749034678476109,0.8116708489860749,0.1659185150243473,0.029272521816490257,0.5757310206455343,0.8116708489860749,0.1659185150243473,0.02971744439398672,0.24263752917613185,0.4532709637185047,0.13125377612717776,0.023961400117434504,0.24213333333333334,0.48333333333333334,0.19166666666666665,0.035147372274151274,2.034276638248949,2.3397750993336457,0.25909912958876613,0.043453344298689495,1.0,1.0,0.0,0.0,0.3654285714285714,0.6071428571428571,0.46428571428571425,0.08025927373461687,0.0,0.0,0.0,0.0,0.0,0.0,0.0,0.0,0.0,0.0,0.0,0.0,0.0,0.0,0.0,0.0,0.0,0.0,0.0,0.0,stable,oscillatory
39,500,240,modular,6,0.08,0.004,0.12,15,5,0.72,0.22,True,static,1.0,False,False,1.0,default,default,0.36955,0.7916666666666666,0.15000000000000002,0.023669137194996265,0.42386666666666667,0.49583333333333335,0.1375,0.024391915782807132,0.20658333333333334,0.4125,0.10416666666666669,0.020143409454321394,0.6048423254254525,0.8691917461953376,0.145570244024383,0.02668954986517503,0.604453727806117,0.8691917461953376,0.14356090682318812,0.026294763696841066,0.26391846775280325,0.4972476450467895,0.1198157349881531,0.022102013854132293,0.26026666666666665,0.525,0.15,0.03378257275907538,2.0950084384716656,2.39128321109492,0.23424763803727644,0.04127812156731654,1.0,1.0,0.0,0.0,0.30314285714285716,0.5357142857142857,0.35714285714285715,0.07327833435412057,0.0,0.0,0.0,0.0,0.0,0.0,0.0,0.0,0.0,0.0,0.0,0.0,0.0,0.0,0.0,0.0,0.0,0.0,0.0,0.0,stable,runaway
40,500,240,modular,6,0.08,0.004,0.12,15,5,0.72,0.22,True,static,1.0,False,False,1.0,default,default,0.39113333333333333,0.7708333333333334,0.125,0.02490245414055053,0.41048333333333337,0.4791666666666667,0.15416666666666667,0.026602051925869678,0.19838333333333333,0.36666666666666664,0.125,0.02212867044256287,0.5924286834150659,0.7979879315406248,0.16166701448488796,0.0296699519870219,0.5915118590004281,0.7979879315406248,0.16166701448488796,0.030522199467992873,0.25775504364436813,0.44484268447205033,0.13594884881373231,0.02576327830540291,0.25475,0.4791666666666667,0.24583333333333332,0.03920928532319297,2.0734389543934104,2.3514285940371513,0.2448392054875419,0.0449271878588971,1.0,1.0,0.0,0.0,0.24900000000000003,0.5,0.4285714285714286,0.07562002218395629,0.0,0.0,0.0,0.0,0.0,0.0,0.0,0.0,0.0,0.0,0.0,0.0,0.0,0.0,0.0,0.0,0.0,0.0,0.0,0.0,stable,oscillatory
41,500,240,modular,6,0.08,0.004,0.12,15,5,0.72,0.22,True,static,1.0,False,False,1.0,default,default,0.40501666666666664,0.7875,0.12916666666666665,0.025020264009620503,0.41073333333333334,0.49166666666666664,0.14999999999999997,0.024753024506557218,0.18425,0.4166666666666667,0.10833333333333331,0.021341957892064792,0.5616600350474802,0.8324789383910451,0.14030304842015096,0.0285428612032364,0.5633949993510359,0.8324789383910451,0.14305298912253595,0.028923337438021047,0.22911373627864606,0.46406083514267193,0.11326635932681603,0.022670765470671997,0.22718333333333335,0.525,0.2,0.03528687590466335,2.045298523999065,2.3820641254389496,0.23377815521641332,0.04457420303331799,1.0,1.0,0.0,0.0,0.20357142857142854,0.4642857142857143,0.3214285714285714,0.06054598522223098,0.0,0.0,0.0,0.0,0.0,0.0,0.0,0.0,0.0,0.0,0.0,0.0,0.0,0.0,0.0,0.0,0.0,0.0,0.0,0.0,stable,runaway
42,500,240,modular,6,0.08,0.004,0.12,15,5,0.72,0.22,True,static,1.0,False,False,1.0,default,default,0.40131666666666665,0.7958333333333333,0.14166666666666666,0.023863087487675277,0.4403166666666667,0.5166666666666667,0.14166666666666672,0.02533765862198882,0.15836666666666668,0.37916666666666665,0.11666666666666665,0.01913763017954127,0.5499988633625645,0.7697171774364647,0.15327448759566542,0.026756948769003017,0.5498891079215892,0.7697171774364647,0.15327448759566542,0.026997699280557955,0.2185909317793036,0.4092647150397655,0.11889827880284135,0.020646728492706507,0.21813333333333332,0.45,0.18333333333333332,0.03240908651734709,2.0575969872497115,2.370092472748155,0.25835914398711424,0.04168216641461169,1.0,1.0,0.0,0.0,0.2782857142857143,0.5,0.35714285714285715,0.06605439934984943,0.0,0.0,0.0,0.0,0.0,0.0,0.0,0.0,0.0,0.0,0.0,0.0,0.0,0.0,0.0,0.0,0.0,0.0,0.0,0.0,stable,stable
43,500,240,modular,6,0.08,0.004,0.12,15,5,0.72,0.22,True,static,1.0,False,False,1.0,default,default,0.40254999999999996,0.8208333333333333,0.16250000000000003,0.027027974191361236,0.4215,0.4791666666666667,0.14166666666666666,0.025184872002410055,0.17595000000000002,0.37916666666666665,0.11666666666666665,0.0205548115480969,0.562443402941046,0.821317789965692,0.16172403576692418,0.030184123929547113,0.56270946877489,0.821317789965692,0.16172403576692418,0.0304707689865313,0.23371033748079134,0.46466583754629426,0.12988912494494748,0.02440648133319145,0.2305666666666667,0.475,0.2208333333333333,0.03752570970533254,2.0517783024859804,2.3862075623106516,0.27060068643476787,0.04838189923209337,1.0,1.0,0.0,0.0,0.20071428571428573,0.4642857142857143,0.35714285714285715,0.06534445622379663,0.0,0.0,0.0,0.0,0.0,0.0,0.0,0.0,0.0,0.0,0.0,0.0,0.0,0.0,0.0,0.0,0.0,0.0,0.0,0.0,stable,stable
44,500,240,modular,6,0.08,0.004,0.12,15,5,0.72,0.22,True,static,1.0,False,False,1.0,default,default,0.3730333333333334,0.8375,0.15416666666666667,0.02287390555973237,0.4107833333333333,0.4875,0.14583333333333331,0.023659277015346196,0.2161833333333333,0.43333333333333335,0.09583333333333335,0.0202889474564081,0.6133862131281194,0.8332597174626409,0.16372018224801121,0.027425637372810584,0.6131023312272477,0.8332597174626409,0.16372018224801121,0.028132005462218116,0.2746549271918918,0.47344449641726183,0.14216990646906882,0.024265293948752466,0.27635,0.4666666666666667,0.19583333333333333,0.035198599246119004,2.138059081636886,2.3853047955614315,0.26249397288476795,0.04152518319914477,1.0,1.0,0.0,0.0,0.27485714285714286,0.5,0.3928571428571429,0.06542233282796527,0.0,0.0,0.0,0.0,0.0,0.0,0.0,0.0,0.0,0.0,0.0,0.0,0.0,0.0,0.0,0.0,0.0,0.0,0.0,0.0,stable,runaway
45,500,240,modular,6,0.08,0.004,0.12,15,5,0.72,0.22,True,static,1.0,False,False,1.0,default,default,0.3747833333333333,0.8125,0.15416666666666667,0.023461439995589924,0.4373666666666667,0.525,0.15000000000000002,0.02503018178120167,0.18785,0.37916666666666665,0.125,0.02216922917519286,0.6011358269177304,0.798813076895791,0.1826299783946077,0.02978855654213359,0.5998865090479222,0.798813076895791,0.1826299783946077,0.02965248978633542,0.2640375508635497,0.444305270024772,0.15238096297383857,0.02519816431802642,0.2645166666666667,0.4708333333333333,0.20833333333333334,0.03775141277709573,2.0988985478153825,2.3388126743207036,0.2796006480745319,0.0430886753289596,1.0,1.0,0.0,0.0,0.261,0.5,0.4285714285714286,0.07413735184625568,0.0,0.0,0.0,0.0,0.0,0.0,0.0,0.0,0.0,0.0,0.0,0.0,0.0,0.0,0.0,0.0,0.0,0.0,0.0,0.0,stable,oscillatory
46,500,240,modular,6,0.08,0.004,0.12,15,5,0.72,0.22,True,static,1.0,False,False,1.0,default,default,0.4675666666666667,0.8125,0.15000000000000002,0.025655755256428877,0.3838666666666667,0.45416666666666666,0.12083333333333335,0.023555348531585016,0.14856666666666665,0.3541666666666667,0.09166666666666666,0.017635223591185654,0.4911798555410631,0.7664448740438847,0.16163407307310756,0.027795457534001596,0.4909919289021913,0.7664448740438847,0.16163407307310756,0.028329674590424927,0.17786267452974097,0.4093896778463241,0.11213723389434443,0.019158417904336433,0.17628333333333335,0.42916666666666664,0.2,0.03226548293283224,1.9148491143214381,2.2862873439513813,0.23489185239790955,0.0427228768049141,1.0,1.0,0.0,0.0,0.233,0.5357142857142857,0.39285714285714285,0.06648446189501264,0.0,0.0,0.0,0.0,0.0,0.0,0.0,0.0,0.0,0.0,0.0,0.0,0.0,0.0,0.0,0.0,0.0,0.0,0.0,0.0,stable,stable
47,500,240,modular,6,0.08,0.004,0.12,15,5,0.72,0.22,True,static,1.0,False,False,1.0,default,default,0.40376666666666666,0.8,0.14166666666666666,0.02461043139267033,0.40356666666666663,0.4708333333333333,0.13333333333333336,0.025260883243113694,0.19266666666666665,0.37916666666666665,0.10416666666666666,0.019595917942265426,0.5712246020886017,0.826192437681996,0.1470516764130897,0.027824433621976605,0.5711761089115116,0.826192437681996,0.1470516764130897,0.02783592103418164,0.2380597525100411,0.46433499874934436,0.11817171523565226,0.022474085405019814,0.23739999999999997,0.49166666666666664,0.15833333333333335,0.03387052143416487,2.0442007679685976,2.3977050299901337,0.2460653868723519,0.04264633933583295,1.0,1.0,0.0,0.0,0.175,0.42857142857142855,0.42857142857142855,0.06037721559715474,0.0,0.0,0.0,0.0,0.0,0.0,0.0,0.0,0.0,0.0,0.0,0.0,0.0,0.0,0.0,0.0,0.0,0.0,0.0,0.0,stable,stable
48,500,240,modular,6,0.08,0.004,0.12,15,5,0.72,0.22,True,static,1.0,False,False,1.0,default,default,0.40964999999999996,0.7791666666666667,0.15000000000000002,0.02503890861128824,0.42518333333333336,0.5041666666666667,0.14166666666666666,0.02497848518670062,0.16516666666666666,0.38333333333333336,0.12916666666666665,0.021077897850065072,0.5370107552255096,0.7935788370239825,0.17949128961080146,0.028378084725744882,0.5363978447058418,0.7935788370239825,0.17949128961080146,0.028474307128110235,0.20838778860078966,0.4302207631666579,0.1368788325251502,0.021166591884527942,0.20733333333333331,0.45,0.2,0.032576405913209976,2.050476412074874,2.390501650235229,0.29707754935424324,0.0453832130874401,1.0,1.0,0.0,0.0,0.21728571428571428,0.6071428571428571,0.35714285714285715,0.06922442060547178,0.0,0.0,0.0,0.0,0.0,0.0,0.0,0.0,0.0,0.0,0.0,0.0,0.0,0.0,0.0,0.0,0.0,0.0,0.0,0.0,stable,oscillatory
49,500,240,modular,6,0.08,0.004,0.12,15,5,0.72,0.22,True,static,1.0,False,False,1.0,default,default,0.3922333333333333,0.8166666666666667,0.13333333333333336,0.02393767370113943,0.4202833333333333,0.49166666666666664,0.14166666666666666,0.02582613340526736,0.18748333333333334,0.3458333333333333,0.11249999999999999,0.021345367699391413,0.57316176967621,0.7635767216105093,0.1528673549408599,0.02739174840271609,0.5726438808970049,0.7635767216105093,0.12907701811511274,0.027339712881532467,0.23692081069744464,0.4047561146356282,0.10171682385108802,0.02173222265517838,0.23589999999999997,0.3958333333333333,0.20416666666666666,0.03325108185374492,2.0501021939447357,2.2907307320936057,0.23109182574148246,0.042088173992096724,1.0,1.0,0.0,0.0,0.257,0.5357142857142857,0.3928571428571429,0.0685638388656878,0.0,0.0,0.0,0.0,0.0,0.0,0.0,0.0,0.0,0.0,0.0,0.0,0.0,0.0,0.0,0.0,0.0,0.0,0.0,0.0,stable,stable
50,500,240,modular,6,0.08,0.004,0.12,15,5,0.72,0.22,True,static,1.0,False,False,1.0,default,default,0.37646666666666667,0.7833333333333333,0.15000000000000002,0.026319384491283224,0.45435000000000003,0.5583333333333333,0.17083333333333334,0.026993461142366393,0.16918333333333332,0.3375,0.10833333333333334,0.021124294860026295,0.5939466637200108,0.7763857885509661,0.16523698636275364,0.029950160781721726,0.5935563490151805,0.7763857885509661,0.15225590570321856,0.029758821608435262,0.26235999901755863,0.4300323276068421,0.12986082009168853,0.02540349913233494,0.2626166666666666,0.4875,0.19999999999999998,0.037615381753272746,2.0835592852551756,2.3012272510092755,0.24637630096752638,0.04510612127776998,1.0,1.0,0.0,0.0,0.14542857142857143,0.42857142857142855,0.32142857142857145,0.05893199124275995,0.0,0.0,0.0,0.0,0.0,0.0,0.0,0.0,0.0,0.0,0.0,0.0,0.0,0.0,0.0,0.0,0.0,0.0,0.0,0.0,stable,stable
1,500,240,modular,6,0.08,0.004,0.12,15,7,0.72,0.22,True,static,1.0,False,False,1.0,default,default,0.35879999999999995,0.8333333333333334,0.1166666666666667,0.022965650679027387,0.41541666666666666,0.5,0.15833333333333333,0.0257181572261916,0.22578333333333334,0.44166666666666665,0.12083333333333332,0.020269304926963386,0.6405921047939309,0.9249832156873752,0.13360904762564108,0.027015643619624555,0.6406070337372758,0.9249832156873752,0.1559893428668072,0.027791268450294667,0.2741724356198182,0.6054544019101591,0.18179037196891853,0.03326118402023359,0.27543333333333336,0.6291666666666667,0.22916666666666666,0.0438520999117108,2.141999743753237,2.4910500904153965,0.21809061133898355,0.03966147521066224,1.0,1.0,0.0,0.0,0.26157142857142857,0.5714285714285714,0.4285714285714286,0.07917804787506523,0.0,0.0,0.0,0.0,0.0,0.0,0.0,0.0,0.0,0.0,0.0,0.0,0.0,0.0,0.0,0.0,0.0,0.0,0.0,0.0,stable,runaway
2,500,240,modular,6,0.08,0.004,0.12,15,7,0.72,0.22,True,static,1.0,False,False,1.0,default,default,0.3332166666666667,0.7875,0.125,0.023747520338389484,0.4356666666666667,0.5083333333333333,0.16666666666666663,0.024480150689441798,0.23111666666666666,0.39166666666666666,0.12916666666666665,0.02387211879066363,0.6499117602533644,0.8538141431323581,0.16313792158807372,0.03165891421423379,0.6497079985111466,0.8538141431323581,0.16313792158807372,0.03141450492985341,0.2794408484754581,0.5272575033943341,0.1955860521035679,0.03769154727924398,0.2779,0.5375,0.26249999999999996,0.04687816359694802,2.173709172116752,2.4389746226096256,0.23388034009319725,0.044562596555028144,1.0,1.0,0.0,0.0,0.26542857142857146,0.5714285714285714,0.4285714285714286,0.07951844863595735,0.0,0.0,0.0,0.0,0.0,0.0,0.0,0.0,0.0,0.0,0.0,0.0,0.0,0.0,0.0,0.0,0.0,0.0,0.0,0.0,stable,oscillatory
3,500,240,modular,6,0.08,0.004,0.12,15,7,0.72,0.22,True,static,1.0,False,False,1.0,default,default,0.37633333333333335,0.8,0.12916666666666665,0.024662161750791885,0.4231166666666667,0.49166666666666664,0.14583333333333331,0.025771328814961966,0.20055,0.37916666666666665,0.12083333333333335,0.021069732108195186,0.5968072086545297,0.8078271633515821,0.1634200253111996,0.028375409394399972,0.5970718511478889,0.8078271633515821,0.1634200253111996,0.02860682170394865,0.2191003112589525,0.47575836020588186,0.17887186177540795,0.030754539179945542,0.21625,0.5166666666666667,0.26249999999999996,0.040296212256516396,2.106628160571545,2.3965664148625647,0.24219899781534382,0.04289915723664246,1.0,1.0,0.0,0.0,0.21557142857142855,0.4642857142857143,0.35714285714285715,0.06641996872099504,0.0,0.0,0.0,0.0,0.0,0.0,0.0,0.0,0.0,0.0,0.0,0.0,0.0,0.0,0.0,0.0,0.0,0.0,0.0,0.0,stable,oscillatory
4,500,240,modular,6,0.08,0.004,0.12,15,7,0.72,0.22,True,static,1.0,False,False,1.0,default,default,0.39295,0.7791666666666667,0.15416666666666667,0.025826993845802323,0.4166333333333333,0.4875,0.14166666666666666,0.02455151047627552,0.19041666666666668,0.3875,0.10416666666666666,0.019415951345908,0.5827559107464393,0.8387738806434116,0.16057748299858077,0.02914423234735187,0.5843131885773255,0.8387738806434116,0.16151095271924076,0.029623809282806585,0.2076940921168629,0.5152714266599826,0.16925042916534333,0.030833002620543223,0.20581666666666668,0.5333333333333333,0.22916666666666669,0.03953356169130224,2.0874311058561443,2.42192844358649,0.24581731015146246,0.04607682847446439,1.0,1.0,0.0,0.0,0.24028571428571427,0.4642857142857143,0.3571428571428571,0.06759362365773619,0.0,0.0,0.0,0.0,0.0,0.0,0.0,0.0,0.0,0.0,0.0,0.0,0.0,0.0,0.0,0.0,0.0,0.0,0.0,0.0,stable,stable
5,500,240,modular,6,0.08,0.004,0.12,15,7,0.72,0.22,True,static,1.0,False,False,1.0,default,default,0.35446666666666665,0.7666666666666667,0.125,0.02386696927182465,0.43598333333333333,0.5166666666666667,0.15833333333333338,0.025344673996719705,0.20955000000000001,0.42083333333333334,0.12499999999999997,0.022521107383469796,0.616932754312875,0.8319799752060615,0.1556254304953565,0.029095706299203355,0.6166815741352857,0.8319799752060615,0.1540651133981873,0.028519827307480965,0.2396776312103721,0.5013562587181278,0.17168823123975485,0.03177196519717661,0.24035,0.49583333333333335,0.23749999999999996,0.04305038714498783,2.107090711953418,2.365498675920675,0.20842209541876455,0.042603194104901154,1.0,1.0,0.0,0.0,0.19714285714285712,0.5357142857142857,0.35714285714285715,0.060457439912853794,0.0,0.0,0.0,0.0,0.0,0.0,0.0,0.0,0.0,0.0,0.0,0.0,0.0,0.0,0.0,0.0,0.0,0.0,0.0,0.0,stable,runaway
6,500,240,modular,6,0.08,0.004,0.12,15,7,0.72,0.22,True,static,1.0,False,False,1.0,default,default,0.41718333333333335,0.7958333333333333,0.14166666666666666,0.024747553189939583,0.3729666666666667,0.44166666666666665,0.1333333333333333,0.0247998431894684,0.20984999999999998,0.3541666666666667,0.10416666666666669,0.019755231374667993,0.5713873107889187,0.76491151335293,0.1536953919849281,0.02903773179944783,0.5706735745544395,0.76491151335293,0.1536953919849281,0.029287233800738055,0.19186512233110092,0.4231432458786902,0.15012033918745077,0.028434245228731943,0.19175,0.4083333333333333,0.21666666666666667,0.038558127115650556,2.033384652718896,2.27890037386442,0.22871368443683426,0.042954692443788786,1.0,1.0,0.0,0.0,0.20185714285714287,0.42857142857142855,0.39285714285714285,0.07109651387877106,0.0,0.0,0.0,0.0,0.0,0.0,0.0,0.0,0.0,0.0,0.0,0.0,0.0,0.0,0.0,0.0,0.0,0.0,0.0,0.0,stable,stable
7,500,240,modular,6,0.08,0.004,0.12,15,7,0.72,0.22,True,static,1.0,False,False,1.0,default,default,0.36385,0.8416666666666667,0.1375,0.023503480829679492,0.4383166666666667,0.5166666666666667,0.14583333333333337,0.02424899196072099,0.19783333333333333,0.37083333333333335,0.12499999999999997,0.021003306617980153,0.6168077965196399,0.8100503768326596,0.16568368419697765,0.02818774120598434,0.6171074424897961,0.8100503768326596,0.16568368419697765,0.027992190733882164,0.24828336409232632,0.4927907715151535,0.18472943268240674,0.03228587044553405,0.24659999999999999,0.5375,0.23333333333333334,0.039643844975537426,2.119691943524681,2.341717389303572,0.2667755627620816,0.04244955186776055,1.0,1.0,0.0,0.0,0.22971428571428573,0.5,0.35714285714285715,0.06915466251048281,0.0,0.0,0.0,0.0,0.0,0.0,0.0,0.0,0.0,0.0,0.0,0.0,0.0,0.0,0.0,0.0,0.0,0.0,0.0,0.0,stable,oscillatory
8,500,240,modular,6,0.08,0.004,0.12,15,7,0.72,0.22,True,static,1.0,False,False,1.0,default,default,0.38821666666666665,0.8,0.1166666666666667,0.023198425473390315,0.44356666666666666,0.525,0.15416666666666667,0.025146813361184,0.16821666666666665,0.38333333333333336,0.10833333333333332,0.021075927553069217,0.5853310876546423,0.815127410274338,0.14924600089907586,0.027935203454911392,0.5855065479251972,0.815127410274338,0.14924600089907586,0.027959629837998292,0.21056816223746153,0.4927417245798756,0.15074652635143324,0.02914675274750601,0.21080000000000002,0.55,0.20833333333333331,0.03818666142923614,2.027935708224657,2.2934619219134738,0.22671968523682517,0.040558446412653715,1.0,1.0,0.0,0.0,0.19257142857142856,0.42857142857142855,0.32142857142857145,0.06699009978636959,0.0,0.0,0.0,0.0,0.0,0.0,0.0,0.0,0.0,0.0,0.0,0.0,0.0,0.0,0.0,0.0,0.0,0.0,0.0,0.0,stable,stable
9,500,240,modular,6,0.08,0.004,0.12,15,7,0.72,0.22,True,static,1.0,False,False,1.0,default,default,0.3979666666666667,0.7583333333333333,0.1333333333333333,0.023991410499963894,0.40345,0.49583333333333335,0.16250000000000003,0.02551361836788781,0.19858333333333333,0.4,0.11250000000000002,0.02153824118477025,0.5888925188937134,0.8374898193044038,0.14860230706832567,0.029116997314801486,0.5887818653667335,0.8374898193044038,0.14860230706832567,0.028832158329765656,0.21244667235817388,0.5142538212382977,0.15728552984667324,0.030486135596487295,0.2115166666666667,0.5291666666666667,0.1875,0.03754541324257273,2.0760088660788383,2.422307350203143,0.21636045596586229,0.04292370198281114,1.0,1.0,0.0,0.0,0.21628571428571428,0.5357142857142857,0.35714285714285715,0.06132948819653544,0.0,0.0,0.0,0.0,0.0,0.0,0.0,0.0,0.0,0.0,0.0,0.0,0.0,0.0,0.0,0.0,0.0,0.0,0.0,0.0,stable,stable
10,500,240,modular,6,0.08,0.004,0.12,15,7,0.72,0.22,True,static,1.0,False,False,1.0,default,default,0.40241666666666664,0.7875,0.12083333333333335,0.022127942365555216,0.3876666666666667,0.4708333333333333,0.14999999999999997,0.024320773014030617,0.2099166666666667,0.37916666666666665,0.11249999999999999,0.019876179210300958,0.6047571048577953,0.8379578801281607,0.12749383926356683,0.02652051880396138,0.6049680348027071,0.8379578801281607,0.12367876886975893,0.02629459219359455,0.2329707901258255,0.5221725797954856,0.13721931534794235,0.029369938922838817,0.23315,0.5375,0.25,0.04031345584568783,2.07250864344498,2.4059332363032495,0.19958859169230725,0.038828970023838574,1.0,1.0,0.0,0.0,0.20657142857142854,0.5714285714285714,0.2857142857142857,0.05977577148931544,0.0,0.0,0.0,0.0,0.0,0.0,0.0,0.0,0.0,0.0,0.0,0.0,0.0,0.0,0.0,0.0,0.0,0.0,0.0,0.0,stable,stable
11,500,240,modular,6,0.08,0.004,0.12,15,7,0.72,0.22,True,static,1.0,False,False,1.0,default,default,0.38758333333333334,0.8166666666666667,0.14166666666666666,0.02409889923719431,0.41966666666666663,0.4875,0.1333333333333333,0.024552098801437633,0.19275,0.4166666666666667,0.1375,0.022276825277504075,0.5916661674972291,0.8380281142259913,0.20117622737396185,0.030468705576286476,0.5910139447087952,0.8380281142259913,0.20117622737396185,0.031224464747210013,0.2143941914753611,0.5133183301329897,0.20007920879318652,0.032786783295281716,0.2139666666666667,0.55,0.20833333333333331,0.04148211127167415,2.066573860496651,2.384935241914053,0.2884917379903269,0.04446723217588323,1.0,1.0,0.0,0.0,0.2332857142857143,0.5,0.3571428571428571,0.06624952830020756,0.0,0.0,0.0,0.0,0.0,0.0,0.0,0.0,0.0,0.0,0.0,0.0,0.0,0.0,0.0,0.0,0.0,0.0,0.0,0.0,stable,runaway
12,500,240,modular,6,0.08,0.004,0.12,15,7,0.72,0.22,True,static,1.0,False,False,1.0,default,default,0.38798333333333335,0.7708333333333334,0.12083333333333335,0.023105488765899566,0.3982833333333333,0.48333333333333334,0.14583333333333331,0.024310725799302844,0.2137333333333333,0.37916666666666665,0.13333333333333333,0.020079868304127668,0.6063189152009267,0.838121541717837,0.16993811704566109,0.027388842755711327,0.6066001432492437,0.838121541717837,0.16993811704566109,0.027519965547655244,0.23253856595267758,0.5171469294459448,0.19166125899731157,0.030726029532790453,0.2335,0.525,0.24166666666666664,0.04119533414788082,2.0695227178749183,2.3594430909258963,0.21261053326990997,0.04075348952851398,1.0,1.0,0.0,0.0,0.23714285714285713,0.42857142857142855,0.3571428571428571,0.06782329983125268,0.0,0.0,0.0,0.0,0.0,0.0,0.0,0.0,0.0,0.0,0.0,0.0,0.0,0.0,0.0,0.0,0.0,0.0,0.0,0.0,stable,oscillatory
13,500,240,modular,6,0.08,0.004,0.12,15,7,0.72,0.22,True,static,1.0,False,False,1.0,default,default,0.38095000000000007,0.8291666666666667,0.14166666666666666,0.024713924325277754,0.4459,0.5208333333333334,0.15000000000000002,0.027118484880653312,0.17315,0.3625,0.10416666666666666,0.021653386956009137,0.5863368436492685,0.7810474013621743,0.15184268981716287,0.028274929987938346,0.5859459715025583,0.7810474013621743,0.18416943607968145,0.028720038255204697,0.21102097998432276,0.4513138030915544,0.1894161456359854,0.030227135884770707,0.21205000000000002,0.4791666666666667,0.24166666666666664,0.039205728748062656,2.0990686828361986,2.3370744638631513,0.20945820229476553,0.04368576503413212,1.0,1.0,0.0,0.0,0.23085714285714284,0.4642857142857143,0.4642857142857143,0.07340744554351752,0.0,0.0,0.0,0.0,0.0,0.0,0.0,0.0,0.0,0.0,0.0,0.0,0.0,0.0,0.0,0.0,0.0,0.0,0.0,0.0,stable,stable
14,500,240,modular,6,0.08,0.004,0.12,15,7,0.72,0.22,True,static,1.0,False,False,1.0,default,default,0.38276666666666664,0.7708333333333334,0.15416666666666667,0.023774659712484728,0.41625,0.4875,0.14166666666666666,0.024003038002164082,0.20098333333333332,0.37083333333333335,0.12083333333333332,0.020526195999800406,0.5913545491336187,0.7898081154257334,0.19220994682581655,0.028345723870912738,0.5900845614057946,0.7898081154257334,0.19220994682581655,0.027933637351681972,0.2126672782566513,0.45647220928101256,0.19671648342341805,0.029422087555803406,0.21361666666666668,0.4875,0.2125,0.038421134953448614,2.0651809960517022,2.283691075711306,0.2788072640563479,0.04214258103724408,1.0,1.0,0.0,0.0,0.23471428571428568,0.42857142857142855,0.3571428571428571,0.06385586448065227,0.0,0.0,0.0,0.0,0.0,0.0,0.0,0.0,0.0,0.0,0.0,0.0,0.0,0.0,0.0,0.0,0.0,0.0,0.0,0.0,stable,oscillatory
15,500,240,modular,6,0.08,0.004,0.12,15,7,0.72,0.22,True,static,1.0,False,False,1.0,default,default,0.41446666666666665,0.7791666666666667,0.13749999999999996,0.024410129955500945,0.41783333333333333,0.4875,0.1333333333333333,0.025903667693977235,0.1677,0.3958333333333333,0.1375,0.022224585985395142,0.5413688509782955,0.8216596338821509,0.16927193880588604,0.029226226261737556,0.5411488842934821,0.8216596338821509,0.16927193880588604,0.029072929974996047,0.1653812573987886,0.49450609827250097,0.14867656682814157,0.0260551822003043,0.16495,0.5375,0.1875,0.03375418081100802,2.030500292293104,2.3926221020730143,0.2377023428337408,0.04386604281789049,1.0,1.0,0.0,0.0,0.15971428571428573,0.4642857142857143,0.2857142857142857,0.06028436017436573,0.0,0.0,0.0,0.0,0.0,0.0,0.0,0.0,0.0,0.0,0.0,0.0,0.0,0.0,0.0,0.0,0.0,0.0,0.0,0.0,stable,oscillatory
16,500,240,modular,6,0.08,0.004,0.12,15,7,0.72,0.22,True,static,1.0,False,False,1.0,default,default,0.3693,0.7875,0.1375,0.02475735580926741,0.3935833333333334,0.4625,0.14166666666666666,0.0238951703627881,0.23711666666666664,0.4375,0.1416666666666667,0.022265575073043442,0.6391911204002811,0.9030617946349477,0.1678523838271262,0.03125704301542211,0.6407899519736968,0.9030617946349477,0.1678523838271262,0.031796874456116446,0.27420316797588334,0.5858323341794781,0.20007393997290732,0.03827203589529906,0.2747,0.5916666666666667,0.275,0.0479646165881105,2.168068889864677,2.4893842636827443,0.26721080265836417,0.046787760605201,1.0,1.0,0.0,0.0,0.236,0.5357142857142857,0.3214285714285714,0.06834725260590589,0.0,0.0,0.0,0.0,0.0,0.0,0.0,0.0,0.0,0.0,0.0,0.0,0.0,0.0,0.0,0.0,0.0,0.0,0.0,0.0,stable,runaway
17,500,240,modular,6,0.08,0.004,0.12,15,7,0.72,0.22,True,static,1.0,False,False,1.0,default,default,0.43154999999999993,0.8166666666666667,0.1291666666666667,0.023293424203219053,0.38593333333333335,0.4583333333333333,0.15000000000000002,0.02385816887823167,0.1825166666666667,0.4166666666666667,0.125,0.020448777469570155,0.5336677584054373,0.815969532628492,0.1619617702208595,0.02679653071317087,0.5335000623692301,0.815969532628492,0.1619617702208595,0.026896496212177295,0.1549938532981269,0.477322020139603,0.13912139512853244,0.02303030821386273,0.15671666666666667,0.5041666666666667,0.20833333333333334,0.03390895080129205,2.0360003394645765,2.410962403599925,0.238024776531087,0.04227204273549634,1.0,1.0,0.0,0.0,0.1747142857142857,0.42857142857142855,0.3214285714285714,0.058032538374640154,0.0,0.0,0.0,0.0,0.0,0.0,0.0,0.0,0.0,0.0,0.0,0.0,0.0,0.0,0.0,0.0,0.0,0.0,0.0,0.0,stable,runaway
18,500,240,modular,6,0.08,0.004,0.12,15,7,0.72,0.22,True,static,1.0,False,False,1.0,default,default,0.39935000000000004,0.875,0.14583333333333331,0.02640354037708664,0.4081666666666666,0.4791666666666667,0.13333333333333336,0.026108214969409318,0.1924833333333333,0.38333333333333336,0.11249999999999999,0.018950586329246445,0.5886177019425552,0.8345562280769484,0.14293463016847086,0.028252399233556467,0.5889025471654379,0.8345562280769484,0.178267510495834,0.029288199480627494,0.21499433293460607,0.5167718178173006,0.19733116318985325,0.0315518162844878,0.21183333333333332,0.5083333333333333,0.29583333333333334,0.04137195775992343,2.0636017375440425,2.398344866608576,0.2496729906219335,0.04448179503327772,1.0,1.0,0.0,0.0,0.18357142857142855,0.5357142857142857,0.39285714285714285,0.07242519011549302,0.0,0.0,0.0,0.0,0.0,0.0,0.0,0.0,0.0,0.0,0.0,0.0,0.0,0.0,0.0,0.0,0.0,0.0,0.0,0.0,stable,stable
19,500,240,modular,6,0.08,0.004,0.12,15,7,0.72,0.22,True,static,1.0,False,False,1.0,default,default,0.41866666666666663,0.8166666666666667,0.12083333333333329,0.023097618924902193,0.4042,0.4791666666666667,0.12083333333333335,0.0221954449781431,0.17713333333333336,0.4,0.09166666666666665,0.01882755073467249,0.5493229436578445,0.8038513641136585,0.1498853285949508,0.02778817196618011,0.549246751934671,0.8038513641136585,0.1498853285949508,0.027722049644817344,0.17214573884692283,0.4725956830426184,0.14037015143445247,0.025696201613905654,0.17451666666666665,0.49166666666666664,0.175,0.03405432343248717,2.0487586309225914,2.371830713633926,0.20567253929518636,0.041553238143957304,1.0,1.0,0.0,0.0,0.26557142857142857,0.5,0.4285714285714286,0.07523690475248629,0.0,0.0,0.0,0.0,0.0,0.0,0.0,0.0,0.0,0.0,0.0,0.0,0.0,0.0,0.0,0.0,0.0,0.0,0.0,0.0,stable,stable
20,500,240,modular,6,0.08,0.004,0.12,15,7,0.72,0.22,True,static,1.0,False,False,1.0,default,default,0.39748333333333336,0.7833333333333333,0.10833333333333334,0.021895896368447167,0.4258166666666667,0.49583333333333335,0.13333333333333336,0.02317115663923577,0.17670000000000002,0.3875,0.11666666666666667,0.01913109743033287,0.5708276297898888,0.8062839868836709,0.16547936712901556,0.026007464367511335,0.5706294341811691,0.8062839868836709,0.16547936712901556,0.02580563688460684,0.19504418376742882,0.4821343278055039,0.16514946096207386,0.025749855168835885,0.194,0.49166666666666664,0.1958333333333333,0.03588329849820263,2.03213317768126,2.327445662124418,0.22798610098847805,0.03854879684949288,1.0,1.0,0.0,0.0,0.16542857142857142,0.39285714285714285,0.28571428571428575,0.05723849140184587,0.0,0.0,0.0,0.0,0.0,0.0,0.0,0.0,0.0,0.0,0.0,0.0,0.0,0.0,0.0,0.0,0.0,0.0,0.0,0.0,stable,stable
21,500,240,modular,6,0.08,0.004,0.12,15,7,0.72,0.22,True,static,1.0,False,False,1.0,default,default,0.3664,0.7958333333333333,0.14999999999999997,0.02507623930691717,0.43526666666666664,0.525,0.13749999999999996,0.025473537467558583,0.1983333333333333,0.37083333333333335,0.12916666666666668,0.021170603308466308,0.6001464009038193,0.8095648419097636,0.17470638547247153,0.02909201584106606,0.6005904564708798,0.8095648419097636,0.17470638547247153,0.02958660916365689,0.225739481798279,0.48375270356743794,0.1851274652688176,0.03238379427712609,0.22735,0.475,0.20833333333333334,0.04149755347540918,2.1277000168224296,2.3597625706577294,0.278099855281839,0.04469569275817257,1.0,1.0,0.0,0.0,0.2781428571428572,0.5,0.3214285714285714,0.06451403897207023,0.0,0.0,0.0,0.0,0.0,0.0,0.0,0.0,0.0,0.0,0.0,0.0,0.0,0.0,0.0,0.0,0.0,0.0,0.0,0.0,stable,oscillatory
22,500,240,modular,6,0.08,0.004,0.12,15,7,0.72,0.22,True,static,1.0,False,False,1.0,default,default,0.36425,0.7583333333333333,0.1375,0.022865700902832124,0.40101666666666663,0.4625,0.11666666666666664,0.02273964355237102,0.23473333333333332,0.3875,0.10416666666666666,0.019371686096522994,0.611659144506147,0.8408960560751538,0.1685346164129854,0.026745576005853765,0.6120274525209127,0.8408960560751538,0.1685346164129854,0.02794837057935023,0.23409325067771197,0.510241749417087,0.18086032393060103,0.03064114035673445,0.23326666666666665,0.5583333333333333,0.2,0.039904343957352144,2.140098468304197,2.416191787898444,0.2603264632132536,0.041380964862963984,1.0,1.0,0.0,0.0,0.202,0.4642857142857143,0.4285714285714286,0.0725770526504664,0.0,0.0,0.0,0.0,0.0,0.0,0.0,0.0,0.0,0.0,0.0,0.0,0.0,0.0,0.0,0.0,0.0,0.0,0.0,0.0,stable,stable
23,500,240,modular,6,0.08,0.004,0.12,15,7,0.72,0.22,True,static,1.0,False,False,1.0,default,default,0.3971,0.8333333333333334,0.1333333333333333,0.023361435458179078,0.40758333333333335,0.4791666666666667,0.1375,0.023712543562895615,0.19531666666666667,0.39166666666666666,0.125,0.020366700763746692,0.5690565049425814,0.8052432631298149,0.1401365858079447,0.026741069672659455,0.5700950674912033,0.8052432631298149,0.1401365858079447,0.026937942325324336,0.19001002186329308,0.46953564070986165,0.13363047935446856,0.02645238188094122,0.19078333333333333,0.475,0.19583333333333333,0.036467036104161556,2.085769222391683,2.386302619677145,0.21424735641474846,0.04211562881044601,1.0,1.0,0.0,0.0,0.19999999999999998,0.4642857142857143,0.2857142857142857,0.05523604265480344,0.0,0.0,0.0,0.0,0.0,0.0,0.0,0.0,0.0,0.0,0.0,0.0,0.0,0.0,0.0,0.0,0.0,0.0,0.0,0.0,stable,oscillatory
24,500,240,modular,6,0.08,0.004,0.12,15,7,0.72,0.22,True,static,1.0,False,False,1.0,default,default,0.3982833333333333,0.8166666666666667,0.14166666666666666,0.02226195683721946,0.4262666666666666,0.525,0.16249999999999998,0.0248284335210885,0.17545,0.42083333333333334,0.12083333333333332,0.019461650323991882,0.5819509985888623,0.8690342927853827,0.19871938704860886,0.02703925583012961,0.5809657086127027,0.8690342927853827,0.19871938704860886,0.027059968160749404,0.20917926658412886,0.5608186817039029,0.2021771680410759,0.028595300210730003,0.21205000000000002,0.6,0.2375,0.03864194971501539,2.066006993655896,2.393928937874659,0.27505824269190593,0.03865636306278857,1.0,1.0,0.0,0.0,0.15628571428571428,0.5357142857142857,0.35714285714285715,0.05717213535652215,0.0,0.0,0.0,0.0,0.0,0.0,0.0,0.0,0.0,0.0,0.0,0.0,0.0,0.0,0.0,0.0,0.0,0.0,0.0,0.0,stable,runaway
25,500,240,modular,6,0.08,0.004,0.12,15,7,0.72,0.22,True,static,1.0,False,False,1.0,default,default,0.3933333333333333,0.775,0.13333333333333336,0.02402544946972319,0.4083,0.49166666666666664,0.16249999999999998,0.02410046103754495,0.19836666666666666,0.375,0.12083333333333332,0.020992035526731453,0.5836783391569832,0.8378343307259031,0.16761013094193206,0.0287830170208043,0.5845146019815818,0.8378343307259031,0.16761013094193206,0.029136417340993773,0.20992542329750358,0.5193378174414229,0.165355920161807,0.03037582055904416,0.20938333333333334,0.5625,0.24583333333333335,0.04008075528784911,2.0726525250432286,2.3912382821929854,0.23667962449993296,0.042369349285525874,1.0,1.0,0.0,0.0,0.22214285714285711,0.4642857142857143,0.3571428571428571,0.06542248880023081,0.0,0.0,0.0,0.0,0.0,0.0,0.0,0.0,0.0,0.0,0.0,0.0,0.0,0.0,0.0,0.0,0.0,0.0,0.0,0.0,stable,oscillatory
26,500,240,modular,6,0.08,0.004,0.12,15,7,0.72,0.22,True,static,1.0,False,False,1.0,default,default,0.37060000000000004,0.8375,0.12916666666666665,0.02578384507141374,0.396,0.475,0.12916666666666665,0.024394899284709316,0.2334,0.44583333333333336,0.14166666666666664,0.02301861565487088,0.6290153442994781,0.8715444368947516,0.18427491548105857,0.031406249055781654,0.6296209787054361,0.8715444368947516,0.16268338834803608,0.030086562623403458,0.259399553877167,0.553052882847528,0.1914252230123987,0.03534200188832124,0.2617833333333333,0.55,0.24583333333333332,0.043091959162289716,2.1156174878977927,2.3957594933591975,0.2652312090276123,0.04751612044615467,1.0,1.0,0.0,0.0,0.234,0.6428571428571429,0.3571428571428571,0.07034260183312145,0.0,0.0,0.0,0.0,0.0,0.0,0.0,0.0,0.0,0.0,0.0,0.0,0.0,0.0,0.0,0.0,0.0,0.0,0.0,0.0,stable,runaway
27,500,240,modular,6,0.08,0.004,0.12,15,7,0.72,0.22,True,static,1.0,False,False,1.0,default,default,0.4346333333333333,0.7833333333333333,0.12083333333333329,0.021110923975778774,0.39415,0.4625,0.12083333333333335,0.021229885905382433,0.17121666666666666,0.38333333333333336,0.09999999999999998,0.01863554697644024,0.5324236546960127,0.8202504398764089,0.12465911314414618,0.025180419578816872,0.5324468957448696,0.8202504398764089,0.12113457725616184,0.025146521560866195,0.15857112778153296,0.49660060359681846,0.10913142937585375,0.02236709133452791,0.16058333333333336,0.5,0.19166666666666665,0.03348517499498015,2.004934067791071,2.390328871979614,0.2085092996765836,0.038659639467767966,1.0,1.0,0.0,0.0,0.117,0.5,0.2857142857142857,0.05449002904482729,0.0,0.0,0.0,0.0,0.0,0.0,0.0,0.0,0.0,0.0,0.0,0.0,0.0,0.0,0.0,0.0,0.0,0.0,0.0,0.0,stable,stable
28,500,240,modular,6,0.08,0.004,0.12,15,7,0.72,0.22,True,static,1.0,False,False,1.0,default,default,0.36715,0.825,0.14583333333333331,0.02448587461283659,0.45389999999999997,0.5291666666666667,0.1291666666666667,0.023942895025919946,0.17895000000000003,0.35833333333333334,0.11249999999999999,0.020632909257892944,0.5866799756507578,0.8128787976705251,0.1626084605894773,0.028448612379085435,0.5881188028730427,0.8128787976705251,0.1626084605894773,0.02848050139423384,0.20996983161163216,0.4823407540587221,0.17318299324772854,0.029921832580729644,0.2116666666666667,0.5375,0.20416666666666666,0.0389978631893253,2.1012421603212625,2.373112880911906,0.24520742628104064,0.04413821087040481,1.0,1.0,0.0,0.0,0.20471428571428568,0.39285714285714285,0.32142857142857145,0.06628032613568721,0.0,0.0,0.0,0.0,0.0,0.0,0.0,0.0,0.0,0.0,0.0,0.0,0.0,0.0,0.0,0.0,0.0,0.0,0.0,0.0,stable,stable
29,500,240,modular,6,0.08,0.004,0.12,15,7,0.72,0.22,True,static,1.0,False,False,1.0,default,default,0.3821833333333333,0.7958333333333333,0.14166666666666666,0.024520337364001426,0.40829999999999994,0.4791666666666667,0.12083333333333329,0.023892095392037554,0.20951666666666666,0.37083333333333335,0.12499999999999997,0.02138411274235566,0.6172849761766022,0.8510595953750435,0.16546250361858172,0.030598360374675407,0.6176843991671345,0.8510595953750435,0.18136535287167765,0.0316793572052407,0.2484310247960202,0.5377819172381985,0.2054095430373466,0.0363637430352,0.2508166666666667,0.5666666666666667,0.2791666666666667,0.04730177645242888,2.0891352857528473,2.381919121613263,0.24172401213159334,0.0443411612882031,1.0,1.0,0.0,0.0,0.21499999999999997,0.6071428571428571,0.42857142857142855,0.06921203741004148,0.0,0.0,0.0,0.0,0.0,0.0,0.0,0.0,0.0,0.0,0.0,0.0,0.0,0.0,0.0,0.0,0.0,0.0,0.0,0.0,stable,oscillatory
30,500,240,modular,6,0.08,0.004,0.12,15,7,0.72,0.22,True,static,1.0,False,False,1.0,default,default,0.43979999999999997,0.8208333333333333,0.17499999999999993,0.026832587981366573,0.37368333333333326,0.4583333333333333,0.14583333333333331,0.024818838051412124,0.1865166666666667,0.35833333333333334,0.12499999999999999,0.019987975551982912,0.5442227376028961,0.8062207043048482,0.2170125920905338,0.031219252238799265,0.5447096928474439,0.8062207043048482,0.2170125920905338,0.031239988677710946,0.16986046153101855,0.4796077656500411,0.1989371739026592,0.028544340032920695,0.17043333333333333,0.5083333333333333,0.18333333333333332,0.036505037704100206,2.00280432202215,2.37560901410015,0.3239187906476013,0.04776921300065109,1.0,1.0,0.0,0.0,0.1987142857142857,0.5357142857142857,0.3571428571428571,0.06394656570376647,0.0,0.0,0.0,0.0,0.0,0.0,0.0,0.0,0.0,0.0,0.0,0.0,0.0,0.0,0.0,0.0,0.0,0.0,0.0,0.0,stable,oscillatory
31,500,240,modular,6,0.08,0.004,0.12,15,7,0.72,0.22,True,static,1.0,False,False,1.0,default,default,0.38389999999999996,0.7791666666666667,0.14583333333333331,0.02737772817455824,0.4080833333333333,0.49166666666666664,0.14999999999999997,0.025956828474304108,0.20801666666666668,0.3958333333333333,0.10416666666666669,0.020802570621066146,0.6138664518469591,0.862404788699172,0.18362539780055998,0.03214416257106766,0.6140773750295923,0.862404788699172,0.18362539780055998,0.03168223472875684,0.24467692531676868,0.5506277326012203,0.20403670933520252,0.036128429948267905,0.24201666666666666,0.55,0.26249999999999996,0.044156630935291645,2.0761705315475463,2.3829497574321485,0.26089775116355707,0.047438177580779,1.0,1.0,0.0,0.0,0.1984285714285714,0.5,0.2857142857142857,0.060089898638351416,0.0,0.0,0.0,0.0,0.0,0.0,0.0,0.0,0.0,0.0,0.0,0.0,0.0,0.0,0.0,0.0,0.0,0.0,0.0,0.0,stable,stable
32,500,240,modular,6,0.08,0.004,0.12,15,7,0.72,0.22,True,static,1.0,False,False,1.0,default,default,0.39775,0.8125,0.125,0.02356742690900114,0.4305333333333333,0.5041666666666667,0.1375,0.02511792188856395,0.17171666666666666,0.36666666666666664,0.09999999999999999,0.018640912292887144,0.5489165253112167,0.789691504478075,0.14600814705397647,0.02589438638307348,0.5481740875306056,0.789691504478075,0.14600814705397647,0.02569290348482001,0.17079585851861293,0.45513695930298,0.13195724892326982,0.023511784034991986,0.17328333333333334,0.4708333333333333,0.1916666666666667,0.03543437204498229,2.0547138294232483,2.3811082388375087,0.23983287500400863,0.040699515139323295,1.0,1.0,0.0,0.0,0.22599999999999998,0.5,0.3214285714285714,0.06182199595349109,0.0,0.0,0.0,0.0,0.0,0.0,0.0,0.0,0.0,0.0,0.0,0.0,0.0,0.0,0.0,0.0,0.0,0.0,0.0,0.0,stable,stable
33,500,240,modular,6,0.08,0.004,0.12,15,7,0.72,0.22,True,static,1.0,False,False,1.0,default,default,0.35788333333333333,0.8333333333333334,0.20833333333333331,0.02394450180452011,0.39275,0.4666666666666667,0.14583333333333337,0.023217121316438483,0.24936666666666665,0.4,0.23750000000000002,0.023546974327925872,0.644186339780136,0.8912208696307967,0.32344408799824875,0.031512675007401125,0.6447385034425812,0.8912208696307967,0.32344408799824875,0.03183573522751438,0.27639792695329024,0.5696108827253694,0.32971176131288193,0.036944960028829424,0.27485000000000004,0.575,0.325,0.047374597623621034,2.1614943907365913,2.4924120988788,0.46664661680964903,0.04616698695932258,1.0,1.0,0.0,0.0,0.23385714285714282,0.5357142857142857,0.39285714285714285,0.07185316660398766,0.0,0.0,0.0,0.0,0.0,0.0,0.0,0.0,0.0,0.0,0.0,0.0,0.0,0.0,0.0,0.0,0.0,0.0,0.0,0.0,oscillatory,oscillatory
34,500,240,modular,6,0.08,0.004,0.12,15,7,0.72,0.22,True,static,1.0,False,False,1.0,default,default,0.37520000000000003,0.8416666666666667,0.14166666666666666,0.024425942492904272,0.4186166666666667,0.5208333333333334,0.17500000000000004,0.026763163946821468,0.20618333333333333,0.36666666666666664,0.10833333333333334,0.0197034190490438,0.6081737969142469,0.820614703614752,0.14452959256614428,0.026267033455157587,0.6078144608796346,0.820614703614752,0.14452959256614428,0.026612617559318007,0.2331177455350929,0.49589417824692467,0.16004226914719502,0.029521505782655638,0.23638333333333333,0.5458333333333333,0.21666666666666667,0.04047207885279266,2.1137373850667642,2.3602253212648416,0.23016491903350955,0.040997391960682514,1.0,1.0,0.0,0.0,0.24757142857142855,0.6071428571428571,0.3928571428571429,0.07099310113076668,0.0,0.0,0.0,0.0,0.0,0.0,0.0,0.0,0.0,0.0,0.0,0.0,0.0,0.0,0.0,0.0,0.0,0.0,0.0,0.0,stable,stable
35,500,240,modular,6,0.08,0.004,0.12,15,7,0.72,0.22,True,static,1.0,False,False,1.0,default,default,0.3758833333333334,0.8125,0.125,0.024963534516481346,0.4359333333333334,0.5041666666666667,0.13333333333333336,0.02535669975020847,0.18818333333333334,0.4083333333333333,0.1,0.02111521962945212,0.583942192051497,0.8217009049433285,0.15117378149097682,0.02852554843668143,0.5828537388544134,0.8217009049433285,0.15639440608728367,0.029097812573855245,0.19981318229904452,0.48092602378002375,0.15274036331895338,0.028936145695916425,0.19956666666666667,0.5208333333333334,0.24583333333333335,0.038806228022488,2.0915366152605195,2.4212250303208918,0.2552745597656554,0.04452736967615397,1.0,1.0,0.0,0.0,0.1897142857142857,0.39285714285714285,0.35714285714285715,0.06691694517101336,0.0,0.0,0.0,0.0,0.0,0.0,0.0,0.0,0.0,0.0,0.0,0.0,0.0,0.0,0.0,0.0,0.0,0.0,0.0,0.0,stable,runaway
36,500,240,modular,6,0.08,0.004,0.12,15,7,0.72,0.22,True,static,1.0,False,False,1.0,default,default,0.37861666666666666,0.75,0.125,0.02286531215618978,0.43285,0.5,0.125,0.022533364151852694,0.18853333333333333,0.37916666666666665,0.12083333333333332,0.019941971372515365,0.5802919302822062,0.7794308521002903,0.16252848316281931,0.02735949110400559,0.5796843923531676,0.7794308521002903,0.16252848316281931,0.027047881434849427,0.19884003719204804,0.4371776451611626,0.16798577455424166,0.02725696364171214,0.19576666666666667,0.4666666666666667,0.2375,0.03766255139761216,2.0758495137374076,2.330728393467943,0.23120677441691506,0.0411363652812901,1.0,1.0,0.0,0.0,0.24757142857142855,0.5,0.2857142857142857,0.062427263798008344,0.0,0.0,0.0,0.0,0.0,0.0,0.0,0.0,0.0,0.0,0.0,0.0,0.0,0.0,0.0,0.0,0.0,0.0,0.0,0.0,stable,oscillatory
37,500,240,modular,6,0.08,0.004,0.12,15,7,0.72,0.22,True,static,1.0,False,False,1.0,default,default,0.39635000000000004,0.7833333333333333,0.11666666666666664,0.022071783142988494,0.39808333333333334,0.4708333333333333,0.125,0.022245630032785214,0.20556666666666668,0.38333333333333336,0.10416666666666669,0.019129993901375573,0.5945663706114453,0.7895960228426185,0.14106750244529764,0.026763441879916913,0.5941088996962525,0.7895960228426185,0.1493108915973934,0.027018536185841692,0.21800120871056894,0.4586388860054888,0.15974902101455452,0.028989508495292315,0.21888333333333332,0.49583333333333335,0.20416666666666666,0.03713549140946195,2.0565584348395767,2.3114738362508507,0.19923454239268978,0.03881012891543319,1.0,1.0,0.0,0.0,0.2681428571428571,0.5,0.39285714285714285,0.07007590636631983,0.0,0.0,0.0,0.0,0.0,0.0,0.0,0.0,0.0,0.0,0.0,0.0,0.0,0.0,0.0,0.0,0.0,0.0,0.0,0.0,stable,stable
38,500,240,modular,6,0.08,0.004,0.12,15,7,0.72,0.22,True,static,1.0,False,False,1.0,default,default,0.3992833333333334,0.8208333333333333,0.14583333333333331,0.02517660399833323,0.4180333333333333,0.49583333333333335,0.1375,0.02413087004003148,0.18268333333333334,0.4125,0.10416666666666666,0.01985873023802546,0.570296934243634,0.8131361936249236,0.164243414061922,0.028825428374675197,0.5702491834782467,0.8131361936249236,0.1600858526803211,0.028566557935555455,0.1933935551782577,0.486437652464346,0.15387889542589556,0.02848733768272047,0.19298333333333334,0.5041666666666667,0.17916666666666664,0.03677449674857715,2.0504443797866956,2.33170442612013,0.2689869911497076,0.043924150540789623,1.0,1.0,0.0,0.0,0.25757142857142856,0.42857142857142855,0.2857142857142857,0.06201398788884288,0.0,0.0,0.0,0.0,0.0,0.0,0.0,0.0,0.0,0.0,0.0,0.0,0.0,0.0,0.0,0.0,0.0,0.0,0.0,0.0,stable,runaway
39,500,240,modular,6,0.08,0.004,0.12,15,7,0.72,0.22,True,static,1.0,False,False,1.0,default,default,0.3982833333333334,0.7916666666666666,0.125,0.02329247017099446,0.39381666666666665,0.4583333333333333,0.1333333333333333,0.02438185231319028,0.2079,0.425,0.1416666666666667,0.021809299749316932,0.5827597998759411,0.8405640696900665,0.17776889873616575,0.028720120492484964,0.5817218931983943,0.8405640696900665,0.17776889873616575,0.02913985966794759,0.20315741440647284,0.5126413916395596,0.17706420474418325,0.02976766012484877,0.20131666666666667,0.5708333333333333,0.21250000000000002,0.04046606603068798,2.0497358057286763,2.3802989788754543,0.2460861646266077,0.04179071813722607,1.0,1.0,0.0,0.0,0.254,0.5,0.4285714285714286,0.06619636835713474,0.0,0.0,0.0,0.0,0.0,0.0,0.0,0.0,0.0,0.0,0.0,0.0,0.0,0.0,0.0,0.0,0.0,0.0,0.0,0.0,stable,runaway
40,500,240,modular,6,0.08,0.004,0.12,15,7,0.72,0.22,True,static,1.0,False,False,1.0,default,default,0.38435,0.7708333333333334,0.125,0.025350482134358795,0.39863333333333334,0.48333333333333334,0.15833333333333333,0.02668892820794587,0.21701666666666666,0.425,0.10416666666666669,0.0217326495291199,0.6234302816223896,0.8779830767520119,0.1376639834808716,0.02943570920153616,0.6230046760406617,0.8779830767520119,0.1376639834808716,0.029079195387405703,0.2521392820539945,0.5605484905269987,0.1603324975526786,0.03388039712610871,0.2495,0.5916666666666667,0.2333333333333333,0.0451128215329818,2.094968126557431,2.440068123163619,0.2114307658146859,0.044751665113289325,1.0,1.0,0.0,0.0,0.24871428571428572,0.5,0.3928571428571429,0.06391464333510014,0.0,0.0,0.0,0.0,0.0,0.0,0.0,0.0,0.0,0.0,0.0,0.0,0.0,0.0,0.0,0.0,0.0,0.0,0.0,0.0,stable,runaway
41,500,240,modular,6,0.08,0.004,0.12,15,7,0.72,0.22,True,static,1.0,False,False,1.0,default,default,0.39561666666666667,0.7875,0.14583333333333337,0.025216181973751167,0.40286666666666665,0.4625,0.125,0.024485914318236105,0.20151666666666665,0.44166666666666665,0.10833333333333336,0.021232633426455188,0.5841649022023577,0.8744870707531835,0.15368689040477101,0.028867659827347125,0.5847074879517097,0.8744870707531835,0.15069968844759818,0.02862786786682949,0.20487934385710316,0.5440170379023943,0.15324396298052181,0.029447167953734414,0.20195000000000002,0.5791666666666667,0.23333333333333334,0.04138928001306618,2.0745170619414774,2.474544653913866,0.27379455655356755,0.045105422459432075,1.0,1.0,0.0,0.0,0.20528571428571427,0.5357142857142857,0.39285714285714285,0.06803075534983709,0.0,0.0,0.0,0.0,0.0,0.0,0.0,0.0,0.0,0.0,0.0,0.0,0.0,0.0,0.0,0.0,0.0,0.0,0.0,0.0,stable,runaway
42,500,240,modular,6,0.08,0.004,0.12,15,7,0.72,0.22,True,static,1.0,False,False,1.0,default,default,0.41686666666666666,0.7958333333333333,0.15000000000000002,0.024508252578354997,0.42941666666666667,0.49166666666666664,0.1333333333333333,0.0215446886984034,0.15371666666666667,0.3541666666666667,0.09583333333333334,0.01700507277255819,0.5169242098149975,0.7750610767812087,0.14443237275938392,0.026997827912302732,0.5175451655479214,0.7750610767812087,0.14443237275938392,0.027293750568324615,0.14338833228422873,0.43356081440239974,0.11651601608171631,0.022084616945344564,0.14375,0.49166666666666664,0.17916666666666667,0.03161893332236944,2.025630059200051,2.3649950266667097,0.22671599291150923,0.043384854161125835,1.0,1.0,0.0,0.0,0.17671428571428568,0.4642857142857143,0.28571428571428575,0.05403721317909784,0.0,0.0,0.0,0.0,0.0,0.0,0.0,0.0,0.0,0.0,0.0,0.0,0.0,0.0,0.0,0.0,0.0,0.0,0.0,0.0,stable,stable
43,500,240,modular,6,0.08,0.004,0.12,15,7,0.72,0.22,True,static,1.0,False,False,1.0,default,default,0.3472166666666667,0.8208333333333333,0.1333333333333333,0.02493525505071974,0.42996666666666666,0.5083333333333333,0.15416666666666662,0.025365089745115782,0.22281666666666666,0.4,0.13333333333333333,0.021928475905898144,0.6416513435215265,0.8686691838230666,0.18205755238875754,0.030562542701152804,0.6414926967833683,0.8686691838230666,0.18205755238875754,0.029989719547435782,0.2735268403358234,0.5502822417354284,0.21529658332933094,0.03597462422386294,0.2698666666666667,0.5666666666666667,0.25416666666666665,0.04545796593190975,2.1694823274583577,2.454153169930581,0.24610090371800597,0.045491443026050654,1.0,1.0,0.0,0.0,0.3027142857142857,0.5714285714285714,0.4285714285714286,0.0743802969302259,0.0,0.0,0.0,0.0,0.0,0.0,0.0,0.0,0.0,0.0,0.0,0.0,0.0,0.0,0.0,0.0,0.0,0.0,0.0,0.0,stable,oscillatory
44,500,240,modular,6,0.08,0.004,0.12,15,7,0.72,0.22,True,static,1.0,False,False,1.0,default,default,0.39785000000000004,0.8375,0.13333333333333336,0.024701602512117844,0.4122833333333333,0.475,0.12916666666666665,0.02503376053785501,0.18986666666666668,0.42083333333333334,0.12916666666666668,0.021594983985484532,0.5792600730023335,0.8133208812481166,0.17292073314293072,0.029495288971064983,0.579630618338008,0.8133208812481166,0.15955525872988185,0.02856648635960997,0.20346994994693232,0.48816416072956476,0.1650719644290141,0.02951994102216486,0.20413333333333333,0.49166666666666664,0.21249999999999997,0.04072603589842743,2.072197989122243,2.366086775471285,0.2525107025973292,0.04533593685325309,1.0,1.0,0.0,0.0,0.16814285714285715,0.4642857142857143,0.32142857142857145,0.05783879779708639,0.0,0.0,0.0,0.0,0.0,0.0,0.0,0.0,0.0,0.0,0.0,0.0,0.0,0.0,0.0,0.0,0.0,0.0,0.0,0.0,stable,runaway
45,500,240,modular,6,0.08,0.004,0.12,15,7,0.72,0.22,True,static,1.0,False,False,1.0,default,default,0.36476666666666663,0.8125,0.1333333333333333,0.024158067435583967,0.4299833333333333,0.5208333333333334,0.1416666666666666,0.025242430108406315,0.20525,0.3875,0.12916666666666668,0.021463955574145436,0.6191936041282857,0.834128304236264,0.14741933114232741,0.02946830819190452,0.6192029665106559,0.834128304236264,0.13986983828384092,0.030124209975305107,0.247150250209727,0.5130999122729092,0.15830449385318573,0.034368044407883304,0.24658333333333332,0.5,0.27083333333333337,0.04302849508045673,2.1161123767004915,2.384938626999307,0.20233662717023426,0.042552841200058845,1.0,1.0,0.0,0.0,0.23285714285714285,0.5,0.4642857142857143,0.0776701555375325,0.0,0.0,0.0,0.0,0.0,0.0,0.0,0.0,0.0,0.0,0.0,0.0,0.0,0.0,0.0,0.0,0.0,0.0,0.0,0.0,stable,oscillatory
46,500,240,modular,6,0.08,0.004,0.12,15,7,0.72,0.22,True,static,1.0,False,False,1.0,default,default,0.3695333333333334,0.8125,0.12083333333333329,0.024697705696413715,0.4369333333333333,0.5041666666666667,0.14166666666666666,0.026909539820170345,0.19353333333333333,0.3875,0.10416666666666666,0.020127758610105267,0.5944151111806364,0.8301809168967835,0.134152273356405,0.02696477805648072,0.5948567706284869,0.8301809168967835,0.14115552055210623,0.028191307486577617,0.21697115539693737,0.5018648946493711,0.15245297991338583,0.030398884110528816,0.21518333333333334,0.5625,0.19166666666666668,0.03722800991487756,2.0877689095876004,2.383042837260942,0.2060004054238831,0.04162473255189843,1.0,1.0,0.0,0.0,0.2454285714285714,0.6428571428571429,0.3928571428571429,0.06677345189183363,0.0,0.0,0.0,0.0,0.0,0.0,0.0,0.0,0.0,0.0,0.0,0.0,0.0,0.0,0.0,0.0,0.0,0.0,0.0,0.0,stable,stable
47,500,240,modular,6,0.08,0.004,0.12,15,7,0.72,0.22,True,static,1.0,False,False,1.0,default,default,0.37815,0.8,0.1333333333333333,0.024712395675045348,0.40881666666666666,0.48333333333333334,0.1375,0.02637027472152857,0.21303333333333332,0.3958333333333333,0.11250000000000002,0.021048726538412933,0.6133938881596377,0.8448678481122589,0.16100287211733721,0.029129626228206827,0.6145336215616976,0.8448678481122589,0.16100287211733721,0.029047575699633166,0.2396192776229372,0.5202915299123521,0.18008187452543867,0.03260682501512163,0.23941666666666667,0.5458333333333333,0.23750000000000002,0.04284022318128399,2.110071442785219,2.39974439638568,0.23134228525365463,0.04346668672867316,1.0,1.0,0.0,0.0,0.26185714285714284,0.4642857142857143,0.3214285714285714,0.0679677294375644,0.0,0.0,0.0,0.0,0.0,0.0,0.0,0.0,0.0,0.0,0.0,0.0,0.0,0.0,0.0,0.0,0.0,0.0,0.0,0.0,stable,stable
48,500,240,modular,6,0.08,0.004,0.12,15,7,0.72,0.22,True,static,1.0,False,False,1.0,default,default,0.3806333333333333,0.7791666666666667,0.15000000000000002,0.024101959348659694,0.4333666666666666,0.5125,0.14999999999999997,0.026517792768881297,0.186,0.4166666666666667,0.09583333333333333,0.020742468512691542,0.5788236801658534,0.8215443447765037,0.15036146921394117,0.0276111222600762,0.5782046766550359,0.8215443447765037,0.15036146921394117,0.02738948478013439,0.19805294226208467,0.4881927541900683,0.14821984440785715,0.02765286006454402,0.19731666666666667,0.49583333333333335,0.20416666666666666,0.03756967231395261,2.103263915501615,2.416385512960734,0.2346683201908759,0.0423639544707181,1.0,1.0,0.0,0.0,0.2658571428571429,0.5714285714285714,0.3928571428571429,0.0661521128975963,0.0,0.0,0.0,0.0,0.0,0.0,0.0,0.0,0.0,0.0,0.0,0.0,0.0,0.0,0.0,0.0,0.0,0.0,0.0,0.0,stable,runaway
49,500,240,modular,6,0.08,0.004,0.12,15,7,0.72,0.22,True,static,1.0,False,False,1.0,default,default,0.39273333333333327,0.8166666666666667,0.12083333333333329,0.023302980257659943,0.39488333333333336,0.4708333333333333,0.15416666666666667,0.026858688848614084,0.2123833333333333,0.4,0.13333333333333333,0.022995778598110854,0.5932759708763309,0.8045716475226316,0.1542651808965051,0.028666232056053183,0.5922571589940014,0.8045716475226316,0.1542651808965051,0.02892507272038697,0.21324546404149486,0.470164697028047,0.16061628145622658,0.030036087993935135,0.21259999999999998,0.49166666666666664,0.20833333333333331,0.039603815753311226,2.062448323674197,2.3463119495865787,0.21492413737857574,0.04199900302146914,1.0,1.0,0.0,0.0,0.25357142857142856,0.5357142857142857,0.3928571428571429,0.06406708856140331,0.0,0.0,0.0,0.0,0.0,0.0,0.0,0.0,0.0,0.0,0.0,0.0,0.0,0.0,0.0,0.0,0.0,0.0,0.0,0.0,stable,oscillatory
50,500,240,modular,6,0.08,0.004,0.12,15,7,0.72,0.22,True,static,1.0,False,False,1.0,default,default,0.3991166666666667,0.7833333333333333,0.12083333333333335,0.025570930761315672,0.4205333333333333,0.49166666666666664,0.12916666666666665,0.02471322183231748,0.18035,0.3541666666666667,0.11666666666666665,0.020088063066850865,0.5931614846739436,0.8422073317865874,0.15016306385900025,0.0302522359810197,0.5928557022439704,0.8422073317865874,0.15016306385900025,0.029533925115218955,0.22098660823179458,0.5293818352673421,0.1623643127479844,0.03211463918498146,0.22030000000000002,0.5333333333333333,0.22083333333333333,0.04085025499716413,2.052230247908728,2.4073571390254234,0.22067330533851237,0.044866721184550366,1.0,1.0,0.0,0.0,0.20714285714285713,0.4642857142857143,0.2857142857142857,0.061445180478875906,0.0,0.0,0.0,0.0,0.0,0.0,0.0,0.0,0.0,0.0,0.0,0.0,0.0,0.0,0.0,0.0,0.0,0.0,0.0,0.0,stable,stable
1,500,240,modular,6,0.08,0.004,0.12,15,10,0.72,0.22,True,static,1.0,False,False,1.0,default,default,0.3388,0.8333333333333334,0.3041666666666667,0.055703620468810944,0.4165333333333333,0.49583333333333335,0.14583333333333337,0.02528688724747802,0.24466666666666664,0.4041666666666667,0.2791666666666667,0.05497373110050937,0.6768441969883404,0.895761475297153,0.42882307922709045,0.08318462424104926,0.6779864404743842,0.895761475297153,0.42882307922709045,0.08374656864522562,0.31475551626358084,0.6393753911105009,0.5004967496542622,0.1073126180363781,0.31551666666666667,0.6583333333333333,0.575,0.11079571918124315,2.1887937891009464,2.471007575189675,0.6144329414066503,0.11734319861772538,1.0,1.0,0.0,0.0,0.36342857142857143,0.6071428571428571,0.5714285714285714,0.12355813305848368,0.0,0.0,0.0,0.0,0.0,0.0,0.0,0.0,0.0,0.0,0.0,0.0,0.0,0.0,0.0,0.0,0.0,0.0,0.0,0.0,oscillatory,runaway
2,500,240,modular,6,0.08,0.004,0.12,15,10,0.72,0.22,True,static,1.0,False,False,1.0,default,default,0.32048333333333334,0.7875,0.14166666666666666,0.025589217564348378,0.42406666666666665,0.5,0.14166666666666666,0.025862155964093775,0.25545,0.4125,0.1166666666666667,0.022566697439663903,0.6750679720006817,0.8860043610652721,0.15860119866688194,0.03049023303083955,0.6755663784166912,0.8860043610652721,0.15860119866688194,0.029971091440219328,0.28840901083858433,0.6166549351662487,0.26154103642305215,0.05146055079229391,0.2862166666666666,0.6333333333333333,0.29166666666666663,0.05898992616446378,2.2077351021377742,2.4838156498457726,0.25452495494038896,0.04614308440215211,1.0,1.0,0.0,0.0,0.2898571428571428,0.5357142857142857,0.39285714285714285,0.06387312040447125,0.0,0.0,0.0,0.0,0.0,0.0,0.0,0.0,0.0,0.0,0.0,0.0,0.0,0.0,0.0,0.0,0.0,0.0,0.0,0.0,stable,runaway
3,500,240,modular,6,0.08,0.004,0.12,15,10,0.72,0.22,True,static,1.0,False,False,1.0,default,default,0.39885,0.8,0.13333333333333336,0.02281257572285758,0.393,0.4583333333333333,0.125,0.023034394572754316,0.20815,0.37916666666666665,0.10833333333333331,0.01922909398686156,0.5778130090501649,0.7962791333086964,0.1610062922911607,0.02676210655125228,0.5784717977015194,0.7962791333086964,0.1610062922911607,0.027319117094992892,0.14581264435829064,0.4998945367290974,0.19514738505967455,0.031981540077239676,0.1456,0.5458333333333333,0.22083333333333333,0.03845922805026412,2.0789727419787996,2.36690338772023,0.23544430378158254,0.04026895385648962,1.0,1.0,0.0,0.0,0.27971428571428575,0.4642857142857143,0.35714285714285715,0.06206250963376212,0.0,0.0,0.0,0.0,0.0,0.0,0.0,0.0,0.0,0.0,0.0,0.0,0.0,0.0,0.0,0.0,0.0,0.0,0.0,0.0,stable,stable
4,500,240,modular,6,0.08,0.004,0.12,15,10,0.72,0.22,True,static,1.0,False,False,1.0,default,default,0.36638333333333334,0.7791666666666667,0.12083333333333335,0.02298828808086607,0.39454999999999996,0.475,0.1375,0.024621134778433303,0.23906666666666665,0.4,0.12083333333333332,0.020063537962073278,0.6433154968842054,0.8388546004261723,0.15536702766385924,0.02682965434985974,0.6433604050465205,0.8388546004261723,0.15536702766385924,0.02785316785721658,0.2368750156195632,0.5669176280703562,0.235365639060517,0.04402039803462497,0.23473333333333332,0.5541666666666667,0.36250000000000004,0.05315319578559903,2.1644798464274553,2.399916056256741,0.2298617807715364,0.040380276235788846,1.0,1.0,0.0,0.0,0.331,0.5,0.35714285714285715,0.06360929851163946,0.0,0.0,0.0,0.0,0.0,0.0,0.0,0.0,0.0,0.0,0.0,0.0,0.0,0.0,0.0,0.0,0.0,0.0,0.0,0.0,stable,oscillatory
5,500,240,modular,6,0.08,0.004,0.12,15,10,0.72,0.22,True,static,1.0,False,False,1.0,default,default,0.3485,0.7666666666666667,0.15416666666666662,0.025341555683194437,0.4174833333333334,0.4875,0.15833333333333333,0.02602001900246979,0.23401666666666665,0.4375,0.12916666666666665,0.021833136131424943,0.6382009993937652,0.8394387558109226,0.1806834182593514,0.029383242995168254,0.638830517994227,0.8394387558109226,0.1806834182593514,0.029826431081388344,0.2271692986450178,0.5605200318816072,0.27171840214041637,0.04580925262522422,0.22976666666666667,0.5916666666666667,0.30416666666666664,0.053279149559445654,2.1382017953447607,2.3748915553452554,0.28237334612270626,0.04431366270720575,1.0,1.0,0.0,0.0,0.31042857142857144,0.5714285714285714,0.42857142857142855,0.07420613869760483,0.0,0.0,0.0,0.0,0.0,0.0,0.0,0.0,0.0,0.0,0.0,0.0,0.0,0.0,0.0,0.0,0.0,0.0,0.0,0.0,stable,runaway
6,500,240,modular,6,0.08,0.004,0.12,15,10,0.72,0.22,True,static,1.0,False,False,1.0,default,default,0.40136666666666665,0.7958333333333333,0.11666666666666664,0.02389953509543183,0.38211666666666666,0.45,0.12083333333333335,0.02192107686933083,0.21651666666666666,0.3625,0.1,0.021125741275620235,0.5848435106072232,0.7703066589933626,0.1410567962840309,0.028273853682360454,0.5842302310957106,0.7703066589933626,0.1410567962840309,0.028149033048508198,0.1525522092838241,0.4562546844886894,0.1692657539459813,0.034052063708397695,0.15166666666666664,0.49166666666666664,0.20416666666666666,0.040933550488023336,2.066000603228997,2.301899277578138,0.2179136861852169,0.04383518702595147,1.0,1.0,0.0,0.0,0.231,0.42857142857142855,0.3571428571428571,0.0621980050864551,0.0,0.0,0.0,0.0,0.0,0.0,0.0,0.0,0.0,0.0,0.0,0.0,0.0,0.0,0.0,0.0,0.0,0.0,0.0,0.0,stable,stable
7,500,240,modular,6,0.08,0.004,0.12,15,10,0.72,0.22,True,static,1.0,False,False,1.0,default,default,0.3567833333333333,0.8416666666666667,0.12083333333333329,0.022764500873069894,0.4561833333333333,0.5416666666666666,0.16249999999999998,0.023488229912967996,0.18703333333333333,0.4,0.11666666666666664,0.020586646157157315,0.6174396384622991,0.8561355116432189,0.17190519112581648,0.027516146808727025,0.6172772039761958,0.8561355116432189,0.17190519112581648,0.028352025146970567,0.20179398013491565,0.6010878146906319,0.25591611907251005,0.04133597701894241,0.2020666666666667,0.5958333333333333,0.25,0.04989606976283582,2.1230141349512825,2.3970538614290633,0.2405025659530824,0.040661900629053005,1.0,1.0,0.0,0.0,0.15128571428571427,0.5,0.32142857142857145,0.0559279784679386,0.0,0.0,0.0,0.0,0.0,0.0,0.0,0.0,0.0,0.0,0.0,0.0,0.0,0.0,0.0,0.0,0.0,0.0,0.0,0.0,stable,stable
8,500,240,modular,6,0.08,0.004,0.12,15,10,0.72,0.22,True,static,1.0,False,False,1.0,default,default,0.3876,0.8,0.14583333333333331,0.024972006549556867,0.43060000000000004,0.5041666666666667,0.1375,0.02687731385388056,0.18180000000000002,0.4083333333333333,0.13333333333333336,0.01986087723250019,0.5854586021098612,0.8305284362160446,0.175337589516685,0.027660585370617736,0.5846267753290111,0.8305284362160446,0.175337589516685,0.027964179322190308,0.1558555029897289,0.5603714833869173,0.24321302258713393,0.034884669286005456,0.1555,0.5375,0.25833333333333336,0.04151003894642034,2.03184409919589,2.323639888906063,0.27604982917200127,0.04193507647250046,1.0,1.0,0.0,0.0,0.35828571428571426,0.6071428571428571,0.3571428571428571,0.06607602300628065,0.0,0.0,0.0,0.0,0.0,0.0,0.0,0.0,0.0,0.0,0.0,0.0,0.0,0.0,0.0,0.0,0.0,0.0,0.0,0.0,stable,runaway
9,500,240,modular,6,0.08,0.004,0.12,15,10,0.72,0.22,True,static,1.0,False,False,1.0,default,default,0.3801333333333333,0.7583333333333333,0.12916666666666665,0.0239538676997636,0.38631666666666664,0.48333333333333334,0.1333333333333333,0.02453573923891432,0.23355,0.3875,0.12083333333333335,0.022919430136409975,0.6243998167059933,0.8347048963233867,0.18328713685070075,0.029878729848597924,0.6235216044500816,0.8347048963233867,0.18328713685070075,0.029161855641821603,0.20697170331018874,0.5617892186896071,0.2730540639387327,0.04279479217496244,0.2069,0.5958333333333333,0.27083333333333337,0.04819550463131044,2.131907351095967,2.397111761193133,0.26174496836186645,0.044468427367939836,1.0,1.0,0.0,0.0,0.24128571428571427,0.5,0.42857142857142855,0.07256650714471294,0.0,0.0,0.0,0.0,0.0,0.0,0.0,0.0,0.0,0.0,0.0,0.0,0.0,0.0,0.0,0.0,0.0,0.0,0.0,0.0,stable,oscillatory
10,500,240,modular,6,0.08,0.004,0.12,15,10,0.72,0.22,True,static,1.0,False,False,1.0,default,default,0.3626166666666667,0.7875,0.175,0.027812372346773216,0.3792,0.48333333333333334,0.175,0.029436825009954228,0.2581833333333333,0.39166666666666666,0.17500000000000002,0.02497870759934015,0.6655925784182891,0.845194688222018,0.2578250068115632,0.03381844994167803,0.6653017635294162,0.845194688222018,0.2578250068115632,0.033617655383970775,0.27784899811819574,0.5838850652895301,0.377546958101609,0.05623352557333646,0.2769,0.6208333333333333,0.42916666666666664,0.06157764745966402,2.1636972953365827,2.4098462691618083,0.352118946843089,0.049097298589006105,1.0,1.0,0.0,0.0,0.227,0.5,0.4285714285714286,0.06433791531390162,0.0,0.0,0.0,0.0,0.0,0.0,0.0,0.0,0.0,0.0,0.0,0.0,0.0,0.0,0.0,0.0,0.0,0.0,0.0,0.0,oscillatory,oscillatory
11,500,240,modular,6,0.08,0.004,0.12,15,10,0.72,0.22,True,static,1.0,False,False,1.0,default,default,0.402,0.8166666666666667,0.16250000000000003,0.024617067250182343,0.37733333333333335,0.4583333333333333,0.12916666666666665,0.024073960113690385,0.22066666666666665,0.42083333333333334,0.11250000000000002,0.01972308292331602,0.5894567891891013,0.8532891330504941,0.18509539906655026,0.029417147257774907,0.5900445038189974,0.8532891330504941,0.18509539906655026,0.029470974255705648,0.16111836599235763,0.5839956753302471,0.2423262881883015,0.03728799167663647,0.16016666666666668,0.625,0.2916666666666667,0.0436746175967486,2.060324197162225,2.4178439116232977,0.2613438738430762,0.043204515952253594,1.0,1.0,0.0,0.0,0.17257142857142857,0.4642857142857143,0.28571428571428575,0.054442630355264796,0.0,0.0,0.0,0.0,0.0,0.0,0.0,0.0,0.0,0.0,0.0,0.0,0.0,0.0,0.0,0.0,0.0,0.0,0.0,0.0,stable,runaway
12,500,240,modular,6,0.08,0.004,0.12,15,10,0.72,0.22,True,static,1.0,False,False,1.0,default,default,0.33923333333333333,0.7708333333333334,0.1375,0.024390822499912177,0.4416,0.5083333333333333,0.14583333333333331,0.02515222543721419,0.21916666666666668,0.42916666666666664,0.12083333333333335,0.02284002335083453,0.6465029020152038,0.8750894140470861,0.18667312060322916,0.030072222287016455,0.6462968293912327,0.8750894140470861,0.18667312060322916,0.02961701263959505,0.2429355393036891,0.6133036359767622,0.2911905847963807,0.0482886830731969,0.24159999999999998,0.6583333333333333,0.3333333333333333,0.05663966023124707,2.137433733707221,2.4096098581025642,0.2609617986424957,0.04414367507736022,1.0,1.0,0.0,0.0,0.20928571428571427,0.5714285714285714,0.3214285714285714,0.0654692637028699,0.0,0.0,0.0,0.0,0.0,0.0,0.0,0.0,0.0,0.0,0.0,0.0,0.0,0.0,0.0,0.0,0.0,0.0,0.0,0.0,stable,runaway
13,500,240,modular,6,0.08,0.004,0.12,15,10,0.72,0.22,True,static,1.0,False,False,1.0,default,default,0.38303333333333334,0.8291666666666667,0.1291666666666667,0.023788279093331283,0.43389999999999995,0.5125,0.16666666666666663,0.026710089645841494,0.18306666666666666,0.4083333333333333,0.11249999999999999,0.02142975605191166,0.5879120968720599,0.8480940652726318,0.16205528289870885,0.027759214262662965,0.5883059476061333,0.8480940652726318,0.1480474743480562,0.027237960443871518,0.16019330484432118,0.5835780182814198,0.19704410384277504,0.03483721230188993,0.16235000000000002,0.5666666666666667,0.25,0.04461928145743472,2.1052846804049845,2.431543247348942,0.2410503866794591,0.042263091609803086,1.0,1.0,0.0,0.0,0.2237142857142857,0.5,0.3571428571428571,0.061634869537114646,0.0,0.0,0.0,0.0,0.0,0.0,0.0,0.0,0.0,0.0,0.0,0.0,0.0,0.0,0.0,0.0,0.0,0.0,0.0,0.0,stable,runaway
14,500,240,modular,6,0.08,0.004,0.12,15,10,0.72,0.22,True,static,1.0,False,False,1.0,default,default,0.37810000000000005,0.7708333333333334,0.15000000000000002,0.024036453796496503,0.40023333333333333,0.4583333333333333,0.12916666666666665,0.023415355835196883,0.22166666666666665,0.4,0.10833333333333331,0.01902483756683469,0.6115125418624024,0.848399564018036,0.16613405111848445,0.02738377856236768,0.6104683058729908,0.848399564018036,0.16613405111848445,0.02819109134626834,0.18724562574717185,0.5767707108762636,0.2198217471052973,0.03902713631716331,0.18688333333333332,0.5791666666666667,0.2375,0.045487730335895094,2.08646753840556,2.377205137854292,0.25231560950822796,0.04159233438300097,1.0,1.0,0.0,0.0,0.268,0.5,0.35714285714285715,0.07222753163808529,0.0,0.0,0.0,0.0,0.0,0.0,0.0,0.0,0.0,0.0,0.0,0.0,0.0,0.0,0.0,0.0,0.0,0.0,0.0,0.0,stable,stable
15,500,240,modular,6,0.08,0.004,0.12,15,10,0.72,0.22,True,static,1.0,False,False,1.0,default,default,0.40225,0.7791666666666667,0.14999999999999997,0.024849687008983525,0.38038333333333335,0.45416666666666666,0.1333333333333333,0.02226682260424439,0.21736666666666668,0.45,0.1166666666666667,0.021520248862666784,0.6029233977408825,0.9018268995564157,0.17532906840865292,0.03050315718321512,0.6030530357208767,0.9018268995564157,0.17532906840865292,0.030701360417418614,0.17791349400515122,0.6342855878168947,0.23333295791096567,0.040655814669680594,0.1777,0.6708333333333333,0.2875,0.04702320939942554,2.0834164549217378,2.4830283759817897,0.2800669085136416,0.0465433477703317,1.0,1.0,0.0,0.0,0.23285714285714285,0.5357142857142857,0.39285714285714285,0.06956130756537057,0.0,0.0,0.0,0.0,0.0,0.0,0.0,0.0,0.0,0.0,0.0,0.0,0.0,0.0,0.0,0.0,0.0,0.0,0.0,0.0,stable,runaway
16,500,240,modular,6,0.08,0.004,0.12,15,10,0.72,0.22,True,static,1.0,False,False,1.0,default,default,0.35851666666666665,0.7875,0.1875,0.025413956139622707,0.4018166666666667,0.4708333333333333,0.1375,0.025913150886931698,0.23966666666666667,0.4625,0.18749999999999997,0.024847311502230757,0.6495125445226634,0.929431649448813,0.2600539809798569,0.03229385027234938,0.6497798943985954,0.929431649448813,0.2600539809798569,0.0320099885758271,0.25072576938033203,0.6664109646331263,0.36693533381538707,0.05178094305931694,0.2515833333333333,0.6791666666666667,0.38749999999999996,0.058296952941146264,2.188429730812034,2.5557331638814196,0.38817187837803546,0.0485272107955572,1.0,1.0,0.0,0.0,0.21328571428571427,0.5357142857142857,0.35714285714285715,0.06611693413636054,0.0,0.0,0.0,0.0,0.0,0.0,0.0,0.0,0.0,0.0,0.0,0.0,0.0,0.0,0.0,0.0,0.0,0.0,0.0,0.0,runaway,runaway
17,500,240,modular,6,0.08,0.004,0.12,15,10,0.72,0.22,True,static,1.0,False,False,1.0,default,default,0.38898333333333335,0.8166666666666667,0.14583333333333331,0.025360341962293104,0.38548333333333334,0.4708333333333333,0.15416666666666667,0.02591711682352889,0.22553333333333334,0.425,0.12916666666666668,0.020846502504417056,0.5961904855594233,0.8414859145761517,0.17367385472008912,0.028586472096218955,0.5958200617400207,0.8414859145761517,0.17367385472008912,0.02880781441512364,0.1644126751595714,0.5561093250298544,0.23250660270058265,0.03719485147754675,0.1657,0.575,0.2583333333333333,0.045997089279890546,2.1350856925836315,2.447562660032273,0.27475041350473095,0.04501307643597228,1.0,1.0,0.0,0.0,0.2742857142857143,0.42857142857142855,0.2857142857142857,0.06461818787370652,0.0,0.0,0.0,0.0,0.0,0.0,0.0,0.0,0.0,0.0,0.0,0.0,0.0,0.0,0.0,0.0,0.0,0.0,0.0,0.0,stable,runaway
18,500,240,modular,6,0.08,0.004,0.12,15,10,0.72,0.22,True,static,1.0,False,False,1.0,default,default,0.4057,0.875,0.1333333333333333,0.023015912369971827,0.4054,0.48333333333333334,0.1375,0.023511368408590014,0.1889,0.38333333333333336,0.09583333333333333,0.01797331355092878,0.5725333599245135,0.7993289699528198,0.139716479897033,0.025976193568313457,0.5730234357656265,0.7993289699528198,0.13476644345408112,0.025497782913965733,0.14224336307335592,0.515392916593603,0.14696942393132634,0.028900987617719816,0.14168333333333333,0.5333333333333333,0.1958333333333333,0.035840111761978516,2.050875413470527,2.3419254309966075,0.2122211973049868,0.03973405884544035,1.0,1.0,0.0,0.0,0.19442857142857142,0.4642857142857143,0.3571428571428571,0.067752400364135,0.0,0.0,0.0,0.0,0.0,0.0,0.0,0.0,0.0,0.0,0.0,0.0,0.0,0.0,0.0,0.0,0.0,0.0,0.0,0.0,stable,stable
19,500,240,modular,6,0.08,0.004,0.12,15,10,0.72,0.22,True,static,1.0,False,False,1.0,default,default,0.3954666666666667,0.8166666666666667,0.13333333333333336,0.02246921350549582,0.40445,0.49166666666666664,0.12916666666666665,0.024338247220738345,0.20008333333333334,0.36666666666666664,0.125,0.019398775734566345,0.5820710079737674,0.7665736813796902,0.15575344993534568,0.025508509809442158,0.5822754990423289,0.7665736813796902,0.15575344993534568,0.025991227997325176,0.15048829148993811,0.45178997094055384,0.1799514837591613,0.030390950300845432,0.15093333333333334,0.49583333333333335,0.20416666666666666,0.037220678243268066,2.1051300600517924,2.333562214934041,0.2564833603819914,0.038844889325923844,1.0,1.0,0.0,0.0,0.29914285714285715,0.5,0.35714285714285715,0.06556878301541404,0.0,0.0,0.0,0.0,0.0,0.0,0.0,0.0,0.0,0.0,0.0,0.0,0.0,0.0,0.0,0.0,0.0,0.0,0.0,0.0,stable,oscillatory
20,500,240,modular,6,0.08,0.004,0.12,15,10,0.72,0.22,True,static,1.0,False,False,1.0,default,default,0.35868333333333335,0.7833333333333333,0.16249999999999998,0.026221857930614552,0.43501666666666666,0.5125,0.16666666666666663,0.025879254883657936,0.20629999999999998,0.4083333333333333,0.09583333333333333,0.02007704604212925,0.6281730139218525,0.8499077869461485,0.18789733281029053,0.02958799456382279,0.6289306392738638,0.8499077869461485,0.18789733281029053,0.030198647037996212,0.21679764705880042,0.5858673677160176,0.268463796608273,0.04516093743741365,0.21664999999999998,0.6333333333333333,0.2875,0.053324866515434326,2.11046287893854,2.397295186984258,0.2678972167100626,0.04377191797700768,1.0,1.0,0.0,0.0,0.22614285714285712,0.4642857142857143,0.39285714285714285,0.06224720303527128,0.0,0.0,0.0,0.0,0.0,0.0,0.0,0.0,0.0,0.0,0.0,0.0,0.0,0.0,0.0,0.0,0.0,0.0,0.0,0.0,stable,runaway
21,500,240,modular,6,0.08,0.004,0.12,15,10,0.72,0.22,True,static,1.0,False,False,1.0,default,default,0.39418333333333333,0.7958333333333333,0.13333333333333336,0.023144767827260177,0.4153833333333333,0.4791666666666667,0.125,0.022793279955090076,0.19043333333333334,0.3333333333333333,0.11249999999999999,0.020883433093669676,0.5807316775898582,0.7484162938303114,0.18968508824491048,0.028248600314811207,0.5811844640685886,0.7484162938303114,0.18968508824491048,0.02916950777098003,0.15118660099246353,0.42346388134365914,0.21803082126319645,0.03507228329068104,0.15033333333333332,0.4625,0.24583333333333335,0.041946063250586724,2.071071637605008,2.267115674567965,0.2717750269059842,0.042691759945353805,1.0,1.0,0.0,0.0,0.21457142857142855,0.4642857142857143,0.39285714285714285,0.0642056644458943,0.0,0.0,0.0,0.0,0.0,0.0,0.0,0.0,0.0,0.0,0.0,0.0,0.0,0.0,0.0,0.0,0.0,0.0,0.0,0.0,stable,stable
22,500,240,modular,6,0.08,0.004,0.12,15,10,0.72,0.22,True,static,1.0,False,False,1.0,default,default,0.36135,0.7583333333333333,0.125,0.023063854597375713,0.39515,0.475,0.14166666666666666,0.026977711994245257,0.2435,0.4083333333333333,0.1375,0.023204405711942818,0.6369739317712151,0.8370645748065128,0.17388276861151153,0.028017921324627472,0.637031967674133,0.8370645748065128,0.17388276861151153,0.028609412576791133,0.22384606057553957,0.5565255222451182,0.2665206161902065,0.04370971968538786,0.22306666666666666,0.575,0.3125,0.05305014399394009,2.1616491410330005,2.4111578551474397,0.23723779354615182,0.041827448114539166,1.0,1.0,0.0,0.0,0.2881428571428571,0.6428571428571429,0.39285714285714285,0.06983376763458217,0.0,0.0,0.0,0.0,0.0,0.0,0.0,0.0,0.0,0.0,0.0,0.0,0.0,0.0,0.0,0.0,0.0,0.0,0.0,0.0,stable,runaway
23,500,240,modular,6,0.08,0.004,0.12,15,10,0.72,0.22,True,static,1.0,False,False,1.0,default,default,0.3915166666666666,0.8333333333333334,0.19999999999999996,0.026021727032958006,0.3846333333333333,0.45416666666666666,0.11250000000000004,0.02401629076735669,0.22385,0.42083333333333334,0.12083333333333335,0.02207304162698622,0.5831482740275723,0.8086230656619775,0.22382687996822198,0.031299483123044945,0.582267155328334,0.8086230656619775,0.22382687996822198,0.031426650257604334,0.1500170575489239,0.5155572222215025,0.22997425554999973,0.036751722770681096,0.15156666666666666,0.475,0.26666666666666666,0.04288117950284898,2.110595633950608,2.3792233895454,0.3535128443538844,0.04843968760057097,1.0,1.0,0.0,0.0,0.27228571428571424,0.5357142857142857,0.39285714285714285,0.07066217416088226,0.0,0.0,0.0,0.0,0.0,0.0,0.0,0.0,0.0,0.0,0.0,0.0,0.0,0.0,0.0,0.0,0.0,0.0,0.0,0.0,stable,runaway
24,500,240,modular,6,0.08,0.004,0.12,15,10,0.72,0.22,True,static,1.0,False,False,1.0,default,default,0.39239999999999997,0.8166666666666667,0.1375,0.024086441552596902,0.42410000000000003,0.5125,0.14999999999999997,0.023650135071260986,0.1835,0.43333333333333335,0.10416666666666666,0.01955689704994691,0.6001470375842655,0.886551860292317,0.17048003362994946,0.028766207844065382,0.6003759556919183,0.886551860292317,0.17048003362994946,0.02886715536370604,0.17899864102201127,0.6377984980536598,0.2295351829354403,0.039459924421053366,0.17823333333333333,0.6458333333333334,0.25,0.04652616945810652,2.0711329845364572,2.4290913771126723,0.23693790541214654,0.04308164850814102,1.0,1.0,0.0,0.0,0.21157142857142855,0.5,0.39285714285714285,0.0663769384589533,0.0,0.0,0.0,0.0,0.0,0.0,0.0,0.0,0.0,0.0,0.0,0.0,0.0,0.0,0.0,0.0,0.0,0.0,0.0,0.0,stable,runaway
25,500,240,modular,6,0.08,0.004,0.12,15,10,0.72,0.22,True,static,1.0,False,False,1.0,default,default,0.3841333333333333,0.775,0.14166666666666672,0.025233333333333333,0.3890333333333333,0.4625,0.13333333333333336,0.02461952702858264,0.2268333333333333,0.3625,0.11666666666666664,0.021434007247051745,0.6222059927854087,0.8074044707483465,0.1742536939061996,0.03077747098007894,0.621926323850661,0.8074044707483465,0.1742536939061996,0.031074725190449924,0.20683517781989758,0.5270493336005726,0.25936084162925677,0.04645975284041415,0.20688333333333334,0.5666666666666667,0.3125,0.054825939217774566,2.102410650838384,2.3447399015149686,0.24802992124988976,0.045648697016881234,1.0,1.0,0.0,0.0,0.32857142857142857,0.5357142857142857,0.42857142857142855,0.07824607964359516,0.0,0.0,0.0,0.0,0.0,0.0,0.0,0.0,0.0,0.0,0.0,0.0,0.0,0.0,0.0,0.0,0.0,0.0,0.0,0.0,stable,stable
26,500,240,modular,6,0.08,0.004,0.12,15,10,0.72,0.22,True,static,1.0,False,False,1.0,default,default,0.35198333333333337,0.8375,0.15416666666666662,0.024721161650159834,0.3981666666666666,0.4625,0.1166666666666667,0.025333333333333333,0.24985,0.4041666666666667,0.12499999999999997,0.023635948374363055,0.6631394955202329,0.8449897846408015,0.15528234797394924,0.03125724111345375,0.6621611726699828,0.8449897846408015,0.152790983239513,0.03034391498777201,0.2696428194850958,0.5786911864468436,0.2497858519813588,0.0512011289400189,0.2725666666666667,0.5791666666666667,0.3125,0.058368284767214694,2.1504042052920784,2.3771172189137393,0.26344702448403545,0.046287083817412394,1.0,1.0,0.0,0.0,0.2282857142857143,0.5714285714285714,0.35714285714285715,0.06606984554088136,0.0,0.0,0.0,0.0,0.0,0.0,0.0,0.0,0.0,0.0,0.0,0.0,0.0,0.0,0.0,0.0,0.0,0.0,0.0,0.0,stable,runaway
27,500,240,modular,6,0.08,0.004,0.12,15,10,0.72,0.22,True,static,1.0,False,False,1.0,default,default,0.34026666666666666,0.7833333333333333,0.125,0.026548927578257383,0.43288333333333334,0.5083333333333333,0.15416666666666667,0.026889800833938673,0.22685000000000002,0.39166666666666666,0.11666666666666664,0.022329160057845635,0.648127807970801,0.8503301092943453,0.1605524556963841,0.030500991155489147,0.6486961236152347,0.8503301092943453,0.1605524556963841,0.029980021255804203,0.24678612477221462,0.5841094579890334,0.25657261939510184,0.04834151005953033,0.24943333333333334,0.625,0.30000000000000004,0.05310980240135629,2.1770914097738996,2.428225447111211,0.22643878559812958,0.04675202657673853,1.0,1.0,0.0,0.0,0.21828571428571428,0.5,0.3571428571428571,0.06156397038024425,0.0,0.0,0.0,0.0,0.0,0.0,0.0,0.0,0.0,0.0,0.0,0.0,0.0,0.0,0.0,0.0,0.0,0.0,0.0,0.0,stable,stable
28,500,240,modular,6,0.08,0.004,0.12,15,10,0.72,0.22,True,static,1.0,False,False,1.0,default,default,0.3927,0.825,0.11249999999999999,0.022853130104113866,0.3905666666666667,0.45,0.125,0.024975788275848274,0.21673333333333336,0.37916666666666665,0.12916666666666668,0.021682583896861656,0.5974054323840257,0.7985587666054506,0.13194411963517483,0.027445284309853348,0.5983396212798967,0.7985587666054506,0.13194411963517483,0.026945602586742726,0.17027285710970075,0.5042454006923627,0.17062344041464217,0.034978640635373176,0.17393333333333333,0.525,0.24583333333333335,0.043321806159126015,2.093746363049039,2.3774250901113874,0.18797360091671989,0.0411590481548997,1.0,1.0,0.0,0.0,0.3017142857142857,0.5,0.39285714285714285,0.06805699892032278,0.0,0.0,0.0,0.0,0.0,0.0,0.0,0.0,0.0,0.0,0.0,0.0,0.0,0.0,0.0,0.0,0.0,0.0,0.0,0.0,stable,oscillatory
29,500,240,modular,6,0.08,0.004,0.12,15,10,0.72,0.22,True,static,1.0,False,False,1.0,default,default,0.3834666666666667,0.7958333333333333,0.1375,0.022406819398467857,0.39935000000000004,0.4666666666666667,0.125,0.023361465184263498,0.21718333333333334,0.39166666666666666,0.11250000000000002,0.020407576207542792,0.6162218432321251,0.8660626179236963,0.1788519344701498,0.028323284178403192,0.6164252982395643,0.8660626179236963,0.1788519344701498,0.028524092582947948,0.1999116254848553,0.6108741738362095,0.24680918388827633,0.04146329291563751,0.1985,0.625,0.26666666666666666,0.049088638649329476,2.094672539853324,2.3941109942529164,0.2512644749013617,0.03927748928343387,1.0,1.0,0.0,0.0,0.23185714285714287,0.4642857142857143,0.35714285714285715,0.06656606354837674,0.0,0.0,0.0,0.0,0.0,0.0,0.0,0.0,0.0,0.0,0.0,0.0,0.0,0.0,0.0,0.0,0.0,0.0,0.0,0.0,stable,stable
30,500,240,modular,6,0.08,0.004,0.12,15,10,0.72,0.22,True,static,1.0,False,False,1.0,default,default,0.3632666666666666,0.8208333333333333,0.1375,0.024627130477494846,0.40151666666666663,0.4875,0.15833333333333338,0.024386750728850926,0.23521666666666663,0.39166666666666666,0.14166666666666664,0.0231449598545054,0.6441568742069473,0.8283340936925155,0.1628505341617934,0.031100092351607062,0.6438294091030325,0.8283340936925155,0.1628505341617934,0.030551957068216392,0.2387868495362553,0.5542855842747118,0.25123995944379324,0.048298460235214634,0.23726666666666665,0.5791666666666667,0.2875,0.05294337646118834,2.1463066031710185,2.4043629427816025,0.24994356890551028,0.04607069323204218,1.0,1.0,0.0,0.0,0.2581428571428571,0.42857142857142855,0.3571428571428571,0.06631726465888604,0.0,0.0,0.0,0.0,0.0,0.0,0.0,0.0,0.0,0.0,0.0,0.0,0.0,0.0,0.0,0.0,0.0,0.0,0.0,0.0,stable,oscillatory
31,500,240,modular,6,0.08,0.004,0.12,15,10,0.72,0.22,True,static,1.0,False,False,1.0,default,default,0.3459,0.7791666666666667,0.1166666666666667,0.0241723211775599,0.4095,0.475,0.1333333333333333,0.024546441244664728,0.24459999999999998,0.4083333333333333,0.12499999999999997,0.02115763586877219,0.6703691719906598,0.8725809253502045,0.14562954565298902,0.029496744411599326,0.6707317495016994,0.8725809253502045,0.13767986152083633,0.028391661487166483,0.28754695193382224,0.6191941135413377,0.23859901197427022,0.04991153307789131,0.2859666666666667,0.6208333333333333,0.31666666666666665,0.05697961623832392,2.1538412232827393,2.402958187857123,0.19941395479623525,0.04353672974817398,1.0,1.0,0.0,0.0,0.3031428571428571,0.5357142857142857,0.42857142857142855,0.07180131315949988,0.0,0.0,0.0,0.0,0.0,0.0,0.0,0.0,0.0,0.0,0.0,0.0,0.0,0.0,0.0,0.0,0.0,0.0,0.0,0.0,stable,runaway
32,500,240,modular,6,0.08,0.004,0.12,15,10,0.72,0.22,True,static,1.0,False,False,1.0,default,default,0.37426666666666664,0.8125,0.12916666666666665,0.023714529067406943,0.42510000000000003,0.5083333333333333,0.12916666666666665,0.024745729148907922,0.20063333333333333,0.39166666666666666,0.12500000000000003,0.021473860078399194,0.6022139829775374,0.8267775616779052,0.16433539320301904,0.028634890650054447,0.6024606690396814,0.8267775616779052,0.16433539320301904,0.028100632916361532,0.17596924937613703,0.5466466451523306,0.21615469984325367,0.03714032111644105,0.17585,0.5416666666666666,0.2708333333333333,0.04480404557626465,2.1160538852843374,2.4251761003541135,0.24477197769052395,0.042812239470129014,1.0,1.0,0.0,0.0,0.2512857142857143,0.42857142857142855,0.3571428571428571,0.06447100281585227,0.0,0.0,0.0,0.0,0.0,0.0,0.0,0.0,0.0,0.0,0.0,0.0,0.0,0.0,0.0,0.0,0.0,0.0,0.0,0.0,stable,oscillatory
33,500,240,modular,6,0.08,0.004,0.12,15,10,0.72,0.22,True,static,1.0,False,False,1.0,default,default,0.3710833333333334,0.8333333333333334,0.16250000000000003,0.028394664013586153,0.3880166666666667,0.45,0.1166666666666667,0.023887985125023277,0.2409,0.425,0.11666666666666667,0.02303309213573665,0.645792139112714,0.8928008057113075,0.1931386784258643,0.035216289414692147,0.6468161296935551,0.8928008057113075,0.1931386784258643,0.034851077452558527,0.24420677523521833,0.6295857172416653,0.28712175134346346,0.0550089046421799,0.24261666666666667,0.6458333333333334,0.33749999999999997,0.06243107532845055,2.132134742102449,2.477897926413756,0.2877176361475928,0.05205145447573984,1.0,1.0,0.0,0.0,0.27528571428571436,0.5,0.4285714285714286,0.06827629941073615,0.0,0.0,0.0,0.0,0.0,0.0,0.0,0.0,0.0,0.0,0.0,0.0,0.0,0.0,0.0,0.0,0.0,0.0,0.0,0.0,stable,runaway
34,500,240,modular,6,0.08,0.004,0.12,15,10,0.72,0.22,True,static,1.0,False,False,1.0,default,default,0.36051666666666665,0.8416666666666667,0.15000000000000002,0.02581229788729051,0.42895,0.5,0.16666666666666669,0.027103612920297792,0.21053333333333332,0.4083333333333333,0.11249999999999999,0.02090372109351719,0.6225328973658606,0.8589379796597082,0.16152170726581028,0.029042010464174945,0.6231115297264462,0.8589379796597082,0.16152170726581028,0.028523341240236613,0.20650835542770074,0.5932379987834299,0.22599314664286152,0.0420498599294328,0.21231666666666665,0.6416666666666667,0.2958333333333334,0.05033810407854295,2.1320796446869026,2.4259472895558103,0.22608069748936677,0.04394428626225067,1.0,1.0,0.0,0.0,0.24857142857142855,0.6071428571428571,0.3214285714285714,0.06683821465879763,0.0,0.0,0.0,0.0,0.0,0.0,0.0,0.0,0.0,0.0,0.0,0.0,0.0,0.0,0.0,0.0,0.0,0.0,0.0,0.0,stable,runaway
35,500,240,modular,6,0.08,0.004,0.12,15,10,0.72,0.22,True,static,1.0,False,False,1.0,default,default,0.33743333333333336,0.8125,0.1375,0.026881860881353515,0.40428333333333333,0.4791666666666667,0.13333333333333336,0.02518101688000528,0.2582833333333333,0.43333333333333335,0.13333333333333333,0.02498744684836768,0.6518496961837877,0.8542527006372611,0.18046123103141432,0.033689204531597274,0.6517111849925887,0.8542527006372611,0.18046123103141432,0.03366999631294527,0.24343577849742104,0.5684497541174726,0.2737512722960864,0.05323990521292625,0.24501666666666666,0.5916666666666667,0.3125,0.05967120327260043,2.201441243490944,2.4767429499477784,0.28078193243206906,0.050377043825575334,1.0,1.0,0.0,0.0,0.29857142857142854,0.5714285714285714,0.42857142857142855,0.07428571428571429,0.0,0.0,0.0,0.0,0.0,0.0,0.0,0.0,0.0,0.0,0.0,0.0,0.0,0.0,0.0,0.0,0.0,0.0,0.0,0.0,stable,runaway
36,500,240,modular,6,0.08,0.004,0.12,15,10,0.72,0.22,True,static,1.0,False,False,1.0,default,default,0.37303333333333333,0.75,0.1166666666666667,0.02172796457205425,0.41608333333333336,0.4875,0.1375,0.02317820456089442,0.21088333333333334,0.4125,0.10416666666666669,0.02054697193154153,0.5975773260881199,0.829877400155128,0.13858107291486688,0.02612338931926691,0.5972912216614275,0.829877400155128,0.13858107291486688,0.02690598628304532,0.1669498575063119,0.5441998804250378,0.17785002048777132,0.034290238771402595,0.16838333333333333,0.5625,0.25,0.040659975542431295,2.0964412685081872,2.3721925845261156,0.2068263180199692,0.03969673751250228,1.0,1.0,0.0,0.0,0.3311428571428571,0.5357142857142857,0.39285714285714285,0.06879072077908563,0.0,0.0,0.0,0.0,0.0,0.0,0.0,0.0,0.0,0.0,0.0,0.0,0.0,0.0,0.0,0.0,0.0,0.0,0.0,0.0,stable,runaway
37,500,240,modular,6,0.08,0.004,0.12,15,10,0.72,0.22,True,static,1.0,False,False,1.0,default,default,0.3694166666666667,0.7833333333333333,0.12083333333333335,0.0221423739066574,0.41946666666666665,0.4875,0.125,0.02258795155731381,0.21111666666666667,0.37916666666666665,0.09583333333333335,0.02001291943831395,0.6186194974135019,0.8262794320846129,0.1562002210885829,0.027991918987740023,0.6182689766931171,0.8262794320846129,0.1562002210885829,0.02731958244026023,0.1990928832335103,0.5502897598296346,0.22925568316012324,0.03915324233104754,0.19835000000000003,0.6,0.22916666666666669,0.04591643678103373,2.101089110876869,2.358717446315276,0.2074842943934141,0.03973952516214144,1.0,1.0,0.0,0.0,0.29757142857142854,0.4642857142857143,0.35714285714285715,0.06354509888131998,0.0,0.0,0.0,0.0,0.0,0.0,0.0,0.0,0.0,0.0,0.0,0.0,0.0,0.0,0.0,0.0,0.0,0.0,0.0,0.0,stable,stable
38,500,240,modular,6,0.08,0.004,0.12,15,10,0.72,0.22,True,static,1.0,False,False,1.0,default,default,0.37176666666666663,0.8208333333333333,0.12083333333333329,0.02396388486405695,0.43375,0.5083333333333333,0.16249999999999998,0.022345923068375982,0.19448333333333334,0.3958333333333333,0.11249999999999999,0.020552703255560113,0.6023732705516721,0.806964465061173,0.14745232845795675,0.02953350008624622,0.6024855866490147,0.806964465061173,0.14745232845795675,0.02992941857510414,0.17764181079216568,0.5213759310902596,0.19482969298508715,0.03999252642707783,0.17728333333333332,0.5333333333333333,0.2583333333333333,0.04684780618603655,2.0919909941329897,2.33170442612013,0.23907925403822805,0.044212246792107605,1.0,1.0,0.0,0.0,0.228,0.42857142857142855,0.2857142857142857,0.06165804315508469,0.0,0.0,0.0,0.0,0.0,0.0,0.0,0.0,0.0,0.0,0.0,0.0,0.0,0.0,0.0,0.0,0.0,0.0,0.0,0.0,stable,stable
39,500,240,modular,6,0.08,0.004,0.12,15,10,0.72,0.22,True,static,1.0,False,False,1.0,default,default,0.37961666666666666,0.7916666666666666,0.13333333333333336,0.025055610371952846,0.3987166666666667,0.48333333333333334,0.15416666666666667,0.026280120285535648,0.22166666666666668,0.4125,0.13333333333333336,0.021746647251166477,0.615174263293616,0.8291536692621018,0.15247329433076862,0.029140181237838295,0.6149266191638308,0.8291536692621018,0.15247329433076862,0.02925838894490581,0.19275719160582644,0.5488371804444139,0.21138173524598147,0.04113752520220759,0.19033333333333333,0.575,0.2708333333333333,0.047529522988933474,2.0869178660276173,2.366314633265928,0.23302287508069908,0.044360832412418,1.0,1.0,0.0,0.0,0.19028571428571428,0.42857142857142855,0.32142857142857145,0.061324829342425,0.0,0.0,0.0,0.0,0.0,0.0,0.0,0.0,0.0,0.0,0.0,0.0,0.0,0.0,0.0,0.0,0.0,0.0,0.0,0.0,stable,runaway
40,500,240,modular,6,0.08,0.004,0.12,15,10,0.72,0.22,True,static,1.0,False,False,1.0,default,default,0.3604666666666667,0.7708333333333334,0.12916666666666665,0.02249762950475746,0.37560000000000004,0.475,0.14583333333333337,0.025227872592740664,0.26393333333333335,0.4,0.12916666666666665,0.021654509409769082,0.6677065015990348,0.8691282512758992,0.16204270582630242,0.028415184103600576,0.6680955810802451,0.8691282512758992,0.15773108413436554,0.027837145585788255,0.2799514582935035,0.608974388734907,0.2652309542169089,0.04814758322772846,0.2794166666666667,0.6458333333333334,0.3,0.05611749826133656,2.177783313830739,2.416183635092627,0.24394692052917355,0.041634033785145706,1.0,1.0,0.0,0.0,0.333,0.6071428571428571,0.4285714285714285,0.06486862705121949,0.0,0.0,0.0,0.0,0.0,0.0,0.0,0.0,0.0,0.0,0.0,0.0,0.0,0.0,0.0,0.0,0.0,0.0,0.0,0.0,stable,oscillatory
41,500,240,modular,6,0.08,0.004,0.12,15,10,0.72,0.22,True,static,1.0,False,False,1.0,default,default,0.40763333333333335,0.7875,0.11249999999999999,0.02181192334481304,0.37611666666666665,0.44166666666666665,0.12916666666666665,0.023164634203409685,0.21625,0.43333333333333335,0.11249999999999999,0.02092065035105532,0.5868735481401997,0.8543224839447424,0.13126848855014406,0.027222210002754082,0.587739094155582,0.8543224839447424,0.15135483731107413,0.02755695298245837,0.15588222162143522,0.5777169407674255,0.18907636400301803,0.033278113772146144,0.15485,0.5833333333333334,0.22916666666666669,0.042567165880653964,2.058649004524439,2.4165654295810226,0.20974856628251493,0.04066394716853293,1.0,1.0,0.0,0.0,0.214,0.4642857142857143,0.35714285714285715,0.06452273764704491,0.0,0.0,0.0,0.0,0.0,0.0,0.0,0.0,0.0,0.0,0.0,0.0,0.0,0.0,0.0,0.0,0.0,0.0,0.0,0.0,stable,runaway
42,500,240,modular,6,0.08,0.004,0.12,15,10,0.72,0.22,True,static,1.0,False,False,1.0,default,default,0.37065000000000003,0.7958333333333333,0.12083333333333335,0.024034864722361604,0.4279166666666666,0.5125,0.16249999999999998,0.025747842412304937,0.20143333333333333,0.37916666666666665,0.11250000000000002,0.02124986274465477,0.5949722664832332,0.7822877250526449,0.13562103609170206,0.027580496515413225,0.5956739637149376,0.7822877250526449,0.16115257606878464,0.027368015712090372,0.1656433666161567,0.4741291216888258,0.2107690495224217,0.03507499749143838,0.16736666666666666,0.525,0.25416666666666665,0.0428392862270655,2.136064954987218,2.3941925326874256,0.20967296411156955,0.04265119599640977,1.0,1.0,0.0,0.0,0.22414285714285712,0.4642857142857143,0.3928571428571429,0.06467958703943492,0.0,0.0,0.0,0.0,0.0,0.0,0.0,0.0,0.0,0.0,0.0,0.0,0.0,0.0,0.0,0.0,0.0,0.0,0.0,0.0,stable,stable
43,500,240,modular,6,0.08,0.004,0.12,15,10,0.72,0.22,True,static,1.0,False,False,1.0,default,default,0.31925,0.8208333333333333,0.22916666666666663,0.03178148045639158,0.43030000000000007,0.5208333333333334,0.1708333333333334,0.02747158127552504,0.25045,0.4,0.20833333333333337,0.02954761223667471,0.6872529814760371,0.8549644065914802,0.3283856555106796,0.04179951358424236,0.6865972839260951,0.8549644065914802,0.3283856555106796,0.04276017248800952,0.31463904789766295,0.5913045197056869,0.4253838685703942,0.06466865749830382,0.31438333333333335,0.5833333333333334,0.4625,0.06890508971686264,2.231884403072921,2.4270566257760606,0.45918321755697633,0.06113399680280335,1.0,1.0,0.0,0.0,0.33957142857142864,0.5714285714285714,0.46428571428571425,0.08063789052148562,0.0,0.0,0.0,0.0,0.0,0.0,0.0,0.0,0.0,0.0,0.0,0.0,0.0,0.0,0.0,0.0,0.0,0.0,0.0,0.0,oscillatory,oscillatory
44,500,240,modular,6,0.08,0.004,0.12,15,10,0.72,0.22,True,static,1.0,False,False,1.0,default,default,0.36890000000000006,0.8375,0.12083333333333335,0.024275868218825415,0.41336666666666666,0.5,0.1375,0.024434129136653646,0.2177333333333333,0.4375,0.11250000000000002,0.02083269332350263,0.6224106422974152,0.8295985268298047,0.14405480213617217,0.028178211998993456,0.6231810090300337,0.8295985268298047,0.14405480213617217,0.02773930277371066,0.20675828173175337,0.556270891263819,0.21387622003820128,0.04135770447721811,0.20806666666666665,0.5791666666666667,0.24166666666666667,0.05016568105344086,2.1428082686556436,2.4090436894302796,0.23197511498410517,0.0439150983727536,1.0,1.0,0.0,0.0,0.213,0.42857142857142855,0.3214285714285714,0.060384651381364944,0.0,0.0,0.0,0.0,0.0,0.0,0.0,0.0,0.0,0.0,0.0,0.0,0.0,0.0,0.0,0.0,0.0,0.0,0.0,0.0,stable,runaway
45,500,240,modular,6,0.08,0.004,0.12,15,10,0.72,0.22,True,static,1.0,False,False,1.0,default,default,0.3662833333333333,0.8125,0.12916666666666665,0.02389921546829519,0.4063833333333333,0.49166666666666664,0.14583333333333331,0.025421780906231657,0.22733333333333333,0.36666666666666664,0.12499999999999997,0.024266460621835875,0.6336820446949921,0.8373458097172187,0.17213668453462505,0.03129596572364697,0.6334356015245497,0.8373458097172187,0.14905127451257827,0.03028275319415609,0.22313039737288246,0.5681717628148809,0.22002064233125934,0.04666839987658329,0.22245,0.5833333333333334,0.23750000000000002,0.051828619828559325,2.1320833135034847,2.3948602458492467,0.26698540274237237,0.0446994451541788,1.0,1.0,0.0,0.0,0.22057142857142856,0.4642857142857143,0.3928571428571429,0.07607246813508331,0.0,0.0,0.0,0.0,0.0,0.0,0.0,0.0,0.0,0.0,0.0,0.0,0.0,0.0,0.0,0.0,0.0,0.0,0.0,0.0,stable,oscillatory
46,500,240,modular,6,0.08,0.004,0.12,15,10,0.72,0.22,True,static,1.0,False,False,1.0,default,default,0.37128333333333335,0.8125,0.10833333333333334,0.022082679235595988,0.45063333333333333,0.5208333333333334,0.14166666666666672,0.025509018013243866,0.17808333333333334,0.375,0.11666666666666667,0.02065944094112907,0.5900490550517735,0.8340303957693117,0.1409270918950325,0.02581801079488602,0.5902949229990297,0.8340303957693117,0.1409270918950325,0.02635872896299088,0.1599599175937927,0.5561329623097465,0.17475004878055123,0.03311041971298676,0.15786666666666666,0.5458333333333333,0.2,0.03974123243629411,2.0724304703552634,2.401144188620148,0.19239656847153408,0.039000817829296194,1.0,1.0,0.0,0.0,0.31242857142857144,0.5,0.39285714285714285,0.06659058583950873,0.0,0.0,0.0,0.0,0.0,0.0,0.0,0.0,0.0,0.0,0.0,0.0,0.0,0.0,0.0,0.0,0.0,0.0,0.0,0.0,stable,stable
47,500,240,modular,6,0.08,0.004,0.12,15,10,0.72,0.22,True,static,1.0,False,False,1.0,default,default,0.37396666666666667,0.8,0.15833333333333333,0.024526946632451238,0.3894666666666667,0.4583333333333333,0.14166666666666666,0.02453781661934176,0.23656666666666668,0.4375,0.12083333333333332,0.02203131609525152,0.6300857371597179,0.8881375741138928,0.1680049737828675,0.03048862552722709,0.63023523282592,0.8881375741138928,0.1680049737828675,0.03040416444149815,0.21641429517597055,0.6216769266691385,0.2310919520688116,0.044960443254929906,0.21443333333333334,0.6541666666666667,0.29583333333333334,0.05467084333638097,2.1218783865925723,2.4421810975286014,0.26130800576302615,0.04552411674600207,1.0,1.0,0.0,0.0,0.28757142857142853,0.4642857142857143,0.35714285714285715,0.07362078788062014,0.0,0.0,0.0,0.0,0.0,0.0,0.0,0.0,0.0,0.0,0.0,0.0,0.0,0.0,0.0,0.0,0.0,0.0,0.0,0.0,stable,runaway
48,500,240,modular,6,0.08,0.004,0.12,15,10,0.72,0.22,True,static,1.0,False,False,1.0,default,default,0.4134,0.7791666666666667,0.13333333333333336,0.0217727148309785,0.3880333333333333,0.49166666666666664,0.12083333333333335,0.022668970471157755,0.19856666666666667,0.42916666666666664,0.12916666666666668,0.020111522402178644,0.5702626854320919,0.8472900997458302,0.1423793670403975,0.026500432538057964,0.5695075725380732,0.8472900997458302,0.13754856972478036,0.02569272821089433,0.13451653911616251,0.5687540267828181,0.1414723847707161,0.027869190409243082,0.13373333333333332,0.575,0.18333333333333332,0.03474679841366683,2.0655088381376014,2.455292749696097,0.23386455320456667,0.03983704029530822,1.0,1.0,0.0,0.0,0.2094285714285714,0.5357142857142857,0.2857142857142857,0.05370820634289911,0.0,0.0,0.0,0.0,0.0,0.0,0.0,0.0,0.0,0.0,0.0,0.0,0.0,0.0,0.0,0.0,0.0,0.0,0.0,0.0,stable,runaway
49,500,240,modular,6,0.08,0.004,0.12,15,10,0.72,0.22,True,static,1.0,False,False,1.0,default,default,0.3670833333333334,0.8166666666666667,0.125,0.02478869029752614,0.4089833333333333,0.48333333333333334,0.14166666666666666,0.025233514970724506,0.22393333333333335,0.4166666666666667,0.11250000000000002,0.02295468966851388,0.625383348126695,0.8405037054260739,0.1624555205871797,0.030982316876835003,0.6248104095033988,0.8405037054260739,0.1624555205871797,0.031017063537346783,0.2064320850625184,0.5618830682313115,0.22735536257863548,0.045033042480065955,0.20531666666666668,0.5875,0.275,0.05215358994781131,2.1118679763247363,2.3929966943020036,0.22916805371985127,0.04534652070256977,1.0,1.0,0.0,0.0,0.2632857142857143,0.5357142857142857,0.3928571428571429,0.07621144056812854,0.0,0.0,0.0,0.0,0.0,0.0,0.0,0.0,0.0,0.0,0.0,0.0,0.0,0.0,0.0,0.0,0.0,0.0,0.0,0.0,stable,runaway
50,500,240,modular,6,0.08,0.004,0.12,15,10,0.72,0.22,True,static,1.0,False,False,1.0,default,default,0.35588333333333333,0.7833333333333333,0.1333333333333333,0.022510127350446812,0.41651666666666665,0.49166666666666664,0.14583333333333331,0.024800140008565362,0.2276,0.3875,0.13333333333333333,0.021654894237664715,0.6427413339276109,0.8405458059351959,0.14916167772867917,0.028105402774905478,0.6423275724385096,0.8405458059351959,0.14916167772867917,0.027438112930420724,0.2398424678125395,0.5805199376632101,0.2370051496988492,0.04455216629093834,0.2397833333333333,0.575,0.30833333333333335,0.05158994572588732,2.1491923005166553,2.3711059878477556,0.23032303217569527,0.04047461017070041,1.0,1.0,0.0,0.0,0.20114285714285712,0.42857142857142855,0.32142857142857145,0.06268417760846018,0.0,0.0,0.0,0.0,0.0,0.0,0.0,0.0,0.0,0.0,0.0,0.0,0.0,0.0,0.0,0.0,0.0,0.0,0.0,0.0,stable,oscillatory
1,500,240,modular,6,0.08,0.004,0.12,15,15,0.72,0.22,True,static,1.0,False,False,1.0,default,default,0.38335,0.8333333333333334,0.3375,0.1210024666874376,0.41286666666666666,0.5041666666666667,0.14583333333333331,0.028756719021628473,0.20378333333333332,0.42916666666666664,0.3541666666666667,0.13803504084108498,0.6072978612254069,0.9281811433942703,0.4850997195951565,0.1896692391323027,0.624835240205359,0.9281811433942703,0.504930735646442,0.18844232964499597,0.31013320907096137,0.7180196540216693,0.6627256756895293,0.2707690385167643,0.3086,0.7375,0.7166666666666667,0.26973430548514876,2.0907953828038948,2.5197321688832073,0.688691988338757,0.2656173049082113,1.0,1.0,0.0,0.0,0.23828571428571427,0.5714285714285714,0.4285714285714286,0.12026976480616654,0.0,0.0,0.0,0.0,0.0,0.0,0.0,0.0,0.0,0.0,0.0,0.0,0.0,0.0,0.0,0.0,0.0,0.0,0.0,0.0,oscillatory,runaway
2,500,240,modular,6,0.08,0.004,0.12,15,15,0.72,0.22,True,static,1.0,False,False,1.0,default,default,0.33615000000000006,0.7875,0.25833333333333336,0.02877203986125728,0.38295,0.49166666666666664,0.1958333333333333,0.02750111613896587,0.2809,0.4125,0.2708333333333333,0.036265548389621795,0.6868940548318959,0.878656774920897,0.39982966410680976,0.044890570598390606,0.6886866808472498,0.878656774920897,0.39982966410680976,0.04491493134835785,0.2923863711623602,0.6717224378412294,0.5681478877951897,0.08669820513322878,0.29005000000000003,0.6791666666666667,0.5541666666666667,0.09100494644676066,2.2008870088218404,2.4713126037784385,0.5651209966346502,0.0605484116032955,1.0,1.0,0.0,0.0,0.29371428571428565,0.5,0.4285714285714286,0.07861868708636435,0.0,0.0,0.0,0.0,0.0,0.0,0.0,0.0,0.0,0.0,0.0,0.0,0.0,0.0,0.0,0.0,0.0,0.0,0.0,0.0,oscillatory,runaway
3,500,240,modular,6,0.08,0.004,0.12,15,15,0.72,0.22,True,static,1.0,False,False,1.0,default,default,0.42193333333333327,0.8,0.09999999999999998,0.01967192020226913,0.3668666666666667,0.425,0.12916666666666665,0.02046579802716935,0.2112,0.37916666666666665,0.10416666666666669,0.017833457943489877,0.563834447109985,0.7943047250191756,0.1320858684103512,0.024484471571496306,0.5637839521064038,0.7943047250191756,0.1320858684103512,0.024314651741636658,0.06746993124517914,0.551954703458571,0.1338898753951941,0.02313827425851388,0.06843333333333333,0.5666666666666667,0.16249999999999998,0.028714417594263998,2.0506511582272604,2.3608917679509296,0.18926049506262066,0.0352255860328602,1.0,1.0,0.0,0.0,0.20285714285714282,0.4642857142857143,0.3214285714285714,0.05299210568854688,0.0,0.0,0.0,0.0,0.0,0.0,0.0,0.0,0.0,0.0,0.0,0.0,0.0,0.0,0.0,0.0,0.0,0.0,0.0,0.0,stable,stable
4,500,240,modular,6,0.08,0.004,0.12,15,15,0.72,0.22,True,static,1.0,False,False,1.0,default,default,0.38081666666666664,0.7791666666666667,0.12916666666666665,0.02527322364347954,0.3847833333333333,0.4791666666666667,0.15416666666666667,0.02528274005016949,0.23439999999999997,0.3875,0.11666666666666664,0.019556925457068483,0.6337162985029094,0.8279641699624049,0.172165870365245,0.028684046566043928,0.6333151537646413,0.8279641699624049,0.172165870365245,0.029320153749773165,0.16490039460101952,0.6173905130730841,0.3163111932421424,0.054844540366636635,0.16269999999999998,0.5916666666666667,0.35416666666666663,0.06124598853076919,2.1393238145409796,2.4065263578424245,0.24717337706740183,0.04372625889920256,1.0,1.0,0.0,0.0,0.2715714285714286,0.5,0.35714285714285715,0.06917133415937382,0.0,0.0,0.0,0.0,0.0,0.0,0.0,0.0,0.0,0.0,0.0,0.0,0.0,0.0,0.0,0.0,0.0,0.0,0.0,0.0,stable,stable
5,500,240,modular,6,0.08,0.004,0.12,15,15,0.72,0.22,True,static,1.0,False,False,1.0,default,default,0.3680333333333334,0.7666666666666667,0.16666666666666669,0.026027634886362182,0.38975,0.4625,0.15416666666666667,0.02553605838373999,0.24221666666666664,0.4375,0.15416666666666667,0.024456088766967168,0.6401723469990266,0.8550955529713687,0.18765306240816948,0.03273131570255527,0.6400803180710264,0.8550955529713687,0.18765306240816948,0.03227681222318019,0.1768692535105376,0.6452487323944929,0.3654982008516383,0.06263095791376419,0.17696666666666666,0.6916666666666667,0.375,0.0671763351188497,2.112824855294387,2.400030427656144,0.28119277244154706,0.048498096370850716,1.0,1.0,0.0,0.0,0.28157142857142853,0.5714285714285714,0.32142857142857145,0.06782465387651741,0.0,0.0,0.0,0.0,0.0,0.0,0.0,0.0,0.0,0.0,0.0,0.0,0.0,0.0,0.0,0.0,0.0,0.0,0.0,0.0,oscillatory,runaway
6,500,240,modular,6,0.08,0.004,0.12,15,15,0.72,0.22,True,static,1.0,False,False,1.0,default,default,0.3937833333333333,0.7958333333333333,0.12083333333333335,0.021677055201807793,0.40446666666666664,0.4708333333333333,0.11666666666666664,0.02229334728867187,0.20174999999999998,0.36666666666666664,0.09583333333333333,0.01759280945285444,0.5861003191568703,0.7632150142392768,0.1373359198923113,0.02550609792279797,0.5867121034085572,0.7632150142392768,0.13759846223870542,0.025975585517440513,0.09173789594584206,0.48073062153807755,0.16577497857224707,0.031363529530587395,0.0911,0.5041666666666667,0.19583333333333333,0.0363407637662049,2.0666238030361863,2.305477033407772,0.20979649910771148,0.03752608408645919,1.0,1.0,0.0,0.0,0.21728571428571425,0.4642857142857143,0.2857142857142857,0.061909908210995415,0.0,0.0,0.0,0.0,0.0,0.0,0.0,0.0,0.0,0.0,0.0,0.0,0.0,0.0,0.0,0.0,0.0,0.0,0.0,0.0,stable,stable
7,500,240,modular,6,0.08,0.004,0.12,15,15,0.72,0.22,True,static,1.0,False,False,1.0,default,default,0.3570666666666666,0.8416666666666667,0.125,0.02368616567628548,0.4303,0.5125,0.15416666666666667,0.02557057771041641,0.2126333333333333,0.3625,0.11666666666666667,0.020985682950261323,0.6384426412734844,0.8230117093183902,0.15490994238900946,0.02883532056816295,0.6376287286694076,0.8230117093183902,0.15490994238900946,0.029165413396009688,0.17668951143172848,0.6224103591540697,0.30426296077491355,0.05820315881473622,0.17561666666666667,0.625,0.29166666666666663,0.06253861251703267,2.1426576672552566,2.3535696588792687,0.21357309273276393,0.04229594199394423,1.0,1.0,0.0,0.0,0.18328571428571427,0.5,0.32142857142857145,0.060214073885409475,0.0,0.0,0.0,0.0,0.0,0.0,0.0,0.0,0.0,0.0,0.0,0.0,0.0,0.0,0.0,0.0,0.0,0.0,0.0,0.0,stable,stable
8,500,240,modular,6,0.08,0.004,0.12,15,15,0.72,0.22,True,static,1.0,False,False,1.0,default,default,0.35673333333333335,0.8,0.16666666666666669,0.025885882038070268,0.4298166666666667,0.5,0.12916666666666665,0.025357055778969642,0.21345000000000003,0.3875,0.13333333333333333,0.02064246566883154,0.6334441501395957,0.8227008143992638,0.18847996199661365,0.030733646385477997,0.6344548475638366,0.8227008143992638,0.18847996199661365,0.030337342080521214,0.16883294760676185,0.6142942141420971,0.3878136866942213,0.059180159761594166,0.16916666666666666,0.5916666666666667,0.39583333333333337,0.06389444420291955,2.0999485901930055,2.3135769320274426,0.28450572111522,0.04483196222022414,1.0,1.0,0.0,0.0,0.25242857142857145,0.4642857142857143,0.3928571428571429,0.06584784564061458,0.0,0.0,0.0,0.0,0.0,0.0,0.0,0.0,0.0,0.0,0.0,0.0,0.0,0.0,0.0,0.0,0.0,0.0,0.0,0.0,stable,oscillatory
9,500,240,modular,6,0.08,0.004,0.12,15,15,0.72,0.22,True,static,1.0,False,False,1.0,default,default,0.3455333333333333,0.7583333333333333,0.1875,0.024325204121559918,0.3916,0.4625,0.15000000000000002,0.024346936836763127,0.2628666666666667,0.425,0.18333333333333335,0.02405442902160755,0.6699691654589662,0.8987171054380406,0.2567607395290843,0.030997803781378314,0.669688778051855,0.8987171054380406,0.2567607395290843,0.03125391331727946,0.2424833689504821,0.6927376966611057,0.4456813551965982,0.07179202350110514,0.24018333333333333,0.7083333333333334,0.4583333333333333,0.07669352609213144,2.1990113006461782,2.5095735580147616,0.3717252166801106,0.04637115812287902,1.0,1.0,0.0,0.0,0.25271428571428567,0.5357142857142857,0.39285714285714285,0.06241549389014735,0.0,0.0,0.0,0.0,0.0,0.0,0.0,0.0,0.0,0.0,0.0,0.0,0.0,0.0,0.0,0.0,0.0,0.0,0.0,0.0,oscillatory,runaway
10,500,240,modular,6,0.08,0.004,0.12,15,15,0.72,0.22,True,static,1.0,False,False,1.0,default,default,0.3676666666666667,0.7875,0.15833333333333333,0.02533881519636535,0.38665,0.45416666666666666,0.15000000000000002,0.023500289596324362,0.2456833333333333,0.4125,0.17916666666666667,0.022553448861660948,0.6611910257079391,0.8610704558436048,0.24958751268749224,0.032759927899894,0.6596414836938422,0.8610704558436048,0.24958751268749224,0.032140622360441386,0.22317241581443506,0.6700951688876854,0.43193387828570023,0.07090071754274205,0.22388333333333332,0.6791666666666667,0.42083333333333334,0.07299402753346027,2.149941914601256,2.4394779057403704,0.32008653106824125,0.047072366779655685,1.0,1.0,0.0,0.0,0.2501428571428571,0.5357142857142857,0.4642857142857143,0.06479937641423311,0.0,0.0,0.0,0.0,0.0,0.0,0.0,0.0,0.0,0.0,0.0,0.0,0.0,0.0,0.0,0.0,0.0,0.0,0.0,0.0,oscillatory,runaway
11,500,240,modular,6,0.08,0.004,0.12,15,15,0.72,0.22,True,static,1.0,False,False,1.0,default,default,0.38076666666666664,0.8166666666666667,0.14166666666666672,0.024340090386027743,0.3654833333333333,0.4708333333333333,0.13333333333333336,0.024293969301957315,0.25375,0.4166666666666667,0.11666666666666667,0.022293029553352918,0.6417973288593759,0.8566727059649692,0.16375852813095226,0.029376283215882478,0.6407868256689039,0.8566727059649692,0.16375852813095226,0.029416823298847115,0.17883453258735252,0.6538390397868434,0.3424586941372132,0.06006705060861341,0.1767,0.6958333333333333,0.3333333333333333,0.06529441017422548,2.1254125244042217,2.426696345323633,0.24224797286919886,0.04456610201973663,1.0,1.0,0.0,0.0,0.3061428571428571,0.6428571428571429,0.5,0.06674670365628248,0.0,0.0,0.0,0.0,0.0,0.0,0.0,0.0,0.0,0.0,0.0,0.0,0.0,0.0,0.0,0.0,0.0,0.0,0.0,0.0,stable,runaway
12,500,240,modular,6,0.08,0.004,0.12,15,15,0.72,0.22,True,static,1.0,False,False,1.0,default,default,0.36431666666666673,0.7708333333333334,0.12916666666666665,0.022942373460477013,0.3985333333333333,0.5,0.12083333333333329,0.024496348934302657,0.23714999999999997,0.4166666666666667,0.09999999999999998,0.020577151568345574,0.6408308971313113,0.849978471555573,0.14255815915489245,0.02715534054134563,0.6412943827754108,0.849978471555573,0.14255815915489245,0.027245839215542925,0.18032519512502806,0.6507456182012803,0.2779733702728211,0.05455238593206235,0.18236666666666668,0.6833333333333333,0.30833333333333335,0.059574034239386175,2.120816990316561,2.3564976092186636,0.2210411495039608,0.03970903158439089,1.0,1.0,0.0,0.0,0.306,0.5357142857142857,0.35714285714285715,0.0704701413105333,0.0,0.0,0.0,0.0,0.0,0.0,0.0,0.0,0.0,0.0,0.0,0.0,0.0,0.0,0.0,0.0,0.0,0.0,0.0,0.0,stable,runaway
13,500,240,modular,6,0.08,0.004,0.12,15,15,0.72,0.22,True,static,1.0,False,False,1.0,default,default,0.37334999999999996,0.8291666666666667,0.14583333333333337,0.02376650888213169,0.4053833333333333,0.4791666666666667,0.1375,0.023317977089695314,0.22126666666666664,0.4083333333333333,0.11249999999999999,0.02121532464988457,0.6316051315177624,0.8480940652726318,0.21107256177599565,0.029685323112313332,0.6313426931725986,0.8480940652726318,0.21107256177599565,0.029343018489793003,0.16256513952753676,0.6504551274790517,0.3774320595994427,0.05473825443164532,0.16238333333333332,0.65,0.3625,0.06009414142271552,2.1413905278723395,2.431543247348942,0.29967849768108845,0.04380212415806732,1.0,1.0,0.0,0.0,0.27085714285714285,0.5357142857142857,0.3928571428571429,0.07500802678135624,0.0,0.0,0.0,0.0,0.0,0.0,0.0,0.0,0.0,0.0,0.0,0.0,0.0,0.0,0.0,0.0,0.0,0.0,0.0,0.0,stable,runaway
14,500,240,modular,6,0.08,0.004,0.12,15,15,0.72,0.22,True,static,1.0,False,False,1.0,default,default,0.36485,0.7708333333333334,0.1291666666666667,0.023975502543684506,0.3805166666666667,0.4583333333333333,0.1333333333333333,0.02450730616684656,0.2546333333333334,0.4083333333333333,0.10833333333333334,0.02079807683416907,0.6562013100143446,0.8708489894535608,0.1872433392387972,0.02861563809402883,0.656401967364886,0.8708489894535608,0.16343412720779216,0.027486103479520883,0.21012575152677795,0.6670754676685138,0.33922774920975796,0.059705349371953494,0.21058333333333334,0.675,0.3625,0.06702409392648785,2.127066400506801,2.3968867506849376,0.2547561410436834,0.04299976421559712,1.0,1.0,0.0,0.0,0.2771428571428572,0.5357142857142857,0.4285714285714286,0.07011652109604587,0.0,0.0,0.0,0.0,0.0,0.0,0.0,0.0,0.0,0.0,0.0,0.0,0.0,0.0,0.0,0.0,0.0,0.0,0.0,0.0,stable,runaway
15,500,240,modular,6,0.08,0.004,0.12,15,15,0.72,0.22,True,static,1.0,False,False,1.0,default,default,0.3784166666666666,0.7791666666666667,0.12916666666666665,0.02322130846155459,0.35964999999999997,0.425,0.1166666666666667,0.023511279798806736,0.26193333333333335,0.4166666666666667,0.15416666666666667,0.022878568331276522,0.6466756452701378,0.8461033784987165,0.17211530894474592,0.030516367444340654,0.6481688500316352,0.8461033784987165,0.16494246063480777,0.030547719694650737,0.19403901684050265,0.6406065944750281,0.3277548667145469,0.06357678137075282,0.19215,0.6708333333333333,0.3458333333333333,0.06831180351886489,2.147709473827501,2.4213536534685374,0.2475709493257212,0.043606000911697626,1.0,1.0,0.0,0.0,0.3037142857142857,0.5357142857142857,0.35714285714285715,0.0713748369310836,0.0,0.0,0.0,0.0,0.0,0.0,0.0,0.0,0.0,0.0,0.0,0.0,0.0,0.0,0.0,0.0,0.0,0.0,0.0,0.0,oscillatory,runaway
16,500,240,modular,6,0.08,0.004,0.12,15,15,0.72,0.22,True,static,1.0,False,False,1.0,default,default,0.3383333333333333,0.7875,0.2541666666666667,0.041912607490666415,0.405,0.5333333333333333,0.21666666666666667,0.03434910640920825,0.2566666666666667,0.4583333333333333,0.2916666666666667,0.057754268721502786,0.67975051165486,0.9123784171996612,0.41694390910050916,0.07370183299004845,0.6837330622019857,0.9123784171996612,0.41694390910050916,0.07197527007418232,0.302878259087741,0.7089129841902856,0.6102021453263684,0.1293118204955393,0.3038666666666667,0.7208333333333333,0.6208333333333333,0.1320123899909062,2.2360481672099115,2.520447827500075,0.5784044280210858,0.09953400692912323,1.0,1.0,0.0,0.0,0.2668571428571429,0.5714285714285714,0.4285714285714286,0.07674181469348362,0.0,0.0,0.0,0.0,0.0,0.0,0.0,0.0,0.0,0.0,0.0,0.0,0.0,0.0,0.0,0.0,0.0,0.0,0.0,0.0,runaway,runaway
17,500,240,modular,6,0.08,0.004,0.12,15,15,0.72,0.22,True,static,1.0,False,False,1.0,default,default,0.3872166666666667,0.8166666666666667,0.12916666666666665,0.020513958662335265,0.40703333333333336,0.4791666666666667,0.14583333333333337,0.023338785077396142,0.20575,0.4375,0.12083333333333332,0.018098687797738267,0.592068749466505,0.8442179574330004,0.14649733804214304,0.023105968117920737,0.5918681507856766,0.8442179574330004,0.154527274406838,0.024050411120699586,0.0959125650779416,0.6242710598998367,0.1983980378405747,0.03076945799902645,0.09748333333333335,0.6625,0.21666666666666665,0.03558225603365313,2.1205080061946058,2.44438520978084,0.22639363666896228,0.03570302265620052,1.0,1.0,0.0,0.0,0.30757142857142855,0.5357142857142857,0.32142857142857145,0.06378231473903552,0.0,0.0,0.0,0.0,0.0,0.0,0.0,0.0,0.0,0.0,0.0,0.0,0.0,0.0,0.0,0.0,0.0,0.0,0.0,0.0,stable,runaway
18,500,240,modular,6,0.08,0.004,0.12,15,15,0.72,0.22,True,static,1.0,False,False,1.0,default,default,0.38123333333333337,0.875,0.12083333333333335,0.021253261187665087,0.39375,0.475,0.11249999999999999,0.021734668926241627,0.22501666666666667,0.3958333333333333,0.11250000000000002,0.019879840430837355,0.6133171930101919,0.8444156192835489,0.1473186884801969,0.026576650399999405,0.6130439524454212,0.8444156192835489,0.1473186884801969,0.026542315859680293,0.13065499796084504,0.64824608348008,0.22857222412071848,0.04324548302335152,0.129,0.6416666666666667,0.2708333333333333,0.04773741835406593,2.1166822145216693,2.3945940949323394,0.21782001805834783,0.03883755295404477,1.0,1.0,0.0,0.0,0.2255714285714286,0.5357142857142857,0.35714285714285715,0.05872957743170065,0.0,0.0,0.0,0.0,0.0,0.0,0.0,0.0,0.0,0.0,0.0,0.0,0.0,0.0,0.0,0.0,0.0,0.0,0.0,0.0,stable,stable
19,500,240,modular,6,0.08,0.004,0.12,15,15,0.72,0.22,True,static,1.0,False,False,1.0,default,default,0.3577166666666667,0.8166666666666667,0.12083333333333335,0.02370174044242321,0.43461666666666665,0.5083333333333333,0.13333333333333336,0.024618314095178995,0.20766666666666667,0.3458333333333333,0.11666666666666667,0.018588377491803254,0.6167493314866499,0.7490320618030663,0.1626812634816277,0.026817723652492263,0.6158329466526204,0.7490320618030663,0.1626812634816277,0.026908904805050086,0.13287079317368,0.446500834561375,0.26090829498482476,0.04283484232292287,0.1325833333333333,0.44166666666666665,0.2791666666666667,0.046199221373910145,2.160561337029557,2.331224591892264,0.22217630751413786,0.040762188823003066,1.0,1.0,0.0,0.0,0.26871428571428574,0.4642857142857143,0.3214285714285714,0.06532321523761359,0.0,0.0,0.0,0.0,0.0,0.0,0.0,0.0,0.0,0.0,0.0,0.0,0.0,0.0,0.0,0.0,0.0,0.0,0.0,0.0,stable,stable
20,500,240,modular,6,0.08,0.004,0.12,15,15,0.72,0.22,True,static,1.0,False,False,1.0,default,default,0.37698333333333334,0.7833333333333333,0.12083333333333329,0.024273264899656345,0.38676666666666665,0.4666666666666667,0.14166666666666666,0.025320523076921002,0.23625,0.4166666666666667,0.13333333333333336,0.021151733577495092,0.6300328861837908,0.8662499516465604,0.16057103071589407,0.029257328343625395,0.6298163483234009,0.8662499516465604,0.16057103071589407,0.02951661569510118,0.1599073716385888,0.6708803818382544,0.2877271750203745,0.054402159805410105,0.16013333333333332,0.7041666666666667,0.2916666666666667,0.05751650970711704,2.0936912008982995,2.406358648711978,0.23300931197548347,0.042376269092324316,1.0,1.0,0.0,0.0,0.19614285714285715,0.4642857142857143,0.35714285714285715,0.06350654795100315,0.0,0.0,0.0,0.0,0.0,0.0,0.0,0.0,0.0,0.0,0.0,0.0,0.0,0.0,0.0,0.0,0.0,0.0,0.0,0.0,stable,runaway
21,500,240,modular,6,0.08,0.004,0.12,15,15,0.72,0.22,True,static,1.0,False,False,1.0,default,default,0.4119,0.7958333333333333,0.12083333333333335,0.024064173462731778,0.3914166666666667,0.4625,0.14166666666666666,0.023118204707305644,0.19668333333333335,0.3333333333333333,0.1,0.017556646414772194,0.5825755126051182,0.7630575977717579,0.15427377422646193,0.027042516274346923,0.5817768116871977,0.7630575977717579,0.15427377422646193,0.027028433688301417,0.08761167596928496,0.4869287698009924,0.19614557079197015,0.03201209135978828,0.08848333333333333,0.48333333333333334,0.23333333333333336,0.036454953176641325,2.04975492897557,2.307907182439183,0.2228495643742332,0.04139969300435548,1.0,1.0,0.0,0.0,0.203,0.42857142857142855,0.35714285714285715,0.05933457539019466,0.0,0.0,0.0,0.0,0.0,0.0,0.0,0.0,0.0,0.0,0.0,0.0,0.0,0.0,0.0,0.0,0.0,0.0,0.0,0.0,stable,stable
22,500,240,modular,6,0.08,0.004,0.12,15,15,0.72,0.22,True,static,1.0,False,False,1.0,default,default,0.34663333333333335,0.7583333333333333,0.21250000000000002,0.027244754846881384,0.37395000000000006,0.4666666666666667,0.14166666666666666,0.024887418731381346,0.2794166666666667,0.4041666666666667,0.24166666666666664,0.030020941764782202,0.6750354906258237,0.8839725669191255,0.31517223864589117,0.03878018461972605,0.6744075674414335,0.8839725669191255,0.31517223864589117,0.03862753279131082,0.2530803487493004,0.6717284377276579,0.4567311824116373,0.08116254014140847,0.25375,0.7,0.475,0.08669570827516973,2.206803268024795,2.4624175970177933,0.45974128199329245,0.05610046840294859,1.0,1.0,0.0,0.0,0.39385714285714285,0.6428571428571429,0.5,0.08295572952620264,0.0,0.0,0.0,0.0,0.0,0.0,0.0,0.0,0.0,0.0,0.0,0.0,0.0,0.0,0.0,0.0,0.0,0.0,0.0,0.0,oscillatory,runaway
23,500,240,modular,6,0.08,0.004,0.12,15,15,0.72,0.22,True,static,1.0,False,False,1.0,default,default,0.4025,0.8333333333333334,0.125,0.020779931558009414,0.37689999999999996,0.44583333333333336,0.10833333333333334,0.022038501663124824,0.22060000000000002,0.425,0.10833333333333336,0.019991692719171575,0.5983240539102005,0.8191160660431157,0.13290801729516055,0.025322047758576403,0.598208344107309,0.8191160660431157,0.134128338200318,0.02547334183201238,0.1054517780691056,0.5938082898238124,0.18374419556360508,0.03450269738310649,0.1066,0.5875,0.22083333333333333,0.042665312478509854,2.100322636559919,2.3876844311677377,0.22806498443622836,0.03865545048064417,1.0,1.0,0.0,0.0,0.2648571428571429,0.4642857142857143,0.3214285714285714,0.056996956596159505,0.0,0.0,0.0,0.0,0.0,0.0,0.0,0.0,0.0,0.0,0.0,0.0,0.0,0.0,0.0,0.0,0.0,0.0,0.0,0.0,stable,runaway
24,500,240,modular,6,0.08,0.004,0.12,15,15,0.72,0.22,True,static,1.0,False,False,1.0,default,default,0.383,0.8166666666666667,0.1291666666666667,0.024659345760448172,0.40176666666666666,0.4708333333333333,0.14583333333333331,0.02539555954186567,0.21523333333333336,0.3875,0.12083333333333332,0.02130534622525008,0.6286984780437213,0.840846680704187,0.1917695675209421,0.03154233222094103,0.6285046792052538,0.840846680704187,0.1917695675209421,0.031344352251846376,0.16098410949920583,0.6519885555484806,0.3664458002033213,0.058410980607367734,0.16291666666666668,0.7083333333333334,0.3541666666666667,0.06346723783006297,2.107596147376993,2.3689279924657796,0.2724501447273324,0.04499763812210153,1.0,1.0,0.0,0.0,0.2312857142857143,0.5,0.42857142857142855,0.07144128458291565,0.0,0.0,0.0,0.0,0.0,0.0,0.0,0.0,0.0,0.0,0.0,0.0,0.0,0.0,0.0,0.0,0.0,0.0,0.0,0.0,stable,oscillatory
25,500,240,modular,6,0.08,0.004,0.12,15,15,0.72,0.22,True,static,1.0,False,False,1.0,default,default,0.39716666666666667,0.775,0.125,0.02221485989152306,0.41291666666666665,0.4875,0.1166666666666667,0.02146136709945985,0.18991666666666665,0.35833333333333334,0.09583333333333333,0.017994790912928108,0.5843192876380364,0.7917091532770377,0.16095216247053468,0.026149238454201657,0.5850254173276339,0.7917091532770377,0.16095216247053468,0.02641148989339534,0.0917457065759631,0.5569883914135418,0.2256872091002655,0.03268273197477031,0.09101666666666666,0.5833333333333334,0.2625,0.038653478354332985,2.0654219326294014,2.3231600407323656,0.23181502424426514,0.03978874925159257,1.0,1.0,0.0,0.0,0.2441428571428571,0.4642857142857143,0.3928571428571429,0.06904139545022454,0.0,0.0,0.0,0.0,0.0,0.0,0.0,0.0,0.0,0.0,0.0,0.0,0.0,0.0,0.0,0.0,0.0,0.0,0.0,0.0,stable,stable
26,500,240,modular,6,0.08,0.004,0.12,15,15,0.72,0.22,True,static,1.0,False,False,1.0,default,default,0.34776666666666667,0.8375,0.1291666666666667,0.024860968962970405,0.3980333333333333,0.4625,0.1375,0.0242216386270165,0.2542,0.4083333333333333,0.11250000000000002,0.021450822310060232,0.6632909885714554,0.8487769143143492,0.16038406213886047,0.030186971997497456,0.6632725107838087,0.8487769143143492,0.16038406213886047,0.030284713944728404,0.228774184208593,0.6502755582387425,0.34692610894070625,0.07013272360951238,0.22935,0.7083333333333334,0.3541666666666667,0.07518981350924842,2.1558829948364737,2.3801463504541513,0.23281946860640623,0.04448492378188888,1.0,1.0,0.0,0.0,0.24828571428571428,0.5357142857142857,0.3571428571428571,0.06386465280224281,0.0,0.0,0.0,0.0,0.0,0.0,0.0,0.0,0.0,0.0,0.0,0.0,0.0,0.0,0.0,0.0,0.0,0.0,0.0,0.0,stable,runaway
27,500,240,modular,6,0.08,0.004,0.12,15,15,0.72,0.22,True,static,1.0,False,False,1.0,default,default,0.35496666666666665,0.7833333333333333,0.15833333333333333,0.025955068012924864,0.39659999999999995,0.4666666666666667,0.13333333333333336,0.02675705514439136,0.24843333333333334,0.3958333333333333,0.18333333333333332,0.023898884213842845,0.6537149138227402,0.8623639467285085,0.25783935266812186,0.03234196584271805,0.6534911336316914,0.8623639467285085,0.25783935266812186,0.03242750338248553,0.20739176409506252,0.6642636976981804,0.43378884522640065,0.06941495772565998,0.2084666666666667,0.6833333333333333,0.49166666666666664,0.07172659509864136,2.1742870122475697,2.4614395467018615,0.3673950547215432,0.04793775672629697,1.0,1.0,0.0,0.0,0.3242857142857143,0.5714285714285714,0.46428571428571425,0.0798723471342535,0.0,0.0,0.0,0.0,0.0,0.0,0.0,0.0,0.0,0.0,0.0,0.0,0.0,0.0,0.0,0.0,0.0,0.0,0.0,0.0,oscillatory,oscillatory
28,500,240,modular,6,0.08,0.004,0.12,15,15,0.72,0.22,True,static,1.0,False,False,1.0,default,default,0.3917833333333333,0.825,0.12083333333333329,0.021741543694554492,0.3962166666666667,0.45416666666666666,0.125,0.02236205243015249,0.212,0.38333333333333336,0.0916666666666667,0.018174310318566575,0.5927066488092507,0.8043548015194045,0.13110246183416585,0.02532880764894474,0.5934453812481958,0.8043548015194045,0.13110246183416585,0.025713866819525966,0.10016071276116358,0.5725597191877511,0.16517959493493836,0.03298236761626383,0.10198333333333331,0.5958333333333333,0.17916666666666667,0.0383716800952647,2.094414096053918,2.4041015502680505,0.21123917141081128,0.03896874463426251,1.0,1.0,0.0,0.0,0.21599999999999997,0.4642857142857143,0.35714285714285715,0.06033173598817573,0.0,0.0,0.0,0.0,0.0,0.0,0.0,0.0,0.0,0.0,0.0,0.0,0.0,0.0,0.0,0.0,0.0,0.0,0.0,0.0,stable,stable
29,500,240,modular,6,0.08,0.004,0.12,15,15,0.72,0.22,True,static,1.0,False,False,1.0,default,default,0.3694666666666667,0.7958333333333333,0.1333333333333333,0.022106283671792907,0.40851666666666664,0.4708333333333333,0.125,0.0220235290844436,0.22201666666666664,0.38333333333333336,0.12916666666666665,0.019928406581783922,0.6326583658204534,0.8470390749480857,0.18361856876188754,0.028038744551090174,0.6328642751109813,0.8470390749480857,0.18361856876188754,0.02810483818332638,0.16640042544914768,0.6552009138766578,0.3702219561882959,0.054495756113009705,0.1655,0.6708333333333333,0.3625,0.0588231813715194,2.112962078496375,2.360004631629579,0.25310492453771793,0.039985010590580385,1.0,1.0,0.0,0.0,0.23714285714285713,0.4642857142857143,0.3214285714285714,0.05484672520129276,0.0,0.0,0.0,0.0,0.0,0.0,0.0,0.0,0.0,0.0,0.0,0.0,0.0,0.0,0.0,0.0,0.0,0.0,0.0,0.0,stable,oscillatory
30,500,240,modular,6,0.08,0.004,0.12,15,15,0.72,0.22,True,static,1.0,False,False,1.0,default,default,0.36330000000000007,0.8208333333333333,0.12083333333333335,0.024170666335686965,0.39954999999999996,0.48333333333333334,0.15833333333333333,0.026084909430550068,0.23715,0.38333333333333336,0.12916666666666668,0.02225988544444917,0.6452295769627824,0.8504792522234026,0.17247127675032836,0.02884615102151308,0.6446788728815771,0.8504792522234026,0.18300939430646124,0.029974154697907297,0.18780691533729296,0.6500656634014618,0.36154337483354365,0.061271203089147276,0.18810000000000002,0.6541666666666667,0.35416666666666663,0.06730466386349297,2.151791594954133,2.448916984263355,0.22967308560985478,0.04318408999973047,1.0,1.0,0.0,0.0,0.37442857142857144,0.6428571428571429,0.4642857142857143,0.07727620749556721,0.0,0.0,0.0,0.0,0.0,0.0,0.0,0.0,0.0,0.0,0.0,0.0,0.0,0.0,0.0,0.0,0.0,0.0,0.0,0.0,stable,oscillatory
31,500,240,modular,6,0.08,0.004,0.12,15,15,0.72,0.22,True,static,1.0,False,False,1.0,default,default,0.34845,0.7791666666666667,0.2833333333333334,0.044659517462686496,0.3848833333333333,0.45,0.125,0.02357965813530336,0.26666666666666666,0.4125,0.3041666666666667,0.048370675230166284,0.6836350185702372,0.8753250267046344,0.4324958146917309,0.06883939653135034,0.6835345025999588,0.8753250267046344,0.4324958146917309,0.06853827111062741,0.3014145748245841,0.6869856750605204,0.5782065886222929,0.10732707298473898,0.2984333333333333,0.7041666666666667,0.5750000000000001,0.10805883685392056,2.1715565370728864,2.4028994417622433,0.5907866902319223,0.09387305424627373,1.0,1.0,0.0,0.0,0.3605714285714286,0.5714285714285714,0.5357142857142857,0.09118539088145687,0.0,0.0,0.0,0.0,0.0,0.0,0.0,0.0,0.0,0.0,0.0,0.0,0.0,0.0,0.0,0.0,0.0,0.0,0.0,0.0,oscillatory,runaway
32,500,240,modular,6,0.08,0.004,0.12,15,15,0.72,0.22,True,static,1.0,False,False,1.0,default,default,0.3816333333333333,0.8125,0.1291666666666667,0.022934665658973293,0.43190000000000006,0.49583333333333335,0.12083333333333335,0.023600282484185085,0.18646666666666667,0.3875,0.12083333333333335,0.020416877549931305,0.5789405293486884,0.81289683086915,0.14600097271338675,0.027098313705216714,0.5784200937743493,0.81289683086915,0.13499753441846907,0.026535175356397808,0.08276885057232831,0.588494409574552,0.15279023213546453,0.028733949045219885,0.08205,0.6416666666666667,0.17500000000000002,0.033240792375901294,2.0930431959041815,2.3814201885922635,0.22462160735725112,0.041711370087293274,1.0,1.0,0.0,0.0,0.25257142857142856,0.4642857142857143,0.3214285714285714,0.05581968053199407,0.0,0.0,0.0,0.0,0.0,0.0,0.0,0.0,0.0,0.0,0.0,0.0,0.0,0.0,0.0,0.0,0.0,0.0,0.0,0.0,stable,oscillatory
33,500,240,modular,6,0.08,0.004,0.12,15,15,0.72,0.22,True,static,1.0,False,False,1.0,default,default,0.3608,0.8333333333333334,0.1833333333333333,0.024258996040415377,0.36531666666666673,0.475,0.12916666666666665,0.024836627298318013,0.2738833333333333,0.4375,0.2125,0.02776268979123681,0.6664434723957068,0.9256514804666104,0.2495467742528562,0.0334540463110266,0.6649251687332546,0.9256514804666104,0.2764841779574916,0.035231083795693896,0.23358010417854286,0.7089942843175343,0.4541058156162666,0.07365882284713954,0.2326666666666667,0.7375,0.5375,0.08143402237394394,2.170887869895319,2.532481046204553,0.383509555453432,0.048888982962239896,1.0,1.0,0.0,0.0,0.277,0.5357142857142857,0.4642857142857143,0.07064267658506465,0.0,0.0,0.0,0.0,0.0,0.0,0.0,0.0,0.0,0.0,0.0,0.0,0.0,0.0,0.0,0.0,0.0,0.0,0.0,0.0,oscillatory,runaway
34,500,240,modular,6,0.08,0.004,0.12,15,15,0.72,0.22,True,static,1.0,False,False,1.0,default,default,0.34051666666666663,0.8416666666666667,0.1166666666666667,0.02361725475626289,0.43420000000000003,0.5166666666666667,0.12916666666666665,0.024317323500381828,0.22528333333333334,0.4166666666666667,0.1166666666666667,0.02129463286579247,0.6510561775146443,0.8600252731174272,0.15535807856480688,0.028907752047647162,0.650931652924573,0.8600252731174272,0.15535807856480688,0.02884351361025913,0.20013226407193047,0.6602672774852766,0.32334525152322086,0.061939231358064104,0.20414999999999997,0.6708333333333333,0.35833333333333334,0.06633511094770585,2.1664484386959364,2.4139515415982595,0.20211234767616526,0.043353040972737525,1.0,1.0,0.0,0.0,0.22642857142857142,0.6428571428571429,0.3571428571428571,0.06523505380466824,0.0,0.0,0.0,0.0,0.0,0.0,0.0,0.0,0.0,0.0,0.0,0.0,0.0,0.0,0.0,0.0,0.0,0.0,0.0,0.0,stable,runaway
35,500,240,modular,6,0.08,0.004,0.12,15,15,0.72,0.22,True,static,1.0,False,False,1.0,default,default,0.37333333333333335,0.8125,0.1333333333333333,0.024841162076950692,0.37545,0.4625,0.125,0.02297958635156188,0.25121666666666664,0.4583333333333333,0.14166666666666666,0.02225746441583637,0.6311452557720857,0.908905390386243,0.18750909647879732,0.02920231488117394,0.6320405528362719,0.908905390386243,0.18750909647879732,0.028753723900624785,0.15724037197256854,0.6771051219688496,0.3602149939920421,0.05276650917164081,0.15714999999999998,0.6916666666666667,0.37083333333333335,0.05517323475502713,2.146226505125548,2.5459319698557024,0.28201742970722155,0.0462329137745114,1.0,1.0,0.0,0.0,0.3031428571428571,0.5357142857142857,0.35714285714285715,0.06146444135449706,0.0,0.0,0.0,0.0,0.0,0.0,0.0,0.0,0.0,0.0,0.0,0.0,0.0,0.0,0.0,0.0,0.0,0.0,0.0,0.0,runaway,runaway
36,500,240,modular,6,0.08,0.004,0.12,15,15,0.72,0.22,True,static,1.0,False,False,1.0,default,default,0.36851666666666666,0.75,0.11249999999999999,0.021569841342846164,0.40435000000000004,0.475,0.125,0.022776870578139864,0.22713333333333333,0.43333333333333335,0.11666666666666667,0.02070034889668395,0.6086942182711835,0.8463761433867419,0.14254565271206598,0.026091243655036813,0.6100845635992125,0.8463761433867419,0.16031746937061853,0.02624257702626964,0.12203227154185385,0.6308091914366567,0.25754643012914924,0.03960704962291815,0.12201666666666666,0.6875,0.24166666666666667,0.04490486548743293,2.106146203608515,2.4050171940741243,0.21411954378934972,0.039383919671688736,1.0,1.0,0.0,0.0,0.29714285714285715,0.4642857142857143,0.32142857142857145,0.06269459502140483,0.0,0.0,0.0,0.0,0.0,0.0,0.0,0.0,0.0,0.0,0.0,0.0,0.0,0.0,0.0,0.0,0.0,0.0,0.0,0.0,stable,runaway
37,500,240,modular,6,0.08,0.004,0.12,15,15,0.72,0.22,True,static,1.0,False,False,1.0,default,default,0.40728333333333333,0.7833333333333333,0.12083333333333335,0.022780845999313643,0.3746333333333333,0.4625,0.15000000000000002,0.023208092458355034,0.21808333333333335,0.37916666666666665,0.11250000000000002,0.019646352502860846,0.5897480813824985,0.8102816417176497,0.14558595646124683,0.027651774419326126,0.5894180512792488,0.8102816417176497,0.14558595646124683,0.027908180502476385,0.09678105726057505,0.5884913492195974,0.2014867454264284,0.03591812648847354,0.09623333333333334,0.6041666666666666,0.2375,0.03987802235149916,2.0439152161243284,2.326965388935919,0.2006489745442741,0.039983982807224816,1.0,1.0,0.0,0.0,0.34071428571428575,0.6071428571428571,0.39285714285714285,0.06624398316920903,0.0,0.0,0.0,0.0,0.0,0.0,0.0,0.0,0.0,0.0,0.0,0.0,0.0,0.0,0.0,0.0,0.0,0.0,0.0,0.0,stable,stable
38,500,240,modular,6,0.08,0.004,0.12,15,15,0.72,0.22,True,static,1.0,False,False,1.0,default,default,0.3991,0.8208333333333333,0.14583333333333331,0.02277964490992391,0.40626666666666666,0.4791666666666667,0.1291666666666667,0.022682127080344314,0.19463333333333332,0.3958333333333333,0.10833333333333334,0.01875141476144015,0.5818912897688313,0.806964465061173,0.15443951758502317,0.026995652239934394,0.5825165747495352,0.806964465061173,0.15443951758502317,0.02683308628566159,0.08806673904392852,0.5819828975775274,0.1899095364172728,0.03127377924656132,0.08643333333333333,0.6291666666666667,0.1875,0.03421299298349808,2.0548058233309274,2.33170442612013,0.25365542123470797,0.039704609276147204,1.0,1.0,0.0,0.0,0.2562857142857143,0.42857142857142855,0.2857142857142857,0.05643562342914921,0.0,0.0,0.0,0.0,0.0,0.0,0.0,0.0,0.0,0.0,0.0,0.0,0.0,0.0,0.0,0.0,0.0,0.0,0.0,0.0,stable,stable
39,500,240,modular,6,0.08,0.004,0.12,15,15,0.72,0.22,True,static,1.0,False,False,1.0,default,default,0.34370000000000006,0.7916666666666666,0.16249999999999998,0.026138604910489516,0.4074333333333333,0.475,0.1333333333333333,0.025273965524494436,0.24886666666666665,0.4125,0.16666666666666669,0.02264996934018038,0.65825910447138,0.8288520046205393,0.2230466468135015,0.031598227350347605,0.6586635632625153,0.8288520046205393,0.2230466468135015,0.03155672419133168,0.21545247431179282,0.6132597946148688,0.4131219018449498,0.06932335561460132,0.2124,0.6791666666666667,0.45416666666666666,0.073787352123066,2.15921810694813,2.366314633265928,0.3226119300333732,0.0465361478234966,1.0,1.0,0.0,0.0,0.24628571428571427,0.42857142857142855,0.3571428571428571,0.0664437770615434,0.0,0.0,0.0,0.0,0.0,0.0,0.0,0.0,0.0,0.0,0.0,0.0,0.0,0.0,0.0,0.0,0.0,0.0,0.0,0.0,oscillatory,runaway
40,500,240,modular,6,0.08,0.004,0.12,15,15,0.72,0.22,True,static,1.0,False,False,1.0,default,default,0.34136666666666665,0.7708333333333334,0.26666666666666666,0.03794797608422469,0.39913333333333334,0.5125,0.18749999999999994,0.02831026511905374,0.2595,0.4,0.2583333333333333,0.036733272837215766,0.6826538026190621,0.8714428712986453,0.3583183967924569,0.052135977132790126,0.6821942451400789,0.8714428712986453,0.3583183967924569,0.052449180438515555,0.285071796522113,0.6762903334274059,0.5114413763320125,0.09566504767699445,0.28195,0.6875,0.5208333333333334,0.10117141806524871,2.1961594969327733,2.437162934097458,0.5229449040670564,0.07537389682875334,1.0,1.0,0.0,0.0,0.3122857142857143,0.5,0.39285714285714285,0.07105674650932024,0.0,0.0,0.0,0.0,0.0,0.0,0.0,0.0,0.0,0.0,0.0,0.0,0.0,0.0,0.0,0.0,0.0,0.0,0.0,0.0,oscillatory,oscillatory
41,500,240,modular,6,0.08,0.004,0.12,15,15,0.72,0.22,True,static,1.0,False,False,1.0,default,default,0.3851333333333333,0.7875,0.15833333333333333,0.023186059029799203,0.36385,0.42916666666666664,0.12916666666666665,0.023355281344198505,0.25101666666666667,0.44583333333333336,0.12083333333333332,0.02116751310643532,0.6315376167430531,0.8791094808420735,0.17074764926801567,0.02823826953295108,0.632639547734069,0.8791094808420735,0.17074764926801567,0.028076331053489945,0.16070681789367466,0.6671648564985706,0.274854295072532,0.05116009688882131,0.15976666666666667,0.7041666666666667,0.3625,0.057655837133420894,2.120032542350283,2.4675731777181458,0.2826883329814913,0.04228299317612776,1.0,1.0,0.0,0.0,0.21899999999999997,0.5,0.35714285714285715,0.06454882663850803,0.0,0.0,0.0,0.0,0.0,0.0,0.0,0.0,0.0,0.0,0.0,0.0,0.0,0.0,0.0,0.0,0.0,0.0,0.0,0.0,stable,runaway
42,500,240,modular,6,0.08,0.004,0.12,15,15,0.72,0.22,True,static,1.0,False,False,1.0,default,default,0.38480000000000003,0.7958333333333333,0.11666666666666664,0.022393302570188258,0.40196666666666664,0.4666666666666667,0.11249999999999999,0.02115141182574398,0.21323333333333333,0.3875,0.1166666666666667,0.02043665008426446,0.5881004400780941,0.8109894671663262,0.1557723719668037,0.027974023801648283,0.5889723359634276,0.8109894671663262,0.1557723719668037,0.028149430437416603,0.09472325075975183,0.5802447360244447,0.19036316537894446,0.0348508244734702,0.09436666666666667,0.5916666666666667,0.2,0.038303452121766314,2.1185457918162593,2.429071029003294,0.23393700879451096,0.042585358429912706,1.0,1.0,0.0,0.0,0.2091428571428571,0.42857142857142855,0.35714285714285715,0.055733330078442764,0.0,0.0,0.0,0.0,0.0,0.0,0.0,0.0,0.0,0.0,0.0,0.0,0.0,0.0,0.0,0.0,0.0,0.0,0.0,0.0,stable,stable
43,500,240,modular,6,0.08,0.004,0.12,15,15,0.72,0.22,True,static,1.0,False,False,1.0,default,default,0.3413,0.8208333333333333,0.21666666666666662,0.029596902991135182,0.40363333333333334,0.4875,0.16666666666666663,0.026609188053920183,0.2550666666666666,0.4083333333333333,0.225,0.027193156818909013,0.6699570706603648,0.8694362471587773,0.3036016758992926,0.03772880091267215,0.6691734238720287,0.8694362471587773,0.3036016758992926,0.03909617935173296,0.24621902577799942,0.6731021165111313,0.472599766790331,0.07980852641942413,0.24326666666666666,0.7,0.49166666666666664,0.0875028317002116,2.192688594608435,2.4427695816310386,0.44018783235583103,0.0555018177261975,1.0,1.0,0.0,0.0,0.293,0.5357142857142857,0.39285714285714285,0.06446783725871628,0.0,0.0,0.0,0.0,0.0,0.0,0.0,0.0,0.0,0.0,0.0,0.0,0.0,0.0,0.0,0.0,0.0,0.0,0.0,0.0,oscillatory,runaway
44,500,240,modular,6,0.08,0.004,0.12,15,15,0.72,0.22,True,static,1.0,False,False,1.0,default,default,0.3431666666666667,0.8375,0.17083333333333334,0.02716411030917245,0.4059,0.475,0.1875,0.0262,0.2509333333333333,0.4375,0.19166666666666665,0.02711787028674798,0.6741817489650648,0.8388689672626221,0.26548228728472867,0.036661453150930494,0.6721486430898679,0.8388689672626221,0.26548228728472867,0.036290659069193855,0.2512541226494277,0.6353608414797544,0.460974461752762,0.07833155696170117,0.25134999999999996,0.6458333333333334,0.5125,0.0801052935551425,2.2096424418186627,2.3873611906602132,0.3708091039757677,0.05403516189303448,1.0,1.0,0.0,0.0,0.3405714285714286,0.5714285714285714,0.42857142857142855,0.0744426912847345,0.0,0.0,0.0,0.0,0.0,0.0,0.0,0.0,0.0,0.0,0.0,0.0,0.0,0.0,0.0,0.0,0.0,0.0,0.0,0.0,oscillatory,runaway
45,500,240,modular,6,0.08,0.004,0.12,15,15,0.72,0.22,True,static,1.0,False,False,1.0,default,default,0.3595833333333333,0.8125,0.21250000000000002,0.027809495780318553,0.3753666666666667,0.4708333333333333,0.1375,0.026486453560683094,0.26504999999999995,0.4166666666666667,0.21250000000000002,0.025461523258962077,0.6635521352656434,0.8693967021232101,0.2777879075479255,0.03448586649174796,0.6653241995048548,0.8693967021232101,0.2780713792080268,0.03283331071659818,0.23432648470708153,0.6723910085485865,0.4378826937457511,0.07254045098954348,0.23539999999999997,0.7041666666666667,0.42083333333333334,0.07662702598372921,2.171160552252151,2.409741301685916,0.42076535365271606,0.051221664460230854,1.0,1.0,0.0,0.0,0.3107142857142858,0.5,0.39285714285714285,0.07243927787872984,0.0,0.0,0.0,0.0,0.0,0.0,0.0,0.0,0.0,0.0,0.0,0.0,0.0,0.0,0.0,0.0,0.0,0.0,0.0,0.0,oscillatory,runaway
46,500,240,modular,6,0.08,0.004,0.12,15,15,0.72,0.22,True,static,1.0,False,False,1.0,default,default,0.37710000000000005,0.8125,0.125,0.022246248123123046,0.42933333333333334,0.48333333333333334,0.11249999999999999,0.022912272305954776,0.19356666666666666,0.38333333333333336,0.10833333333333334,0.01887829441448565,0.6064780035564435,0.838258280778591,0.15216230486391913,0.025524303851278855,0.6071705331609355,0.838258280778591,0.15216230486391913,0.026216563144036083,0.11913110051625028,0.6274744779360246,0.23637612319084889,0.03954640357653556,0.11780000000000002,0.625,0.29583333333333334,0.045492294829881784,2.0805010113890514,2.4081860875953778,0.22071330880383955,0.038945410766514234,1.0,1.0,0.0,0.0,0.2717142857142857,0.5,0.39285714285714285,0.07076780081826099,0.0,0.0,0.0,0.0,0.0,0.0,0.0,0.0,0.0,0.0,0.0,0.0,0.0,0.0,0.0,0.0,0.0,0.0,0.0,0.0,stable,stable
47,500,240,modular,6,0.08,0.004,0.12,15,15,0.72,0.22,True,static,1.0,False,False,1.0,default,default,0.38411666666666666,0.8,0.125,0.02128863155144861,0.3899666666666667,0.4583333333333333,0.13333333333333336,0.022308418938946698,0.22591666666666668,0.4041666666666667,0.12916666666666668,0.02064060857199279,0.6103608459975011,0.8666120618341944,0.1650416991756024,0.026940434515205516,0.6106780537985055,0.8666120618341944,0.1650416991756024,0.027182867067615534,0.12532940657925926,0.6637735641425738,0.27829263494471523,0.043674869136683135,0.12473333333333333,0.6958333333333333,0.29583333333333334,0.04907687846634095,2.0962294901090783,2.4429252334679834,0.2519570617223639,0.0396551888070387,1.0,1.0,0.0,0.0,0.186,0.42857142857142855,0.35714285714285715,0.06441193957011133,0.0,0.0,0.0,0.0,0.0,0.0,0.0,0.0,0.0,0.0,0.0,0.0,0.0,0.0,0.0,0.0,0.0,0.0,0.0,0.0,stable,runaway
48,500,240,modular,6,0.08,0.004,0.12,15,15,0.72,0.22,True,static,1.0,False,False,1.0,default,default,0.34929999999999994,0.7791666666666667,0.11666666666666664,0.021136040836027502,0.412,0.49583333333333335,0.1375,0.022825424421026655,0.2387,0.425,0.11249999999999999,0.020509591252224735,0.6400964210324629,0.8459474205386448,0.13706561273913764,0.026043445719873562,0.6397430639499263,0.8459474205386448,0.13706561273913764,0.025377005734655903,0.1728735385675818,0.632401965951604,0.25931018845794057,0.04940677719554847,0.17175,0.6291666666666667,0.2708333333333333,0.05172100637071943,2.187374281960009,2.4685778936643747,0.22167897783086632,0.038711699082532365,1.0,1.0,0.0,0.0,0.26171428571428573,0.5357142857142857,0.3214285714285714,0.06223326756515951,0.0,0.0,0.0,0.0,0.0,0.0,0.0,0.0,0.0,0.0,0.0,0.0,0.0,0.0,0.0,0.0,0.0,0.0,0.0,0.0,stable,runaway
49,500,240,modular,6,0.08,0.004,0.12,15,15,0.72,0.22,True,static,1.0,False,False,1.0,default,default,0.3828666666666667,0.8166666666666667,0.1375,0.023304839745330916,0.3892,0.4708333333333333,0.15416666666666667,0.023160646699856104,0.22793333333333335,0.4166666666666667,0.12083333333333335,0.0208368263738347,0.6122812434112038,0.8423728135133584,0.15263861781255617,0.028092243822479962,0.6117621702052971,0.8423728135133584,0.15695637207767033,0.028487266075603417,0.12627330380683247,0.6298031209616742,0.24627541379092655,0.04515009921869572,0.12481666666666666,0.6708333333333333,0.26666666666666666,0.05104499376911401,2.0821260619082267,2.4111531684547627,0.2277730350599836,0.04239566706134496,1.0,1.0,0.0,0.0,0.26742857142857146,0.5357142857142857,0.35714285714285715,0.06648860574472557,0.0,0.0,0.0,0.0,0.0,0.0,0.0,0.0,0.0,0.0,0.0,0.0,0.0,0.0,0.0,0.0,0.0,0.0,0.0,0.0,stable,runaway
50,500,240,modular,6,0.08,0.004,0.12,15,15,0.72,0.22,True,static,1.0,False,False,1.0,default,default,0.3596333333333333,0.7833333333333333,0.125,0.02297895172156951,0.4085,0.49166666666666664,0.14999999999999997,0.023018108813135218,0.23186666666666667,0.4125,0.10416666666666666,0.02109670853737879,0.6516711534100864,0.8772702980964159,0.17117337839840063,0.028641417579082142,0.6524917351981302,0.8772702980964159,0.1696125813724132,0.02799075859122373,0.20670802124261553,0.689274433583851,0.3696170813466535,0.06195273039832512,0.2062,0.7375,0.425,0.06927224071252014,2.1527490155521574,2.446646645793559,0.2599432185278281,0.04218974341912793,1.0,1.0,0.0,0.0,0.181,0.42857142857142855,0.32142857142857145,0.06348083432446845,0.0,0.0,0.0,0.0,0.0,0.0,0.0,0.0,0.0,0.0,0.0,0.0,0.0,0.0,0.0,0.0,0.0,0.0,0.0,0.0,stable,runaway
1,500,240,modular,6,0.08,0.004,0.12,15,20,0.72,0.22,True,static,1.0,False,False,1.0,default,default,0.37631666666666674,0.8333333333333334,0.375,0.1099153828583101,0.40495,0.4875,0.16249999999999998,0.028677037852609534,0.21873333333333334,0.42916666666666664,0.3333333333333333,0.11507621146198915,0.6270118247349952,0.9281811433942703,0.47622553193102457,0.1681103297189818,0.6245861525553046,0.9281811433942703,0.47622553193102457,0.16891356310876024,0.3014815031229724,0.7381601227643366,0.6814005458545138,0.2521428930831344,0.30108333333333337,0.7541666666666667,0.7041666666666667,0.253920386144949,2.1137036926720287,2.5197321688832073,0.7013423760330666,0.23376904721167532,1.0,1.0,0.0,0.0,0.30114285714285716,0.5714285714285714,0.5714285714285714,0.13999533519925234,0.0,0.0,0.0,0.0,0.0,0.0,0.0,0.0,0.0,0.0,0.0,0.0,0.0,0.0,0.0,0.0,0.0,0.0,0.0,0.0,oscillatory,runaway
2,500,240,modular,6,0.08,0.004,0.12,15,20,0.72,0.22,True,static,1.0,False,False,1.0,default,default,0.3429499999999999,0.7875,0.24166666666666664,0.032417934850943235,0.37468333333333326,0.4666666666666667,0.16250000000000003,0.026298970195301058,0.28236666666666665,0.4125,0.23333333333333334,0.035639537969320914,0.6819994309660333,0.878656774920897,0.3456559400601312,0.04641768386955304,0.682237309981422,0.878656774920897,0.3456559400601312,0.04638683633806269,0.2547222266430366,0.7044050426119728,0.605768051740081,0.11452384800405281,0.25255,0.7583333333333333,0.6,0.11725783674355321,2.1916411697936673,2.4713126037784385,0.5054653355859717,0.0657955861099278,1.0,1.0,0.0,0.0,0.31157142857142855,0.6071428571428571,0.49999999999999994,0.0855342156146669,0.0,0.0,0.0,0.0,0.0,0.0,0.0,0.0,0.0,0.0,0.0,0.0,0.0,0.0,0.0,0.0,0.0,0.0,0.0,0.0,oscillatory,runaway
3,500,240,modular,6,0.08,0.004,0.12,15,20,0.72,0.22,True,static,1.0,False,False,1.0,default,default,0.38423333333333337,0.8,0.11249999999999999,0.022026398303449934,0.3706833333333334,0.4375,0.12083333333333335,0.021295989450285394,0.24508333333333332,0.375,0.11250000000000002,0.02052251473653049,0.6125304416328701,0.8121413822897966,0.14560909425631408,0.028098699617292756,0.6111033339215795,0.8121413822897966,0.1520741350578969,0.02860206656498747,0.08327260895260691,0.6328093913381496,0.23904945293762755,0.043170806597989685,0.08196666666666667,0.6291666666666667,0.2416666666666667,0.04448400461589162,2.1296242883175873,2.4173821254986043,0.21617767191475767,0.04142296870390948,1.0,1.0,0.0,0.0,0.346,0.5357142857142857,0.25,0.05286023156998702,0.0,0.0,0.0,0.0,0.0,0.0,0.0,0.0,0.0,0.0,0.0,0.0,0.0,0.0,0.0,0.0,0.0,0.0,0.0,0.0,stable,stable
4,500,240,modular,6,0.08,0.004,0.12,15,20,0.72,0.22,True,static,1.0,False,False,1.0,default,default,0.37133333333333335,0.7791666666666667,0.1375,0.024447222064411876,0.3793,0.48333333333333334,0.125,0.022903396157678356,0.24936666666666668,0.3875,0.12916666666666668,0.022019915228416904,0.6483770155356149,0.8279641699624049,0.18474047019353634,0.030722847513599508,0.647509894371536,0.8279641699624049,0.17088915305065477,0.029934316368030008,0.15230070858621264,0.6631090270657027,0.4156014115978793,0.06941418892515022,0.14931666666666665,0.6375,0.3875,0.07019134364166439,2.160861894062424,2.4065263578424245,0.23551593659031944,0.04602764290964332,1.0,1.0,0.0,0.0,0.29871428571428565,0.5,0.35714285714285715,0.06315982318931966,0.0,0.0,0.0,0.0,0.0,0.0,0.0,0.0,0.0,0.0,0.0,0.0,0.0,0.0,0.0,0.0,0.0,0.0,0.0,0.0,stable,oscillatory
5,500,240,modular,6,0.08,0.004,0.12,15,20,0.72,0.22,True,static,1.0,False,False,1.0,default,default,0.34248333333333336,0.7666666666666667,0.20416666666666666,0.02595321110511504,0.39775,0.48333333333333334,0.13749999999999996,0.02397350968604027,0.25976666666666665,0.4375,0.21250000000000002,0.025943871038155514,0.6608442791281081,0.8550955529713687,0.30930118551565067,0.03420051106304695,0.6605888651757086,0.8550955529713687,0.30930118551565067,0.033601352874085964,0.18371798408324685,0.684388727112489,0.5299964773521126,0.08151389281772048,0.18408333333333332,0.7291666666666666,0.5541666666666667,0.08574060525147283,2.165739331852872,2.400030427656144,0.43430094404006514,0.05056875725136598,1.0,1.0,0.0,0.0,0.283,0.5714285714285714,0.42857142857142855,0.0738018582809016,0.0,0.0,0.0,0.0,0.0,0.0,0.0,0.0,0.0,0.0,0.0,0.0,0.0,0.0,0.0,0.0,0.0,0.0,0.0,0.0,oscillatory,runaway
6,500,240,modular,6,0.08,0.004,0.12,15,20,0.72,0.22,True,static,1.0,False,False,1.0,default,default,0.37823333333333337,0.7958333333333333,0.125,0.020975276451628052,0.3898666666666667,0.4708333333333333,0.14166666666666666,0.02177432228821625,0.23189999999999997,0.36666666666666664,0.1375,0.01984736198535659,0.6177112704261495,0.7632150142392768,0.14524954820530878,0.025958718113463744,0.6175777868207504,0.7632150142392768,0.14524954820530878,0.02529642905642225,0.0908174541018643,0.5151030601373351,0.23987362653201028,0.04099795276934958,0.09038333333333333,0.5666666666666667,0.25416666666666665,0.04534840742027834,2.1106541768850136,2.305477033407772,0.240100410977935,0.03823214093009995,1.0,1.0,0.0,0.0,0.24571428571428572,0.4642857142857143,0.3928571428571429,0.06453918284615154,0.0,0.0,0.0,0.0,0.0,0.0,0.0,0.0,0.0,0.0,0.0,0.0,0.0,0.0,0.0,0.0,0.0,0.0,0.0,0.0,stable,oscillatory
7,500,240,modular,6,0.08,0.004,0.12,15,20,0.72,0.22,True,static,1.0,False,False,1.0,default,default,0.35925,0.8416666666666667,0.125,0.024405287450787294,0.4265,0.5,0.1291666666666667,0.023314873650383212,0.21425,0.3625,0.10833333333333331,0.019244227128616457,0.6455176576076377,0.8230117093183902,0.13567792343409057,0.028855091921483996,0.6459963824401648,0.8230117093183902,0.13567792343409057,0.028194215596046908,0.15082402492385388,0.6698052164278145,0.329211211761629,0.06724359917917475,0.1497,0.6708333333333333,0.33749999999999997,0.06960239459482219,2.1403888821328483,2.3535696588792687,0.21732605082000944,0.043430516758185156,1.0,1.0,0.0,0.0,0.22985714285714284,0.5357142857142857,0.4642857142857143,0.06668062778985348,0.0,0.0,0.0,0.0,0.0,0.0,0.0,0.0,0.0,0.0,0.0,0.0,0.0,0.0,0.0,0.0,0.0,0.0,0.0,0.0,stable,stable
8,500,240,modular,6,0.08,0.004,0.12,15,20,0.72,0.22,True,static,1.0,False,False,1.0,default,default,0.3718333333333333,0.8,0.11249999999999999,0.02275106835098324,0.3933166666666667,0.4583333333333333,0.12083333333333335,0.02239139839809524,0.23485,0.3875,0.12083333333333335,0.020442799601707088,0.635462734975841,0.8227008143992638,0.15513026902412397,0.028604582875228317,0.6361584024992503,0.8227008143992638,0.15513026902412397,0.028325138200905722,0.1279072265841361,0.6611481545631123,0.3177019348917767,0.05982166295271505,0.12840000000000001,0.6583333333333333,0.3833333333333333,0.0634502955075861,2.0906762492771884,2.3135769320274426,0.20516716971384974,0.04123375929988396,1.0,1.0,0.0,0.0,0.3161428571428571,0.5,0.3214285714285714,0.06544681592167578,0.0,0.0,0.0,0.0,0.0,0.0,0.0,0.0,0.0,0.0,0.0,0.0,0.0,0.0,0.0,0.0,0.0,0.0,0.0,0.0,stable,oscillatory
9,500,240,modular,6,0.08,0.004,0.12,15,20,0.72,0.22,True,static,1.0,False,False,1.0,default,default,0.32105,0.7583333333333333,0.27083333333333337,0.0358588320129551,0.42376666666666674,0.5083333333333333,0.1333333333333333,0.02630760346363766,0.2551833333333333,0.425,0.26666666666666666,0.035852820282681004,0.6829649306499405,0.8987171054380406,0.3625251407206459,0.05025165241839307,0.6805598782513723,0.8987171054380406,0.3625251407206459,0.05477626255997085,0.25857854794469853,0.7200133026814252,0.5918812270164409,0.10815174867799675,0.25770000000000004,0.7541666666666667,0.6291666666666667,0.11345404845624113,2.2263653903839886,2.5095735580147616,0.5314976169464718,0.0720280753370695,1.0,1.0,0.0,0.0,0.289,0.5357142857142857,0.5,0.07995164354860036,0.0,0.0,0.0,0.0,0.0,0.0,0.0,0.0,0.0,0.0,0.0,0.0,0.0,0.0,0.0,0.0,0.0,0.0,0.0,0.0,oscillatory,runaway
10,500,240,modular,6,0.08,0.004,0.12,15,20,0.72,0.22,True,static,1.0,False,False,1.0,default,default,0.3551333333333333,0.7875,0.1833333333333333,0.02615199163862414,0.38328333333333336,0.45,0.10833333333333334,0.02171942934589008,0.26158333333333333,0.4125,0.20416666666666666,0.0254608904880494,0.6770252039446389,0.8610704558436048,0.26568756189442627,0.035930892653862255,0.6769869701608768,0.8610704558436048,0.31507252893730764,0.037242960611556526,0.2381607265930927,0.708664436490902,0.4920752451886903,0.09820037212298463,0.2374166666666667,0.725,0.48333333333333334,0.10108195932014773,2.176073829975981,2.4394779057403704,0.36538176145865453,0.051548248895661654,1.0,1.0,0.0,0.0,0.31657142857142856,0.5357142857142857,0.4642857142857143,0.0817966617751056,0.0,0.0,0.0,0.0,0.0,0.0,0.0,0.0,0.0,0.0,0.0,0.0,0.0,0.0,0.0,0.0,0.0,0.0,0.0,0.0,oscillatory,runaway
11,500,240,modular,6,0.08,0.004,0.12,15,20,0.72,0.22,True,static,1.0,False,False,1.0,default,default,0.35395,0.8166666666666667,0.1375,0.024746385819167837,0.3829666666666667,0.45,0.1375,0.02359387867882496,0.2630833333333334,0.4041666666666667,0.13333333333333336,0.023294759782692187,0.6705720209583543,0.834839560440034,0.16395690852824885,0.032034586214836125,0.670528547243347,0.834839560440034,0.1693216213450247,0.032135793933931886,0.21241973151483826,0.6705578905802095,0.42647264597819573,0.09054139849874977,0.2137,0.7166666666666667,0.4583333333333333,0.09440135356845025,2.1687745819055078,2.3911077830907588,0.23283281446343373,0.0460118597455526,1.0,1.0,0.0,0.0,0.2697142857142857,0.5,0.4285714285714286,0.06997900559803488,0.0,0.0,0.0,0.0,0.0,0.0,0.0,0.0,0.0,0.0,0.0,0.0,0.0,0.0,0.0,0.0,0.0,0.0,0.0,0.0,stable,runaway
12,500,240,modular,6,0.08,0.004,0.12,15,20,0.72,0.22,True,static,1.0,False,False,1.0,default,default,0.33295,0.7708333333333334,0.14583333333333331,0.022868713465246694,0.4257833333333333,0.49583333333333335,0.14583333333333337,0.02237956036704524,0.24126666666666666,0.4166666666666667,0.11666666666666667,0.02104508388093418,0.669681523222533,0.849978471555573,0.18492598439285846,0.02886284798542827,0.6698725719035997,0.849978471555573,0.18492598439285846,0.028907432636655173,0.2096788162749473,0.6919444279520023,0.44549741302764806,0.08105672691621418,0.20883333333333334,0.7083333333333334,0.45833333333333337,0.08517808142682926,2.161497671493753,2.3564976092186636,0.257480379444861,0.04181334878168062,1.0,1.0,0.0,0.0,0.275,0.5357142857142857,0.35714285714285715,0.06595066183078353,0.0,0.0,0.0,0.0,0.0,0.0,0.0,0.0,0.0,0.0,0.0,0.0,0.0,0.0,0.0,0.0,0.0,0.0,0.0,0.0,stable,runaway
13,500,240,modular,6,0.08,0.004,0.12,15,20,0.72,0.22,True,static,1.0,False,False,1.0,default,default,0.36095,0.8291666666666667,0.15000000000000002,0.02400579212514254,0.4016333333333334,0.475,0.13749999999999996,0.025289413683287406,0.2374166666666667,0.4083333333333333,0.11666666666666667,0.022581488239509617,0.6530120621744627,0.8480940652726318,0.2008040332829979,0.0304792608099816,0.6545942027015456,0.8480940652726318,0.16910019284896793,0.029753283282299953,0.17024508092934126,0.6922669846964332,0.41267676566403494,0.07662530461422457,0.17138333333333333,0.7291666666666666,0.39166666666666666,0.07835400613738762,2.1744708191799353,2.431543247348942,0.2907233193548775,0.0445275366156791,1.0,1.0,0.0,0.0,0.2588571428571429,0.5357142857142857,0.3214285714285714,0.06375271102678934,0.0,0.0,0.0,0.0,0.0,0.0,0.0,0.0,0.0,0.0,0.0,0.0,0.0,0.0,0.0,0.0,0.0,0.0,0.0,0.0,stable,runaway
14,500,240,modular,6,0.08,0.004,0.12,15,20,0.72,0.22,True,static,1.0,False,False,1.0,default,default,0.34341666666666665,0.7708333333333334,0.14583333333333337,0.024566943689075818,0.3987833333333333,0.4625,0.11666666666666664,0.02523457174415907,0.2578,0.4083333333333333,0.11250000000000002,0.02265364822225722,0.665050262804604,0.8708489894535608,0.17795548425219665,0.03002542233372978,0.6649055101471459,0.8708489894535608,0.17795548425219665,0.03054100544962909,0.19528033833823946,0.7021267224216949,0.4324627048618373,0.08338563054714963,0.1962166666666667,0.6958333333333333,0.43333333333333335,0.08996561225762256,2.1575062037507595,2.3968867506849376,0.2553495707283697,0.04503254063449664,1.0,1.0,0.0,0.0,0.287,0.5357142857142857,0.39285714285714285,0.07130975832698538,0.0,0.0,0.0,0.0,0.0,0.0,0.0,0.0,0.0,0.0,0.0,0.0,0.0,0.0,0.0,0.0,0.0,0.0,0.0,0.0,stable,runaway
15,500,240,modular,6,0.08,0.004,0.12,15,20,0.72,0.22,True,static,1.0,False,False,1.0,default,default,0.34508333333333335,0.7791666666666667,0.10416666666666663,0.023521414592758753,0.3860333333333333,0.4666666666666667,0.14583333333333331,0.02559978298519128,0.2688833333333333,0.4166666666666667,0.11666666666666667,0.021769378340534516,0.6802644400828896,0.8461033784987165,0.13082493871123912,0.027955402934190382,0.6800987276926741,0.8461033784987165,0.13807515464246778,0.028541131455124512,0.2375622543893367,0.6824388831695318,0.39428048240469665,0.08850463149902071,0.23776666666666665,0.7333333333333333,0.4291666666666667,0.09451667107506015,2.2013997039722217,2.4213536534685374,0.19669881872560868,0.04142282283254284,1.0,1.0,0.0,0.0,0.2672857142857143,0.5357142857142857,0.4285714285714286,0.07043726402455809,0.0,0.0,0.0,0.0,0.0,0.0,0.0,0.0,0.0,0.0,0.0,0.0,0.0,0.0,0.0,0.0,0.0,0.0,0.0,0.0,stable,runaway
16,500,240,modular,6,0.08,0.004,0.12,15,20,0.72,0.22,True,static,1.0,False,False,1.0,default,default,0.36795,0.7875,0.20833333333333331,0.0362699025823524,0.3541,0.5333333333333333,0.20416666666666666,0.035912640919010363,0.27795,0.4583333333333333,0.2791666666666667,0.054538266382421804,0.6787332479917753,0.9123784171996612,0.3569175458434067,0.06675617982077753,0.6785656586933034,0.9123784171996612,0.366804320435786,0.06802082828736025,0.2709870520539557,0.7328495880108336,0.5932157674127211,0.1369251862340702,0.2735333333333333,0.7541666666666667,0.65,0.14139459757084857,2.2049134522223914,2.520447827500075,0.46368967619397794,0.08575527107745788,1.0,1.0,0.0,0.0,0.24485714285714283,0.5714285714285714,0.39285714285714285,0.0773547354855591,0.0,0.0,0.0,0.0,0.0,0.0,0.0,0.0,0.0,0.0,0.0,0.0,0.0,0.0,0.0,0.0,0.0,0.0,0.0,0.0,runaway,runaway
17,500,240,modular,6,0.08,0.004,0.12,15,20,0.72,0.22,True,static,1.0,False,False,1.0,default,default,0.38811666666666667,0.8166666666666667,0.10833333333333334,0.019245352974448432,0.41585,0.4791666666666667,0.11666666666666664,0.019353071820485988,0.19603333333333334,0.4375,0.10833333333333331,0.017077080156357723,0.5803285156325692,0.8442179574330004,0.11203298267066708,0.022751728844986625,0.5790566262329401,0.8442179574330004,0.1624563129415505,0.02355856835922196,0.044282364599785254,0.6656357500037646,0.10295120772897128,0.018730716495177286,0.04465000000000001,0.7041666666666667,0.14166666666666666,0.02546080320806867,2.1120651332289446,2.44438520978084,0.1679115526220447,0.03534480824798377,1.0,1.0,0.0,0.0,0.3038571428571428,0.5,0.32142857142857145,0.05470160240909264,0.0,0.0,0.0,0.0,0.0,0.0,0.0,0.0,0.0,0.0,0.0,0.0,0.0,0.0,0.0,0.0,0.0,0.0,0.0,0.0,stable,runaway
18,500,240,modular,6,0.08,0.004,0.12,15,20,0.72,0.22,True,static,1.0,False,False,1.0,default,default,0.40745000000000003,0.875,0.1333333333333333,0.021848220115657527,0.38180000000000003,0.48333333333333334,0.1166666666666667,0.021402466109202357,0.21075,0.3958333333333333,0.10416666666666669,0.017998649640706074,0.5842604248553154,0.8444156192835489,0.15041862916582183,0.026235010444442836,0.5846767457244535,0.8444156192835489,0.15041862916582183,0.026578617310388866,0.05252801887429744,0.6911343723794511,0.171982894613738,0.028032762557376373,0.05225,0.7333333333333333,0.20416666666666666,0.032676975414230466,2.0680811256728084,2.3945940949323394,0.23145113173159304,0.038751419861233684,1.0,1.0,0.0,0.0,0.14828571428571427,0.5,0.32142857142857145,0.05191358596902419,0.0,0.0,0.0,0.0,0.0,0.0,0.0,0.0,0.0,0.0,0.0,0.0,0.0,0.0,0.0,0.0,0.0,0.0,0.0,0.0,stable,stable
19,500,240,modular,6,0.08,0.004,0.12,15,20,0.72,0.22,True,static,1.0,False,False,1.0,default,default,0.3311666666666666,0.8166666666666667,0.14583333333333331,0.025511979756794867,0.42490000000000006,0.5166666666666667,0.16666666666666663,0.02581431558048535,0.24393333333333334,0.3625,0.15,0.022248620431638257,0.6651661783261114,0.7862004228757331,0.19288528287608198,0.029860607034566,0.6650819120076558,0.7862004228757331,0.19288528287608198,0.030392110429762708,0.19535173287723795,0.580827316739829,0.42188882351430007,0.0798857470471739,0.19561666666666666,0.5458333333333333,0.4166666666666667,0.08124736064089166,2.216778256808091,2.368210527984471,0.28469288033618545,0.04591966242568717,1.0,1.0,0.0,0.0,0.2394285714285714,0.4642857142857143,0.42857142857142855,0.06365147448474098,0.0,0.0,0.0,0.0,0.0,0.0,0.0,0.0,0.0,0.0,0.0,0.0,0.0,0.0,0.0,0.0,0.0,0.0,0.0,0.0,stable,oscillatory
20,500,240,modular,6,0.08,0.004,0.12,15,20,0.72,0.22,True,static,1.0,False,False,1.0,default,default,0.3539666666666667,0.7833333333333333,0.16250000000000003,0.02714086709496708,0.3885833333333334,0.4625,0.125,0.02522688711143992,0.25745,0.4166666666666667,0.20416666666666666,0.02477645051253307,0.6662952947902204,0.8662499516465604,0.27348553628029165,0.03604095910813999,0.666277231538815,0.8662499516465604,0.27348553628029165,0.03616465463399728,0.20536604940625147,0.707703430781934,0.47905526004012977,0.0958567961284266,0.20456666666666667,0.6833333333333333,0.5083333333333334,0.0982830719006189,2.1467465104934074,2.406358648711978,0.34913043928048415,0.050458526682520904,1.0,1.0,0.0,0.0,0.24757142857142855,0.4642857142857143,0.3571428571428571,0.06638800604731833,0.0,0.0,0.0,0.0,0.0,0.0,0.0,0.0,0.0,0.0,0.0,0.0,0.0,0.0,0.0,0.0,0.0,0.0,0.0,0.0,oscillatory,runaway
21,500,240,modular,6,0.08,0.004,0.12,15,20,0.72,0.22,True,static,1.0,False,False,1.0,default,default,0.40428333333333333,0.7958333333333333,0.14166666666666666,0.023313688158580904,0.38885000000000003,0.45416666666666666,0.11666666666666664,0.022439356546528295,0.20686666666666667,0.3333333333333333,0.11666666666666667,0.01955942512220416,0.5942044540886747,0.7630575977717579,0.17765697996746588,0.028244957483654406,0.5943544933745837,0.7630575977717579,0.17765697996746588,0.028404494304118535,0.06272504169113986,0.5216802738205207,0.23572985037299699,0.03383022109973695,0.06335,0.5208333333333334,0.27083333333333337,0.03822320775538222,2.068705135621669,2.307907182439183,0.2581995785681306,0.041408591214549,1.0,1.0,0.0,0.0,0.24328571428571427,0.5714285714285714,0.3571428571428571,0.05643146466362213,0.0,0.0,0.0,0.0,0.0,0.0,0.0,0.0,0.0,0.0,0.0,0.0,0.0,0.0,0.0,0.0,0.0,0.0,0.0,0.0,stable,stable
22,500,240,modular,6,0.08,0.004,0.12,15,20,0.72,0.22,True,static,1.0,False,False,1.0,default,default,0.3304666666666667,0.7583333333333333,0.26666666666666666,0.03310721640032242,0.39826666666666666,0.49583333333333335,0.15833333333333333,0.027490826752856225,0.27126666666666666,0.4041666666666667,0.2583333333333333,0.03607601542422457,0.6832644386912581,0.8805787074607033,0.37411924911127165,0.04944986838752492,0.6851872931617443,0.8805787074607033,0.3387540848727032,0.04617390661960205,0.2618926936824149,0.7008996973508999,0.529684820893274,0.1066718199604571,0.26131666666666664,0.7,0.5416666666666666,0.11200038318386832,2.224985079906599,2.4573037576566334,0.5502705248798845,0.06997798307311442,1.0,1.0,0.0,0.0,0.37942857142857145,0.6428571428571429,0.5,0.08477629626353858,0.0,0.0,0.0,0.0,0.0,0.0,0.0,0.0,0.0,0.0,0.0,0.0,0.0,0.0,0.0,0.0,0.0,0.0,0.0,0.0,oscillatory,runaway
23,500,240,modular,6,0.08,0.004,0.12,15,20,0.72,0.22,True,static,1.0,False,False,1.0,default,default,0.4017833333333333,0.8333333333333334,0.1166666666666667,0.021007941620042433,0.34419999999999995,0.4166666666666667,0.1291666666666667,0.02171402516552122,0.25401666666666667,0.42916666666666664,0.09999999999999998,0.018772534606588308,0.6215246568356461,0.8217638642963991,0.1639520551473539,0.025112280028131234,0.6212652192288736,0.8217638642963991,0.1639520551473539,0.025355455505704578,0.09620613101031776,0.6439455191862785,0.2623600035694566,0.04325718927113485,0.09673333333333334,0.6333333333333333,0.2916666666666667,0.047988957063057745,2.12496988633665,2.3876844311677377,0.23908887023685166,0.03821822882265894,1.0,1.0,0.0,0.0,0.21857142857142856,0.4642857142857143,0.25,0.05413512948998976,0.0,0.0,0.0,0.0,0.0,0.0,0.0,0.0,0.0,0.0,0.0,0.0,0.0,0.0,0.0,0.0,0.0,0.0,0.0,0.0,stable,runaway
24,500,240,modular,6,0.08,0.004,0.12,15,20,0.72,0.22,True,static,1.0,False,False,1.0,default,default,0.3411833333333333,0.8166666666666667,0.20416666666666666,0.02681940114502518,0.43620000000000003,0.5166666666666667,0.14999999999999997,0.027306979164878547,0.22261666666666668,0.3875,0.22499999999999998,0.023453861326253104,0.6686151124828472,0.840846680704187,0.28577193569439424,0.0319574763491498,0.666894202189438,0.840846680704187,0.28577193569439424,0.032173923226347344,0.20729366604523558,0.6962955764969168,0.5199438119995422,0.08754056846464031,0.20646666666666666,0.7458333333333333,0.5416666666666666,0.09142233498075474,2.17540935490797,2.3689279924657796,0.3959356045626299,0.04752724256379975,1.0,1.0,0.0,0.0,0.29842857142857143,0.5,0.4285714285714286,0.07563729238940274,0.0,0.0,0.0,0.0,0.0,0.0,0.0,0.0,0.0,0.0,0.0,0.0,0.0,0.0,0.0,0.0,0.0,0.0,0.0,0.0,oscillatory,oscillatory
25,500,240,modular,6,0.08,0.004,0.12,15,20,0.72,0.22,True,static,1.0,False,False,1.0,default,default,0.41345000000000004,0.775,0.11666666666666664,0.020065870692961885,0.41664999999999996,0.4875,0.1291666666666667,0.02139411263772245,0.1699,0.35833333333333334,0.1,0.018298178415714864,0.5661905750896915,0.7917091532770377,0.12385689580749082,0.02417279819849984,0.567088930987787,0.7917091532770377,0.12385689580749082,0.02397967758426014,0.03692055700155042,0.6032142089509013,0.0951346519173368,0.017021159505584395,0.03613333333333333,0.6375,0.125,0.02039046618179955,2.0325497550245215,2.3231600407323656,0.19565131325039586,0.036337454354818735,1.0,1.0,0.0,0.0,0.26657142857142857,0.5357142857142857,0.42857142857142855,0.06325265179566525,0.0,0.0,0.0,0.0,0.0,0.0,0.0,0.0,0.0,0.0,0.0,0.0,0.0,0.0,0.0,0.0,0.0,0.0,0.0,0.0,stable,stable
26,500,240,modular,6,0.08,0.004,0.12,15,20,0.72,0.22,True,static,1.0,False,False,1.0,default,default,0.3554666666666667,0.8375,0.25416666666666665,0.03601664738546453,0.36893333333333334,0.475,0.175,0.03052095819087089,0.2756,0.4083333333333333,0.2625,0.04367717430827635,0.6845888775086422,0.8487769143143492,0.35862582675483695,0.057078768090298215,0.6849882986790777,0.8487769143143492,0.35862582675483695,0.05722916887823378,0.27656791777352874,0.6918474498373778,0.583682772560806,0.1232145829420569,0.2766,0.7,0.6083333333333333,0.1272200455903078,2.164575462972937,2.3801463504541513,0.4845042579020369,0.07633140510611124,1.0,1.0,0.0,0.0,0.3578571428571428,0.6071428571428571,0.5714285714285714,0.09733437004386855,0.0,0.0,0.0,0.0,0.0,0.0,0.0,0.0,0.0,0.0,0.0,0.0,0.0,0.0,0.0,0.0,0.0,0.0,0.0,0.0,oscillatory,runaway
27,500,240,modular,6,0.08,0.004,0.12,15,20,0.72,0.22,True,static,1.0,False,False,1.0,default,default,0.3522166666666667,0.7833333333333333,0.12083333333333329,0.020870373738867257,0.43675,0.5,0.11666666666666664,0.02190081809735274,0.21103333333333332,0.3958333333333333,0.1,0.018784272381140794,0.6257246889999082,0.8623639467285085,0.14977549345302477,0.02543186855136747,0.6248310905385933,0.8623639467285085,0.1316078070533243,0.024729313758428337,0.10376368345908585,0.7020528064848198,0.21504789119259105,0.0434051429141831,0.10438333333333334,0.7125,0.2708333333333333,0.049584610627805795,2.1412769236315428,2.4614395467018615,0.2240539308106606,0.03793534191145527,1.0,1.0,0.0,0.0,0.3107142857142857,0.5,0.35714285714285715,0.06326571757601555,0.0,0.0,0.0,0.0,0.0,0.0,0.0,0.0,0.0,0.0,0.0,0.0,0.0,0.0,0.0,0.0,0.0,0.0,0.0,0.0,stable,stable
28,500,240,modular,6,0.08,0.004,0.12,15,20,0.72,0.22,True,static,1.0,False,False,1.0,default,default,0.40220000000000006,0.825,0.11249999999999999,0.020528273186023217,0.3729666666666667,0.45416666666666666,0.15416666666666667,0.02194447538675737,0.22483333333333333,0.38333333333333336,0.10000000000000003,0.018230011885167086,0.5984717936452915,0.8043548015194045,0.12579167169910266,0.024304181210811984,0.5981387654588288,0.8043548015194045,0.12579167169910266,0.02434321616976861,0.06452059630635808,0.6194698421945135,0.1596413489959757,0.029827037445893437,0.065,0.6416666666666667,0.17916666666666667,0.03527471552763474,2.0912723072085444,2.4041015502680505,0.19727272787893724,0.03713175515105333,1.0,1.0,0.0,0.0,0.27314285714285713,0.4642857142857143,0.35714285714285715,0.05683057527171695,0.0,0.0,0.0,0.0,0.0,0.0,0.0,0.0,0.0,0.0,0.0,0.0,0.0,0.0,0.0,0.0,0.0,0.0,0.0,0.0,stable,stable
29,500,240,modular,6,0.08,0.004,0.12,15,20,0.72,0.22,True,static,1.0,False,False,1.0,default,default,0.36698333333333333,0.7958333333333333,0.10833333333333334,0.021637088785488475,0.39443333333333336,0.4708333333333333,0.11249999999999999,0.02184506046379059,0.23858333333333331,0.38333333333333336,0.09583333333333335,0.01904690846888865,0.6509649222616896,0.8492833025942926,0.14304539849609788,0.027109679090456626,0.6509386087242786,0.8492833025942926,0.13804537523520788,0.026605678064358894,0.1607770302985847,0.6999166731457166,0.34635187710917115,0.06557142991695478,0.15981666666666666,0.7083333333333334,0.38333333333333336,0.07027886714131544,2.12330598878648,2.360004631629579,0.20166492711355088,0.03934839075298182,1.0,1.0,0.0,0.0,0.3417142857142858,0.5714285714285714,0.42857142857142855,0.065205483680752,0.0,0.0,0.0,0.0,0.0,0.0,0.0,0.0,0.0,0.0,0.0,0.0,0.0,0.0,0.0,0.0,0.0,0.0,0.0,0.0,stable,stable
30,500,240,modular,6,0.08,0.004,0.12,15,20,0.72,0.22,True,static,1.0,False,False,1.0,default,default,0.3522166666666667,0.8208333333333333,0.1333333333333333,0.024478227286940348,0.4064166666666667,0.5041666666666667,0.16249999999999998,0.026596391776997786,0.24136666666666667,0.3958333333333333,0.11666666666666664,0.022240328734580837,0.6598328986186718,0.8518605207680622,0.15614153092561278,0.028849251515479395,0.6597488467297906,0.8518605207680622,0.15614153092561278,0.029327427577264704,0.18212820883809014,0.6923459604497696,0.3912303314586722,0.0777706767573827,0.18059999999999996,0.6916666666666667,0.41250000000000003,0.08054950858530009,2.170680119550949,2.4395153005563035,0.22719730543804362,0.04332832548134362,1.0,1.0,0.0,0.0,0.3115714285714286,0.5,0.35714285714285715,0.06745958729763582,0.0,0.0,0.0,0.0,0.0,0.0,0.0,0.0,0.0,0.0,0.0,0.0,0.0,0.0,0.0,0.0,0.0,0.0,0.0,0.0,stable,stable
31,500,240,modular,6,0.08,0.004,0.12,15,20,0.72,0.22,True,static,1.0,False,False,1.0,default,default,0.38663333333333333,0.7791666666666667,0.3416666666666667,0.11909123020235836,0.4147833333333333,0.5041666666666667,0.175,0.02594588920554982,0.1985833333333333,0.4125,0.37083333333333335,0.13107835337012066,0.6009650470035894,0.8753250267046344,0.5207759979353241,0.19326035474927442,0.6216736932607345,0.8753250267046344,0.5207759979353241,0.1923417690379999,0.3283365170526081,0.7215405744703397,0.7119979764330644,0.30469183266074995,0.3257166666666667,0.775,0.7291666666666666,0.3030648541704124,2.071122085241592,2.424560788275699,0.7063092451676705,0.25593888709204066,1.0,1.0,0.0,0.0,0.22371428571428573,0.5357142857142857,0.4642857142857143,0.1303170388408396,0.0,0.0,0.0,0.0,0.0,0.0,0.0,0.0,0.0,0.0,0.0,0.0,0.0,0.0,0.0,0.0,0.0,0.0,0.0,0.0,oscillatory,runaway
32,500,240,modular,6,0.08,0.004,0.12,15,20,0.72,0.22,True,static,1.0,False,False,1.0,default,default,0.40135000000000004,0.8125,0.10833333333333334,0.020383060777681712,0.4037166666666667,0.4666666666666667,0.11666666666666664,0.021121480640439116,0.19493333333333335,0.3875,0.09166666666666667,0.017725405496066937,0.582584942452773,0.81289683086915,0.1337535174647846,0.02385801510018897,0.5830228798670712,0.81289683086915,0.1337535174647846,0.02396933126316784,0.048902137446126065,0.6354432079708034,0.14025366654354018,0.022658142054076746,0.048100000000000004,0.6291666666666667,0.16666666666666666,0.02662498826290821,2.066722654777167,2.3814201885922635,0.2101110879222785,0.03683894026191813,1.0,1.0,0.0,0.0,0.24999999999999997,0.4642857142857143,0.2857142857142857,0.055604287017224474,0.0,0.0,0.0,0.0,0.0,0.0,0.0,0.0,0.0,0.0,0.0,0.0,0.0,0.0,0.0,0.0,0.0,0.0,0.0,0.0,stable,stable
33,500,240,modular,6,0.08,0.004,0.12,15,20,0.72,0.22,True,static,1.0,False,False,1.0,default,default,0.35406666666666664,0.8333333333333334,0.3541666666666667,0.07985136191700176,0.4080166666666667,0.5041666666666667,0.19166666666666665,0.03340986630722527,0.2379166666666667,0.4375,0.4083333333333333,0.09931588912824238,0.6540049483076344,0.9256514804666104,0.5619629396614492,0.1331991687133084,0.6557676613751323,0.9256514804666104,0.5619629396614492,0.1327563743922029,0.29249794587216205,0.7294908888673481,0.7169360220175619,0.20707070171071457,0.2907166666666667,0.75,0.725,0.2075936876850225,2.1564731498330225,2.532481046204553,0.781171895564535,0.18220878452689365,1.0,1.0,0.0,0.0,0.22514285714285712,0.5357142857142857,0.5357142857142857,0.11497328882334863,0.0,0.0,0.0,0.0,0.0,0.0,0.0,0.0,0.0,0.0,0.0,0.0,0.0,0.0,0.0,0.0,0.0,0.0,0.0,0.0,oscillatory,runaway
34,500,240,modular,6,0.08,0.004,0.12,15,20,0.72,0.22,True,static,1.0,False,False,1.0,default,default,0.3518166666666667,0.8416666666666667,0.25,0.028246774643802746,0.4216666666666667,0.4875,0.1333333333333333,0.025690465157330256,0.22651666666666664,0.4166666666666667,0.1875,0.025687594282065417,0.6477146969160642,0.8600252731174272,0.32095594037860287,0.03667656455889605,0.6459189605267934,0.8600252731174272,0.32095594037860287,0.036594045127956956,0.15341538173618055,0.6986284339423826,0.5360923103174146,0.08313507243278093,0.15525,0.7166666666666667,0.525,0.08771723034843268,2.1580306040776875,2.4139515415982595,0.4598863434967795,0.05256329161666874,1.0,1.0,0.0,0.0,0.28428571428571425,0.6428571428571429,0.4285714285714286,0.077182529481372,0.0,0.0,0.0,0.0,0.0,0.0,0.0,0.0,0.0,0.0,0.0,0.0,0.0,0.0,0.0,0.0,0.0,0.0,0.0,0.0,oscillatory,runaway
35,500,240,modular,6,0.08,0.004,0.12,15,20,0.72,0.22,True,static,1.0,False,False,1.0,default,default,0.3792833333333333,0.8125,0.13333333333333336,0.024407996185221305,0.3451666666666666,0.425,0.125,0.024097026095903758,0.27554999999999996,0.4583333333333333,0.1166666666666667,0.02145836407764788,0.6395090759660736,0.908905390386243,0.16259047388998515,0.028380014332214598,0.638704497235186,0.908905390386243,0.16259047388998515,0.028271015755925166,0.12777022216675446,0.7008936242307077,0.36020314364716544,0.057053365120985404,0.12703333333333336,0.7,0.4041666666666667,0.060391353317801676,2.1508949556849912,2.5459319698557024,0.2618233727585828,0.04322176259244724,1.0,1.0,0.0,0.0,0.3008571428571429,0.5,0.39285714285714285,0.06795316514380492,0.0,0.0,0.0,0.0,0.0,0.0,0.0,0.0,0.0,0.0,0.0,0.0,0.0,0.0,0.0,0.0,0.0,0.0,0.0,0.0,runaway,runaway
36,500,240,modular,6,0.08,0.004,0.12,15,20,0.72,0.22,True,static,1.0,False,False,1.0,default,default,0.3647833333333333,0.75,0.15833333333333333,0.021733748717911814,0.39226666666666665,0.45,0.12916666666666665,0.02261209116085168,0.24295,0.43333333333333335,0.12916666666666668,0.02105430148713348,0.6231937957263094,0.8463761433867419,0.2021455235060967,0.027393185625735773,0.6238251257430054,0.8463761433867419,0.2021455235060967,0.026728595181152486,0.10071806581850948,0.6719137655844024,0.37710007730920364,0.04706423439291383,0.10019999999999998,0.6958333333333333,0.3208333333333333,0.0484376919351036,2.1314492698425003,2.4050171940741243,0.293702325113532,0.03998073369299655,1.0,1.0,0.0,0.0,0.33542857142857146,0.5,0.3214285714285714,0.06653156378435604,0.0,0.0,0.0,0.0,0.0,0.0,0.0,0.0,0.0,0.0,0.0,0.0,0.0,0.0,0.0,0.0,0.0,0.0,0.0,0.0,stable,runaway
37,500,240,modular,6,0.08,0.004,0.12,15,20,0.72,0.22,True,static,1.0,False,False,1.0,default,default,0.3635333333333334,0.7833333333333333,0.10833333333333334,0.02307990949337155,0.39368333333333333,0.475,0.13333333333333336,0.022525349917124234,0.24278333333333335,0.38333333333333336,0.12083333333333332,0.02073484051327888,0.6510032063985395,0.8232800971993084,0.14306552446601006,0.02848286649653749,0.6509438169216489,0.8232800971993084,0.14306552446601006,0.0285632427096477,0.1595592582930736,0.657123692530032,0.3486603809123664,0.06962516776653477,0.16005,0.6875,0.375,0.07067362583657986,2.128408416143426,2.347293760934402,0.21658732782388412,0.042153390565727554,1.0,1.0,0.0,0.0,0.36542857142857144,0.6785714285714286,0.3214285714285714,0.0654865619491386,0.0,0.0,0.0,0.0,0.0,0.0,0.0,0.0,0.0,0.0,0.0,0.0,0.0,0.0,0.0,0.0,0.0,0.0,0.0,0.0,stable,oscillatory
38,500,240,modular,6,0.08,0.004,0.12,15,20,0.72,0.22,True,static,1.0,False,False,1.0,default,default,0.33826666666666666,0.8208333333333333,0.1375,0.023516448144507988,0.42906666666666665,0.5166666666666667,0.14166666666666672,0.025168675416521673,0.23266666666666666,0.3958333333333333,0.1166666666666667,0.022125902367034784,0.6581554373180166,0.806964465061173,0.1720654650845782,0.028984269107639196,0.6592378678509296,0.806964465061173,0.1720654650845782,0.029149150960086637,0.18032192977142242,0.6293436374272321,0.4307729399839027,0.07488251068929377,0.17978333333333332,0.6708333333333333,0.4583333333333333,0.07898642815910423,2.1702873936478353,2.33170442612013,0.25333824896863,0.042058566334263095,1.0,1.0,0.0,0.0,0.263,0.4642857142857143,0.3214285714285714,0.06522629368402824,0.0,0.0,0.0,0.0,0.0,0.0,0.0,0.0,0.0,0.0,0.0,0.0,0.0,0.0,0.0,0.0,0.0,0.0,0.0,0.0,stable,stable
39,500,240,modular,6,0.08,0.004,0.12,15,20,0.72,0.22,True,static,1.0,False,False,1.0,default,default,0.3300333333333333,0.7916666666666666,0.1833333333333333,0.02736226111514422,0.41086666666666666,0.4791666666666667,0.125,0.02382456715241643,0.2591,0.4125,0.19583333333333333,0.026054877982187263,0.676473670875219,0.8288520046205393,0.2821499750263384,0.03574712130597493,0.6765341154330067,0.8288520046205393,0.27134465256697043,0.035540358587028156,0.2300729491173427,0.6584312399490347,0.4895522372456612,0.09282304261137066,0.22735,0.6833333333333333,0.49999999999999994,0.09504658068547231,2.183834812194699,2.366314633265928,0.3912956308625162,0.05171010662387294,1.0,1.0,0.0,0.0,0.2692857142857143,0.4642857142857143,0.35714285714285715,0.06910875782535283,0.0,0.0,0.0,0.0,0.0,0.0,0.0,0.0,0.0,0.0,0.0,0.0,0.0,0.0,0.0,0.0,0.0,0.0,0.0,0.0,oscillatory,runaway
40,500,240,modular,6,0.08,0.004,0.12,15,20,0.72,0.22,True,static,1.0,False,False,1.0,default,default,0.3862166666666667,0.7708333333333334,0.36250000000000004,0.12018656908693619,0.39413333333333334,0.4791666666666667,0.16250000000000003,0.027019005656512725,0.21965,0.4,0.35,0.13134159132244103,0.6166014357151491,0.8714428712986453,0.5154486177651336,0.18813377265740766,0.612500542750163,0.8714428712986453,0.5154486177651336,0.18800389409441615,0.30784871740950426,0.7116228381865051,0.6912766160445714,0.29302757186715356,0.3065666666666666,0.7333333333333333,0.7208333333333333,0.2928913640091,2.1017228002511645,2.4377803493129866,0.7223785992831055,0.2588400455964899,1.0,1.0,0.0,0.0,0.25157142857142856,0.5,0.5,0.11893481322101769,0.0,0.0,0.0,0.0,0.0,0.0,0.0,0.0,0.0,0.0,0.0,0.0,0.0,0.0,0.0,0.0,0.0,0.0,0.0,0.0,oscillatory,oscillatory
41,500,240,modular,6,0.08,0.004,0.12,15,20,0.72,0.22,True,static,1.0,False,False,1.0,default,default,0.3594,0.7875,0.14166666666666666,0.02326719197114732,0.36681666666666674,0.4375,0.14166666666666666,0.023907628954420012,0.2737833333333334,0.44583333333333336,0.10833333333333334,0.020079155858750634,0.6640300983259158,0.8791094808420735,0.1576941502892255,0.027128489190527037,0.6643218034254608,0.8791094808420735,0.1576941502892255,0.026659884700839066,0.18890992991550096,0.6994779487130686,0.40877509438733817,0.0734199034069405,0.18876666666666664,0.7541666666666667,0.44583333333333336,0.07689770260980927,2.1704127243456224,2.4675731777181458,0.24093166509275132,0.041491408506428254,1.0,1.0,0.0,0.0,0.2745714285714286,0.5,0.39285714285714285,0.06812593380749256,0.0,0.0,0.0,0.0,0.0,0.0,0.0,0.0,0.0,0.0,0.0,0.0,0.0,0.0,0.0,0.0,0.0,0.0,0.0,0.0,stable,runaway
42,500,240,modular,6,0.08,0.004,0.12,15,20,0.72,0.22,True,static,1.0,False,False,1.0,default,default,0.3535333333333333,0.7958333333333333,0.13333333333333336,0.024364454983985723,0.4118333333333334,0.4875,0.1375,0.023198419486393177,0.23463333333333333,0.38333333333333336,0.12916666666666665,0.019995944033172768,0.6337534793243885,0.8084521660181099,0.1517202645464819,0.028184049541710107,0.6338184379775452,0.8084521660181099,0.1517202645464819,0.027960323684789942,0.12005220438732579,0.6223442281231665,0.299449304552199,0.0565897677723345,0.11938333333333333,0.625,0.3416666666666666,0.059267943837007425,2.176893738299399,2.4254567999377716,0.2376064140760632,0.04346517652860259,1.0,1.0,0.0,0.0,0.20385714285714282,0.4642857142857143,0.35714285714285715,0.06034272862540427,0.0,0.0,0.0,0.0,0.0,0.0,0.0,0.0,0.0,0.0,0.0,0.0,0.0,0.0,0.0,0.0,0.0,0.0,0.0,0.0,stable,oscillatory
43,500,240,modular,6,0.08,0.004,0.12,15,20,0.72,0.22,True,static,1.0,False,False,1.0,default,default,0.34085000000000004,0.8208333333333333,0.25833333333333336,0.037933966749251695,0.3894166666666667,0.475,0.16666666666666669,0.02526264809731729,0.2697333333333333,0.4083333333333333,0.2583333333333333,0.03802829356033624,0.6788289301550405,0.8694362471587773,0.3636802065336444,0.05342171299050219,0.6787435364355091,0.8694362471587773,0.3636802065336444,0.05292363519010149,0.25374255662275036,0.7089521551609519,0.5921858494229897,0.11450539746933384,0.251,0.7458333333333333,0.6083333333333333,0.11709611436764245,2.2068879700659054,2.4427695816310386,0.529665001378558,0.0786312463650181,1.0,1.0,0.0,0.0,0.2911428571428571,0.5,0.39285714285714285,0.0769383532711848,0.0,0.0,0.0,0.0,0.0,0.0,0.0,0.0,0.0,0.0,0.0,0.0,0.0,0.0,0.0,0.0,0.0,0.0,0.0,0.0,oscillatory,runaway
44,500,240,modular,6,0.08,0.004,0.12,15,20,0.72,0.22,True,static,1.0,False,False,1.0,default,default,0.37185,0.8375,0.1375,0.023670357693396468,0.3888333333333333,0.4625,0.12083333333333335,0.023031379560166265,0.23931666666666665,0.4375,0.1333333333333333,0.020822457161013018,0.643381824821196,0.8388689672626221,0.18108668143405537,0.02855581878102576,0.6435401447339929,0.8388689672626221,0.18108668143405537,0.028874098703474734,0.1430200757408185,0.6791606239900303,0.4066956674811738,0.06502136066671028,0.14064999999999997,0.6916666666666667,0.45,0.07122056702011482,2.1534039676879586,2.3825289805886367,0.2641625276760755,0.04302597760532856,1.0,1.0,0.0,0.0,0.351,0.5357142857142857,0.3571428571428571,0.06938520103342628,0.0,0.0,0.0,0.0,0.0,0.0,0.0,0.0,0.0,0.0,0.0,0.0,0.0,0.0,0.0,0.0,0.0,0.0,0.0,0.0,stable,runaway
45,500,240,modular,6,0.08,0.004,0.12,15,20,0.72,0.22,True,static,1.0,False,False,1.0,default,default,0.3668666666666667,0.8125,0.21250000000000002,0.026304076574638475,0.37970000000000004,0.45416666666666666,0.1333333333333333,0.024537250593060885,0.25343333333333334,0.4166666666666667,0.19583333333333336,0.02587396804168665,0.6574718204901258,0.8693967021232101,0.27125773034849404,0.03536953982870032,0.6576668614010917,0.8693967021232101,0.27125773034849404,0.035640899295979314,0.18173116782992954,0.708216685616287,0.5033360897719703,0.08586025237695775,0.1811666666666667,0.7375,0.5125000000000001,0.08789608763888312,2.153520741223172,2.409741301685916,0.40911154137669725,0.051193553254745804,1.0,1.0,0.0,0.0,0.28642857142857137,0.5357142857142857,0.42857142857142855,0.07224179919562088,0.0,0.0,0.0,0.0,0.0,0.0,0.0,0.0,0.0,0.0,0.0,0.0,0.0,0.0,0.0,0.0,0.0,0.0,0.0,0.0,oscillatory,runaway
46,500,240,modular,6,0.08,0.004,0.12,15,20,0.72,0.22,True,static,1.0,False,False,1.0,default,default,0.3991166666666667,0.8125,0.13333333333333336,0.02252123072421517,0.3949333333333333,0.4666666666666667,0.13333333333333336,0.021785469163336065,0.20595,0.38333333333333336,0.10416666666666669,0.01994994430512972,0.5891368289359211,0.838258280778591,0.147233160430714,0.02748382757756421,0.5878910011321553,0.838258280778591,0.147233160430714,0.027628709262554934,0.05493225600819382,0.6709188863385929,0.15726376457877617,0.02866363629054946,0.05463333333333334,0.6666666666666666,0.1625,0.031299254517213874,2.0572920977171583,2.4081860875953778,0.23134368617855539,0.04068360793748217,1.0,1.0,0.0,0.0,0.3742857142857143,0.5714285714285714,0.3928571428571428,0.0654809522078048,0.0,0.0,0.0,0.0,0.0,0.0,0.0,0.0,0.0,0.0,0.0,0.0,0.0,0.0,0.0,0.0,0.0,0.0,0.0,0.0,stable,stable
47,500,240,modular,6,0.08,0.004,0.12,15,20,0.72,0.22,True,static,1.0,False,False,1.0,default,default,0.36688333333333334,0.8,0.15833333333333333,0.02473515828846776,0.38384999999999997,0.4583333333333333,0.1333333333333333,0.023545399409084854,0.2492666666666667,0.4041666666666667,0.15,0.02431314230799649,0.6463742780459295,0.8624453951675277,0.16409418793144426,0.033648193713859846,0.6474502376429998,0.8624453951675277,0.16409418793144426,0.033362556041650025,0.15438325276192955,0.6970193695369625,0.3777816760168752,0.07871635693719471,0.1553166666666667,0.7583333333333333,0.38749999999999996,0.08192813415833823,2.1381838387202152,2.427144088130243,0.24573458601425768,0.04759402601952892,1.0,1.0,0.0,0.0,0.2377142857142857,0.42857142857142855,0.39285714285714285,0.06633311113352865,0.0,0.0,0.0,0.0,0.0,0.0,0.0,0.0,0.0,0.0,0.0,0.0,0.0,0.0,0.0,0.0,0.0,0.0,0.0,0.0,stable,runaway
48,500,240,modular,6,0.08,0.004,0.12,15,20,0.72,0.22,True,static,1.0,False,False,1.0,default,default,0.37939999999999996,0.7791666666666667,0.1291666666666667,0.02079198563549587,0.3908833333333333,0.4708333333333333,0.11249999999999999,0.02100622262304408,0.22971666666666668,0.425,0.08750000000000002,0.017116114888866833,0.6047215353312528,0.8459474205386448,0.1342145592000552,0.024087053748411635,0.6043124578729564,0.8459474205386448,0.1342145592000552,0.02430979920165228,0.07135780797445737,0.673748850940067,0.18212679485338024,0.032377445458639666,0.07126666666666667,0.6791666666666667,0.2125,0.03735090360352745,2.143908801349665,2.4685778936643747,0.21090056235191135,0.036977899217474616,1.0,1.0,0.0,0.0,0.25757142857142856,0.5357142857142857,0.32142857142857145,0.05568515722069821,0.0,0.0,0.0,0.0,0.0,0.0,0.0,0.0,0.0,0.0,0.0,0.0,0.0,0.0,0.0,0.0,0.0,0.0,0.0,0.0,stable,runaway
49,500,240,modular,6,0.08,0.004,0.12,15,20,0.72,0.22,True,static,1.0,False,False,1.0,default,default,0.3439,0.8166666666666667,0.1375,0.024106499815056796,0.4096833333333333,0.48333333333333334,0.14583333333333331,0.024870157261710713,0.24641666666666662,0.4166666666666667,0.125,0.02203548274942031,0.6550841337378566,0.8405037054260739,0.1673831879193879,0.029057533567355718,0.6545361283393369,0.8405037054260739,0.1673831879193879,0.028967356315651987,0.16614196164301168,0.6700889155788687,0.39643187526865387,0.07029810225150904,0.16523333333333332,0.6791666666666667,0.425,0.07461029121746916,2.155805512180225,2.3929966943020036,0.22878781366260492,0.04361570459046602,1.0,1.0,0.0,0.0,0.18957142857142856,0.5357142857142857,0.32142857142857145,0.06256767764360673,0.0,0.0,0.0,0.0,0.0,0.0,0.0,0.0,0.0,0.0,0.0,0.0,0.0,0.0,0.0,0.0,0.0,0.0,0.0,0.0,stable,runaway
50,500,240,modular,6,0.08,0.004,0.12,15,20,0.72,0.22,True,static,1.0,False,False,1.0,default,default,0.34108333333333335,0.7833333333333333,0.22499999999999998,0.0323566282064261,0.40831666666666666,0.4791666666666667,0.1375,0.02533524663827495,0.2506,0.4125,0.21666666666666667,0.031575324402309965,0.6764689803068152,0.8772702980964159,0.31583240279691494,0.04424510069340963,0.6755572277835683,0.8772702980964159,0.3207937480627638,0.046115038481723755,0.24167582790130196,0.7232806164719664,0.5227663501438213,0.1051241576364525,0.24148333333333333,0.7416666666666667,0.5625,0.11326423015821603,2.1911993227536946,2.446646645793559,0.4789395985109559,0.06363823292867458,1.0,1.0,0.0,0.0,0.2732857142857143,0.4642857142857143,0.3928571428571429,0.07279843573111966,0.0,0.0,0.0,0.0,0.0,0.0,0.0,0.0,0.0,0.0,0.0,0.0,0.0,0.0,0.0,0.0,0.0,0.0,0.0,0.0,oscillatory,runaway
1,500,240,modular,6,0.08,0.004,0.12,15,30,0.72,0.22,True,static,1.0,False,False,1.0,default,default,0.3815,0.8333333333333334,0.3291666666666667,0.0987349144595433,0.38675,0.4875,0.175,0.03247744944145433,0.23175,0.42916666666666664,0.3416666666666667,0.11953465908355712,0.6350539085303185,0.9281811433942703,0.5004446666899384,0.16455825852275918,0.6335740491860778,0.9281811433942703,0.5004446666899384,0.16556224456495464,0.3332103475502117,0.748188383662504,0.7319014799193369,0.2676318585404093,0.33253333333333335,0.7791666666666667,0.7541666666666667,0.2688497597791996,2.1134726048930887,2.5197321688832073,0.6969632773104522,0.2229026670752432,1.0,1.0,0.0,0.0,0.23414285714285718,0.5714285714285714,0.4642857142857143,0.10526245139397708,0.0,0.0,0.0,0.0,0.0,0.0,0.0,0.0,0.0,0.0,0.0,0.0,0.0,0.0,0.0,0.0,0.0,0.0,0.0,0.0,oscillatory,runaway
2,500,240,modular,6,0.08,0.004,0.12,15,30,0.72,0.22,True,static,1.0,False,False,1.0,default,default,0.3479833333333333,0.7875,0.2708333333333333,0.048943303366696084,0.3794166666666666,0.5125,0.2041666666666666,0.03613449029513061,0.2726,0.4125,0.3333333333333333,0.07248901066138692,0.6738265120877818,0.878656774920897,0.4069273331625579,0.08870226037507212,0.6720088138567385,0.878656774920897,0.40104693353993237,0.08927966625546767,0.255909286291821,0.7276652164522412,0.6399482889850023,0.1841234376682425,0.25595,0.75,0.6833333333333333,0.18570945123438864,2.1682741900078053,2.4713126037784385,0.5482400147263178,0.11211543643259371,1.0,1.0,0.0,0.0,0.24357142857142858,0.5357142857142857,0.5357142857142857,0.09617426784706172,0.0,0.0,0.0,0.0,0.0,0.0,0.0,0.0,0.0,0.0,0.0,0.0,0.0,0.0,0.0,0.0,0.0,0.0,0.0,0.0,oscillatory,runaway
3,500,240,modular,6,0.08,0.004,0.12,15,30,0.72,0.22,True,static,1.0,False,False,1.0,default,default,0.35481666666666667,0.8,0.10833333333333334,0.023065299814993855,0.38791666666666663,0.4625,0.13333333333333336,0.022277448736833003,0.25726666666666664,0.375,0.10416666666666666,0.01953916295261619,0.6622933681399149,0.8121413822897966,0.13774357769378698,0.027186521894940426,0.6628779853389201,0.8121413822897966,0.13774357769378698,0.027125560967566385,0.1317645726632489,0.6895675430301857,0.4418946656084355,0.08086265634871947,0.1313666666666667,0.7083333333333334,0.42083333333333334,0.08313154903190752,2.1775798546994123,2.4173821254986043,0.19725445767307148,0.04151660023256501,1.0,1.0,0.0,0.0,0.3325714285714286,0.5714285714285714,0.35714285714285715,0.06584087186667006,0.0,0.0,0.0,0.0,0.0,0.0,0.0,0.0,0.0,0.0,0.0,0.0,0.0,0.0,0.0,0.0,0.0,0.0,0.0,0.0,stable,stable
4,500,240,modular,6,0.08,0.004,0.12,15,30,0.72,0.22,True,static,1.0,False,False,1.0,default,default,0.354,0.7791666666666667,0.13749999999999996,0.023463328361035603,0.3929666666666667,0.5208333333333334,0.15833333333333333,0.023775080324668612,0.2530333333333333,0.3875,0.12499999999999997,0.02309627194544128,0.6738529940351848,0.8279641699624049,0.17992956548487826,0.032093055493489286,0.6723688953881326,0.8279641699624049,0.27740602314280555,0.03436412408270957,0.17246484916564975,0.7117327705048013,0.5161332134984357,0.113174270742148,0.17181666666666667,0.7291666666666666,0.575,0.11648410597349512,2.186400341628182,2.4065263578424245,0.25443725882838786,0.044640195110730536,1.0,1.0,0.0,0.0,0.2987142857142857,0.5714285714285714,0.42857142857142855,0.07220563039835945,0.0,0.0,0.0,0.0,0.0,0.0,0.0,0.0,0.0,0.0,0.0,0.0,0.0,0.0,0.0,0.0,0.0,0.0,0.0,0.0,stable,oscillatory
5,500,240,modular,6,0.08,0.004,0.12,15,30,0.72,0.22,True,static,1.0,False,False,1.0,default,default,0.34841666666666665,0.7666666666666667,0.28750000000000003,0.06115945688662275,0.37915000000000004,0.4625,0.16250000000000003,0.025724226583773775,0.27243333333333336,0.4375,0.3125,0.06509988905947195,0.6664523080351116,0.8550955529713687,0.4120591082701889,0.09171791421201887,0.6673363070445875,0.8550955529713687,0.4120591082701889,0.09097782722244298,0.24128874097623146,0.7178251872906203,0.6425373496801442,0.1828847218017425,0.2417833333333333,0.7666666666666667,0.6333333333333333,0.18427726769433306,2.166951555104542,2.400030427656144,0.5909078620396648,0.12972893319474207,1.0,1.0,0.0,0.0,0.2708571428571429,0.5714285714285714,0.39285714285714285,0.07827007142984255,0.0,0.0,0.0,0.0,0.0,0.0,0.0,0.0,0.0,0.0,0.0,0.0,0.0,0.0,0.0,0.0,0.0,0.0,0.0,0.0,oscillatory,runaway
6,500,240,modular,6,0.08,0.004,0.12,15,30,0.72,0.22,True,static,1.0,False,False,1.0,default,default,0.3700666666666667,0.7958333333333333,0.10833333333333334,0.019549680304291425,0.39321666666666666,0.4583333333333333,0.11249999999999999,0.02077057881823336,0.23671666666666666,0.36666666666666664,0.09999999999999998,0.017997229725093187,0.6238050461091198,0.7494038995565242,0.12654874760864243,0.023626502569458353,0.6238394235393894,0.7494038995565242,0.12654874760864243,0.02316443260167426,0.04707625676640369,0.5178137325456212,0.23503714087770247,0.03304934376619971,0.046799999999999994,0.5583333333333333,0.2875,0.03685985470520589,2.1237169649723957,2.269578853684357,0.19134824676767348,0.03522357776958278,1.0,1.0,0.0,0.0,0.17328571428571427,0.35714285714285715,0.25,0.05390486707040053,0.0,0.0,0.0,0.0,0.0,0.0,0.0,0.0,0.0,0.0,0.0,0.0,0.0,0.0,0.0,0.0,0.0,0.0,0.0,0.0,stable,stable
7,500,240,modular,6,0.08,0.004,0.12,15,30,0.72,0.22,True,static,1.0,False,False,1.0,default,default,0.34291666666666665,0.8416666666666667,0.15416666666666667,0.02276769763405065,0.4490166666666667,0.5208333333333334,0.14583333333333337,0.024865018935578284,0.20806666666666665,0.3625,0.11666666666666664,0.02145242799001238,0.6533280787223623,0.8230117093183902,0.15660256390729776,0.027734972976390805,0.6529705407413774,0.8230117093183902,0.15660256390729776,0.027339180486653996,0.10817810786993803,0.7223000399869092,0.3980041102033964,0.07537579449688762,0.10704999999999999,0.7291666666666666,0.4416666666666667,0.07733283225412377,2.1587629645293154,2.3535696588792687,0.24311150214471144,0.041274402769392426,1.0,1.0,0.0,0.0,0.20857142857142855,0.5,0.3214285714285714,0.062743403588565,0.0,0.0,0.0,0.0,0.0,0.0,0.0,0.0,0.0,0.0,0.0,0.0,0.0,0.0,0.0,0.0,0.0,0.0,0.0,0.0,stable,stable
8,500,240,modular,6,0.08,0.004,0.12,15,30,0.72,0.22,True,static,1.0,False,False,1.0,default,default,0.35420000000000007,0.8,0.1333333333333333,0.025964698256585914,0.4106833333333333,0.49583333333333335,0.1333333333333333,0.024197503314736142,0.23511666666666667,0.3875,0.14166666666666666,0.021649358471377902,0.6544295494475616,0.8227008143992638,0.18959882978351272,0.031590349990457636,0.65415339380985,0.8227008143992638,0.18959882978351272,0.03155520505551362,0.11514615578067632,0.713176352018379,0.47074881067111995,0.08277096946128538,0.11591666666666667,0.7375,0.49166666666666664,0.08438128577409146,2.1169265542752282,2.3135769320274426,0.2893271930251551,0.045864357725584746,1.0,1.0,0.0,0.0,0.3378571428571429,0.5357142857142857,0.35714285714285715,0.06851560227497122,0.0,0.0,0.0,0.0,0.0,0.0,0.0,0.0,0.0,0.0,0.0,0.0,0.0,0.0,0.0,0.0,0.0,0.0,0.0,0.0,stable,oscillatory
9,500,240,modular,6,0.08,0.004,0.12,15,30,0.72,0.22,True,static,1.0,False,False,1.0,default,default,0.3305333333333333,0.7583333333333333,0.2958333333333334,0.05220359715149479,0.41023333333333334,0.4875,0.15416666666666667,0.025166136859765435,0.25923333333333337,0.425,0.2833333333333333,0.05531245590079849,0.6837345272947707,0.8987171054380406,0.4270048483191241,0.07702402087499301,0.6811299799615558,0.8987171054380406,0.4270048483191241,0.08045883112005821,0.26994190747088537,0.7367399482460268,0.6711624976353757,0.16219010608762724,0.2712,0.7583333333333333,0.6916666666666667,0.16737434424400627,2.2111583528102363,2.5095735580147616,0.5901694429039743,0.10696335122276619,1.0,1.0,0.0,0.0,0.2292857142857143,0.5357142857142857,0.39285714285714285,0.07088723439378912,0.0,0.0,0.0,0.0,0.0,0.0,0.0,0.0,0.0,0.0,0.0,0.0,0.0,0.0,0.0,0.0,0.0,0.0,0.0,0.0,oscillatory,runaway
10,500,240,modular,6,0.08,0.004,0.12,15,30,0.72,0.22,True,static,1.0,False,False,1.0,default,default,0.4143166666666667,0.7875,0.3916666666666667,0.13255645443022046,0.38965000000000005,0.49166666666666664,0.1875,0.03422194309049223,0.19603333333333334,0.43333333333333335,0.425,0.15498463723149394,0.5830059957933583,0.8785623818399737,0.571662481049667,0.21662085712217832,0.6007259157323592,0.8785623818399737,0.571662481049667,0.21733484174382464,0.34438876719146033,0.744448928609795,0.7444458144849908,0.3325686747550458,0.3447833333333334,0.7958333333333333,0.7958333333333333,0.3340647313354438,2.040741460205353,2.456216226062443,0.8240009211028492,0.29967511256390833,1.0,1.0,0.0,0.0,0.2461428571428571,0.6071428571428571,0.6071428571428571,0.20200631430826158,0.0,0.0,0.0,0.0,0.0,0.0,0.0,0.0,0.0,0.0,0.0,0.0,0.0,0.0,0.0,0.0,0.0,0.0,0.0,0.0,oscillatory,runaway
11,500,240,modular,6,0.08,0.004,0.12,15,30,0.72,0.22,True,static,1.0,False,False,1.0,default,default,0.3677833333333333,0.8166666666666667,0.125,0.021665134561215067,0.3804666666666666,0.4625,0.1375,0.0231985152781619,0.25175,0.4041666666666667,0.12500000000000003,0.020225980267412947,0.6521332528110679,0.834839560440034,0.16220446651155007,0.026398842071442056,0.6519930677803493,0.834839560440034,0.16220446651155007,0.027124969460707547,0.10300369440869502,0.7151896281868139,0.36508322048043973,0.07086307510110999,0.10144999999999998,0.7208333333333333,0.4,0.07226144853547045,2.139631122666871,2.3911077830907588,0.21809008016374598,0.03909534031574198,1.0,1.0,0.0,0.0,0.42014285714285715,0.6428571428571429,0.4642857142857143,0.0741989878362122,0.0,0.0,0.0,0.0,0.0,0.0,0.0,0.0,0.0,0.0,0.0,0.0,0.0,0.0,0.0,0.0,0.0,0.0,0.0,0.0,stable,runaway
12,500,240,modular,6,0.08,0.004,0.12,15,30,0.72,0.22,True,static,1.0,False,False,1.0,default,default,0.31621666666666665,0.7708333333333334,0.3166666666666667,0.04087759845631291,0.4387166666666667,0.5166666666666667,0.16666666666666663,0.03002739952480438,0.24506666666666665,0.4166666666666667,0.21666666666666667,0.032924087771046225,0.6821182220379298,0.849978471555573,0.39558624961267297,0.051049882871799186,0.6810355772208355,0.849978471555573,0.39558624961267297,0.05232227011282739,0.22639583496680246,0.7286019256434847,0.6440657662573529,0.14271032657798363,0.22418333333333335,0.7791666666666667,0.65,0.14174296866746747,2.1921582175657095,2.3564976092186636,0.588024842945065,0.0766055251878837,1.0,1.0,0.0,0.0,0.27885714285714286,0.5357142857142857,0.5357142857142857,0.07840189502082934,0.0,0.0,0.0,0.0,0.0,0.0,0.0,0.0,0.0,0.0,0.0,0.0,0.0,0.0,0.0,0.0,0.0,0.0,0.0,0.0,oscillatory,runaway
13,500,240,modular,6,0.08,0.004,0.12,15,30,0.72,0.22,True,static,1.0,False,False,1.0,default,default,0.35586666666666666,0.8291666666666667,0.12083333333333335,0.02324444975568242,0.40576666666666666,0.4666666666666667,0.11249999999999999,0.022241003174817052,0.23836666666666667,0.4083333333333333,0.10833333333333336,0.02022646780829515,0.657233698987473,0.8480940652726318,0.1541265942600175,0.028076963353073223,0.657252932580679,0.8480940652726318,0.1541265942600175,0.02778165335882899,0.1185666598109141,0.7300350545998054,0.39186291666865924,0.07795965915321558,0.11663333333333332,0.7333333333333333,0.39166666666666666,0.07935328180569053,2.1827181262610758,2.431543247348942,0.22900510293467224,0.0431484029993772,1.0,1.0,0.0,0.0,0.22457142857142856,0.5357142857142857,0.3571428571428571,0.06158054291175194,0.0,0.0,0.0,0.0,0.0,0.0,0.0,0.0,0.0,0.0,0.0,0.0,0.0,0.0,0.0,0.0,0.0,0.0,0.0,0.0,stable,runaway
14,500,240,modular,6,0.08,0.004,0.12,15,30,0.72,0.22,True,static,1.0,False,False,1.0,default,default,0.34778333333333333,0.7708333333333334,0.14999999999999997,0.02295866454691513,0.41635,0.4875,0.1375,0.023616666666666668,0.23586666666666664,0.4083333333333333,0.11250000000000002,0.020882581790148035,0.6542579993476555,0.8708489894535608,0.1737348074495223,0.027300918621367243,0.654391476760992,0.8708489894535608,0.15745731110879546,0.02698938310214616,0.10856596050172095,0.7286044901202721,0.5062760340601611,0.07740533108400592,0.10888333333333335,0.7458333333333333,0.5375000000000001,0.07925461956392335,2.1276274568624762,2.3968867506849376,0.28268004793931345,0.041074651451198256,1.0,1.0,0.0,0.0,0.2834285714285714,0.5357142857142857,0.32142857142857145,0.06271802787403447,0.0,0.0,0.0,0.0,0.0,0.0,0.0,0.0,0.0,0.0,0.0,0.0,0.0,0.0,0.0,0.0,0.0,0.0,0.0,0.0,stable,runaway
15,500,240,modular,6,0.08,0.004,0.12,15,30,0.72,0.22,True,static,1.0,False,False,1.0,default,default,0.35445,0.7791666666666667,0.23333333333333328,0.030770029610356603,0.36495,0.4583333333333333,0.1375,0.024569295426970998,0.28059999999999996,0.4166666666666667,0.2666666666666667,0.03226239641164652,0.6822962443646616,0.8461033784987165,0.3791489091789863,0.04451170935023222,0.681964544704628,0.8461033784987165,0.3791489091789863,0.04451198843325646,0.21561364850194648,0.720833811750352,0.6650198659958273,0.12898845975408615,0.21555000000000002,0.7416666666666667,0.65,0.13073431603404245,2.1948183550795246,2.4213536534685374,0.5025839936271881,0.06192736048040897,1.0,1.0,0.0,0.0,0.34857142857142853,0.6071428571428571,0.5714285714285714,0.07764387566686395,0.0,0.0,0.0,0.0,0.0,0.0,0.0,0.0,0.0,0.0,0.0,0.0,0.0,0.0,0.0,0.0,0.0,0.0,0.0,0.0,oscillatory,runaway
16,500,240,modular,6,0.08,0.004,0.12,15,30,0.72,0.22,True,static,1.0,False,False,1.0,default,default,0.3952666666666667,0.7875,0.3583333333333334,0.13010235713980486,0.38109999999999994,0.5125,0.23333333333333328,0.05644575567155899,0.22363333333333332,0.4583333333333333,0.44999999999999996,0.18015022743378492,0.6177007661980777,0.9123784171996612,0.5775522920919274,0.23660045885877592,0.6116149167760634,0.9123784171996612,0.5775522920919274,0.23739963455471483,0.3570473129603329,0.7461577166942442,0.7459128539194505,0.3632777326786693,0.3569333333333333,0.8041666666666667,0.8041666666666667,0.363653507247398,2.128036996100115,2.526751818156213,0.8013738456929222,0.31756768517108924,1.0,1.0,0.0,0.0,0.20928571428571427,0.5714285714285714,0.5357142857142857,0.15888803656432193,0.0,0.0,0.0,0.0,0.0,0.0,0.0,0.0,0.0,0.0,0.0,0.0,0.0,0.0,0.0,0.0,0.0,0.0,0.0,0.0,runaway,runaway
17,500,240,modular,6,0.08,0.004,0.12,15,30,0.72,0.22,True,static,1.0,False,False,1.0,default,default,0.37201666666666666,0.8166666666666667,0.125,0.02192606895911805,0.3925,0.45416666666666666,0.10833333333333334,0.020959617256895595,0.23548333333333332,0.4375,0.10416666666666666,0.019069383547689445,0.6188017457756883,0.8442179574330004,0.1619082709143349,0.02675246878419958,0.6173757246214286,0.8442179574330004,0.14596083664613935,0.025806307525464648,0.04063167289924623,0.7041818730602827,0.20218445543244437,0.03285862381655755,0.04111666666666667,0.7541666666666667,0.21666666666666667,0.03506011107924344,2.1651747603404377,2.44438520978084,0.2268181832633882,0.041193336009868936,1.0,1.0,0.0,0.0,0.4158571428571428,0.5714285714285714,0.3571428571428571,0.06425856569599202,0.0,0.0,0.0,0.0,0.0,0.0,0.0,0.0,0.0,0.0,0.0,0.0,0.0,0.0,0.0,0.0,0.0,0.0,0.0,0.0,stable,runaway
18,500,240,modular,6,0.08,0.004,0.12,15,30,0.72,0.22,True,static,1.0,False,False,1.0,default,default,0.35938333333333333,0.875,0.12083333333333335,0.020981347536429693,0.4068333333333333,0.49583333333333335,0.15000000000000002,0.0244489263567953,0.23378333333333334,0.3958333333333333,0.12500000000000003,0.020659414049989146,0.6419641278613839,0.8444156192835489,0.1387189873975987,0.025897107770204562,0.6427390188144269,0.8444156192835489,0.15745541274756314,0.026177738894291397,0.08257876156145125,0.7310366866659178,0.4266390283283805,0.060134471721913885,0.08083333333333333,0.7708333333333334,0.45416666666666666,0.0609280085200741,2.1479255977661773,2.3945940949323394,0.20328650507804102,0.037712016500044555,1.0,1.0,0.0,0.0,0.257,0.5357142857142857,0.35714285714285715,0.06667756713605913,0.0,0.0,0.0,0.0,0.0,0.0,0.0,0.0,0.0,0.0,0.0,0.0,0.0,0.0,0.0,0.0,0.0,0.0,0.0,0.0,stable,oscillatory
19,500,240,modular,6,0.08,0.004,0.12,15,30,0.72,0.22,True,static,1.0,False,False,1.0,default,default,0.32465,0.8166666666666667,0.1375,0.022603521112133537,0.4169,0.4875,0.14583333333333331,0.02485124633583685,0.25845,0.3625,0.12916666666666665,0.019798996888170318,0.6792192772440819,0.7920611501724034,0.16153136376021937,0.025328655220766334,0.6795722139740397,0.7920611501724034,0.1692720759721006,0.026742572837885517,0.18791774717503254,0.6594538824160776,0.506816871784646,0.09947186378076513,0.18761666666666668,0.6833333333333333,0.49166666666666664,0.09877401395778818,2.2364957756958366,2.37453358192908,0.2370352466304011,0.0397699103379055,1.0,1.0,0.0,0.0,0.2857142857142857,0.4642857142857143,0.3928571428571429,0.061195571401725414,0.0,0.0,0.0,0.0,0.0,0.0,0.0,0.0,0.0,0.0,0.0,0.0,0.0,0.0,0.0,0.0,0.0,0.0,0.0,0.0,stable,oscillatory
20,500,240,modular,6,0.08,0.004,0.12,15,30,0.72,0.22,True,static,1.0,False,False,1.0,default,default,0.3506666666666666,0.7833333333333333,0.2458333333333333,0.03297263174883746,0.3860166666666667,0.48333333333333334,0.13749999999999996,0.025464185088516424,0.26331666666666664,0.4166666666666667,0.26666666666666666,0.0384322961698737,0.6800639366176257,0.8662499516465604,0.39931778184478683,0.054366652755657455,0.6805425876665748,0.8662499516465604,0.4019648490285733,0.05501848020734982,0.22605135998016856,0.7365258213231214,0.6253733489060774,0.13897733282354569,0.2260833333333333,0.7291666666666666,0.65,0.14265491092532046,2.160033365450885,2.406358648711978,0.5118760546345751,0.06901123740950398,1.0,1.0,0.0,0.0,0.30357142857142855,0.5357142857142857,0.4285714285714286,0.07527161700488845,0.0,0.0,0.0,0.0,0.0,0.0,0.0,0.0,0.0,0.0,0.0,0.0,0.0,0.0,0.0,0.0,0.0,0.0,0.0,0.0,oscillatory,runaway
21,500,240,modular,6,0.08,0.004,0.12,15,30,0.72,0.22,True,static,1.0,False,False,1.0,default,default,0.3660333333333333,0.7958333333333333,0.10000000000000003,0.020197332057037196,0.4254833333333333,0.48333333333333334,0.12083333333333335,0.021071366827996707,0.2084833333333333,0.3375,0.10416666666666669,0.01815189766632924,0.6176658068920358,0.7630575977717579,0.1205618696780073,0.02468631164787913,0.6165696978263708,0.7630575977717579,0.1205618696780073,0.02474696746686897,0.04010396264392814,0.5821964426026739,0.18381222267148536,0.02933661236034723,0.03971666666666667,0.5916666666666667,0.19166666666666668,0.03100878459763011,2.1229408717166924,2.307907182439183,0.17401596969881883,0.03637179435011591,1.0,1.0,0.0,0.0,0.19757142857142856,0.42857142857142855,0.3214285714285714,0.0630938724021111,0.0,0.0,0.0,0.0,0.0,0.0,0.0,0.0,0.0,0.0,0.0,0.0,0.0,0.0,0.0,0.0,0.0,0.0,0.0,0.0,stable,stable
22,500,240,modular,6,0.08,0.004,0.12,15,30,0.72,0.22,True,static,1.0,False,False,1.0,default,default,0.32598333333333335,0.7583333333333333,0.2666666666666667,0.03323012772904867,0.39255,0.4666666666666667,0.14166666666666666,0.02519336883652786,0.28146666666666664,0.4041666666666667,0.26249999999999996,0.03452235990388451,0.6892515793977013,0.8805787074607033,0.381871637438194,0.04654043080630369,0.6894469496245236,0.8805787074607033,0.381871637438194,0.04643190397509031,0.2456880032724746,0.7232910922107538,0.6452356938997493,0.1309872172349759,0.24563333333333331,0.7666666666666667,0.65,0.13529120444433926,2.2358769921175683,2.4573037576566334,0.5431820366237572,0.06813747096183616,1.0,1.0,0.0,0.0,0.31614285714285717,0.6428571428571429,0.42857142857142855,0.08048082545119752,0.0,0.0,0.0,0.0,0.0,0.0,0.0,0.0,0.0,0.0,0.0,0.0,0.0,0.0,0.0,0.0,0.0,0.0,0.0,0.0,oscillatory,runaway
23,500,240,modular,6,0.08,0.004,0.12,15,30,0.72,0.22,True,static,1.0,False,False,1.0,default,default,0.37904999999999994,0.8333333333333334,0.12083333333333335,0.01984104191932582,0.38295,0.43333333333333335,0.10833333333333334,0.020697698476454387,0.238,0.43333333333333335,0.10416666666666669,0.020626304672539977,0.6249722843584992,0.81687312814703,0.1451905302642429,0.025491168210399377,0.62435479480503,0.81687312814703,0.14308630169097325,0.024840097823591516,0.04877112678346014,0.6903239898053114,0.21663303051789717,0.03648319830037745,0.04853333333333333,0.6916666666666667,0.25416666666666665,0.04140503190032181,2.144297923373709,2.3876844311677377,0.21669929335243676,0.03843847772327951,1.0,1.0,0.0,0.0,0.2612857142857143,0.4642857142857143,0.3928571428571429,0.06001853455221911,0.0,0.0,0.0,0.0,0.0,0.0,0.0,0.0,0.0,0.0,0.0,0.0,0.0,0.0,0.0,0.0,0.0,0.0,0.0,0.0,stable,runaway
24,500,240,modular,6,0.08,0.004,0.12,15,30,0.72,0.22,True,static,1.0,False,False,1.0,default,default,0.36993333333333334,0.8166666666666667,0.14999999999999997,0.02602661031414664,0.40525,0.48333333333333334,0.15000000000000002,0.026044966457605158,0.22481666666666666,0.3875,0.13333333333333336,0.022196277215385064,0.65097577038214,0.840846680704187,0.17510877637488242,0.031404424218564986,0.6502632368787874,0.840846680704187,0.17510877637488242,0.03105780900243909,0.10726854432730641,0.7387230335026608,0.5121351608903768,0.08781052638996928,0.1078,0.75,0.5458333333333334,0.09038263722148801,2.132909955132077,2.3689279924657796,0.26333010820547686,0.046471770719404164,1.0,1.0,0.0,0.0,0.2934285714285714,0.5,0.39285714285714285,0.07320421533530118,0.0,0.0,0.0,0.0,0.0,0.0,0.0,0.0,0.0,0.0,0.0,0.0,0.0,0.0,0.0,0.0,0.0,0.0,0.0,0.0,stable,oscillatory
25,500,240,modular,6,0.08,0.004,0.12,15,30,0.72,0.22,True,static,1.0,False,False,1.0,default,default,0.38794999999999996,0.775,0.09999999999999998,0.01792748510589877,0.4061,0.4583333333333333,0.10416666666666663,0.01945110679513008,0.20595,0.35833333333333334,0.10416666666666669,0.017015523957714482,0.6090073635998073,0.7917091532770377,0.1340294686779182,0.02314910989238633,0.6096888481586079,0.7917091532770377,0.1340294686779182,0.023015896518901673,0.0324273550884244,0.6691231975331459,0.16183109269359147,0.023738180379629877,0.03316666666666667,0.6875,0.175,0.027663152387246107,2.0915782653660817,2.3231600407323656,0.18055389589083104,0.03250225004754741,1.0,1.0,0.0,0.0,0.26071428571428573,0.42857142857142855,0.2857142857142857,0.05926850008259714,0.0,0.0,0.0,0.0,0.0,0.0,0.0,0.0,0.0,0.0,0.0,0.0,0.0,0.0,0.0,0.0,0.0,0.0,0.0,0.0,stable,stable
26,500,240,modular,6,0.08,0.004,0.12,15,30,0.72,0.22,True,static,1.0,False,False,1.0,default,default,0.33570000000000005,0.8375,0.15833333333333333,0.023510257808501852,0.4048166666666667,0.4875,0.13333333333333336,0.02308937345764641,0.2594833333333333,0.4083333333333333,0.2041666666666667,0.024157981197847546,0.6788067569375115,0.8487769143143492,0.28413214910745116,0.032441511330660915,0.6776147872749636,0.8487769143143492,0.28413214910745116,0.03476555763161344,0.1920156946491268,0.7291939932440474,0.6186604486937757,0.11709990364695662,0.19265000000000002,0.7666666666666667,0.5666666666666667,0.12038914795131844,2.1831298559921066,2.3801463504541513,0.36340115141502394,0.04520854760499412,1.0,1.0,0.0,0.0,0.22371428571428567,0.5357142857142857,0.39285714285714285,0.06237542687269579,0.0,0.0,0.0,0.0,0.0,0.0,0.0,0.0,0.0,0.0,0.0,0.0,0.0,0.0,0.0,0.0,0.0,0.0,0.0,0.0,oscillatory,runaway
27,500,240,modular,6,0.08,0.004,0.12,15,30,0.72,0.22,True,static,1.0,False,False,1.0,default,default,0.35348333333333337,0.7833333333333333,0.11249999999999999,0.021174335880966847,0.4036,0.475,0.10833333333333334,0.019866526845145553,0.24291666666666667,0.3958333333333333,0.10416666666666666,0.019707055983975777,0.654059323968661,0.8623639467285085,0.15529667408864656,0.027073520529703177,0.6536806026254601,0.8623639467285085,0.15529667408864656,0.027501256748429567,0.10836304482100005,0.7325404076334847,0.3818129487287517,0.07464191618631028,0.1098,0.7541666666666667,0.4,0.07942284166269661,2.16556144261971,2.4614395467018615,0.23117259478515662,0.039707007096992215,1.0,1.0,0.0,0.0,0.264,0.5357142857142857,0.35714285714285715,0.06418976967252839,0.0,0.0,0.0,0.0,0.0,0.0,0.0,0.0,0.0,0.0,0.0,0.0,0.0,0.0,0.0,0.0,0.0,0.0,0.0,0.0,stable,stable
28,500,240,modular,6,0.08,0.004,0.12,15,30,0.72,0.22,True,static,1.0,False,False,1.0,default,default,0.3511,0.825,0.1375,0.022190112913437622,0.39670000000000005,0.45416666666666666,0.11249999999999999,0.022319000375863114,0.2522,0.38333333333333336,0.10833333333333331,0.01937621680766857,0.6537310931571123,0.8043548015194045,0.15852729474544558,0.026377229726052633,0.6524896049939943,0.8043548015194045,0.15852729474544558,0.026602187217672657,0.10328877810175931,0.6799752529700914,0.5014665603715698,0.07393889796361164,0.10455,0.7083333333333334,0.5583333333333333,0.07697712683359619,2.1862681726874498,2.4041015502680505,0.2498230132114858,0.04064204060826659,1.0,1.0,0.0,0.0,0.28771428571428564,0.42857142857142855,0.2857142857142857,0.059727954689814816,0.0,0.0,0.0,0.0,0.0,0.0,0.0,0.0,0.0,0.0,0.0,0.0,0.0,0.0,0.0,0.0,0.0,0.0,0.0,0.0,stable,stable
29,500,240,modular,6,0.08,0.004,0.12,15,30,0.72,0.22,True,static,1.0,False,False,1.0,default,default,0.3746333333333333,0.7958333333333333,0.13333333333333336,0.021877284007745468,0.3674,0.43333333333333335,0.10833333333333334,0.020480776894986726,0.2579666666666666,0.38333333333333336,0.125,0.019790682431667463,0.6559691960376156,0.8492833025942926,0.15910401286606912,0.027663408728985,0.6548450870113649,0.8492833025942926,0.15910401286606912,0.028035040261500183,0.11394480581016025,0.7374016834572734,0.4716104618155355,0.08399026562193584,0.11438333333333334,0.7791666666666667,0.5041666666666667,0.0860966527288437,2.1282641886640183,2.360004631629579,0.224577840558025,0.041296049377341826,1.0,1.0,0.0,0.0,0.3048571428571429,0.5357142857142857,0.42857142857142855,0.06739224202914076,0.0,0.0,0.0,0.0,0.0,0.0,0.0,0.0,0.0,0.0,0.0,0.0,0.0,0.0,0.0,0.0,0.0,0.0,0.0,0.0,stable,oscillatory
30,500,240,modular,6,0.08,0.004,0.12,15,30,0.72,0.22,True,static,1.0,False,False,1.0,default,default,0.34906666666666664,0.8208333333333333,0.14583333333333331,0.022319423528995245,0.39208333333333334,0.475,0.1375,0.02335192711533676,0.25884999999999997,0.3958333333333333,0.22083333333333333,0.02349225049528745,0.6814000223413692,0.8518605207680622,0.2805015838958322,0.030970238633763497,0.680937911103639,0.8518605207680622,0.2805015838958322,0.03115372351003254,0.19965465255302187,0.7279553784700397,0.5444095489044826,0.111800689741157,0.19878333333333334,0.7541666666666667,0.5333333333333333,0.11317135606386156,2.18768671589435,2.4395153005563035,0.3636532537524415,0.043193068774871494,1.0,1.0,0.0,0.0,0.323,0.5714285714285714,0.42857142857142855,0.07151837212227645,0.0,0.0,0.0,0.0,0.0,0.0,0.0,0.0,0.0,0.0,0.0,0.0,0.0,0.0,0.0,0.0,0.0,0.0,0.0,0.0,oscillatory,oscillatory
31,500,240,modular,6,0.08,0.004,0.12,15,30,0.72,0.22,True,static,1.0,False,False,1.0,default,default,0.40388333333333326,0.7791666666666667,0.2833333333333334,0.09325139409145582,0.39468333333333333,0.5333333333333333,0.23333333333333334,0.06328723980568454,0.20143333333333333,0.4125,0.3791666666666667,0.15131975342888243,0.6031610810294176,0.8753250267046344,0.48854032687760646,0.18569885753649665,0.6235545935358553,0.8753250267046344,0.48854032687760646,0.18503449223710117,0.34683835603729046,0.746763814961613,0.7409623783790191,0.3274646287021299,0.34456666666666663,0.8,0.7791666666666667,0.3262215181267,2.047577519878282,2.4028994417622433,0.655610888887266,0.2372291623054441,1.0,1.0,0.0,0.0,0.24942857142857144,0.5714285714285714,0.5714285714285714,0.18491498322312383,0.0,0.0,0.0,0.0,0.0,0.0,0.0,0.0,0.0,0.0,0.0,0.0,0.0,0.0,0.0,0.0,0.0,0.0,0.0,0.0,oscillatory,runaway
32,500,240,modular,6,0.08,0.004,0.12,15,30,0.72,0.22,True,static,1.0,False,False,1.0,default,default,0.42908333333333337,0.8125,0.11666666666666664,0.019555654197983535,0.37616666666666665,0.44166666666666665,0.11666666666666664,0.01978074259924985,0.19475,0.3875,0.09999999999999998,0.017115011279900203,0.5657845493441817,0.81289683086915,0.1343530087167144,0.02400613674544633,0.5645446349162362,0.81289683086915,0.1343530087167144,0.023340141316889322,0.00880180506592061,0.6919372757504249,0.054611308777026774,0.0073596348296868,0.009183333333333333,0.65,0.07083333333333333,0.01014682490021167,2.0240549800510554,2.3814201885922635,0.2134092525427591,0.03608899122679931,1.0,1.0,0.0,0.0,0.22785714285714284,0.4642857142857143,0.3571428571428571,0.06064702156322103,0.0,0.0,0.0,0.0,0.0,0.0,0.0,0.0,0.0,0.0,0.0,0.0,0.0,0.0,0.0,0.0,0.0,0.0,0.0,0.0,stable,stable
33,500,240,modular,6,0.08,0.004,0.12,15,30,0.72,0.22,True,static,1.0,False,False,1.0,default,default,0.3913833333333333,0.8333333333333334,0.42916666666666664,0.11796004620209335,0.39529999999999993,0.5166666666666667,0.20000000000000007,0.03940345444529226,0.21331666666666668,0.45,0.43333333333333335,0.1453003106596052,0.6062436304061364,0.9492055658623264,0.633559470007688,0.19742397644137533,0.6184896730005662,0.9492055658623264,0.633559470007688,0.19572434028167823,0.32494503350632287,0.7406595741982241,0.7406555765532602,0.30773207937120994,0.3267333333333334,0.7916666666666666,0.775,0.31065306837192014,2.0872977690203394,2.555569159997764,0.8945904841495012,0.27105759536589635,1.0,1.0,0.0,0.0,0.2094285714285714,0.5714285714285714,0.5357142857142857,0.1485194964182364,0.0,0.0,0.0,0.0,0.0,0.0,0.0,0.0,0.0,0.0,0.0,0.0,0.0,0.0,0.0,0.0,0.0,0.0,0.0,0.0,oscillatory,runaway
34,500,240,modular,6,0.08,0.004,0.12,15,30,0.72,0.22,True,static,1.0,False,False,1.0,default,default,0.32406666666666667,0.8416666666666667,0.19583333333333336,0.029306161657765947,0.43401666666666666,0.5041666666666667,0.15833333333333333,0.025232634292386782,0.24191666666666667,0.4166666666666667,0.175,0.023851537336895778,0.6765435053312894,0.8600252731174272,0.25311759046142257,0.03586053962615501,0.6770239943399907,0.8600252731174272,0.25311759046142257,0.03562973645535862,0.19165970135114502,0.7301498839618894,0.5864359187507932,0.12414773490944019,0.1912166666666667,0.775,0.5833333333333334,0.12471191358041496,2.210707081685017,2.4139515415982595,0.39063276681481707,0.054573882006640914,1.0,1.0,0.0,0.0,0.32171428571428573,0.6428571428571429,0.5,0.08317623286904567,0.0,0.0,0.0,0.0,0.0,0.0,0.0,0.0,0.0,0.0,0.0,0.0,0.0,0.0,0.0,0.0,0.0,0.0,0.0,0.0,oscillatory,runaway
35,500,240,modular,6,0.08,0.004,0.12,15,30,0.72,0.22,True,static,1.0,False,False,1.0,default,default,0.33463333333333334,0.8125,0.14166666666666666,0.025581655753901294,0.3940166666666666,0.4625,0.13333333333333336,0.024979819632833397,0.27135,0.4583333333333333,0.12083333333333332,0.021722933350110277,0.6674483404038642,0.908905390386243,0.15188596625633421,0.029433532240006256,0.6682510909490209,0.908905390386243,0.15188596625633421,0.028682718716451706,0.14709215794774308,0.7144498713615445,0.41260216780918046,0.09197880271824782,0.1468,0.7583333333333333,0.45,0.09395202085225321,2.2172362352550574,2.5459319698557024,0.2409161156978743,0.04597259754313328,1.0,1.0,0.0,0.0,0.2678571428571429,0.5,0.3214285714285714,0.06121641103161665,0.0,0.0,0.0,0.0,0.0,0.0,0.0,0.0,0.0,0.0,0.0,0.0,0.0,0.0,0.0,0.0,0.0,0.0,0.0,0.0,runaway,runaway
36,500,240,modular,6,0.08,0.004,0.12,15,30,0.72,0.22,True,static,1.0,False,False,1.0,default,default,0.3468,0.75,0.11666666666666664,0.021109081773808477,0.4015,0.4583333333333333,0.11666666666666664,0.022790714483461608,0.2517,0.43333333333333335,0.10416666666666669,0.02011146715461384,0.6528895890334304,0.8463761433867419,0.14358550029528527,0.025919553376457433,0.6534333520908188,0.8463761433867419,0.14358550029528527,0.025711517520293707,0.10310400711075517,0.7095581916932637,0.3872024165027533,0.06603686502520606,0.10246666666666666,0.7166666666666667,0.4083333333333333,0.0675618975458801,2.1581424776464857,2.4050171940741243,0.1907320660993359,0.03845710408520813,1.0,1.0,0.0,0.0,0.34557142857142853,0.5,0.3214285714285714,0.06680599386527028,0.0,0.0,0.0,0.0,0.0,0.0,0.0,0.0,0.0,0.0,0.0,0.0,0.0,0.0,0.0,0.0,0.0,0.0,0.0,0.0,stable,runaway
37,500,240,modular,6,0.08,0.004,0.12,15,30,0.72,0.22,True,static,1.0,False,False,1.0,default,default,0.37160000000000004,0.7833333333333333,0.15833333333333338,0.024868453912537468,0.3649833333333333,0.45416666666666666,0.15833333333333333,0.025292999690296393,0.26341666666666663,0.375,0.14583333333333334,0.022667432585098825,0.653904133793031,0.8124370460691567,0.181699368610156,0.030059313575984722,0.6549378808296269,0.8124370460691567,0.17188816191452183,0.029541333781820393,0.11414856496846075,0.6968768058496011,0.5231175525646646,0.08813462615777906,0.11311666666666667,0.6958333333333333,0.5291666666666667,0.08853025377425129,2.1262237847622862,2.3328420967342938,0.2715238620653433,0.045152419893115484,1.0,1.0,0.0,0.0,0.29742857142857143,0.6785714285714286,0.39285714285714285,0.07125349973502913,0.0,0.0,0.0,0.0,0.0,0.0,0.0,0.0,0.0,0.0,0.0,0.0,0.0,0.0,0.0,0.0,0.0,0.0,0.0,0.0,stable,oscillatory
38,500,240,modular,6,0.08,0.004,0.12,15,30,0.72,0.22,True,static,1.0,False,False,1.0,default,default,0.3372833333333333,0.8208333333333333,0.2625,0.03351028449098376,0.4163666666666666,0.48333333333333334,0.14166666666666666,0.025282712583019163,0.24634999999999999,0.3958333333333333,0.2375,0.028189778486378908,0.6740883210828381,0.806964465061173,0.3716454893418309,0.04272032507161701,0.6760140686814162,0.806964465061173,0.3716454893418309,0.04079951417903752,0.18971939822523187,0.6891541312059298,0.6372849316307346,0.12052289641684685,0.18794999999999998,0.7166666666666667,0.6291666666666667,0.12333223085092829,2.1793007410604397,2.3334386350873255,0.5291928873886231,0.06344008088492586,1.0,1.0,0.0,0.0,0.28714285714285714,0.5357142857142857,0.4285714285714286,0.06774803257931072,0.0,0.0,0.0,0.0,0.0,0.0,0.0,0.0,0.0,0.0,0.0,0.0,0.0,0.0,0.0,0.0,0.0,0.0,0.0,0.0,oscillatory,oscillatory
39,500,240,modular,6,0.08,0.004,0.12,15,30,0.72,0.22,True,static,1.0,False,False,1.0,default,default,0.3295,0.7916666666666666,0.27499999999999997,0.039775760346109176,0.3940166666666666,0.4875,0.17916666666666664,0.027192058685497785,0.27648333333333336,0.4125,0.27083333333333337,0.04604595832185251,0.6890509268506158,0.8288520046205393,0.3859228262883537,0.062194708879142066,0.6894580920722322,0.8288520046205393,0.3859228262883537,0.062343132058813575,0.2681960291570592,0.7061252317333815,0.6522535514694551,0.1433762871294964,0.26493333333333335,0.7375,0.6083333333333333,0.1455928340727432,2.1967055523005574,2.366314633265928,0.5584781309616937,0.0855373706073409,1.0,1.0,0.0,0.0,0.2901428571428571,0.5,0.4642857142857143,0.08122644085442592,0.0,0.0,0.0,0.0,0.0,0.0,0.0,0.0,0.0,0.0,0.0,0.0,0.0,0.0,0.0,0.0,0.0,0.0,0.0,0.0,oscillatory,runaway
40,500,240,modular,6,0.08,0.004,0.12,15,30,0.72,0.22,True,static,1.0,False,False,1.0,default,default,0.3939333333333333,0.7708333333333334,0.37083333333333335,0.12788993097364798,0.3856,0.49166666666666664,0.20416666666666666,0.05029221278355792,0.2204666666666667,0.44583333333333336,0.42500000000000004,0.1707162330366454,0.6139754231567991,0.9016560030722939,0.5907439727604633,0.22525114972449897,0.6129741194930508,0.9016560030722939,0.5907439727604633,0.22585975709565614,0.3548987929955732,0.742852116546429,0.7428486265630619,0.35459936841798484,0.3556166666666667,0.8,0.7791666666666667,0.35552999599971247,2.094122461902525,2.4783823418972717,0.8061672728044995,0.3044485789197395,1.0,1.0,0.0,0.0,0.24328571428571427,0.5357142857142857,0.5357142857142857,0.17601258071918774,0.0,0.0,0.0,0.0,0.0,0.0,0.0,0.0,0.0,0.0,0.0,0.0,0.0,0.0,0.0,0.0,0.0,0.0,0.0,0.0,oscillatory,runaway
41,500,240,modular,6,0.08,0.004,0.12,15,30,0.72,0.22,True,static,1.0,False,False,1.0,default,default,0.34853333333333336,0.7875,0.17083333333333334,0.026681016972122083,0.36754999999999993,0.43333333333333335,0.15833333333333333,0.02664291129404259,0.28391666666666665,0.44583333333333336,0.22499999999999998,0.030429905794574302,0.6737217466384575,0.8791094808420735,0.265658623332298,0.037040724864455865,0.6741596089074651,0.8791094808420735,0.265658623332298,0.03720197930169838,0.17853557602958928,0.7223964663806759,0.5525259352054385,0.12111749686944862,0.1769,0.7541666666666667,0.575,0.11913986178717292,2.200078375398382,2.4675731777181458,0.39939116784645456,0.05385267960217054,1.0,1.0,0.0,0.0,0.1987142857142857,0.5,0.39285714285714285,0.06505398072495845,0.0,0.0,0.0,0.0,0.0,0.0,0.0,0.0,0.0,0.0,0.0,0.0,0.0,0.0,0.0,0.0,0.0,0.0,0.0,0.0,oscillatory,runaway
42,500,240,modular,6,0.08,0.004,0.12,15,30,0.72,0.22,True,static,1.0,False,False,1.0,default,default,0.38893333333333335,0.7958333333333333,0.11250000000000004,0.02007004401257423,0.37251666666666666,0.4625,0.11249999999999999,0.020262506426073423,0.23855,0.38333333333333336,0.09583333333333335,0.018251948145639445,0.6167436313392828,0.8084521660181099,0.11806984042407997,0.024445636428731522,0.6167364846037787,0.8084521660181099,0.11806984042407997,0.024190747222148905,0.03907831525383978,0.6805414655159062,0.14291804482676523,0.027273767533559347,0.03816666666666667,0.7166666666666667,0.1625,0.02941985346288757,2.134966843636871,2.4254567999377716,0.19506344878816995,0.03691779868140437,1.0,1.0,0.0,0.0,0.21085714285714285,0.42857142857142855,0.3571428571428571,0.06315255258466743,0.0,0.0,0.0,0.0,0.0,0.0,0.0,0.0,0.0,0.0,0.0,0.0,0.0,0.0,0.0,0.0,0.0,0.0,0.0,0.0,stable,stable
43,500,240,modular,6,0.08,0.004,0.12,15,30,0.72,0.22,True,static,1.0,False,False,1.0,default,default,0.39576666666666666,0.8208333333333333,0.36666666666666664,0.12258498639266102,0.4111333333333333,0.5208333333333334,0.23750000000000004,0.035832465105760665,0.1931,0.4166666666666667,0.4,0.13389009174194583,0.5907179398070623,0.8770358235844706,0.5593255484285202,0.1927567113119383,0.6028191686773176,0.8770358235844706,0.5593255484285202,0.1934413977107601,0.317773898472904,0.7380105457843219,0.7380062742597683,0.3056756326381335,0.3161666666666667,0.7708333333333334,0.7708333333333334,0.3050310093526012,2.073795644954368,2.455768879100247,0.7890695640942926,0.2677745926414363,1.0,1.0,0.0,0.0,0.22042857142857142,0.5357142857142857,0.5357142857142857,0.1634076535064677,0.0,0.0,0.0,0.0,0.0,0.0,0.0,0.0,0.0,0.0,0.0,0.0,0.0,0.0,0.0,0.0,0.0,0.0,0.0,0.0,oscillatory,runaway
44,500,240,modular,6,0.08,0.004,0.12,15,30,0.72,0.22,True,static,1.0,False,False,1.0,default,default,0.34701666666666664,0.8375,0.175,0.028923793550178257,0.3742833333333333,0.4708333333333333,0.16666666666666669,0.02918047768248111,0.2787,0.4375,0.2791666666666667,0.03900753488465757,0.6842448411790817,0.8388689672626221,0.32253574521297007,0.04725816713821832,0.6814798361823055,0.8388689672626221,0.32253574521297007,0.04829220077806126,0.2238425655539786,0.721779900522002,0.6694020995096961,0.1441712207272872,0.22501666666666664,0.725,0.6416666666666667,0.14616699828924754,2.219964133562119,2.3825289805886367,0.4356450292165883,0.06488678494408152,1.0,1.0,0.0,0.0,0.3538571428571428,0.5714285714285714,0.42857142857142855,0.08227889356651931,0.0,0.0,0.0,0.0,0.0,0.0,0.0,0.0,0.0,0.0,0.0,0.0,0.0,0.0,0.0,0.0,0.0,0.0,0.0,0.0,oscillatory,runaway
45,500,240,modular,6,0.08,0.004,0.12,15,30,0.72,0.22,True,static,1.0,False,False,1.0,default,default,0.3461833333333333,0.8125,0.1291666666666667,0.0239258635046772,0.38288333333333335,0.4708333333333333,0.16249999999999998,0.025693281655370964,0.27093333333333336,0.4166666666666667,0.22083333333333333,0.0262967256094324,0.6804017869688876,0.8693967021232101,0.2478053546816903,0.033703345968845215,0.6812433383353794,0.8693967021232101,0.2478053546816903,0.03309714125905653,0.20429622262563737,0.7355838985446256,0.5916828610299747,0.11969068456883379,0.20218333333333333,0.75,0.5416666666666666,0.12249669950202285,2.1910377270687094,2.409741301685916,0.32655991999822986,0.046382177274849036,1.0,1.0,0.0,0.0,0.2322857142857143,0.5,0.3571428571428571,0.07036696813194122,0.0,0.0,0.0,0.0,0.0,0.0,0.0,0.0,0.0,0.0,0.0,0.0,0.0,0.0,0.0,0.0,0.0,0.0,0.0,0.0,oscillatory,runaway
46,500,240,modular,6,0.08,0.004,0.12,15,30,0.72,0.22,True,static,1.0,False,False,1.0,default,default,0.38203333333333334,0.8125,0.10833333333333334,0.021170052222682662,0.3984333333333333,0.45416666666666666,0.11666666666666664,0.02241442987601216,0.21953333333333333,0.38333333333333336,0.09166666666666667,0.017973097179457474,0.622361672919866,0.838258280778591,0.12863157177564066,0.023978478678025855,0.6209934286023576,0.838258280778591,0.12863157177564066,0.024575799194931438,0.044436829543478294,0.7134023896651784,0.1722790518126967,0.031026001965830653,0.044,0.7458333333333333,0.20833333333333334,0.033679040630305634,2.0877982662894183,2.4081860875953778,0.20503152527788382,0.03676915734213369,1.0,1.0,0.0,0.0,0.3454285714285714,0.5714285714285714,0.3571428571428571,0.05963768155473928,0.0,0.0,0.0,0.0,0.0,0.0,0.0,0.0,0.0,0.0,0.0,0.0,0.0,0.0,0.0,0.0,0.0,0.0,0.0,0.0,stable,stable
47,500,240,modular,6,0.08,0.004,0.12,15,30,0.72,0.22,True,static,1.0,False,False,1.0,default,default,0.34045000000000003,0.8,0.14999999999999997,0.025625079945674752,0.40736666666666665,0.475,0.14166666666666666,0.025279745955122956,0.2521833333333333,0.4041666666666667,0.12916666666666665,0.021651206022349476,0.672847311644907,0.8624453951675277,0.15156702488347218,0.029659301491295254,0.6730211045272672,0.8624453951675277,0.15156702488347218,0.030424977284192255,0.1699484240955793,0.7272479411608147,0.4686763596129401,0.10381943165117367,0.16916666666666666,0.7583333333333333,0.475,0.10469996816300058,2.1763389711280507,2.427144088130243,0.2478490444263426,0.045035387741482774,1.0,1.0,0.0,0.0,0.17999999999999997,0.42857142857142855,0.35714285714285715,0.0637117232027936,0.0,0.0,0.0,0.0,0.0,0.0,0.0,0.0,0.0,0.0,0.0,0.0,0.0,0.0,0.0,0.0,0.0,0.0,0.0,0.0,stable,runaway
48,500,240,modular,6,0.08,0.004,0.12,15,30,0.72,0.22,True,static,1.0,False,False,1.0,default,default,0.37076666666666663,0.7791666666666667,0.10833333333333334,0.018771165831313375,0.4085166666666667,0.4708333333333333,0.10833333333333334,0.01950875159739569,0.2207166666666667,0.425,0.09166666666666667,0.016412232903809547,0.6178112144360588,0.8459474205386448,0.10356729932749076,0.021123138916374583,0.6177099147790566,0.8459474205386448,0.10466353670033357,0.021669479784349955,0.038738841741198175,0.7117458555096169,0.1331782160554636,0.025463094546176124,0.03808333333333334,0.725,0.15,0.0264891225054948,2.1518172221474985,2.4685778936643747,0.17993254678462378,0.032997007275279086,1.0,1.0,0.0,0.0,0.288,0.5357142857142857,0.35714285714285715,0.0596322060635023,0.0,0.0,0.0,0.0,0.0,0.0,0.0,0.0,0.0,0.0,0.0,0.0,0.0,0.0,0.0,0.0,0.0,0.0,0.0,0.0,stable,runaway
49,500,240,modular,6,0.08,0.004,0.12,15,30,0.72,0.22,True,static,1.0,False,False,1.0,default,default,0.33643333333333336,0.8166666666666667,0.22916666666666663,0.027263651014980857,0.3998833333333333,0.4625,0.13333333333333336,0.024339616768643758,0.2636833333333333,0.4166666666666667,0.225,0.026064604564641127,0.6711394368934863,0.8405037054260739,0.30991994644899473,0.03630884378892447,0.6704746621144086,0.8405037054260739,0.30991994644899473,0.03658793332000941,0.16407889413394416,0.7111293997441058,0.5319315511815224,0.1107848734972714,0.1656,0.7333333333333333,0.5333333333333333,0.11480346007174368,2.182704870904426,2.3929966943020036,0.43454757355689666,0.05118675608554012,1.0,1.0,0.0,0.0,0.26128571428571423,0.5714285714285714,0.46428571428571425,0.07471155417022599,0.0,0.0,0.0,0.0,0.0,0.0,0.0,0.0,0.0,0.0,0.0,0.0,0.0,0.0,0.0,0.0,0.0,0.0,0.0,0.0,oscillatory,runaway
50,500,240,modular,6,0.08,0.004,0.12,15,30,0.72,0.22,True,static,1.0,False,False,1.0,default,default,0.3477166666666666,0.7833333333333333,0.14999999999999997,0.024616395845948782,0.4028333333333333,0.4791666666666667,0.15416666666666667,0.023933356545949743,0.24945,0.4125,0.125,0.021785960055860646,0.668661347054476,0.8772702980964159,0.1550456611452501,0.030251462379124194,0.667371448278834,0.8772702980964159,0.1550456611452501,0.02990817943877292,0.15347874038842646,0.7477386036185405,0.511552685899953,0.10493731416836688,0.15465,0.7666666666666667,0.5,0.10714853268036645,2.177305899818754,2.446646645793559,0.2537518913558836,0.04562092384632683,1.0,1.0,0.0,0.0,0.2224285714285714,0.42857142857142855,0.3214285714285714,0.055696150894741336,0.0,0.0,0.0,0.0,0.0,0.0,0.0,0.0,0.0,0.0,0.0,0.0,0.0,0.0,0.0,0.0,0.0,0.0,0.0,0.0,stable,runaway
1,500,240,modular,6,0.08,0.004,0.12,15,40,0.72,0.22,True,static,1.0,False,False,1.0,default,default,0.39431666666666665,0.8333333333333334,0.35,0.12760395435356486,0.4003833333333333,0.5,0.17916666666666664,0.04249582005588576,0.2053,0.42916666666666664,0.39999999999999997,0.1632481716759963,0.6077878463469827,0.9281811433942703,0.547694822734266,0.21356363312267795,0.6016634038361847,0.9281811433942703,0.547694822734266,0.2136783660245279,0.357010048565339,0.7494580896803673,0.7489359846678758,0.3632903233884215,0.35605,0.8125,0.7916666666666666,0.3627169775918041,2.0778840576930926,2.5197321688832073,0.7724882002196212,0.2943411721328569,1.0,1.0,0.0,0.0,0.23071428571428573,0.5714285714285714,0.5,0.15071428571428572,0.0,0.0,0.0,0.0,0.0,0.0,0.0,0.0,0.0,0.0,0.0,0.0,0.0,0.0,0.0,0.0,0.0,0.0,0.0,0.0,oscillatory,runaway
2,500,240,modular,6,0.08,0.004,0.12,15,40,0.72,0.22,True,static,1.0,False,False,1.0,default,default,0.39531666666666665,0.7875,0.4041666666666667,0.13651392786085967,0.40726666666666667,0.5,0.18333333333333335,0.03782049708821924,0.19741666666666668,0.42916666666666664,0.425,0.16357356907520237,0.583822633640779,0.8982915636843031,0.5713972871511721,0.21704682790138463,0.6109038650436162,0.8982915636843031,0.5728858987981469,0.21767169945496603,0.36444781066766946,0.7333137592266367,0.7333136567013219,0.3474467916786203,0.3647166666666667,0.8083333333333333,0.8083333333333333,0.34776171639340764,2.064457242810591,2.5135389178193193,0.8285963581919169,0.3038691052561561,1.0,1.0,0.0,0.0,0.19957142857142857,0.5357142857142857,0.5357142857142857,0.17197181781457385,0.0,0.0,0.0,0.0,0.0,0.0,0.0,0.0,0.0,0.0,0.0,0.0,0.0,0.0,0.0,0.0,0.0,0.0,0.0,0.0,oscillatory,runaway
3,500,240,modular,6,0.08,0.004,0.12,15,40,0.72,0.22,True,static,1.0,False,False,1.0,default,default,0.36125,0.8,0.10416666666666669,0.019218227748098362,0.39295,0.45416666666666666,0.10833333333333334,0.019517235972339935,0.2458,0.375,0.12083333333333335,0.018295384967557015,0.6384647577407364,0.8121413822897966,0.1425518785912524,0.024277670518234925,0.6376258597164081,0.8121413822897966,0.1425518785912524,0.024410382195825763,0.03799728713887632,0.7150917438952994,0.235582917911969,0.03561967561290223,0.03765,0.7125,0.225,0.036171539610276165,2.15958448632746,2.4173821254986043,0.194764017138211,0.035924637945103546,1.0,1.0,0.0,0.0,0.3008571428571429,0.5357142857142857,0.3214285714285714,0.056652179020361626,0.0,0.0,0.0,0.0,0.0,0.0,0.0,0.0,0.0,0.0,0.0,0.0,0.0,0.0,0.0,0.0,0.0,0.0,0.0,0.0,stable,oscillatory
4,500,240,modular,6,0.08,0.004,0.12,15,40,0.72,0.22,True,static,1.0,False,False,1.0,default,default,0.36566666666666664,0.7791666666666667,0.15000000000000002,0.023335714164249517,0.3718666666666667,0.475,0.12916666666666665,0.020208331615120204,0.2624666666666667,0.3875,0.19583333333333333,0.025617355228221526,0.6695061872996066,0.8279641699624049,0.2525007172621052,0.033631370827423616,0.6688459251255473,0.8279641699624049,0.2525007172621052,0.033426620906295834,0.12438916576804837,0.7299152650031245,0.6298032453993665,0.10956366830537183,0.12243333333333332,0.7291666666666666,0.6833333333333333,0.11401484308827708,2.176826038160801,2.4065263578424245,0.3486341023925541,0.048635512227632266,1.0,1.0,0.0,0.0,0.31957142857142856,0.5,0.4285714285714286,0.0725034833786682,0.0,0.0,0.0,0.0,0.0,0.0,0.0,0.0,0.0,0.0,0.0,0.0,0.0,0.0,0.0,0.0,0.0,0.0,0.0,0.0,oscillatory,oscillatory
5,500,240,modular,6,0.08,0.004,0.12,15,40,0.72,0.22,True,static,1.0,False,False,1.0,default,default,0.3327,0.7666666666666667,0.2458333333333333,0.037071837169354194,0.4025833333333333,0.4708333333333333,0.13333333333333336,0.027293288755866542,0.2647166666666667,0.4375,0.2541666666666667,0.03545560996200429,0.6847799704472534,0.8550955529713687,0.3460305563642089,0.05174596855392092,0.6835913088069878,0.8550955529713687,0.3460305563642089,0.051523403528607244,0.20323906192537627,0.7270244695107836,0.6202967032374497,0.15084296159112057,0.20329999999999998,0.7375,0.6291666666666667,0.15430065888820219,2.1802334164882415,2.400030427656144,0.48130433822911467,0.07232611094790016,1.0,1.0,0.0,0.0,0.30685714285714283,0.5714285714285714,0.3928571428571429,0.07832376551786795,0.0,0.0,0.0,0.0,0.0,0.0,0.0,0.0,0.0,0.0,0.0,0.0,0.0,0.0,0.0,0.0,0.0,0.0,0.0,0.0,oscillatory,runaway
6,500,240,modular,6,0.08,0.004,0.12,15,40,0.72,0.22,True,static,1.0,False,False,1.0,default,default,0.35173333333333334,0.7958333333333333,0.12083333333333335,0.022513477445003177,0.3872166666666667,0.4583333333333333,0.10833333333333334,0.02202246958600844,0.26104999999999995,0.36666666666666664,0.1,0.01967218143018771,0.6571339971203332,0.7719049011998609,0.13629764785230336,0.02619827357845952,0.6572366275957205,0.7719049011998609,0.13774203568414567,0.026397358969148948,0.07941716314027267,0.6505559675724799,0.46773115761557066,0.07750920796656677,0.07965000000000001,0.6583333333333333,0.475,0.07789488822195659,2.1658716534745492,2.300895605756559,0.2277227407910134,0.039957019593471595,1.0,1.0,0.0,0.0,0.17528571428571427,0.35714285714285715,0.32142857142857145,0.05962827024360927,0.0,0.0,0.0,0.0,0.0,0.0,0.0,0.0,0.0,0.0,0.0,0.0,0.0,0.0,0.0,0.0,0.0,0.0,0.0,0.0,stable,stable
7,500,240,modular,6,0.08,0.004,0.12,15,40,0.72,0.22,True,static,1.0,False,False,1.0,default,default,0.35740000000000005,0.8416666666666667,0.10833333333333334,0.020651634317893585,0.4182,0.475,0.125,0.021160996615891645,0.2244,0.3625,0.10833333333333334,0.019777961921739504,0.6528471939351758,0.8230117093183902,0.1353995871407515,0.027256568314425314,0.653104039171198,0.8230117093183902,0.1353995871407515,0.026405167058342238,0.07075924439457734,0.7430890913092827,0.385132275550541,0.06611904734624008,0.0695,0.75,0.3458333333333333,0.06521353813093993,2.148744801416866,2.3535696588792687,0.18603016250146664,0.038050681588969106,1.0,1.0,0.0,0.0,0.21928571428571428,0.5,0.35714285714285715,0.06194549941649662,0.0,0.0,0.0,0.0,0.0,0.0,0.0,0.0,0.0,0.0,0.0,0.0,0.0,0.0,0.0,0.0,0.0,0.0,0.0,0.0,stable,stable
8,500,240,modular,6,0.08,0.004,0.12,15,40,0.72,0.22,True,static,1.0,False,False,1.0,default,default,0.3662,0.8,0.1166666666666667,0.020335491688725463,0.42856666666666665,0.4875,0.12083333333333335,0.02118505762717361,0.20523333333333335,0.3875,0.10416666666666669,0.01726351322555432,0.6158228749641609,0.8227008143992638,0.13503815922340734,0.02439311680516701,0.6154294724429704,0.8227008143992638,0.13503815922340734,0.025028559611732937,0.01776173570333461,0.733855202710319,0.16423555491020086,0.02088277642428742,0.018266666666666667,0.7583333333333333,0.1875,0.023940226491084925,2.0822476254964712,2.3135769320274426,0.19282077319037927,0.03496661489790972,1.0,1.0,0.0,0.0,0.2958571428571429,0.5,0.2857142857142857,0.05481117866021903,0.0,0.0,0.0,0.0,0.0,0.0,0.0,0.0,0.0,0.0,0.0,0.0,0.0,0.0,0.0,0.0,0.0,0.0,0.0,0.0,stable,stable
9,500,240,modular,6,0.08,0.004,0.12,15,40,0.72,0.22,True,static,1.0,False,False,1.0,default,default,0.33395,0.7583333333333333,0.3083333333333333,0.03752547653113666,0.3975333333333333,0.4708333333333333,0.15416666666666667,0.025817715709265304,0.2685166666666666,0.425,0.3375,0.036988845916332974,0.6874953948547077,0.8987171054380406,0.48623971850307485,0.05306554356524687,0.6866282588063122,0.8987171054380406,0.49030322282430494,0.05335428908351011,0.21658526898753452,0.7396167939567022,0.7300708126701769,0.15551082268087693,0.21636666666666665,0.7791666666666667,0.725,0.15655729870490795,2.227100731684648,2.5095735580147616,0.685607700945545,0.07705652459611093,1.0,1.0,0.0,0.0,0.3068571428571429,0.6428571428571429,0.5,0.09226138555921497,0.0,0.0,0.0,0.0,0.0,0.0,0.0,0.0,0.0,0.0,0.0,0.0,0.0,0.0,0.0,0.0,0.0,0.0,0.0,0.0,oscillatory,runaway
10,500,240,modular,6,0.08,0.004,0.12,15,40,0.72,0.22,True,static,1.0,False,False,1.0,default,default,0.3497833333333333,0.7875,0.29166666666666663,0.03665371362116289,0.37755000000000005,0.44583333333333336,0.12083333333333329,0.024621247599042037,0.2726666666666666,0.4125,0.26666666666666666,0.033882558607309717,0.6892395623833538,0.8610704558436048,0.39178341011836043,0.04983332529963046,0.6878069204012975,0.8610704558436048,0.39178341011836043,0.053675475057256825,0.23146356746893634,0.7481948115315515,0.6759701487278157,0.1597186310775832,0.22760000000000002,0.7875,0.7,0.16032879757964047,2.1922178754232498,2.4394779057403704,0.5833374318917164,0.07235321601848804,1.0,1.0,0.0,0.0,0.29457142857142854,0.5357142857142857,0.4642857142857143,0.07058877750892192,0.0,0.0,0.0,0.0,0.0,0.0,0.0,0.0,0.0,0.0,0.0,0.0,0.0,0.0,0.0,0.0,0.0,0.0,0.0,0.0,oscillatory,runaway
11,500,240,modular,6,0.08,0.004,0.12,15,40,0.72,0.22,True,static,1.0,False,False,1.0,default,default,0.361,0.8166666666666667,0.15000000000000002,0.023510635891017494,0.36860000000000004,0.44166666666666665,0.1375,0.02483022351892951,0.27040000000000003,0.4041666666666667,0.1791666666666667,0.021569165233937287,0.6765333215429468,0.834839560440034,0.24655841666715894,0.029598244410870993,0.6748194655019818,0.834839560440034,0.24655841666715894,0.029731243000278317,0.13972225601565366,0.7306120462780223,0.574868365762711,0.11038257995744603,0.14206666666666667,0.7666666666666667,0.5791666666666667,0.11460551179299072,2.1664611432387817,2.3911077830907588,0.3145989006449046,0.04235159943081154,1.0,1.0,0.0,0.0,0.32971428571428574,0.5357142857142857,0.39285714285714285,0.06155070914228663,0.0,0.0,0.0,0.0,0.0,0.0,0.0,0.0,0.0,0.0,0.0,0.0,0.0,0.0,0.0,0.0,0.0,0.0,0.0,0.0,oscillatory,runaway
12,500,240,modular,6,0.08,0.004,0.12,15,40,0.72,0.22,True,static,1.0,False,False,1.0,default,default,0.3484,0.7708333333333334,0.17083333333333334,0.02427438064205873,0.40041666666666664,0.4875,0.15416666666666667,0.023535581809488188,0.2511833333333333,0.4166666666666667,0.17916666666666664,0.020794690828830967,0.6628405180562539,0.849978471555573,0.24536599037899887,0.029194782117638582,0.6619628818858765,0.849978471555573,0.24536599037899887,0.02915986736550373,0.09539977721596841,0.7392779616450474,0.5982102013727744,0.08633410435342598,0.09563333333333332,0.7875,0.5666666666666667,0.08706216808184317,2.154041674099736,2.3564976092186636,0.3427572519157851,0.044050518741743525,1.0,1.0,0.0,0.0,0.39185714285714285,0.6071428571428571,0.4285714285714285,0.07487418017676627,0.0,0.0,0.0,0.0,0.0,0.0,0.0,0.0,0.0,0.0,0.0,0.0,0.0,0.0,0.0,0.0,0.0,0.0,0.0,0.0,oscillatory,runaway
13,500,240,modular,6,0.08,0.004,0.12,15,40,0.72,0.22,True,static,1.0,False,False,1.0,default,default,0.3355,0.8291666666666667,0.22916666666666663,0.02439034417323562,0.4166,0.5,0.11666666666666664,0.022267215562096866,0.24789999999999998,0.4083333333333333,0.1875,0.023641559452230163,0.6760748814733877,0.8480940652726318,0.3171703840723425,0.03254657418832973,0.6755133834588839,0.8480940652726318,0.3171703840723425,0.03260525067902092,0.14784330832590564,0.7412687174867122,0.628793453134547,0.1246761594200841,0.1472,0.7625,0.6583333333333333,0.12551535541297107,2.2146549496750803,2.431543247348942,0.4384833467051008,0.046679288284237945,1.0,1.0,0.0,0.0,0.2857142857142857,0.5357142857142857,0.35714285714285715,0.06866065623255953,0.0,0.0,0.0,0.0,0.0,0.0,0.0,0.0,0.0,0.0,0.0,0.0,0.0,0.0,0.0,0.0,0.0,0.0,0.0,0.0,oscillatory,runaway
14,500,240,modular,6,0.08,0.004,0.12,15,40,0.72,0.22,True,static,1.0,False,False,1.0,default,default,0.3497833333333333,0.7708333333333334,0.17500000000000004,0.023491020743159622,0.3808333333333333,0.4875,0.1333333333333333,0.022882550362909967,0.2693833333333333,0.4083333333333333,0.24583333333333335,0.02695511186316161,0.6808574237729234,0.8708489894535608,0.31086275601542135,0.034549168117853184,0.6808052087841813,0.8708489894535608,0.31086275601542135,0.034622337746449176,0.1707014280819546,0.7347345894814291,0.6550257749664954,0.12955111046292192,0.1703333333333333,0.7416666666666667,0.6666666666666666,0.13314006826563435,2.15510317234306,2.3968867506849376,0.39114805510031414,0.047041431754546933,1.0,1.0,0.0,0.0,0.2517142857142857,0.5357142857142857,0.5,0.06590902821313634,0.0,0.0,0.0,0.0,0.0,0.0,0.0,0.0,0.0,0.0,0.0,0.0,0.0,0.0,0.0,0.0,0.0,0.0,0.0,0.0,oscillatory,runaway
15,500,240,modular,6,0.08,0.004,0.12,15,40,0.72,0.22,True,static,1.0,False,False,1.0,default,default,0.35456666666666664,0.7791666666666667,0.23750000000000004,0.03881016476245481,0.3522166666666667,0.4791666666666667,0.1916666666666667,0.03236536643457701,0.2932166666666666,0.4166666666666667,0.3208333333333333,0.0563091688803875,0.682786292057234,0.8461033784987165,0.37433879262920483,0.06707607963911312,0.6835728878478099,0.8461033784987165,0.37433879262920483,0.06732441611248302,0.23701987315458703,0.732511709209414,0.6460660287860341,0.17550564353093778,0.23561666666666667,0.775,0.6625,0.17758760044928062,2.2081632930222996,2.4213536534685374,0.5185436698733727,0.0927119703200593,1.0,1.0,0.0,0.0,0.35728571428571426,0.6428571428571429,0.6428571428571429,0.10387875585685144,0.0,0.0,0.0,0.0,0.0,0.0,0.0,0.0,0.0,0.0,0.0,0.0,0.0,0.0,0.0,0.0,0.0,0.0,0.0,0.0,oscillatory,runaway
16,500,240,modular,6,0.08,0.004,0.12,15,40,0.72,0.22,True,static,1.0,False,False,1.0,default,default,0.3944666666666667,0.7875,0.375,0.11500154105247654,0.4011,0.5291666666666667,0.22916666666666669,0.057572765552241216,0.20443333333333333,0.4583333333333333,0.4458333333333333,0.16501746035563092,0.6062753070806874,0.9251332080627674,0.6171788613311207,0.21648970714216736,0.6143618293729223,0.9251332080627674,0.6171788613311207,0.21573180845358464,0.3702290844071848,0.7482779764692017,0.7482779244438023,0.3582155607985575,0.369,0.8083333333333333,0.7833333333333333,0.35767785008921704,2.1151347435941963,2.5373626194465544,0.8486207245781978,0.2857217916066805,1.0,1.0,0.0,0.0,0.24728571428571428,0.6071428571428571,0.6071428571428571,0.19986674131959595,0.0,0.0,0.0,0.0,0.0,0.0,0.0,0.0,0.0,0.0,0.0,0.0,0.0,0.0,0.0,0.0,0.0,0.0,0.0,0.0,runaway,runaway
17,500,240,modular,6,0.08,0.004,0.12,15,40,0.72,0.22,True,static,1.0,False,False,1.0,default,default,0.36698333333333333,0.8166666666666667,0.11249999999999999,0.018520926602689787,0.39148333333333335,0.44583333333333336,0.10833333333333334,0.01867580877320533,0.24153333333333332,0.4375,0.08749999999999997,0.016072198217902726,0.6188327067792443,0.8442179574330004,0.1255647634811281,0.021868433487443367,0.6184443073644906,0.8442179574330004,0.1255647634811281,0.021915176989380416,0.018011233864307998,0.716157012488422,0.1887659579399235,0.021082998365361663,0.0187,0.7291666666666666,0.21666666666666667,0.02447002701719437,2.1742565149045032,2.44438520978084,0.19512293285690419,0.03368812568247319,1.0,1.0,0.0,0.0,0.25757142857142856,0.42857142857142855,0.3214285714285714,0.060683353464975075,0.0,0.0,0.0,0.0,0.0,0.0,0.0,0.0,0.0,0.0,0.0,0.0,0.0,0.0,0.0,0.0,0.0,0.0,0.0,0.0,stable,runaway
18,500,240,modular,6,0.08,0.004,0.12,15,40,0.72,0.22,True,static,1.0,False,False,1.0,default,default,0.34895,0.875,0.1166666666666667,0.020785150949656345,0.4131166666666667,0.4708333333333333,0.11249999999999999,0.02242816309910377,0.23793333333333333,0.3958333333333333,0.11249999999999999,0.020195736623797058,0.6608864508853801,0.8444156192835489,0.16258359112955745,0.02690004561471816,0.6607388490162377,0.8444156192835489,0.16258359112955745,0.027533414233524012,0.09169728271641171,0.7434055914601382,0.4732978400044178,0.08225132711942004,0.09008333333333333,0.775,0.475,0.08264335188695526,2.1691625516793622,2.3945940949323394,0.21127756206031156,0.03834177376545625,1.0,1.0,0.0,0.0,0.2702857142857143,0.5357142857142857,0.3214285714285714,0.06418023091900127,0.0,0.0,0.0,0.0,0.0,0.0,0.0,0.0,0.0,0.0,0.0,0.0,0.0,0.0,0.0,0.0,0.0,0.0,0.0,0.0,stable,stable
19,500,240,modular,6,0.08,0.004,0.12,15,40,0.72,0.22,True,static,1.0,False,False,1.0,default,default,0.3438333333333334,0.8166666666666667,0.28750000000000003,0.059510970043812554,0.39183333333333337,0.4583333333333333,0.1333333333333333,0.023690129214975215,0.26433333333333325,0.4083333333333333,0.29583333333333334,0.06493137402930368,0.6710529827298005,0.8552306632353854,0.415886948551032,0.09157526387842381,0.6694757367714406,0.8552306632353854,0.415886948551032,0.09192471116023249,0.24232096513397922,0.732089916313586,0.6978481604082684,0.20952175646739649,0.24368333333333334,0.7666666666666667,0.7208333333333333,0.21025950170100646,2.2186580864515304,2.4632289844214763,0.6049723451393398,0.13019394245516247,1.0,1.0,0.0,0.0,0.3167142857142857,0.5,0.4642857142857143,0.09248949195691898,0.0,0.0,0.0,0.0,0.0,0.0,0.0,0.0,0.0,0.0,0.0,0.0,0.0,0.0,0.0,0.0,0.0,0.0,0.0,0.0,oscillatory,runaway
20,500,240,modular,6,0.08,0.004,0.12,15,40,0.72,0.22,True,static,1.0,False,False,1.0,default,default,0.33348333333333335,0.7833333333333333,0.2625,0.04247440078708848,0.40095000000000003,0.4875,0.18333333333333335,0.026175163164088716,0.2655666666666667,0.4166666666666667,0.26666666666666666,0.04434286864874667,0.6809721395778467,0.8662499516465604,0.3822013955664509,0.06225566399858245,0.682438436375929,0.8662499516465604,0.3822013955664509,0.06227111925244734,0.2204544388536135,0.7435408273441598,0.7057714039726862,0.16662607761687914,0.21931666666666666,0.7666666666666667,0.7125,0.1680624627597992,2.178193526065639,2.406358648711978,0.5479722126329372,0.08607592211878246,1.0,1.0,0.0,0.0,0.2282857142857143,0.4642857142857143,0.39285714285714285,0.06894185660276879,0.0,0.0,0.0,0.0,0.0,0.0,0.0,0.0,0.0,0.0,0.0,0.0,0.0,0.0,0.0,0.0,0.0,0.0,0.0,0.0,oscillatory,runaway
21,500,240,modular,6,0.08,0.004,0.12,15,40,0.72,0.22,True,static,1.0,False,False,1.0,default,default,0.38380000000000003,0.7958333333333333,0.10000000000000003,0.01903006393403168,0.40721666666666667,0.4625,0.1166666666666667,0.02047872201958793,0.20898333333333335,0.3375,0.09583333333333333,0.017262105253351277,0.6109669956085886,0.7630575977717579,0.11903625834416498,0.023095110631582153,0.6103177627281693,0.7630575977717579,0.11903625834416498,0.022690105591017872,0.013331323953969588,0.6296855452360108,0.07421577936155013,0.012898902288452781,0.01335,0.6416666666666667,0.07916666666666666,0.015416882881366707,2.103703629551398,2.307907182439183,0.1791637193938027,0.0340986341304408,1.0,1.0,0.0,0.0,0.21485714285714283,0.42857142857142855,0.3214285714285714,0.0516036701748064,0.0,0.0,0.0,0.0,0.0,0.0,0.0,0.0,0.0,0.0,0.0,0.0,0.0,0.0,0.0,0.0,0.0,0.0,0.0,0.0,stable,stable
22,500,240,modular,6,0.08,0.004,0.12,15,40,0.72,0.22,True,static,1.0,False,False,1.0,default,default,0.34535000000000005,0.7583333333333333,0.25416666666666665,0.04036262366210711,0.3655333333333333,0.4625,0.15833333333333333,0.026600835408769483,0.2891166666666667,0.4083333333333333,0.29166666666666663,0.050875231367205266,0.6872805587211538,0.8805787074607033,0.401226457197642,0.06411935309513352,0.685746089137892,0.8805787074607033,0.401226457197642,0.06650844826292225,0.24005997940894622,0.7279592754454123,0.6512400379241855,0.1670076994262145,0.23963333333333334,0.7833333333333333,0.6875,0.16901685977703199,2.2137639954695216,2.4573037576566334,0.541954339987184,0.08837916558069339,1.0,1.0,0.0,0.0,0.28685714285714287,0.6428571428571429,0.4285714285714286,0.08316887172788745,0.0,0.0,0.0,0.0,0.0,0.0,0.0,0.0,0.0,0.0,0.0,0.0,0.0,0.0,0.0,0.0,0.0,0.0,0.0,0.0,oscillatory,runaway
23,500,240,modular,6,0.08,0.004,0.12,15,40,0.72,0.22,True,static,1.0,False,False,1.0,default,default,0.379,0.8333333333333334,0.10833333333333334,0.020302572360280963,0.3716333333333333,0.425,0.11250000000000004,0.018296903198811176,0.24936666666666668,0.4166666666666667,0.1,0.019483297690301014,0.6337794533871023,0.8031517841443357,0.13197624949330566,0.02607960973247683,0.6337483558125082,0.8031517841443357,0.12872359737597705,0.026775094865228142,0.035689240768103606,0.7028182296271752,0.1719924773442842,0.037819868753367444,0.03538333333333334,0.7,0.19583333333333333,0.03979852384197183,2.156855900327011,2.3876844311677377,0.20719739472514842,0.03905076246322971,1.0,1.0,0.0,0.0,0.32271428571428573,0.5357142857142857,0.3214285714285714,0.05832159259884204,0.0,0.0,0.0,0.0,0.0,0.0,0.0,0.0,0.0,0.0,0.0,0.0,0.0,0.0,0.0,0.0,0.0,0.0,0.0,0.0,stable,runaway
24,500,240,modular,6,0.08,0.004,0.12,15,40,0.72,0.22,True,static,1.0,False,False,1.0,default,default,0.35614999999999997,0.8166666666666667,0.11666666666666664,0.0221866388721781,0.4125833333333333,0.5,0.125,0.022380702252908273,0.23126666666666665,0.3875,0.11249999999999999,0.019920843355641343,0.6636293601536346,0.840846680704187,0.15961950504339528,0.027679528387969516,0.6636976038975165,0.840846680704187,0.15961950504339528,0.027364926097911316,0.10169279742485605,0.7524154661736568,0.564745077551156,0.09423380473610043,0.1044,0.7875,0.5833333333333334,0.09832599407639424,2.1608026017408855,2.3689279924657796,0.2291581235925837,0.0407959294850017,1.0,1.0,0.0,0.0,0.30642857142857144,0.5,0.4285714285714286,0.0687683185242526,0.0,0.0,0.0,0.0,0.0,0.0,0.0,0.0,0.0,0.0,0.0,0.0,0.0,0.0,0.0,0.0,0.0,0.0,0.0,0.0,stable,stable
25,500,240,modular,6,0.08,0.004,0.12,15,40,0.72,0.22,True,static,1.0,False,False,1.0,default,default,0.41605,0.775,0.11666666666666664,0.018755599163983002,0.37373333333333336,0.42916666666666664,0.09999999999999998,0.01953077343863041,0.21021666666666664,0.35833333333333334,0.09999999999999998,0.016608071999950975,0.5870665535212946,0.7917091532770377,0.1352342448832402,0.022292270264012492,0.5875990947316806,0.7917091532770377,0.1352342448832402,0.022578743362707068,0.005509569222743714,0.7068244476468075,0.0463156999671911,0.005624989346879025,0.005633333333333333,0.7208333333333333,0.05,0.007467633865928053,2.0505777785062165,2.3231600407323656,0.2216437059507057,0.033026370171606825,1.0,1.0,0.0,0.0,0.2775714285714286,0.42857142857142855,0.2857142857142857,0.05111032484853182,0.0,0.0,0.0,0.0,0.0,0.0,0.0,0.0,0.0,0.0,0.0,0.0,0.0,0.0,0.0,0.0,0.0,0.0,0.0,0.0,stable,stable
26,500,240,modular,6,0.08,0.004,0.12,15,40,0.72,0.22,True,static,1.0,False,False,1.0,default,default,0.34265,0.8375,0.3041666666666667,0.0526737046985179,0.39361666666666667,0.49166666666666664,0.17083333333333334,0.03269837321811456,0.26373333333333326,0.4083333333333333,0.30833333333333335,0.06905819607001361,0.6780644667119305,0.8487769143143492,0.4295105705070411,0.08903697428801112,0.6745799275214641,0.8487769143143492,0.4295105705070411,0.09167629722104464,0.25655427539663,0.7402177218632991,0.7085436383868711,0.20026159797053278,0.25730000000000003,0.7875,0.7125,0.2014500599817897,2.1756331177290535,2.3801463504541513,0.6153973582528682,0.11822891111492594,1.0,1.0,0.0,0.0,0.25942857142857145,0.5357142857142857,0.39285714285714285,0.08423049038325779,0.0,0.0,0.0,0.0,0.0,0.0,0.0,0.0,0.0,0.0,0.0,0.0,0.0,0.0,0.0,0.0,0.0,0.0,0.0,0.0,oscillatory,runaway
27,500,240,modular,6,0.08,0.004,0.12,15,40,0.72,0.22,True,static,1.0,False,False,1.0,default,default,0.37303333333333333,0.7833333333333333,0.10416666666666663,0.019487004216485748,0.39143333333333336,0.44583333333333336,0.1166666666666667,0.019219521325985204,0.23553333333333337,0.3958333333333333,0.11666666666666667,0.018394413403108142,0.6316594683808053,0.8623639467285085,0.15169802157811152,0.02469547468431655,0.6316881574838208,0.8623639467285085,0.15169802157811152,0.024702800761955603,0.03208049471344221,0.740282749409383,0.22940942662056585,0.034226847515944285,0.031700000000000006,0.7583333333333333,0.25833333333333336,0.036706024331466656,2.136048058811302,2.4614395467018615,0.22058230814848212,0.03714889703856521,1.0,1.0,0.0,0.0,0.3628571428571428,0.5714285714285714,0.3214285714285714,0.0656832224718437,0.0,0.0,0.0,0.0,0.0,0.0,0.0,0.0,0.0,0.0,0.0,0.0,0.0,0.0,0.0,0.0,0.0,0.0,0.0,0.0,stable,stable
28,500,240,modular,6,0.08,0.004,0.12,15,40,0.72,0.22,True,static,1.0,False,False,1.0,default,default,0.3682166666666667,0.825,0.09999999999999998,0.018908412296000834,0.3922833333333333,0.45,0.1166666666666667,0.02048292649446797,0.2395,0.38333333333333336,0.10416666666666666,0.017666666666666664,0.6414666356652617,0.8043548015194045,0.12789165070784225,0.022642575273692192,0.6407441007988258,0.8043548015194045,0.12789165070784225,0.022580101254720257,0.040882572708963096,0.70979892640889,0.21650300741521866,0.03579763955933547,0.040583333333333325,0.7208333333333333,0.21666666666666667,0.03637392610098613,2.160352579767644,2.4041015502680505,0.17768604907025543,0.03318575011862344,1.0,1.0,0.0,0.0,0.33342857142857146,0.5,0.3214285714285714,0.05605099718751028,0.0,0.0,0.0,0.0,0.0,0.0,0.0,0.0,0.0,0.0,0.0,0.0,0.0,0.0,0.0,0.0,0.0,0.0,0.0,0.0,stable,stable
29,500,240,modular,6,0.08,0.004,0.12,15,40,0.72,0.22,True,static,1.0,False,False,1.0,default,default,0.3591166666666667,0.7958333333333333,0.20416666666666666,0.025782428340075166,0.3794166666666667,0.45,0.12916666666666665,0.0215124318063352,0.2614666666666666,0.38333333333333336,0.24583333333333335,0.026455707218754225,0.673617587253599,0.8492833025942926,0.3298947200622838,0.037776617167677405,0.67081033641629,0.8492833025942926,0.3546310908632611,0.041551204325335246,0.14654821674401616,0.7484038202905108,0.6123653913122481,0.12597208359225817,0.14851666666666666,0.7708333333333334,0.6541666666666667,0.13070888879915976,2.1558530733386774,2.360004631629579,0.4499039391314066,0.051576626078179075,1.0,1.0,0.0,0.0,0.21,0.4642857142857143,0.3571428571428571,0.06555882231762152,0.0,0.0,0.0,0.0,0.0,0.0,0.0,0.0,0.0,0.0,0.0,0.0,0.0,0.0,0.0,0.0,0.0,0.0,0.0,0.0,oscillatory,oscillatory
30,500,240,modular,6,0.08,0.004,0.12,15,40,0.72,0.22,True,static,1.0,False,False,1.0,default,default,0.33094999999999997,0.8208333333333333,0.2958333333333333,0.03399877857283177,0.4048333333333334,0.475,0.17083333333333334,0.027158996872327795,0.26421666666666666,0.3958333333333333,0.24166666666666664,0.03280049542308774,0.6862080560655607,0.8518605207680622,0.38624261318319525,0.04474937708538367,0.685559158184753,0.8518605207680622,0.38624261318319525,0.045069739311976005,0.20322570507704985,0.7381108557882886,0.7100805229469164,0.14447079881644095,0.20146666666666663,0.7625,0.7166666666666667,0.14632228128347372,2.213180542678691,2.4395153005563035,0.5783125902453428,0.06676162032688567,1.0,1.0,0.0,0.0,0.2581428571428572,0.5,0.3571428571428571,0.07164267910531931,0.0,0.0,0.0,0.0,0.0,0.0,0.0,0.0,0.0,0.0,0.0,0.0,0.0,0.0,0.0,0.0,0.0,0.0,0.0,0.0,oscillatory,oscillatory
31,500,240,modular,6,0.08,0.004,0.12,15,40,0.72,0.22,True,static,1.0,False,False,1.0,default,default,0.37561666666666665,0.7791666666666667,0.31250000000000006,0.07051867561937838,0.3893666666666667,0.5125,0.17916666666666664,0.03373695632718254,0.23501666666666665,0.4125,0.3375,0.09211036405674806,0.6455646868932251,0.8753250267046344,0.4690045424197409,0.12413133304510392,0.644361932761141,0.8753250267046344,0.4690045424197409,0.12274561116109191,0.25740285377029976,0.7523277130011654,0.7361287852517668,0.2607828965107547,0.258,0.775,0.7416666666666667,0.26204171635659673,2.1058790318236498,2.4028994417622433,0.6503730075956442,0.16086035781699004,1.0,1.0,0.0,0.0,0.276,0.5357142857142857,0.5357142857142857,0.12379014500355026,0.0,0.0,0.0,0.0,0.0,0.0,0.0,0.0,0.0,0.0,0.0,0.0,0.0,0.0,0.0,0.0,0.0,0.0,0.0,0.0,oscillatory,runaway
32,500,240,modular,6,0.08,0.004,0.12,15,40,0.72,0.22,True,static,1.0,False,False,1.0,default,default,0.3975333333333334,0.8125,0.10416666666666669,0.01940858916390713,0.38926666666666665,0.4583333333333333,0.10416666666666669,0.01953461315488769,0.21320000000000003,0.3875,0.10416666666666669,0.01908122986951662,0.5880669022171232,0.81289683086915,0.13079010313014394,0.024219305465793546,0.5877815714549668,0.81289683086915,0.13079010313014394,0.024311376360405555,0.005804532346089955,0.7171181622916604,0.05110312066501568,0.006522194180285075,0.00625,0.7916666666666666,0.05416666666666667,0.00881326336331277,2.0900532955708333,2.3814201885922635,0.20252925965655555,0.03698156131578903,1.0,1.0,0.0,0.0,0.32342857142857145,0.5,0.35714285714285715,0.06636387018028803,0.0,0.0,0.0,0.0,0.0,0.0,0.0,0.0,0.0,0.0,0.0,0.0,0.0,0.0,0.0,0.0,0.0,0.0,0.0,0.0,stable,stable
33,500,240,modular,6,0.08,0.004,0.12,15,40,0.72,0.22,True,static,1.0,False,False,1.0,default,default,0.40348333333333336,0.8333333333333334,0.4083333333333333,0.11983039982501194,0.38558333333333333,0.49583333333333335,0.18333333333333335,0.03817549024643372,0.21093333333333333,0.44583333333333336,0.42083333333333334,0.1487402321722898,0.5948701795429339,0.9256514804666104,0.6093542829717561,0.19997411959346603,0.5982975202943721,0.9256514804666104,0.6093542829717561,0.2007377468326211,0.32053487232143535,0.7412256597380137,0.7411972863924899,0.32451487302341303,0.32080000000000003,0.7958333333333333,0.7833333333333333,0.3257192877992405,2.068335794428298,2.532481046204553,0.85273755885238,0.2737642047867759,1.0,1.0,0.0,0.0,0.21228571428571427,0.5,0.5,0.1574868961183107,0.0,0.0,0.0,0.0,0.0,0.0,0.0,0.0,0.0,0.0,0.0,0.0,0.0,0.0,0.0,0.0,0.0,0.0,0.0,0.0,oscillatory,runaway
34,500,240,modular,6,0.08,0.004,0.12,15,40,0.72,0.22,True,static,1.0,False,False,1.0,default,default,0.34201666666666664,0.8416666666666667,0.12916666666666665,0.024159820869461023,0.40551666666666664,0.4666666666666667,0.1375,0.025433404324933684,0.2524666666666667,0.4166666666666667,0.11666666666666667,0.022054830662590806,0.6705330244791438,0.8600252731174272,0.1330089211343508,0.028654569047247485,0.6699235487403975,0.8600252731174272,0.1330089211343508,0.029108879744079056,0.12395155063694892,0.7383629973704114,0.43956988773923084,0.11040677515118787,0.12569999999999998,0.7958333333333333,0.5,0.11396665691722685,2.1898101694200696,2.4139515415982595,0.20980572878627468,0.04339624131664999,1.0,1.0,0.0,0.0,0.292,0.6428571428571429,0.35714285714285715,0.06829766781209612,0.0,0.0,0.0,0.0,0.0,0.0,0.0,0.0,0.0,0.0,0.0,0.0,0.0,0.0,0.0,0.0,0.0,0.0,0.0,0.0,stable,runaway
35,500,240,modular,6,0.08,0.004,0.12,15,40,0.72,0.22,True,static,1.0,False,False,1.0,default,default,0.3443333333333333,0.8125,0.13333333333333336,0.023323807579381198,0.3817833333333333,0.4625,0.13333333333333336,0.023112652859899538,0.2738833333333333,0.4583333333333333,0.14583333333333331,0.023110609636653415,0.669055751717509,0.908905390386243,0.16147713544911702,0.030136373568757608,0.6692085846781617,0.908905390386243,0.16147713544911702,0.029763109360160717,0.11777696395514368,0.716545553863114,0.5316901221988698,0.10238074229317178,0.11745,0.7583333333333333,0.5625,0.10443238242997237,2.196624725453882,2.5459319698557024,0.2478787998757026,0.04437531223686159,1.0,1.0,0.0,0.0,0.29828571428571427,0.4642857142857143,0.32142857142857145,0.06658675482682233,0.0,0.0,0.0,0.0,0.0,0.0,0.0,0.0,0.0,0.0,0.0,0.0,0.0,0.0,0.0,0.0,0.0,0.0,0.0,0.0,runaway,runaway
36,500,240,modular,6,0.08,0.004,0.12,15,40,0.72,0.22,True,static,1.0,False,False,1.0,default,default,0.35895,0.75,0.10416666666666669,0.019042211881326532,0.4049,0.4583333333333333,0.125,0.021190695022947112,0.23615,0.43333333333333335,0.0875,0.018330977121316316,0.6389491992870262,0.8463761433867419,0.12226524808170047,0.022635983678799605,0.6393521260394237,0.8463761433867419,0.12136686464784574,0.022455428796928568,0.038982395180825656,0.7209728104725498,0.2598890214161671,0.03769386917740202,0.03891666666666666,0.7583333333333333,0.2708333333333333,0.0388891765862374,2.1287471561485116,2.4050171940741243,0.17876676726110619,0.034002715304041475,1.0,1.0,0.0,0.0,0.30057142857142854,0.4642857142857143,0.2857142857142857,0.059278657067054666,0.0,0.0,0.0,0.0,0.0,0.0,0.0,0.0,0.0,0.0,0.0,0.0,0.0,0.0,0.0,0.0,0.0,0.0,0.0,0.0,stable,runaway
37,500,240,modular,6,0.08,0.004,0.12,15,40,0.72,0.22,True,static,1.0,False,False,1.0,default,default,0.3576166666666667,0.7833333333333333,0.14166666666666666,0.02263785546380222,0.3721333333333333,0.4625,0.15833333333333338,0.024088471193590606,0.27025,0.3875,0.12083333333333335,0.02203233104124734,0.674365163681078,0.818607786645375,0.14914685838770203,0.028681344065610015,0.6745546230277312,0.818607786645375,0.14914685838770203,0.028964756331642194,0.1396307041463001,0.7263435357838437,0.5337010544663184,0.11067400886189682,0.1397,0.7583333333333333,0.5291666666666667,0.11287846955415762,2.157371439324044,2.31557324009987,0.22282139079878727,0.04162177258017824,1.0,1.0,0.0,0.0,0.3988571428571429,0.6071428571428571,0.3928571428571428,0.07508308323287677,0.0,0.0,0.0,0.0,0.0,0.0,0.0,0.0,0.0,0.0,0.0,0.0,0.0,0.0,0.0,0.0,0.0,0.0,0.0,0.0,stable,oscillatory
38,500,240,modular,6,0.08,0.004,0.12,15,40,0.72,0.22,True,static,1.0,False,False,1.0,default,default,0.3477166666666667,0.8208333333333333,0.11249999999999999,0.021428051448717608,0.38781666666666664,0.45416666666666666,0.125,0.023201346943658246,0.2644666666666667,0.3958333333333333,0.15416666666666665,0.021609385820877822,0.6707232593707383,0.806964465061173,0.16363190413476758,0.027367045565429158,0.6706007211360621,0.806964465061173,0.16363190413476758,0.02734080243354992,0.1219854373327469,0.7177416057523189,0.4993205586615216,0.10235173601188492,0.12293333333333333,0.7458333333333333,0.5,0.10489627681137634,2.1765390566151264,2.33170442612013,0.21090711258421146,0.03928288081993984,1.0,1.0,0.0,0.0,0.14114285714285713,0.42857142857142855,0.2857142857142857,0.049663356507508,0.0,0.0,0.0,0.0,0.0,0.0,0.0,0.0,0.0,0.0,0.0,0.0,0.0,0.0,0.0,0.0,0.0,0.0,0.0,0.0,oscillatory,oscillatory
39,500,240,modular,6,0.08,0.004,0.12,15,40,0.72,0.22,True,static,1.0,False,False,1.0,default,default,0.3294833333333333,0.7916666666666666,0.2666666666666667,0.04036255484150295,0.3834833333333333,0.475,0.175,0.02794174992531586,0.2870333333333333,0.4125,0.3166666666666667,0.046392695785244284,0.6896261051334431,0.8288520046205393,0.3981073251720282,0.058821181400452276,0.6907101603929096,0.8288520046205393,0.3981073251720282,0.0591421990079349,0.2525695502602128,0.723778314676725,0.705518945425468,0.1695345339129124,0.25111666666666665,0.7625,0.6916666666666667,0.1682398758717247,2.2010497570773415,2.366314633265928,0.5767433971284084,0.08564781704511072,1.0,1.0,0.0,0.0,0.315,0.5,0.4285714285714286,0.07885986020162862,0.0,0.0,0.0,0.0,0.0,0.0,0.0,0.0,0.0,0.0,0.0,0.0,0.0,0.0,0.0,0.0,0.0,0.0,0.0,0.0,oscillatory,runaway
40,500,240,modular,6,0.08,0.004,0.12,15,40,0.72,0.22,True,static,1.0,False,False,1.0,default,default,0.4051166666666666,0.7708333333333334,0.3833333333333333,0.1391007838064026,0.37788333333333335,0.4791666666666667,0.1833333333333333,0.04360434802478609,0.217,0.44166666666666665,0.42083333333333334,0.1746294489610628,0.6078372370771372,0.9037107580156422,0.5952528069671357,0.2382879283556392,0.602196558839742,0.9037107580156422,0.5952528069671357,0.2375940734940926,0.36312762768987045,0.7455648098686807,0.7455647569575361,0.3656589309992038,0.3639166666666666,0.8,0.7916666666666666,0.36688649660199935,2.0723699077474285,2.4742133754051685,0.8192093912840583,0.3208334634716047,1.0,1.0,0.0,0.0,0.19428571428571428,0.4642857142857143,0.4642857142857143,0.14191834386903834,0.0,0.0,0.0,0.0,0.0,0.0,0.0,0.0,0.0,0.0,0.0,0.0,0.0,0.0,0.0,0.0,0.0,0.0,0.0,0.0,oscillatory,runaway
41,500,240,modular,6,0.08,0.004,0.12,15,40,0.72,0.22,True,static,1.0,False,False,1.0,default,default,0.3396666666666666,0.7875,0.12083333333333335,0.021230219551908132,0.39545,0.45,0.10833333333333334,0.023128391643173117,0.2648833333333333,0.44583333333333336,0.11666666666666664,0.02200884291975993,0.6727595225771327,0.8791094808420735,0.16261102755700363,0.027161420067432107,0.6732425684100729,0.8791094808420735,0.13890506467996244,0.02689217954367122,0.12892566661864271,0.7272503880452379,0.5274969066643649,0.1091623817253371,0.12805000000000002,0.7458333333333333,0.5916666666666667,0.11282946940700674,2.1909018275021372,2.4675731777181458,0.2405698092885058,0.039712052105039024,1.0,1.0,0.0,0.0,0.25185714285714284,0.5,0.35714285714285715,0.07179633894366959,0.0,0.0,0.0,0.0,0.0,0.0,0.0,0.0,0.0,0.0,0.0,0.0,0.0,0.0,0.0,0.0,0.0,0.0,0.0,0.0,stable,runaway
42,500,240,modular,6,0.08,0.004,0.12,15,40,0.72,0.22,True,static,1.0,False,False,1.0,default,default,0.3634833333333333,0.7958333333333333,0.1166666666666667,0.019886965301143585,0.4158333333333334,0.4708333333333333,0.11666666666666664,0.021255718184892167,0.22068333333333334,0.38333333333333336,0.09166666666666665,0.019018769968405187,0.6194768114016508,0.8084521660181099,0.12212257178248653,0.023952901192002204,0.6208049365219315,0.8084521660181099,0.12212257178248653,0.024318700902291792,0.020387775680022306,0.7078743196905875,0.11703078224466933,0.019934157639496693,0.020716666666666668,0.725,0.10833333333333334,0.0206337170131263,2.153734570927116,2.4254567999377716,0.18928134629662008,0.036918537113451354,1.0,1.0,0.0,0.0,0.11557142857142856,0.42857142857142855,0.2142857142857143,0.04711449363204578,0.0,0.0,0.0,0.0,0.0,0.0,0.0,0.0,0.0,0.0,0.0,0.0,0.0,0.0,0.0,0.0,0.0,0.0,0.0,0.0,stable,stable
43,500,240,modular,6,0.08,0.004,0.12,15,40,0.72,0.22,True,static,1.0,False,False,1.0,default,default,0.3799333333333333,0.8208333333333333,0.38749999999999996,0.12058524416822777,0.40813333333333335,0.5166666666666667,0.20833333333333337,0.03167699831458502,0.21193333333333333,0.4375,0.42083333333333334,0.1349159656148144,0.6115713924222809,0.9016708380491527,0.5970818564962346,0.18884045725471824,0.6257618657406807,0.8764667878844601,0.571877806331542,0.18616645111221092,0.3573246110081091,0.7432266511757057,0.7432266059356554,0.302034342502126,0.35706666666666664,0.825,0.825,0.3039788113960869,2.1080110524154554,2.5034139937710616,0.8534082360898072,0.2680741226041758,1.0,1.0,0.0,0.0,0.2504285714285715,0.6071428571428571,0.6071428571428571,0.16043569504601513,0.0,0.0,0.0,0.0,0.0,0.0,0.0,0.0,0.0,0.0,0.0,0.0,0.0,0.0,0.0,0.0,0.0,0.0,0.0,0.0,oscillatory,runaway
44,500,240,modular,6,0.08,0.004,0.12,15,40,0.72,0.22,True,static,1.0,False,False,1.0,default,default,0.33129999999999993,0.8375,0.1958333333333333,0.026649035838302127,0.3945,0.4875,0.14166666666666666,0.02625780307303378,0.2742,0.4375,0.2625,0.03202297786139058,0.6871449906809727,0.8388689672626221,0.3497678186217123,0.03975649673747927,0.6877662645886835,0.8388689672626221,0.3497678186217123,0.04022872198474244,0.2102224244406978,0.7358461802211911,0.7217318532761862,0.15320223572733271,0.2097,0.7625,0.7625,0.1558099590312934,2.2354000453232645,2.397972497471449,0.47512561095573025,0.05570293803718644,1.0,1.0,0.0,0.0,0.36257142857142854,0.5357142857142857,0.39285714285714285,0.07368659502049396,0.0,0.0,0.0,0.0,0.0,0.0,0.0,0.0,0.0,0.0,0.0,0.0,0.0,0.0,0.0,0.0,0.0,0.0,0.0,0.0,oscillatory,runaway
45,500,240,modular,6,0.08,0.004,0.12,15,40,0.72,0.22,True,static,1.0,False,False,1.0,default,default,0.3576166666666667,0.8125,0.14166666666666666,0.021511631220755383,0.3679166666666666,0.44583333333333336,0.11666666666666664,0.021122164503983326,0.2744666666666667,0.4166666666666667,0.11666666666666667,0.021098156844194284,0.6761185647866271,0.8693967021232101,0.18108604919333315,0.028642254031971185,0.6752956690196809,0.8693967021232101,0.18108604919333315,0.028121841478213467,0.14103228933074882,0.7420205309162504,0.5552479388580849,0.11588633712954743,0.14023333333333335,0.8,0.5625,0.1165268257145586,2.182036392128564,2.409741301685916,0.2390877195599721,0.040676276985176466,1.0,1.0,0.0,0.0,0.2882857142857143,0.5,0.4285714285714286,0.07059166858397235,0.0,0.0,0.0,0.0,0.0,0.0,0.0,0.0,0.0,0.0,0.0,0.0,0.0,0.0,0.0,0.0,0.0,0.0,0.0,0.0,stable,runaway
46,500,240,modular,6,0.08,0.004,0.12,15,40,0.72,0.22,True,static,1.0,False,False,1.0,default,default,0.358,0.8125,0.125,0.02072371159378122,0.4016,0.4625,0.12916666666666665,0.0227412009846055,0.2404,0.38333333333333336,0.10833333333333331,0.019658359827592717,0.6556089023053764,0.838258280778591,0.14328182773292863,0.025737801736160994,0.6538045050860063,0.838258280778591,0.14328182773292863,0.025170319861996873,0.06907739071988059,0.7275214873305776,0.4491133793986209,0.06615530341228092,0.06948333333333333,0.7375,0.4625,0.06737991169480707,2.1301485164803684,2.4081860875953778,0.20585365292953828,0.03707450686890711,1.0,1.0,0.0,0.0,0.436,0.6071428571428571,0.3214285714285714,0.06936975756989584,0.0,0.0,0.0,0.0,0.0,0.0,0.0,0.0,0.0,0.0,0.0,0.0,0.0,0.0,0.0,0.0,0.0,0.0,0.0,0.0,stable,stable
47,500,240,modular,6,0.08,0.004,0.12,15,40,0.72,0.22,True,static,1.0,False,False,1.0,default,default,0.3512,0.8,0.14583333333333337,0.023074854038300847,0.3717166666666667,0.4583333333333333,0.1333333333333333,0.024186434443942147,0.2770833333333333,0.4041666666666667,0.22083333333333333,0.025949336322063334,0.6773122428147336,0.8624453951675277,0.2628042246429424,0.03254706534813122,0.6775570563589428,0.8624453951675277,0.2365081307162975,0.03259621284828767,0.15789683550334904,0.7349176515805512,0.5882221569867268,0.13652889697672518,0.1594,0.7958333333333333,0.5958333333333333,0.14040161046876287,2.1840464508057518,2.427144088130243,0.3473000506047452,0.04545087824460039,1.0,1.0,0.0,0.0,0.3088571428571429,0.5357142857142857,0.4285714285714286,0.06432633637181903,0.0,0.0,0.0,0.0,0.0,0.0,0.0,0.0,0.0,0.0,0.0,0.0,0.0,0.0,0.0,0.0,0.0,0.0,0.0,0.0,oscillatory,runaway
48,500,240,modular,6,0.08,0.004,0.12,15,40,0.72,0.22,True,static,1.0,False,False,1.0,default,default,0.35666666666666663,0.7791666666666667,0.10833333333333334,0.019134030184754885,0.39555,0.4708333333333333,0.125,0.020849733544793535,0.2477833333333333,0.425,0.10416666666666666,0.019148984597390825,0.640649950336655,0.8459474205386448,0.1368414740841618,0.02375496387441209,0.6400890874601441,0.8459474205386448,0.1368414740841618,0.024169269784939745,0.04193364082937148,0.7233229850279224,0.32367907361597037,0.04428748580919541,0.04186666666666668,0.7375,0.2791666666666667,0.0450304094782379,2.180837501286865,2.4685778936643747,0.21749661281687427,0.03633203003466825,1.0,1.0,0.0,0.0,0.241,0.5357142857142857,0.3214285714285714,0.06023440606056797,0.0,0.0,0.0,0.0,0.0,0.0,0.0,0.0,0.0,0.0,0.0,0.0,0.0,0.0,0.0,0.0,0.0,0.0,0.0,0.0,stable,runaway
49,500,240,modular,6,0.08,0.004,0.12,15,40,0.72,0.22,True,static,1.0,False,False,1.0,default,default,0.3487166666666667,0.8166666666666667,0.24166666666666664,0.0267722960041408,0.37065,0.44583333333333336,0.14166666666666672,0.023703193643239067,0.28063333333333335,0.4166666666666667,0.23333333333333334,0.02883263968337119,0.6827324270369224,0.8405037054260739,0.3443190209794888,0.03852995039335752,0.6815382197787377,0.8405037054260739,0.3443190209794888,0.038439594372074025,0.177207389124273,0.724425766549919,0.5815695274768696,0.13410269191797886,0.17745,0.7541666666666667,0.6458333333333334,0.13574397981330721,2.1750708210282226,2.3929966943020036,0.4942972140313706,0.05369873413557762,1.0,1.0,0.0,0.0,0.38228571428571434,0.5357142857142857,0.42857142857142855,0.0785095860519008,0.0,0.0,0.0,0.0,0.0,0.0,0.0,0.0,0.0,0.0,0.0,0.0,0.0,0.0,0.0,0.0,0.0,0.0,0.0,0.0,oscillatory,runaway
50,500,240,modular,6,0.08,0.004,0.12,15,40,0.72,0.22,True,static,1.0,False,False,1.0,default,default,0.33073333333333327,0.7833333333333333,0.22916666666666666,0.029286250091885176,0.4081166666666667,0.4791666666666667,0.1375,0.024933695407353212,0.26115,0.4125,0.22916666666666669,0.028312193093749872,0.6883646742904532,0.8772702980964159,0.3284194438828758,0.03899868459371767,0.6891289274157222,0.8772702980964159,0.3284194438828758,0.03684310147283772,0.21601873748795924,0.7530219035806365,0.7264878169662029,0.1510985011906645,0.21398333333333336,0.8041666666666667,0.8041666666666667,0.15192407551873477,2.2189955454848076,2.446646645793559,0.4759323794974384,0.05785966977101832,1.0,1.0,0.0,0.0,0.3202857142857143,0.5357142857142857,0.42857142857142855,0.07401544240417479,0.0,0.0,0.0,0.0,0.0,0.0,0.0,0.0,0.0,0.0,0.0,0.0,0.0,0.0,0.0,0.0,0.0,0.0,0.0,0.0,oscillatory,runaway
